filename,rel_path,class_name,class_id,source
100_jpg.rf.14fa87ff511c6790858ccbc03bf10be6_box00.jpg,field_collected/algal_leaf_spot/100_jpg.rf.14fa87ff511c6790858ccbc03bf10be6_box00.jpg,algal_leaf_spot,2,field_collected
100_jpg.rf.14fa87ff511c6790858ccbc03bf10be6_box01.jpg,field_collected/algal_leaf_spot/100_jpg.rf.14fa87ff511c6790858ccbc03bf10be6_box01.jpg,algal_leaf_spot,2,field_collected
107_jpg.rf.9c0264c78b1f4dfff87adea98349df8b_box00.jpg,field_collected/algal_leaf_spot/107_jpg.rf.9c0264c78b1f4dfff87adea98349df8b_box00.jpg,algal_leaf_spot,2,field_collected
107_jpg.rf.9c0264c78b1f4dfff87adea98349df8b_box01.jpg,field_collected/algal_leaf_spot/107_jpg.rf.9c0264c78b1f4dfff87adea98349df8b_box01.jpg,algal_leaf_spot,2,field_collected
11_jpg.rf.c2fdfa5777e0527fd7fd2292e51a896a_box00.jpg,field_collected/algal_leaf_spot/11_jpg.rf.c2fdfa5777e0527fd7fd2292e51a896a_box00.jpg,algal_leaf_spot,2,field_collected
11_jpg.rf.c2fdfa5777e0527fd7fd2292e51a896a_box01.jpg,field_collected/algal_leaf_spot/11_jpg.rf.c2fdfa5777e0527fd7fd2292e51a896a_box01.jpg,algal_leaf_spot,2,field_collected
12_jpg.rf.ccb27c583cbe7cb7dbc6d9ddbb45d307_box00.jpg,field_collected/algal_leaf_spot/12_jpg.rf.ccb27c583cbe7cb7dbc6d9ddbb45d307_box00.jpg,algal_leaf_spot,2,field_collected
134_jpg.rf.6a2263efa78d5f94b5c49afacbc2ccc0_box00.jpg,field_collected/algal_leaf_spot/134_jpg.rf.6a2263efa78d5f94b5c49afacbc2ccc0_box00.jpg,algal_leaf_spot,2,field_collected
134_jpg.rf.6a2263efa78d5f94b5c49afacbc2ccc0_box01.jpg,field_collected/algal_leaf_spot/134_jpg.rf.6a2263efa78d5f94b5c49afacbc2ccc0_box01.jpg,algal_leaf_spot,2,field_collected
148_jpg.rf.efc3744194c4eba08a20cf4916271426_box00.jpg,field_collected/algal_leaf_spot/148_jpg.rf.efc3744194c4eba08a20cf4916271426_box00.jpg,algal_leaf_spot,2,field_collected
158_jpg.rf.1080ecbeb37f6e24c47023105c1aedaa_box01.jpg,field_collected/algal_leaf_spot/158_jpg.rf.1080ecbeb37f6e24c47023105c1aedaa_box01.jpg,algal_leaf_spot,2,field_collected
161_jpg.rf.10a43a745af2297624281f2bb68cb61a_box00.jpg,field_collected/algal_leaf_spot/161_jpg.rf.10a43a745af2297624281f2bb68cb61a_box00.jpg,algal_leaf_spot,2,field_collected
171_jpg.rf.529e8b62ab8acb20ea3c2b25e209ffc7_box00.jpg,field_collected/algal_leaf_spot/171_jpg.rf.529e8b62ab8acb20ea3c2b25e209ffc7_box00.jpg,algal_leaf_spot,2,field_collected
171_jpg.rf.529e8b62ab8acb20ea3c2b25e209ffc7_box01.jpg,field_collected/algal_leaf_spot/171_jpg.rf.529e8b62ab8acb20ea3c2b25e209ffc7_box01.jpg,algal_leaf_spot,2,field_collected
1_jpg.rf.e83e207fa2a3ec5a65f9d9f5cbfaac3a_box00.jpg,field_collected/algal_leaf_spot/1_jpg.rf.e83e207fa2a3ec5a65f9d9f5cbfaac3a_box00.jpg,algal_leaf_spot,2,field_collected
219_jpg.rf.efaa45291ba0a03e4c1e7d1cf637d259_box00.jpg,field_collected/algal_leaf_spot/219_jpg.rf.efaa45291ba0a03e4c1e7d1cf637d259_box00.jpg,algal_leaf_spot,2,field_collected
219_jpg.rf.efaa45291ba0a03e4c1e7d1cf637d259_box01.jpg,field_collected/algal_leaf_spot/219_jpg.rf.efaa45291ba0a03e4c1e7d1cf637d259_box01.jpg,algal_leaf_spot,2,field_collected
221_jpg.rf.018ee71046060f98063487d4c30eb68d_box00.jpg,field_collected/algal_leaf_spot/221_jpg.rf.018ee71046060f98063487d4c30eb68d_box00.jpg,algal_leaf_spot,2,field_collected
221_jpg.rf.018ee71046060f98063487d4c30eb68d_box01.jpg,field_collected/algal_leaf_spot/221_jpg.rf.018ee71046060f98063487d4c30eb68d_box01.jpg,algal_leaf_spot,2,field_collected
221_jpg.rf.018ee71046060f98063487d4c30eb68d_box02.jpg,field_collected/algal_leaf_spot/221_jpg.rf.018ee71046060f98063487d4c30eb68d_box02.jpg,algal_leaf_spot,2,field_collected
225_jpg.rf.64509b43824423881ac2fb1391de7c06_box00.jpg,field_collected/algal_leaf_spot/225_jpg.rf.64509b43824423881ac2fb1391de7c06_box00.jpg,algal_leaf_spot,2,field_collected
225_jpg.rf.64509b43824423881ac2fb1391de7c06_box01.jpg,field_collected/algal_leaf_spot/225_jpg.rf.64509b43824423881ac2fb1391de7c06_box01.jpg,algal_leaf_spot,2,field_collected
225_jpg.rf.64509b43824423881ac2fb1391de7c06_box03.jpg,field_collected/algal_leaf_spot/225_jpg.rf.64509b43824423881ac2fb1391de7c06_box03.jpg,algal_leaf_spot,2,field_collected
225_jpg.rf.64509b43824423881ac2fb1391de7c06_box04.jpg,field_collected/algal_leaf_spot/225_jpg.rf.64509b43824423881ac2fb1391de7c06_box04.jpg,algal_leaf_spot,2,field_collected
225_jpg.rf.64509b43824423881ac2fb1391de7c06_box05.jpg,field_collected/algal_leaf_spot/225_jpg.rf.64509b43824423881ac2fb1391de7c06_box05.jpg,algal_leaf_spot,2,field_collected
225_jpg.rf.64509b43824423881ac2fb1391de7c06_box06.jpg,field_collected/algal_leaf_spot/225_jpg.rf.64509b43824423881ac2fb1391de7c06_box06.jpg,algal_leaf_spot,2,field_collected
232_jpg.rf.b661ff5ef1a851ca667b582b38a2f730_box00.jpg,field_collected/algal_leaf_spot/232_jpg.rf.b661ff5ef1a851ca667b582b38a2f730_box00.jpg,algal_leaf_spot,2,field_collected
239_jpg.rf.4a88c11b21478e901d7751b9c8f82093_box00.jpg,field_collected/algal_leaf_spot/239_jpg.rf.4a88c11b21478e901d7751b9c8f82093_box00.jpg,algal_leaf_spot,2,field_collected
246_jpg.rf.1213826e3cca77475ee465052bae47ad_box00.jpg,field_collected/algal_leaf_spot/246_jpg.rf.1213826e3cca77475ee465052bae47ad_box00.jpg,algal_leaf_spot,2,field_collected
249_jpg.rf.3ce7b97ed827dbddab462c65972c87ce_box00.jpg,field_collected/algal_leaf_spot/249_jpg.rf.3ce7b97ed827dbddab462c65972c87ce_box00.jpg,algal_leaf_spot,2,field_collected
26_jpg.rf.e69178fb28afcbd15a901a3652fa4d24_box00.jpg,field_collected/algal_leaf_spot/26_jpg.rf.e69178fb28afcbd15a901a3652fa4d24_box00.jpg,algal_leaf_spot,2,field_collected
279_jpg.rf.ef8336b45e3d5f0923e52ade722b7a05_box00.jpg,field_collected/algal_leaf_spot/279_jpg.rf.ef8336b45e3d5f0923e52ade722b7a05_box00.jpg,algal_leaf_spot,2,field_collected
279_jpg.rf.ef8336b45e3d5f0923e52ade722b7a05_box01.jpg,field_collected/algal_leaf_spot/279_jpg.rf.ef8336b45e3d5f0923e52ade722b7a05_box01.jpg,algal_leaf_spot,2,field_collected
282_jpg.rf.3046552d8409576d0aaa715673b83db5_box00.jpg,field_collected/algal_leaf_spot/282_jpg.rf.3046552d8409576d0aaa715673b83db5_box00.jpg,algal_leaf_spot,2,field_collected
282_jpg.rf.3046552d8409576d0aaa715673b83db5_box01.jpg,field_collected/algal_leaf_spot/282_jpg.rf.3046552d8409576d0aaa715673b83db5_box01.jpg,algal_leaf_spot,2,field_collected
282_jpg.rf.3046552d8409576d0aaa715673b83db5_box02.jpg,field_collected/algal_leaf_spot/282_jpg.rf.3046552d8409576d0aaa715673b83db5_box02.jpg,algal_leaf_spot,2,field_collected
285_jpg.rf.b23dbace94f0952651c6824915a00814_box01.jpg,field_collected/algal_leaf_spot/285_jpg.rf.b23dbace94f0952651c6824915a00814_box01.jpg,algal_leaf_spot,2,field_collected
285_jpg.rf.b23dbace94f0952651c6824915a00814_box02.jpg,field_collected/algal_leaf_spot/285_jpg.rf.b23dbace94f0952651c6824915a00814_box02.jpg,algal_leaf_spot,2,field_collected
331_jpg.rf.24a79ee8141b88eb80f72edf099bbe5e_box00.jpg,field_collected/algal_leaf_spot/331_jpg.rf.24a79ee8141b88eb80f72edf099bbe5e_box00.jpg,algal_leaf_spot,2,field_collected
331_jpg.rf.24a79ee8141b88eb80f72edf099bbe5e_box01.jpg,field_collected/algal_leaf_spot/331_jpg.rf.24a79ee8141b88eb80f72edf099bbe5e_box01.jpg,algal_leaf_spot,2,field_collected
351_jpg.rf.f7ac082366b33fe538ae95ffb1c04c9f_box00.jpg,field_collected/algal_leaf_spot/351_jpg.rf.f7ac082366b33fe538ae95ffb1c04c9f_box00.jpg,algal_leaf_spot,2,field_collected
351_jpg.rf.f7ac082366b33fe538ae95ffb1c04c9f_box03.jpg,field_collected/algal_leaf_spot/351_jpg.rf.f7ac082366b33fe538ae95ffb1c04c9f_box03.jpg,algal_leaf_spot,2,field_collected
351_jpg.rf.f7ac082366b33fe538ae95ffb1c04c9f_box04.jpg,field_collected/algal_leaf_spot/351_jpg.rf.f7ac082366b33fe538ae95ffb1c04c9f_box04.jpg,algal_leaf_spot,2,field_collected
386_jpg.rf.9a65053864eb53e03cf55ef87b7af62d_box03.jpg,field_collected/algal_leaf_spot/386_jpg.rf.9a65053864eb53e03cf55ef87b7af62d_box03.jpg,algal_leaf_spot,2,field_collected
387_jpg.rf.7491bbbc65af744c81982a986a793297_box02.jpg,field_collected/algal_leaf_spot/387_jpg.rf.7491bbbc65af744c81982a986a793297_box02.jpg,algal_leaf_spot,2,field_collected
388_jpg.rf.5eae3b30e4994eb8766bb267981125a1_box01.jpg,field_collected/algal_leaf_spot/388_jpg.rf.5eae3b30e4994eb8766bb267981125a1_box01.jpg,algal_leaf_spot,2,field_collected
400_jpg.rf.6b9e448934ba1a91a3a1bce36469e8b1_box00.jpg,field_collected/algal_leaf_spot/400_jpg.rf.6b9e448934ba1a91a3a1bce36469e8b1_box00.jpg,algal_leaf_spot,2,field_collected
403_jpg.rf.004fb8c6273b7f12a402a72c736c6b36_box00.jpg,field_collected/algal_leaf_spot/403_jpg.rf.004fb8c6273b7f12a402a72c736c6b36_box00.jpg,algal_leaf_spot,2,field_collected
405_jpg.rf.c96985c1be19d0b3e8d8cde7b264b9eb_box00.jpg,field_collected/algal_leaf_spot/405_jpg.rf.c96985c1be19d0b3e8d8cde7b264b9eb_box00.jpg,algal_leaf_spot,2,field_collected
409_jpg.rf.c79571e6fe5518fa6aa92563871dd6c9_box00.jpg,field_collected/algal_leaf_spot/409_jpg.rf.c79571e6fe5518fa6aa92563871dd6c9_box00.jpg,algal_leaf_spot,2,field_collected
412_jpg.rf.eb0bfa4d285bdea5391c66203177de00_box00.jpg,field_collected/algal_leaf_spot/412_jpg.rf.eb0bfa4d285bdea5391c66203177de00_box00.jpg,algal_leaf_spot,2,field_collected
414_jpg.rf.623507042c53c9d4ebc39e1548d3f5e9_box00.jpg,field_collected/algal_leaf_spot/414_jpg.rf.623507042c53c9d4ebc39e1548d3f5e9_box00.jpg,algal_leaf_spot,2,field_collected
414_jpg.rf.623507042c53c9d4ebc39e1548d3f5e9_box01.jpg,field_collected/algal_leaf_spot/414_jpg.rf.623507042c53c9d4ebc39e1548d3f5e9_box01.jpg,algal_leaf_spot,2,field_collected
414_jpg.rf.623507042c53c9d4ebc39e1548d3f5e9_box03.jpg,field_collected/algal_leaf_spot/414_jpg.rf.623507042c53c9d4ebc39e1548d3f5e9_box03.jpg,algal_leaf_spot,2,field_collected
41_jpg.rf.6de717237b5053a98d9254e7495c37b4_box01.jpg,field_collected/algal_leaf_spot/41_jpg.rf.6de717237b5053a98d9254e7495c37b4_box01.jpg,algal_leaf_spot,2,field_collected
424_jpg.rf.a5d5314d7ac92df66cb03342d47f2cb6_box00.jpg,field_collected/algal_leaf_spot/424_jpg.rf.a5d5314d7ac92df66cb03342d47f2cb6_box00.jpg,algal_leaf_spot,2,field_collected
448_jpg.rf.61136c46f75c49655ffac20a7891ec97_box00.jpg,field_collected/algal_leaf_spot/448_jpg.rf.61136c46f75c49655ffac20a7891ec97_box00.jpg,algal_leaf_spot,2,field_collected
448_jpg.rf.61136c46f75c49655ffac20a7891ec97_box02.jpg,field_collected/algal_leaf_spot/448_jpg.rf.61136c46f75c49655ffac20a7891ec97_box02.jpg,algal_leaf_spot,2,field_collected
448_jpg.rf.61136c46f75c49655ffac20a7891ec97_box04.jpg,field_collected/algal_leaf_spot/448_jpg.rf.61136c46f75c49655ffac20a7891ec97_box04.jpg,algal_leaf_spot,2,field_collected
45_jpg.rf.fa5fbfcd48731b06be3a2de3244bca6b_box00.jpg,field_collected/algal_leaf_spot/45_jpg.rf.fa5fbfcd48731b06be3a2de3244bca6b_box00.jpg,algal_leaf_spot,2,field_collected
467_jpg.rf.9a8ad7ca8260a70159737ccd9a3c1137_box01.jpg,field_collected/algal_leaf_spot/467_jpg.rf.9a8ad7ca8260a70159737ccd9a3c1137_box01.jpg,algal_leaf_spot,2,field_collected
47_jpg.rf.73508c82b65be16613c1277b5cccea3d_box00.jpg,field_collected/algal_leaf_spot/47_jpg.rf.73508c82b65be16613c1277b5cccea3d_box00.jpg,algal_leaf_spot,2,field_collected
47_jpg.rf.73508c82b65be16613c1277b5cccea3d_box01.jpg,field_collected/algal_leaf_spot/47_jpg.rf.73508c82b65be16613c1277b5cccea3d_box01.jpg,algal_leaf_spot,2,field_collected
480_jpg.rf.9784523e137722d1fd72708d40128e95_box00.jpg,field_collected/algal_leaf_spot/480_jpg.rf.9784523e137722d1fd72708d40128e95_box00.jpg,algal_leaf_spot,2,field_collected
487_jpg.rf.e819b2114fc8d079d3d5833f0da07cc5_box00.jpg,field_collected/algal_leaf_spot/487_jpg.rf.e819b2114fc8d079d3d5833f0da07cc5_box00.jpg,algal_leaf_spot,2,field_collected
487_jpg.rf.e819b2114fc8d079d3d5833f0da07cc5_box01.jpg,field_collected/algal_leaf_spot/487_jpg.rf.e819b2114fc8d079d3d5833f0da07cc5_box01.jpg,algal_leaf_spot,2,field_collected
520_jpg.rf.ebd7c142286cf0b3139636e76c4234f1_box00.jpg,field_collected/algal_leaf_spot/520_jpg.rf.ebd7c142286cf0b3139636e76c4234f1_box00.jpg,algal_leaf_spot,2,field_collected
520_jpg.rf.ebd7c142286cf0b3139636e76c4234f1_box01.jpg,field_collected/algal_leaf_spot/520_jpg.rf.ebd7c142286cf0b3139636e76c4234f1_box01.jpg,algal_leaf_spot,2,field_collected
520_jpg.rf.ebd7c142286cf0b3139636e76c4234f1_box02.jpg,field_collected/algal_leaf_spot/520_jpg.rf.ebd7c142286cf0b3139636e76c4234f1_box02.jpg,algal_leaf_spot,2,field_collected
520_jpg.rf.ebd7c142286cf0b3139636e76c4234f1_box03.jpg,field_collected/algal_leaf_spot/520_jpg.rf.ebd7c142286cf0b3139636e76c4234f1_box03.jpg,algal_leaf_spot,2,field_collected
520_jpg.rf.ebd7c142286cf0b3139636e76c4234f1_box04.jpg,field_collected/algal_leaf_spot/520_jpg.rf.ebd7c142286cf0b3139636e76c4234f1_box04.jpg,algal_leaf_spot,2,field_collected
531_jpg.rf.6d19830c7827e061abf03e79dfa45242_box00.jpg,field_collected/algal_leaf_spot/531_jpg.rf.6d19830c7827e061abf03e79dfa45242_box00.jpg,algal_leaf_spot,2,field_collected
539_jpg.rf.526cac67e7de8c329ff55ee3aa35e475_box00.jpg,field_collected/algal_leaf_spot/539_jpg.rf.526cac67e7de8c329ff55ee3aa35e475_box00.jpg,algal_leaf_spot,2,field_collected
539_jpg.rf.526cac67e7de8c329ff55ee3aa35e475_box01.jpg,field_collected/algal_leaf_spot/539_jpg.rf.526cac67e7de8c329ff55ee3aa35e475_box01.jpg,algal_leaf_spot,2,field_collected
539_jpg.rf.526cac67e7de8c329ff55ee3aa35e475_box02.jpg,field_collected/algal_leaf_spot/539_jpg.rf.526cac67e7de8c329ff55ee3aa35e475_box02.jpg,algal_leaf_spot,2,field_collected
543_jpg.rf.0e0442a742630b65997ca3df37e79171_box00.jpg,field_collected/algal_leaf_spot/543_jpg.rf.0e0442a742630b65997ca3df37e79171_box00.jpg,algal_leaf_spot,2,field_collected
543_jpg.rf.0e0442a742630b65997ca3df37e79171_box01.jpg,field_collected/algal_leaf_spot/543_jpg.rf.0e0442a742630b65997ca3df37e79171_box01.jpg,algal_leaf_spot,2,field_collected
543_jpg.rf.0e0442a742630b65997ca3df37e79171_box02.jpg,field_collected/algal_leaf_spot/543_jpg.rf.0e0442a742630b65997ca3df37e79171_box02.jpg,algal_leaf_spot,2,field_collected
552_jpg.rf.341af952d6d5a389dff1bb3949103272_box00.jpg,field_collected/algal_leaf_spot/552_jpg.rf.341af952d6d5a389dff1bb3949103272_box00.jpg,algal_leaf_spot,2,field_collected
552_jpg.rf.341af952d6d5a389dff1bb3949103272_box01.jpg,field_collected/algal_leaf_spot/552_jpg.rf.341af952d6d5a389dff1bb3949103272_box01.jpg,algal_leaf_spot,2,field_collected
552_jpg.rf.341af952d6d5a389dff1bb3949103272_box02.jpg,field_collected/algal_leaf_spot/552_jpg.rf.341af952d6d5a389dff1bb3949103272_box02.jpg,algal_leaf_spot,2,field_collected
564_jpg.rf.97513e79386b4843de3f18f3099f62e1_box01.jpg,field_collected/algal_leaf_spot/564_jpg.rf.97513e79386b4843de3f18f3099f62e1_box01.jpg,algal_leaf_spot,2,field_collected
568_jpg.rf.65e5838ccac00268522e50c452baad0f_box01.jpg,field_collected/algal_leaf_spot/568_jpg.rf.65e5838ccac00268522e50c452baad0f_box01.jpg,algal_leaf_spot,2,field_collected
568_jpg.rf.65e5838ccac00268522e50c452baad0f_box02.jpg,field_collected/algal_leaf_spot/568_jpg.rf.65e5838ccac00268522e50c452baad0f_box02.jpg,algal_leaf_spot,2,field_collected
568_jpg.rf.65e5838ccac00268522e50c452baad0f_box04.jpg,field_collected/algal_leaf_spot/568_jpg.rf.65e5838ccac00268522e50c452baad0f_box04.jpg,algal_leaf_spot,2,field_collected
580_jpg.rf.c214a7a95c6b9eddb2c39232a2dbf7b9_box00.jpg,field_collected/algal_leaf_spot/580_jpg.rf.c214a7a95c6b9eddb2c39232a2dbf7b9_box00.jpg,algal_leaf_spot,2,field_collected
580_jpg.rf.c214a7a95c6b9eddb2c39232a2dbf7b9_box01.jpg,field_collected/algal_leaf_spot/580_jpg.rf.c214a7a95c6b9eddb2c39232a2dbf7b9_box01.jpg,algal_leaf_spot,2,field_collected
580_jpg.rf.c214a7a95c6b9eddb2c39232a2dbf7b9_box02.jpg,field_collected/algal_leaf_spot/580_jpg.rf.c214a7a95c6b9eddb2c39232a2dbf7b9_box02.jpg,algal_leaf_spot,2,field_collected
580_jpg.rf.c214a7a95c6b9eddb2c39232a2dbf7b9_box03.jpg,field_collected/algal_leaf_spot/580_jpg.rf.c214a7a95c6b9eddb2c39232a2dbf7b9_box03.jpg,algal_leaf_spot,2,field_collected
580_jpg.rf.c214a7a95c6b9eddb2c39232a2dbf7b9_box04.jpg,field_collected/algal_leaf_spot/580_jpg.rf.c214a7a95c6b9eddb2c39232a2dbf7b9_box04.jpg,algal_leaf_spot,2,field_collected
588_jpg.rf.68d2b269703b3010763b920caa4ee89a_box00.jpg,field_collected/algal_leaf_spot/588_jpg.rf.68d2b269703b3010763b920caa4ee89a_box00.jpg,algal_leaf_spot,2,field_collected
596_jpg.rf.236d96da50ec6bbea83263c67fc929b2_box00.jpg,field_collected/algal_leaf_spot/596_jpg.rf.236d96da50ec6bbea83263c67fc929b2_box00.jpg,algal_leaf_spot,2,field_collected
596_jpg.rf.236d96da50ec6bbea83263c67fc929b2_box01.jpg,field_collected/algal_leaf_spot/596_jpg.rf.236d96da50ec6bbea83263c67fc929b2_box01.jpg,algal_leaf_spot,2,field_collected
596_jpg.rf.236d96da50ec6bbea83263c67fc929b2_box02.jpg,field_collected/algal_leaf_spot/596_jpg.rf.236d96da50ec6bbea83263c67fc929b2_box02.jpg,algal_leaf_spot,2,field_collected
596_jpg.rf.236d96da50ec6bbea83263c67fc929b2_box03.jpg,field_collected/algal_leaf_spot/596_jpg.rf.236d96da50ec6bbea83263c67fc929b2_box03.jpg,algal_leaf_spot,2,field_collected
596_jpg.rf.236d96da50ec6bbea83263c67fc929b2_box04.jpg,field_collected/algal_leaf_spot/596_jpg.rf.236d96da50ec6bbea83263c67fc929b2_box04.jpg,algal_leaf_spot,2,field_collected
5_jpg.rf.e58495de274e2d8d4e62587e73db7f5e_box01.jpg,field_collected/algal_leaf_spot/5_jpg.rf.e58495de274e2d8d4e62587e73db7f5e_box01.jpg,algal_leaf_spot,2,field_collected
607_jpg.rf.6df1653afc50b9d0d1af8b62470adfec_box00.jpg,field_collected/algal_leaf_spot/607_jpg.rf.6df1653afc50b9d0d1af8b62470adfec_box00.jpg,algal_leaf_spot,2,field_collected
607_jpg.rf.6df1653afc50b9d0d1af8b62470adfec_box01.jpg,field_collected/algal_leaf_spot/607_jpg.rf.6df1653afc50b9d0d1af8b62470adfec_box01.jpg,algal_leaf_spot,2,field_collected
68_jpg.rf.e7294d4fac411371df3144a61bcacc0e_box01.jpg,field_collected/algal_leaf_spot/68_jpg.rf.e7294d4fac411371df3144a61bcacc0e_box01.jpg,algal_leaf_spot,2,field_collected
94_jpg.rf.3c3b013186ee2eb6f11d63f9a9ccd690_box00.jpg,field_collected/algal_leaf_spot/94_jpg.rf.3c3b013186ee2eb6f11d63f9a9ccd690_box00.jpg,algal_leaf_spot,2,field_collected
IMG_0833_JPG_jpg.rf.323506f411908a12b2956e82d3e76af5_box00.jpg,field_collected/algal_leaf_spot/IMG_0833_JPG_jpg.rf.323506f411908a12b2956e82d3e76af5_box00.jpg,algal_leaf_spot,2,field_collected
IMG_15_09_jpeg.rf.70195fe0f70d0e2113a4ef47817bcf3b_box00.jpg,field_collected/algal_leaf_spot/IMG_15_09_jpeg.rf.70195fe0f70d0e2113a4ef47817bcf3b_box00.jpg,algal_leaf_spot,2,field_collected
IMG_15_09_jpeg.rf.70195fe0f70d0e2113a4ef47817bcf3b_box01.jpg,field_collected/algal_leaf_spot/IMG_15_09_jpeg.rf.70195fe0f70d0e2113a4ef47817bcf3b_box01.jpg,algal_leaf_spot,2,field_collected
IMG_15_09_jpeg.rf.70195fe0f70d0e2113a4ef47817bcf3b_box02.jpg,field_collected/algal_leaf_spot/IMG_15_09_jpeg.rf.70195fe0f70d0e2113a4ef47817bcf3b_box02.jpg,algal_leaf_spot,2,field_collected
IMG_15_18_jpeg.rf.68243cab6d57a72d821f06e2911aaca0_box00.jpg,field_collected/algal_leaf_spot/IMG_15_18_jpeg.rf.68243cab6d57a72d821f06e2911aaca0_box00.jpg,algal_leaf_spot,2,field_collected
IMG_15_23_jpeg.rf.e208f698cca4e4d7f9e335b1b65d0a4d_box00.jpg,field_collected/algal_leaf_spot/IMG_15_23_jpeg.rf.e208f698cca4e4d7f9e335b1b65d0a4d_box00.jpg,algal_leaf_spot,2,field_collected
IMG_15_23_jpeg.rf.e208f698cca4e4d7f9e335b1b65d0a4d_box01.jpg,field_collected/algal_leaf_spot/IMG_15_23_jpeg.rf.e208f698cca4e4d7f9e335b1b65d0a4d_box01.jpg,algal_leaf_spot,2,field_collected
IMG_20230612_152611_jpg.rf.dd2930ae2b4ae5eb6fe3bb3607deb274_box00.jpg,field_collected/algal_leaf_spot/IMG_20230612_152611_jpg.rf.dd2930ae2b4ae5eb6fe3bb3607deb274_box00.jpg,algal_leaf_spot,2,field_collected
IMG_20230612_154227_jpg.rf.8fce569a11cb951ac0ea8f8a9ed7656f_box00.jpg,field_collected/algal_leaf_spot/IMG_20230612_154227_jpg.rf.8fce569a11cb951ac0ea8f8a9ed7656f_box00.jpg,algal_leaf_spot,2,field_collected
IMG_20230612_154227_jpg.rf.8fce569a11cb951ac0ea8f8a9ed7656f_box01.jpg,field_collected/algal_leaf_spot/IMG_20230612_154227_jpg.rf.8fce569a11cb951ac0ea8f8a9ed7656f_box01.jpg,algal_leaf_spot,2,field_collected
IMG_20230612_154227_jpg.rf.8fce569a11cb951ac0ea8f8a9ed7656f_box02.jpg,field_collected/algal_leaf_spot/IMG_20230612_154227_jpg.rf.8fce569a11cb951ac0ea8f8a9ed7656f_box02.jpg,algal_leaf_spot,2,field_collected
IMG_20230612_154227_jpg.rf.8fce569a11cb951ac0ea8f8a9ed7656f_box03.jpg,field_collected/algal_leaf_spot/IMG_20230612_154227_jpg.rf.8fce569a11cb951ac0ea8f8a9ed7656f_box03.jpg,algal_leaf_spot,2,field_collected
IMG_20230612_155121_jpg.rf.aaadda0aa5c2ccd9cbf388d08b29468b_box00.jpg,field_collected/algal_leaf_spot/IMG_20230612_155121_jpg.rf.aaadda0aa5c2ccd9cbf388d08b29468b_box00.jpg,algal_leaf_spot,2,field_collected
IMG_20230612_155953_jpg.rf.06e23caa299d0f127db2c2dc845e7706_box00.jpg,field_collected/algal_leaf_spot/IMG_20230612_155953_jpg.rf.06e23caa299d0f127db2c2dc845e7706_box00.jpg,algal_leaf_spot,2,field_collected
IMG_20230612_160342_jpg.rf.06208f8783b7758c2928e95c474627f9_box00.jpg,field_collected/algal_leaf_spot/IMG_20230612_160342_jpg.rf.06208f8783b7758c2928e95c474627f9_box00.jpg,algal_leaf_spot,2,field_collected
IMG_20230612_161120_jpg.rf.7e517fb0460f8edf4f1254c9aad638c2_box00.jpg,field_collected/algal_leaf_spot/IMG_20230612_161120_jpg.rf.7e517fb0460f8edf4f1254c9aad638c2_box00.jpg,algal_leaf_spot,2,field_collected
IMG_20230612_161120_jpg.rf.7e517fb0460f8edf4f1254c9aad638c2_box01.jpg,field_collected/algal_leaf_spot/IMG_20230612_161120_jpg.rf.7e517fb0460f8edf4f1254c9aad638c2_box01.jpg,algal_leaf_spot,2,field_collected
IMG_20230612_161957_jpg.rf.82a5a0c221c10529487b23b82dc12b8d_box00.jpg,field_collected/algal_leaf_spot/IMG_20230612_161957_jpg.rf.82a5a0c221c10529487b23b82dc12b8d_box00.jpg,algal_leaf_spot,2,field_collected
IMG_20230612_161957_jpg.rf.82a5a0c221c10529487b23b82dc12b8d_box01.jpg,field_collected/algal_leaf_spot/IMG_20230612_161957_jpg.rf.82a5a0c221c10529487b23b82dc12b8d_box01.jpg,algal_leaf_spot,2,field_collected
IMG_20230612_162542_jpg.rf.dccb0872097d9302a9b22456d1298a08_box00.jpg,field_collected/algal_leaf_spot/IMG_20230612_162542_jpg.rf.dccb0872097d9302a9b22456d1298a08_box00.jpg,algal_leaf_spot,2,field_collected
IMG_20230612_164703_jpg.rf.5f92245e3a0fa9f85bbc6fd4c287ccaa_box00.jpg,field_collected/algal_leaf_spot/IMG_20230612_164703_jpg.rf.5f92245e3a0fa9f85bbc6fd4c287ccaa_box00.jpg,algal_leaf_spot,2,field_collected
IMG_20230612_165931_jpg.rf.661f952e93cdd24a9fa87b7d23961a32_box00.jpg,field_collected/algal_leaf_spot/IMG_20230612_165931_jpg.rf.661f952e93cdd24a9fa87b7d23961a32_box00.jpg,algal_leaf_spot,2,field_collected
IMG_20230612_165931_jpg.rf.661f952e93cdd24a9fa87b7d23961a32_box01.jpg,field_collected/algal_leaf_spot/IMG_20230612_165931_jpg.rf.661f952e93cdd24a9fa87b7d23961a32_box01.jpg,algal_leaf_spot,2,field_collected
IMG_20230612_171506_jpg.rf.b1d41c10140869660bfa2bc3cb111dea_box00.jpg,field_collected/algal_leaf_spot/IMG_20230612_171506_jpg.rf.b1d41c10140869660bfa2bc3cb111dea_box00.jpg,algal_leaf_spot,2,field_collected
IMG_20230612_171649_jpg.rf.2666aec2f144deb86b46990537e67e24_box00.jpg,field_collected/algal_leaf_spot/IMG_20230612_171649_jpg.rf.2666aec2f144deb86b46990537e67e24_box00.jpg,algal_leaf_spot,2,field_collected
IMG_20230612_172416_jpg.rf.565a2055e84b173c6c06b5e48812951a_box00.jpg,field_collected/algal_leaf_spot/IMG_20230612_172416_jpg.rf.565a2055e84b173c6c06b5e48812951a_box00.jpg,algal_leaf_spot,2,field_collected
IMG_20230612_172840_jpg.rf.6265dc6eaa69bb36221ed890006f2f96_box00.jpg,field_collected/algal_leaf_spot/IMG_20230612_172840_jpg.rf.6265dc6eaa69bb36221ed890006f2f96_box00.jpg,algal_leaf_spot,2,field_collected
IMG_20230624_101122_jpg.rf.8e32454ba74e53d7d28ef261055988d0_box02.jpg,field_collected/algal_leaf_spot/IMG_20230624_101122_jpg.rf.8e32454ba74e53d7d28ef261055988d0_box02.jpg,algal_leaf_spot,2,field_collected
IMG_20230624_105052_jpg.rf.d9a21c29ee311de35cd9337b7db44d6d_box00.jpg,field_collected/algal_leaf_spot/IMG_20230624_105052_jpg.rf.d9a21c29ee311de35cd9337b7db44d6d_box00.jpg,algal_leaf_spot,2,field_collected
IMG_20230624_163513_jpg.rf.ad80359bd27f008d79ad83ac2a05ddbc_box00.jpg,field_collected/algal_leaf_spot/IMG_20230624_163513_jpg.rf.ad80359bd27f008d79ad83ac2a05ddbc_box00.jpg,algal_leaf_spot,2,field_collected
IMG_20230624_163929_jpg.rf.ef8b79d7a82a38b04450f127d302b540_box00.jpg,field_collected/algal_leaf_spot/IMG_20230624_163929_jpg.rf.ef8b79d7a82a38b04450f127d302b540_box00.jpg,algal_leaf_spot,2,field_collected
IMG_20230624_164326_jpg.rf.18c1a39ae9582263e248be3b595a226a_box00.jpg,field_collected/algal_leaf_spot/IMG_20230624_164326_jpg.rf.18c1a39ae9582263e248be3b595a226a_box00.jpg,algal_leaf_spot,2,field_collected
IMG_38_jpeg.rf.ed3faee6feffc08d8a5bc1b61f13bcab_box00.jpg,field_collected/algal_leaf_spot/IMG_38_jpeg.rf.ed3faee6feffc08d8a5bc1b61f13bcab_box00.jpg,algal_leaf_spot,2,field_collected
IMG_38_jpeg.rf.ed3faee6feffc08d8a5bc1b61f13bcab_box01.jpg,field_collected/algal_leaf_spot/IMG_38_jpeg.rf.ed3faee6feffc08d8a5bc1b61f13bcab_box01.jpg,algal_leaf_spot,2,field_collected
IMG_38_jpeg.rf.ed3faee6feffc08d8a5bc1b61f13bcab_box02.jpg,field_collected/algal_leaf_spot/IMG_38_jpeg.rf.ed3faee6feffc08d8a5bc1b61f13bcab_box02.jpg,algal_leaf_spot,2,field_collected
IMG_67_jpeg.rf.df81543721e742bed1051bfa33c734fa_box00.jpg,field_collected/algal_leaf_spot/IMG_67_jpeg.rf.df81543721e742bed1051bfa33c734fa_box00.jpg,algal_leaf_spot,2,field_collected
IMG_67_jpeg.rf.df81543721e742bed1051bfa33c734fa_box01.jpg,field_collected/algal_leaf_spot/IMG_67_jpeg.rf.df81543721e742bed1051bfa33c734fa_box01.jpg,algal_leaf_spot,2,field_collected
IMG_67_jpeg.rf.df81543721e742bed1051bfa33c734fa_box02.jpg,field_collected/algal_leaf_spot/IMG_67_jpeg.rf.df81543721e742bed1051bfa33c734fa_box02.jpg,algal_leaf_spot,2,field_collected
IMG_67_jpeg.rf.df81543721e742bed1051bfa33c734fa_box03.jpg,field_collected/algal_leaf_spot/IMG_67_jpeg.rf.df81543721e742bed1051bfa33c734fa_box03.jpg,algal_leaf_spot,2,field_collected
IMG_67_jpeg.rf.df81543721e742bed1051bfa33c734fa_box04.jpg,field_collected/algal_leaf_spot/IMG_67_jpeg.rf.df81543721e742bed1051bfa33c734fa_box04.jpg,algal_leaf_spot,2,field_collected
IMG_74_jpeg.rf.924cbde3d618b57328082643f527024f_box00.jpg,field_collected/algal_leaf_spot/IMG_74_jpeg.rf.924cbde3d618b57328082643f527024f_box00.jpg,algal_leaf_spot,2,field_collected
IMG_8515_jpg.rf.b20800d14067a84708287ac17cde35ac_box00.jpg,field_collected/algal_leaf_spot/IMG_8515_jpg.rf.b20800d14067a84708287ac17cde35ac_box00.jpg,algal_leaf_spot,2,field_collected
IMG_8576_jpg.rf.7b572e7a64b86eb0472a74e1c0febd7a_box00.jpg,field_collected/algal_leaf_spot/IMG_8576_jpg.rf.7b572e7a64b86eb0472a74e1c0febd7a_box00.jpg,algal_leaf_spot,2,field_collected
IMG_8583_jpg.rf.cffb70a410b8859a0259d9a32a415202_box00.jpg,field_collected/algal_leaf_spot/IMG_8583_jpg.rf.cffb70a410b8859a0259d9a32a415202_box00.jpg,algal_leaf_spot,2,field_collected
IMG_8639_jpg.rf.ea0c60fce66984770704e03d70813c05_box01.jpg,field_collected/algal_leaf_spot/IMG_8639_jpg.rf.ea0c60fce66984770704e03d70813c05_box01.jpg,algal_leaf_spot,2,field_collected
IMG_8661_jpg.rf.2472717465dc55cb67db15dbad3d0e19_box00.jpg,field_collected/algal_leaf_spot/IMG_8661_jpg.rf.2472717465dc55cb67db15dbad3d0e19_box00.jpg,algal_leaf_spot,2,field_collected
IMG_8661_jpg.rf.2472717465dc55cb67db15dbad3d0e19_box01.jpg,field_collected/algal_leaf_spot/IMG_8661_jpg.rf.2472717465dc55cb67db15dbad3d0e19_box01.jpg,algal_leaf_spot,2,field_collected
IMG_8661_jpg.rf.2472717465dc55cb67db15dbad3d0e19_box02.jpg,field_collected/algal_leaf_spot/IMG_8661_jpg.rf.2472717465dc55cb67db15dbad3d0e19_box02.jpg,algal_leaf_spot,2,field_collected
IMG_8661_jpg.rf.2472717465dc55cb67db15dbad3d0e19_box03.jpg,field_collected/algal_leaf_spot/IMG_8661_jpg.rf.2472717465dc55cb67db15dbad3d0e19_box03.jpg,algal_leaf_spot,2,field_collected
IMG_8708_jpg.rf.283b21295e904bbbc6f1f8cc501a0069_box00.jpg,field_collected/algal_leaf_spot/IMG_8708_jpg.rf.283b21295e904bbbc6f1f8cc501a0069_box00.jpg,algal_leaf_spot,2,field_collected
IMG_8708_jpg.rf.283b21295e904bbbc6f1f8cc501a0069_box01.jpg,field_collected/algal_leaf_spot/IMG_8708_jpg.rf.283b21295e904bbbc6f1f8cc501a0069_box01.jpg,algal_leaf_spot,2,field_collected
IMG_8710_jpg.rf.3d4f88b21bda296f2ca3ea998595ba64_box00.jpg,field_collected/algal_leaf_spot/IMG_8710_jpg.rf.3d4f88b21bda296f2ca3ea998595ba64_box00.jpg,algal_leaf_spot,2,field_collected
IMG_8710_jpg.rf.3d4f88b21bda296f2ca3ea998595ba64_box01.jpg,field_collected/algal_leaf_spot/IMG_8710_jpg.rf.3d4f88b21bda296f2ca3ea998595ba64_box01.jpg,algal_leaf_spot,2,field_collected
IMG_8727_jpg.rf.b3db0b2f09d66a0a3bb0188240c45ba4_box00.jpg,field_collected/algal_leaf_spot/IMG_8727_jpg.rf.b3db0b2f09d66a0a3bb0188240c45ba4_box00.jpg,algal_leaf_spot,2,field_collected
IMG_8727_jpg.rf.b3db0b2f09d66a0a3bb0188240c45ba4_box01.jpg,field_collected/algal_leaf_spot/IMG_8727_jpg.rf.b3db0b2f09d66a0a3bb0188240c45ba4_box01.jpg,algal_leaf_spot,2,field_collected
IMG_8736_jpg.rf.ead6320dcd533bf706df1cfac52f0431_box00.jpg,field_collected/algal_leaf_spot/IMG_8736_jpg.rf.ead6320dcd533bf706df1cfac52f0431_box00.jpg,algal_leaf_spot,2,field_collected
IMG_8736_jpg.rf.ead6320dcd533bf706df1cfac52f0431_box01.jpg,field_collected/algal_leaf_spot/IMG_8736_jpg.rf.ead6320dcd533bf706df1cfac52f0431_box01.jpg,algal_leaf_spot,2,field_collected
IMG_8747_jpg.rf.5d18c1b7c9e233c29172f8e0ec0e97ac_box00.jpg,field_collected/algal_leaf_spot/IMG_8747_jpg.rf.5d18c1b7c9e233c29172f8e0ec0e97ac_box00.jpg,algal_leaf_spot,2,field_collected
IMG_8781_jpg.rf.1d0eafe77c1ec412775c370b0c955d25_box00.jpg,field_collected/algal_leaf_spot/IMG_8781_jpg.rf.1d0eafe77c1ec412775c370b0c955d25_box00.jpg,algal_leaf_spot,2,field_collected
IMG_8788_jpg.rf.07ee5660301d4b40841130540eb2d165_box00.jpg,field_collected/algal_leaf_spot/IMG_8788_jpg.rf.07ee5660301d4b40841130540eb2d165_box00.jpg,algal_leaf_spot,2,field_collected
IMG_8788_jpg.rf.07ee5660301d4b40841130540eb2d165_box01.jpg,field_collected/algal_leaf_spot/IMG_8788_jpg.rf.07ee5660301d4b40841130540eb2d165_box01.jpg,algal_leaf_spot,2,field_collected
IMG_8788_jpg.rf.07ee5660301d4b40841130540eb2d165_box02.jpg,field_collected/algal_leaf_spot/IMG_8788_jpg.rf.07ee5660301d4b40841130540eb2d165_box02.jpg,algal_leaf_spot,2,field_collected
IMG_8788_jpg.rf.07ee5660301d4b40841130540eb2d165_box03.jpg,field_collected/algal_leaf_spot/IMG_8788_jpg.rf.07ee5660301d4b40841130540eb2d165_box03.jpg,algal_leaf_spot,2,field_collected
IMG_8790_jpg.rf.7a9facf4131ae451456b67112970fa74_box00.jpg,field_collected/algal_leaf_spot/IMG_8790_jpg.rf.7a9facf4131ae451456b67112970fa74_box00.jpg,algal_leaf_spot,2,field_collected
IMG_8848_jpg.rf.ef564c81fcf5258d80aca5ec4b21c1c0_box00.jpg,field_collected/algal_leaf_spot/IMG_8848_jpg.rf.ef564c81fcf5258d80aca5ec4b21c1c0_box00.jpg,algal_leaf_spot,2,field_collected
IMG_8862_jpg.rf.f1c88aa4e427633cbad6349d4a25a784_box00.jpg,field_collected/algal_leaf_spot/IMG_8862_jpg.rf.f1c88aa4e427633cbad6349d4a25a784_box00.jpg,algal_leaf_spot,2,field_collected
IMG_8873_jpg.rf.96e3472eaa2605f30b31d55e999bb5f4_box00.jpg,field_collected/algal_leaf_spot/IMG_8873_jpg.rf.96e3472eaa2605f30b31d55e999bb5f4_box00.jpg,algal_leaf_spot,2,field_collected
IMG_8873_jpg.rf.96e3472eaa2605f30b31d55e999bb5f4_box01.jpg,field_collected/algal_leaf_spot/IMG_8873_jpg.rf.96e3472eaa2605f30b31d55e999bb5f4_box01.jpg,algal_leaf_spot,2,field_collected
100_jpg.rf.14fa87ff511c6790858ccbc03bf10be6_box00.jpg,field_collected/brown_blight/100_jpg.rf.14fa87ff511c6790858ccbc03bf10be6_box00.jpg,brown_blight,3,field_collected
11_jpg.rf.c2fdfa5777e0527fd7fd2292e51a896a_box00.jpg,field_collected/brown_blight/11_jpg.rf.c2fdfa5777e0527fd7fd2292e51a896a_box00.jpg,brown_blight,3,field_collected
11_jpg.rf.c2fdfa5777e0527fd7fd2292e51a896a_box01.jpg,field_collected/brown_blight/11_jpg.rf.c2fdfa5777e0527fd7fd2292e51a896a_box01.jpg,brown_blight,3,field_collected
121_jpg.rf.ab585552a4145906dbdce2bc02a016ce_box00.jpg,field_collected/brown_blight/121_jpg.rf.ab585552a4145906dbdce2bc02a016ce_box00.jpg,brown_blight,3,field_collected
121_jpg.rf.ab585552a4145906dbdce2bc02a016ce_box01.jpg,field_collected/brown_blight/121_jpg.rf.ab585552a4145906dbdce2bc02a016ce_box01.jpg,brown_blight,3,field_collected
131_jpg.rf.165468b77bd7d0a07c9e9f8b76e9c465_box00.jpg,field_collected/brown_blight/131_jpg.rf.165468b77bd7d0a07c9e9f8b76e9c465_box00.jpg,brown_blight,3,field_collected
131_jpg.rf.165468b77bd7d0a07c9e9f8b76e9c465_box01.jpg,field_collected/brown_blight/131_jpg.rf.165468b77bd7d0a07c9e9f8b76e9c465_box01.jpg,brown_blight,3,field_collected
133_jpg.rf.c96fa521c1eec792a6d2f7c8e2865e0b_box00.jpg,field_collected/brown_blight/133_jpg.rf.c96fa521c1eec792a6d2f7c8e2865e0b_box00.jpg,brown_blight,3,field_collected
133_jpg.rf.c96fa521c1eec792a6d2f7c8e2865e0b_box01.jpg,field_collected/brown_blight/133_jpg.rf.c96fa521c1eec792a6d2f7c8e2865e0b_box01.jpg,brown_blight,3,field_collected
134_jpg.rf.6a2263efa78d5f94b5c49afacbc2ccc0_box00.jpg,field_collected/brown_blight/134_jpg.rf.6a2263efa78d5f94b5c49afacbc2ccc0_box00.jpg,brown_blight,3,field_collected
134_jpg.rf.6a2263efa78d5f94b5c49afacbc2ccc0_box01.jpg,field_collected/brown_blight/134_jpg.rf.6a2263efa78d5f94b5c49afacbc2ccc0_box01.jpg,brown_blight,3,field_collected
148_jpg.rf.efc3744194c4eba08a20cf4916271426_box00.jpg,field_collected/brown_blight/148_jpg.rf.efc3744194c4eba08a20cf4916271426_box00.jpg,brown_blight,3,field_collected
158_jpg.rf.1080ecbeb37f6e24c47023105c1aedaa_box00.jpg,field_collected/brown_blight/158_jpg.rf.1080ecbeb37f6e24c47023105c1aedaa_box00.jpg,brown_blight,3,field_collected
161_jpg.rf.10a43a745af2297624281f2bb68cb61a_box00.jpg,field_collected/brown_blight/161_jpg.rf.10a43a745af2297624281f2bb68cb61a_box00.jpg,brown_blight,3,field_collected
171_jpg.rf.529e8b62ab8acb20ea3c2b25e209ffc7_box00.jpg,field_collected/brown_blight/171_jpg.rf.529e8b62ab8acb20ea3c2b25e209ffc7_box00.jpg,brown_blight,3,field_collected
171_jpg.rf.529e8b62ab8acb20ea3c2b25e209ffc7_box01.jpg,field_collected/brown_blight/171_jpg.rf.529e8b62ab8acb20ea3c2b25e209ffc7_box01.jpg,brown_blight,3,field_collected
176_jpg.rf.22c6639b34be422c6e74812048a8e199_box00.jpg,field_collected/brown_blight/176_jpg.rf.22c6639b34be422c6e74812048a8e199_box00.jpg,brown_blight,3,field_collected
179_jpg.rf.38923227f6f2518ea7f9372aa6fcaa0b_box00.jpg,field_collected/brown_blight/179_jpg.rf.38923227f6f2518ea7f9372aa6fcaa0b_box00.jpg,brown_blight,3,field_collected
179_jpg.rf.38923227f6f2518ea7f9372aa6fcaa0b_box01.jpg,field_collected/brown_blight/179_jpg.rf.38923227f6f2518ea7f9372aa6fcaa0b_box01.jpg,brown_blight,3,field_collected
195_jpg.rf.b2f97109c9e2d5652e036a4d3a9c2816_box00.jpg,field_collected/brown_blight/195_jpg.rf.b2f97109c9e2d5652e036a4d3a9c2816_box00.jpg,brown_blight,3,field_collected
1_jpg.rf.e83e207fa2a3ec5a65f9d9f5cbfaac3a_box00.jpg,field_collected/brown_blight/1_jpg.rf.e83e207fa2a3ec5a65f9d9f5cbfaac3a_box00.jpg,brown_blight,3,field_collected
1_jpg.rf.e83e207fa2a3ec5a65f9d9f5cbfaac3a_box01.jpg,field_collected/brown_blight/1_jpg.rf.e83e207fa2a3ec5a65f9d9f5cbfaac3a_box01.jpg,brown_blight,3,field_collected
1_jpg.rf.e83e207fa2a3ec5a65f9d9f5cbfaac3a_box02.jpg,field_collected/brown_blight/1_jpg.rf.e83e207fa2a3ec5a65f9d9f5cbfaac3a_box02.jpg,brown_blight,3,field_collected
1_jpg.rf.e83e207fa2a3ec5a65f9d9f5cbfaac3a_box03.jpg,field_collected/brown_blight/1_jpg.rf.e83e207fa2a3ec5a65f9d9f5cbfaac3a_box03.jpg,brown_blight,3,field_collected
202_jpg.rf.14df16a500394d0889ea7be2ca2277ca_box00.jpg,field_collected/brown_blight/202_jpg.rf.14df16a500394d0889ea7be2ca2277ca_box00.jpg,brown_blight,3,field_collected
219_jpg.rf.efaa45291ba0a03e4c1e7d1cf637d259_box00.jpg,field_collected/brown_blight/219_jpg.rf.efaa45291ba0a03e4c1e7d1cf637d259_box00.jpg,brown_blight,3,field_collected
219_jpg.rf.efaa45291ba0a03e4c1e7d1cf637d259_box01.jpg,field_collected/brown_blight/219_jpg.rf.efaa45291ba0a03e4c1e7d1cf637d259_box01.jpg,brown_blight,3,field_collected
221_jpg.rf.018ee71046060f98063487d4c30eb68d_box01.jpg,field_collected/brown_blight/221_jpg.rf.018ee71046060f98063487d4c30eb68d_box01.jpg,brown_blight,3,field_collected
225_jpg.rf.64509b43824423881ac2fb1391de7c06_box02.jpg,field_collected/brown_blight/225_jpg.rf.64509b43824423881ac2fb1391de7c06_box02.jpg,brown_blight,3,field_collected
225_jpg.rf.64509b43824423881ac2fb1391de7c06_box07.jpg,field_collected/brown_blight/225_jpg.rf.64509b43824423881ac2fb1391de7c06_box07.jpg,brown_blight,3,field_collected
232_jpg.rf.b661ff5ef1a851ca667b582b38a2f730_box01.jpg,field_collected/brown_blight/232_jpg.rf.b661ff5ef1a851ca667b582b38a2f730_box01.jpg,brown_blight,3,field_collected
239_jpg.rf.4a88c11b21478e901d7751b9c8f82093_box00.jpg,field_collected/brown_blight/239_jpg.rf.4a88c11b21478e901d7751b9c8f82093_box00.jpg,brown_blight,3,field_collected
239_jpg.rf.4a88c11b21478e901d7751b9c8f82093_box01.jpg,field_collected/brown_blight/239_jpg.rf.4a88c11b21478e901d7751b9c8f82093_box01.jpg,brown_blight,3,field_collected
246_jpg.rf.1213826e3cca77475ee465052bae47ad_box00.jpg,field_collected/brown_blight/246_jpg.rf.1213826e3cca77475ee465052bae47ad_box00.jpg,brown_blight,3,field_collected
249_jpg.rf.3ce7b97ed827dbddab462c65972c87ce_box00.jpg,field_collected/brown_blight/249_jpg.rf.3ce7b97ed827dbddab462c65972c87ce_box00.jpg,brown_blight,3,field_collected
262_jpg.rf.533171c56729f4edc18270dabf6f5b68_box00.jpg,field_collected/brown_blight/262_jpg.rf.533171c56729f4edc18270dabf6f5b68_box00.jpg,brown_blight,3,field_collected
265_jpg.rf.ca0be0e93b6af8eba3d6bd571eab3f79_box00.jpg,field_collected/brown_blight/265_jpg.rf.ca0be0e93b6af8eba3d6bd571eab3f79_box00.jpg,brown_blight,3,field_collected
26_jpg.rf.e69178fb28afcbd15a901a3652fa4d24_box00.jpg,field_collected/brown_blight/26_jpg.rf.e69178fb28afcbd15a901a3652fa4d24_box00.jpg,brown_blight,3,field_collected
27_jpg.rf.69fff94b82a04306ad8cd11ec113575b_box00.jpg,field_collected/brown_blight/27_jpg.rf.69fff94b82a04306ad8cd11ec113575b_box00.jpg,brown_blight,3,field_collected
282_jpg.rf.3046552d8409576d0aaa715673b83db5_box00.jpg,field_collected/brown_blight/282_jpg.rf.3046552d8409576d0aaa715673b83db5_box00.jpg,brown_blight,3,field_collected
285_jpg.rf.b23dbace94f0952651c6824915a00814_box00.jpg,field_collected/brown_blight/285_jpg.rf.b23dbace94f0952651c6824915a00814_box00.jpg,brown_blight,3,field_collected
331_jpg.rf.24a79ee8141b88eb80f72edf099bbe5e_box00.jpg,field_collected/brown_blight/331_jpg.rf.24a79ee8141b88eb80f72edf099bbe5e_box00.jpg,brown_blight,3,field_collected
331_jpg.rf.24a79ee8141b88eb80f72edf099bbe5e_box01.jpg,field_collected/brown_blight/331_jpg.rf.24a79ee8141b88eb80f72edf099bbe5e_box01.jpg,brown_blight,3,field_collected
351_jpg.rf.f7ac082366b33fe538ae95ffb1c04c9f_box00.jpg,field_collected/brown_blight/351_jpg.rf.f7ac082366b33fe538ae95ffb1c04c9f_box00.jpg,brown_blight,3,field_collected
351_jpg.rf.f7ac082366b33fe538ae95ffb1c04c9f_box01.jpg,field_collected/brown_blight/351_jpg.rf.f7ac082366b33fe538ae95ffb1c04c9f_box01.jpg,brown_blight,3,field_collected
351_jpg.rf.f7ac082366b33fe538ae95ffb1c04c9f_box02.jpg,field_collected/brown_blight/351_jpg.rf.f7ac082366b33fe538ae95ffb1c04c9f_box02.jpg,brown_blight,3,field_collected
351_jpg.rf.f7ac082366b33fe538ae95ffb1c04c9f_box03.jpg,field_collected/brown_blight/351_jpg.rf.f7ac082366b33fe538ae95ffb1c04c9f_box03.jpg,brown_blight,3,field_collected
351_jpg.rf.f7ac082366b33fe538ae95ffb1c04c9f_box04.jpg,field_collected/brown_blight/351_jpg.rf.f7ac082366b33fe538ae95ffb1c04c9f_box04.jpg,brown_blight,3,field_collected
351_jpg.rf.f7ac082366b33fe538ae95ffb1c04c9f_box05.jpg,field_collected/brown_blight/351_jpg.rf.f7ac082366b33fe538ae95ffb1c04c9f_box05.jpg,brown_blight,3,field_collected
359_jpg.rf.93bb2304d05004ab3048fe5079ac622f_box00.jpg,field_collected/brown_blight/359_jpg.rf.93bb2304d05004ab3048fe5079ac622f_box00.jpg,brown_blight,3,field_collected
359_jpg.rf.93bb2304d05004ab3048fe5079ac622f_box01.jpg,field_collected/brown_blight/359_jpg.rf.93bb2304d05004ab3048fe5079ac622f_box01.jpg,brown_blight,3,field_collected
359_jpg.rf.93bb2304d05004ab3048fe5079ac622f_box02.jpg,field_collected/brown_blight/359_jpg.rf.93bb2304d05004ab3048fe5079ac622f_box02.jpg,brown_blight,3,field_collected
359_jpg.rf.93bb2304d05004ab3048fe5079ac622f_box03.jpg,field_collected/brown_blight/359_jpg.rf.93bb2304d05004ab3048fe5079ac622f_box03.jpg,brown_blight,3,field_collected
359_jpg.rf.93bb2304d05004ab3048fe5079ac622f_box04.jpg,field_collected/brown_blight/359_jpg.rf.93bb2304d05004ab3048fe5079ac622f_box04.jpg,brown_blight,3,field_collected
364_jpg.rf.7f6c9600c49af83d37e13d333d8c1eca_box00.jpg,field_collected/brown_blight/364_jpg.rf.7f6c9600c49af83d37e13d333d8c1eca_box00.jpg,brown_blight,3,field_collected
364_jpg.rf.7f6c9600c49af83d37e13d333d8c1eca_box01.jpg,field_collected/brown_blight/364_jpg.rf.7f6c9600c49af83d37e13d333d8c1eca_box01.jpg,brown_blight,3,field_collected
364_jpg.rf.7f6c9600c49af83d37e13d333d8c1eca_box02.jpg,field_collected/brown_blight/364_jpg.rf.7f6c9600c49af83d37e13d333d8c1eca_box02.jpg,brown_blight,3,field_collected
364_jpg.rf.7f6c9600c49af83d37e13d333d8c1eca_box03.jpg,field_collected/brown_blight/364_jpg.rf.7f6c9600c49af83d37e13d333d8c1eca_box03.jpg,brown_blight,3,field_collected
367_jpg.rf.7433d03d70d383cb91830e4b2bf60911_box00.jpg,field_collected/brown_blight/367_jpg.rf.7433d03d70d383cb91830e4b2bf60911_box00.jpg,brown_blight,3,field_collected
367_jpg.rf.7433d03d70d383cb91830e4b2bf60911_box01.jpg,field_collected/brown_blight/367_jpg.rf.7433d03d70d383cb91830e4b2bf60911_box01.jpg,brown_blight,3,field_collected
369_jpg.rf.5dd2edbd0057e2eb32a306c00f8361b5_box00.jpg,field_collected/brown_blight/369_jpg.rf.5dd2edbd0057e2eb32a306c00f8361b5_box00.jpg,brown_blight,3,field_collected
373_jpg.rf.9047ce78879859dca2a748770243f3f1_box00.jpg,field_collected/brown_blight/373_jpg.rf.9047ce78879859dca2a748770243f3f1_box00.jpg,brown_blight,3,field_collected
373_jpg.rf.9047ce78879859dca2a748770243f3f1_box01.jpg,field_collected/brown_blight/373_jpg.rf.9047ce78879859dca2a748770243f3f1_box01.jpg,brown_blight,3,field_collected
373_jpg.rf.9047ce78879859dca2a748770243f3f1_box02.jpg,field_collected/brown_blight/373_jpg.rf.9047ce78879859dca2a748770243f3f1_box02.jpg,brown_blight,3,field_collected
373_jpg.rf.9047ce78879859dca2a748770243f3f1_box03.jpg,field_collected/brown_blight/373_jpg.rf.9047ce78879859dca2a748770243f3f1_box03.jpg,brown_blight,3,field_collected
380_jpg.rf.ae140e24e98145b54b16cb1e1298a35a_box00.jpg,field_collected/brown_blight/380_jpg.rf.ae140e24e98145b54b16cb1e1298a35a_box00.jpg,brown_blight,3,field_collected
386_jpg.rf.9a65053864eb53e03cf55ef87b7af62d_box00.jpg,field_collected/brown_blight/386_jpg.rf.9a65053864eb53e03cf55ef87b7af62d_box00.jpg,brown_blight,3,field_collected
386_jpg.rf.9a65053864eb53e03cf55ef87b7af62d_box01.jpg,field_collected/brown_blight/386_jpg.rf.9a65053864eb53e03cf55ef87b7af62d_box01.jpg,brown_blight,3,field_collected
386_jpg.rf.9a65053864eb53e03cf55ef87b7af62d_box02.jpg,field_collected/brown_blight/386_jpg.rf.9a65053864eb53e03cf55ef87b7af62d_box02.jpg,brown_blight,3,field_collected
386_jpg.rf.9a65053864eb53e03cf55ef87b7af62d_box03.jpg,field_collected/brown_blight/386_jpg.rf.9a65053864eb53e03cf55ef87b7af62d_box03.jpg,brown_blight,3,field_collected
386_jpg.rf.9a65053864eb53e03cf55ef87b7af62d_box04.jpg,field_collected/brown_blight/386_jpg.rf.9a65053864eb53e03cf55ef87b7af62d_box04.jpg,brown_blight,3,field_collected
387_jpg.rf.7491bbbc65af744c81982a986a793297_box00.jpg,field_collected/brown_blight/387_jpg.rf.7491bbbc65af744c81982a986a793297_box00.jpg,brown_blight,3,field_collected
387_jpg.rf.7491bbbc65af744c81982a986a793297_box01.jpg,field_collected/brown_blight/387_jpg.rf.7491bbbc65af744c81982a986a793297_box01.jpg,brown_blight,3,field_collected
388_jpg.rf.5eae3b30e4994eb8766bb267981125a1_box00.jpg,field_collected/brown_blight/388_jpg.rf.5eae3b30e4994eb8766bb267981125a1_box00.jpg,brown_blight,3,field_collected
388_jpg.rf.5eae3b30e4994eb8766bb267981125a1_box02.jpg,field_collected/brown_blight/388_jpg.rf.5eae3b30e4994eb8766bb267981125a1_box02.jpg,brown_blight,3,field_collected
388_jpg.rf.5eae3b30e4994eb8766bb267981125a1_box03.jpg,field_collected/brown_blight/388_jpg.rf.5eae3b30e4994eb8766bb267981125a1_box03.jpg,brown_blight,3,field_collected
388_jpg.rf.5eae3b30e4994eb8766bb267981125a1_box04.jpg,field_collected/brown_blight/388_jpg.rf.5eae3b30e4994eb8766bb267981125a1_box04.jpg,brown_blight,3,field_collected
403_jpg.rf.004fb8c6273b7f12a402a72c736c6b36_box00.jpg,field_collected/brown_blight/403_jpg.rf.004fb8c6273b7f12a402a72c736c6b36_box00.jpg,brown_blight,3,field_collected
405_jpg.rf.c96985c1be19d0b3e8d8cde7b264b9eb_box00.jpg,field_collected/brown_blight/405_jpg.rf.c96985c1be19d0b3e8d8cde7b264b9eb_box00.jpg,brown_blight,3,field_collected
412_jpg.rf.eb0bfa4d285bdea5391c66203177de00_box00.jpg,field_collected/brown_blight/412_jpg.rf.eb0bfa4d285bdea5391c66203177de00_box00.jpg,brown_blight,3,field_collected
414_jpg.rf.623507042c53c9d4ebc39e1548d3f5e9_box02.jpg,field_collected/brown_blight/414_jpg.rf.623507042c53c9d4ebc39e1548d3f5e9_box02.jpg,brown_blight,3,field_collected
414_jpg.rf.623507042c53c9d4ebc39e1548d3f5e9_box03.jpg,field_collected/brown_blight/414_jpg.rf.623507042c53c9d4ebc39e1548d3f5e9_box03.jpg,brown_blight,3,field_collected
41_jpg.rf.6de717237b5053a98d9254e7495c37b4_box00.jpg,field_collected/brown_blight/41_jpg.rf.6de717237b5053a98d9254e7495c37b4_box00.jpg,brown_blight,3,field_collected
41_jpg.rf.6de717237b5053a98d9254e7495c37b4_box01.jpg,field_collected/brown_blight/41_jpg.rf.6de717237b5053a98d9254e7495c37b4_box01.jpg,brown_blight,3,field_collected
41_jpg.rf.6de717237b5053a98d9254e7495c37b4_box02.jpg,field_collected/brown_blight/41_jpg.rf.6de717237b5053a98d9254e7495c37b4_box02.jpg,brown_blight,3,field_collected
41_jpg.rf.6de717237b5053a98d9254e7495c37b4_box03.jpg,field_collected/brown_blight/41_jpg.rf.6de717237b5053a98d9254e7495c37b4_box03.jpg,brown_blight,3,field_collected
424_jpg.rf.a5d5314d7ac92df66cb03342d47f2cb6_box00.jpg,field_collected/brown_blight/424_jpg.rf.a5d5314d7ac92df66cb03342d47f2cb6_box00.jpg,brown_blight,3,field_collected
448_jpg.rf.61136c46f75c49655ffac20a7891ec97_box00.jpg,field_collected/brown_blight/448_jpg.rf.61136c46f75c49655ffac20a7891ec97_box00.jpg,brown_blight,3,field_collected
448_jpg.rf.61136c46f75c49655ffac20a7891ec97_box01.jpg,field_collected/brown_blight/448_jpg.rf.61136c46f75c49655ffac20a7891ec97_box01.jpg,brown_blight,3,field_collected
448_jpg.rf.61136c46f75c49655ffac20a7891ec97_box02.jpg,field_collected/brown_blight/448_jpg.rf.61136c46f75c49655ffac20a7891ec97_box02.jpg,brown_blight,3,field_collected
448_jpg.rf.61136c46f75c49655ffac20a7891ec97_box03.jpg,field_collected/brown_blight/448_jpg.rf.61136c46f75c49655ffac20a7891ec97_box03.jpg,brown_blight,3,field_collected
448_jpg.rf.61136c46f75c49655ffac20a7891ec97_box04.jpg,field_collected/brown_blight/448_jpg.rf.61136c46f75c49655ffac20a7891ec97_box04.jpg,brown_blight,3,field_collected
45_jpg.rf.fa5fbfcd48731b06be3a2de3244bca6b_box00.jpg,field_collected/brown_blight/45_jpg.rf.fa5fbfcd48731b06be3a2de3244bca6b_box00.jpg,brown_blight,3,field_collected
466_jpg.rf.2bf226b9df9e2d1f5e57c7479839159a_box00.jpg,field_collected/brown_blight/466_jpg.rf.2bf226b9df9e2d1f5e57c7479839159a_box00.jpg,brown_blight,3,field_collected
467_jpg.rf.9a8ad7ca8260a70159737ccd9a3c1137_box00.jpg,field_collected/brown_blight/467_jpg.rf.9a8ad7ca8260a70159737ccd9a3c1137_box00.jpg,brown_blight,3,field_collected
467_jpg.rf.9a8ad7ca8260a70159737ccd9a3c1137_box01.jpg,field_collected/brown_blight/467_jpg.rf.9a8ad7ca8260a70159737ccd9a3c1137_box01.jpg,brown_blight,3,field_collected
47_jpg.rf.73508c82b65be16613c1277b5cccea3d_box00.jpg,field_collected/brown_blight/47_jpg.rf.73508c82b65be16613c1277b5cccea3d_box00.jpg,brown_blight,3,field_collected
47_jpg.rf.73508c82b65be16613c1277b5cccea3d_box01.jpg,field_collected/brown_blight/47_jpg.rf.73508c82b65be16613c1277b5cccea3d_box01.jpg,brown_blight,3,field_collected
47_jpg.rf.73508c82b65be16613c1277b5cccea3d_box02.jpg,field_collected/brown_blight/47_jpg.rf.73508c82b65be16613c1277b5cccea3d_box02.jpg,brown_blight,3,field_collected
47_jpg.rf.73508c82b65be16613c1277b5cccea3d_box03.jpg,field_collected/brown_blight/47_jpg.rf.73508c82b65be16613c1277b5cccea3d_box03.jpg,brown_blight,3,field_collected
480_jpg.rf.9784523e137722d1fd72708d40128e95_box00.jpg,field_collected/brown_blight/480_jpg.rf.9784523e137722d1fd72708d40128e95_box00.jpg,brown_blight,3,field_collected
487_jpg.rf.e819b2114fc8d079d3d5833f0da07cc5_box00.jpg,field_collected/brown_blight/487_jpg.rf.e819b2114fc8d079d3d5833f0da07cc5_box00.jpg,brown_blight,3,field_collected
487_jpg.rf.e819b2114fc8d079d3d5833f0da07cc5_box01.jpg,field_collected/brown_blight/487_jpg.rf.e819b2114fc8d079d3d5833f0da07cc5_box01.jpg,brown_blight,3,field_collected
506_jpg.rf.12f1de229bed6d594eb8781e64e4873e_box00.jpg,field_collected/brown_blight/506_jpg.rf.12f1de229bed6d594eb8781e64e4873e_box00.jpg,brown_blight,3,field_collected
506_jpg.rf.12f1de229bed6d594eb8781e64e4873e_box01.jpg,field_collected/brown_blight/506_jpg.rf.12f1de229bed6d594eb8781e64e4873e_box01.jpg,brown_blight,3,field_collected
50_jpg.rf.b95d4c7065ae41c2cc64f77b3f2aa247_box00.jpg,field_collected/brown_blight/50_jpg.rf.b95d4c7065ae41c2cc64f77b3f2aa247_box00.jpg,brown_blight,3,field_collected
515_jpg.rf.5f392730cac28feff733ac5b3cca72da_box00.jpg,field_collected/brown_blight/515_jpg.rf.5f392730cac28feff733ac5b3cca72da_box00.jpg,brown_blight,3,field_collected
515_jpg.rf.5f392730cac28feff733ac5b3cca72da_box01.jpg,field_collected/brown_blight/515_jpg.rf.5f392730cac28feff733ac5b3cca72da_box01.jpg,brown_blight,3,field_collected
520_jpg.rf.ebd7c142286cf0b3139636e76c4234f1_box00.jpg,field_collected/brown_blight/520_jpg.rf.ebd7c142286cf0b3139636e76c4234f1_box00.jpg,brown_blight,3,field_collected
520_jpg.rf.ebd7c142286cf0b3139636e76c4234f1_box01.jpg,field_collected/brown_blight/520_jpg.rf.ebd7c142286cf0b3139636e76c4234f1_box01.jpg,brown_blight,3,field_collected
520_jpg.rf.ebd7c142286cf0b3139636e76c4234f1_box02.jpg,field_collected/brown_blight/520_jpg.rf.ebd7c142286cf0b3139636e76c4234f1_box02.jpg,brown_blight,3,field_collected
520_jpg.rf.ebd7c142286cf0b3139636e76c4234f1_box03.jpg,field_collected/brown_blight/520_jpg.rf.ebd7c142286cf0b3139636e76c4234f1_box03.jpg,brown_blight,3,field_collected
520_jpg.rf.ebd7c142286cf0b3139636e76c4234f1_box04.jpg,field_collected/brown_blight/520_jpg.rf.ebd7c142286cf0b3139636e76c4234f1_box04.jpg,brown_blight,3,field_collected
531_jpg.rf.6d19830c7827e061abf03e79dfa45242_box00.jpg,field_collected/brown_blight/531_jpg.rf.6d19830c7827e061abf03e79dfa45242_box00.jpg,brown_blight,3,field_collected
539_jpg.rf.526cac67e7de8c329ff55ee3aa35e475_box00.jpg,field_collected/brown_blight/539_jpg.rf.526cac67e7de8c329ff55ee3aa35e475_box00.jpg,brown_blight,3,field_collected
539_jpg.rf.526cac67e7de8c329ff55ee3aa35e475_box01.jpg,field_collected/brown_blight/539_jpg.rf.526cac67e7de8c329ff55ee3aa35e475_box01.jpg,brown_blight,3,field_collected
539_jpg.rf.526cac67e7de8c329ff55ee3aa35e475_box02.jpg,field_collected/brown_blight/539_jpg.rf.526cac67e7de8c329ff55ee3aa35e475_box02.jpg,brown_blight,3,field_collected
543_jpg.rf.0e0442a742630b65997ca3df37e79171_box00.jpg,field_collected/brown_blight/543_jpg.rf.0e0442a742630b65997ca3df37e79171_box00.jpg,brown_blight,3,field_collected
543_jpg.rf.0e0442a742630b65997ca3df37e79171_box01.jpg,field_collected/brown_blight/543_jpg.rf.0e0442a742630b65997ca3df37e79171_box01.jpg,brown_blight,3,field_collected
543_jpg.rf.0e0442a742630b65997ca3df37e79171_box02.jpg,field_collected/brown_blight/543_jpg.rf.0e0442a742630b65997ca3df37e79171_box02.jpg,brown_blight,3,field_collected
54_jpg.rf.5fe58d30ddd3fde8be4700c1b6777b2f_box00.jpg,field_collected/brown_blight/54_jpg.rf.5fe58d30ddd3fde8be4700c1b6777b2f_box00.jpg,brown_blight,3,field_collected
552_jpg.rf.341af952d6d5a389dff1bb3949103272_box00.jpg,field_collected/brown_blight/552_jpg.rf.341af952d6d5a389dff1bb3949103272_box00.jpg,brown_blight,3,field_collected
552_jpg.rf.341af952d6d5a389dff1bb3949103272_box01.jpg,field_collected/brown_blight/552_jpg.rf.341af952d6d5a389dff1bb3949103272_box01.jpg,brown_blight,3,field_collected
552_jpg.rf.341af952d6d5a389dff1bb3949103272_box02.jpg,field_collected/brown_blight/552_jpg.rf.341af952d6d5a389dff1bb3949103272_box02.jpg,brown_blight,3,field_collected
553_jpg.rf.5e62d47457d6dc9c7570fdb098bbd828_box00.jpg,field_collected/brown_blight/553_jpg.rf.5e62d47457d6dc9c7570fdb098bbd828_box00.jpg,brown_blight,3,field_collected
564_jpg.rf.97513e79386b4843de3f18f3099f62e1_box00.jpg,field_collected/brown_blight/564_jpg.rf.97513e79386b4843de3f18f3099f62e1_box00.jpg,brown_blight,3,field_collected
567_jpg.rf.f7b3a1d0e79660f7a3d78e295687f9c6_box00.jpg,field_collected/brown_blight/567_jpg.rf.f7b3a1d0e79660f7a3d78e295687f9c6_box00.jpg,brown_blight,3,field_collected
567_jpg.rf.f7b3a1d0e79660f7a3d78e295687f9c6_box01.jpg,field_collected/brown_blight/567_jpg.rf.f7b3a1d0e79660f7a3d78e295687f9c6_box01.jpg,brown_blight,3,field_collected
568_jpg.rf.65e5838ccac00268522e50c452baad0f_box00.jpg,field_collected/brown_blight/568_jpg.rf.65e5838ccac00268522e50c452baad0f_box00.jpg,brown_blight,3,field_collected
568_jpg.rf.65e5838ccac00268522e50c452baad0f_box02.jpg,field_collected/brown_blight/568_jpg.rf.65e5838ccac00268522e50c452baad0f_box02.jpg,brown_blight,3,field_collected
568_jpg.rf.65e5838ccac00268522e50c452baad0f_box03.jpg,field_collected/brown_blight/568_jpg.rf.65e5838ccac00268522e50c452baad0f_box03.jpg,brown_blight,3,field_collected
569_jpg.rf.109573ff6acb2230cc240fb55864c56e_box00.jpg,field_collected/brown_blight/569_jpg.rf.109573ff6acb2230cc240fb55864c56e_box00.jpg,brown_blight,3,field_collected
580_jpg.rf.c214a7a95c6b9eddb2c39232a2dbf7b9_box01.jpg,field_collected/brown_blight/580_jpg.rf.c214a7a95c6b9eddb2c39232a2dbf7b9_box01.jpg,brown_blight,3,field_collected
580_jpg.rf.c214a7a95c6b9eddb2c39232a2dbf7b9_box04.jpg,field_collected/brown_blight/580_jpg.rf.c214a7a95c6b9eddb2c39232a2dbf7b9_box04.jpg,brown_blight,3,field_collected
580_jpg.rf.c214a7a95c6b9eddb2c39232a2dbf7b9_box05.jpg,field_collected/brown_blight/580_jpg.rf.c214a7a95c6b9eddb2c39232a2dbf7b9_box05.jpg,brown_blight,3,field_collected
596_jpg.rf.236d96da50ec6bbea83263c67fc929b2_box01.jpg,field_collected/brown_blight/596_jpg.rf.236d96da50ec6bbea83263c67fc929b2_box01.jpg,brown_blight,3,field_collected
596_jpg.rf.236d96da50ec6bbea83263c67fc929b2_box02.jpg,field_collected/brown_blight/596_jpg.rf.236d96da50ec6bbea83263c67fc929b2_box02.jpg,brown_blight,3,field_collected
5_jpg.rf.e58495de274e2d8d4e62587e73db7f5e_box00.jpg,field_collected/brown_blight/5_jpg.rf.e58495de274e2d8d4e62587e73db7f5e_box00.jpg,brown_blight,3,field_collected
5_jpg.rf.e58495de274e2d8d4e62587e73db7f5e_box01.jpg,field_collected/brown_blight/5_jpg.rf.e58495de274e2d8d4e62587e73db7f5e_box01.jpg,brown_blight,3,field_collected
607_jpg.rf.6df1653afc50b9d0d1af8b62470adfec_box00.jpg,field_collected/brown_blight/607_jpg.rf.6df1653afc50b9d0d1af8b62470adfec_box00.jpg,brown_blight,3,field_collected
607_jpg.rf.6df1653afc50b9d0d1af8b62470adfec_box01.jpg,field_collected/brown_blight/607_jpg.rf.6df1653afc50b9d0d1af8b62470adfec_box01.jpg,brown_blight,3,field_collected
68_jpg.rf.e7294d4fac411371df3144a61bcacc0e_box00.jpg,field_collected/brown_blight/68_jpg.rf.e7294d4fac411371df3144a61bcacc0e_box00.jpg,brown_blight,3,field_collected
68_jpg.rf.e7294d4fac411371df3144a61bcacc0e_box01.jpg,field_collected/brown_blight/68_jpg.rf.e7294d4fac411371df3144a61bcacc0e_box01.jpg,brown_blight,3,field_collected
86_jpg.rf.0db4a80b5735c8cc23f6a4b239c632ae_box00.jpg,field_collected/brown_blight/86_jpg.rf.0db4a80b5735c8cc23f6a4b239c632ae_box00.jpg,brown_blight,3,field_collected
94_jpg.rf.3c3b013186ee2eb6f11d63f9a9ccd690_box00.jpg,field_collected/brown_blight/94_jpg.rf.3c3b013186ee2eb6f11d63f9a9ccd690_box00.jpg,brown_blight,3,field_collected
IMG_0429_jpg.rf.51bfb43d724982812763f5dec8420dc2_box00.jpg,field_collected/brown_blight/IMG_0429_jpg.rf.51bfb43d724982812763f5dec8420dc2_box00.jpg,brown_blight,3,field_collected
IMG_07_jpeg.rf.4fade831d10a1f12ec2c0890dc0d2d82_box00.jpg,field_collected/brown_blight/IMG_07_jpeg.rf.4fade831d10a1f12ec2c0890dc0d2d82_box00.jpg,brown_blight,3,field_collected
IMG_07_jpeg.rf.4fade831d10a1f12ec2c0890dc0d2d82_box01.jpg,field_collected/brown_blight/IMG_07_jpeg.rf.4fade831d10a1f12ec2c0890dc0d2d82_box01.jpg,brown_blight,3,field_collected
IMG_15_04_jpeg.rf.3511e3d889ff1f917bb7614d82030909_box00.jpg,field_collected/brown_blight/IMG_15_04_jpeg.rf.3511e3d889ff1f917bb7614d82030909_box00.jpg,brown_blight,3,field_collected
IMG_15_04_jpeg.rf.3511e3d889ff1f917bb7614d82030909_box01.jpg,field_collected/brown_blight/IMG_15_04_jpeg.rf.3511e3d889ff1f917bb7614d82030909_box01.jpg,brown_blight,3,field_collected
IMG_15_04_jpeg.rf.3511e3d889ff1f917bb7614d82030909_box02.jpg,field_collected/brown_blight/IMG_15_04_jpeg.rf.3511e3d889ff1f917bb7614d82030909_box02.jpg,brown_blight,3,field_collected
IMG_15_09_jpeg.rf.70195fe0f70d0e2113a4ef47817bcf3b_box00.jpg,field_collected/brown_blight/IMG_15_09_jpeg.rf.70195fe0f70d0e2113a4ef47817bcf3b_box00.jpg,brown_blight,3,field_collected
IMG_15_09_jpeg.rf.70195fe0f70d0e2113a4ef47817bcf3b_box01.jpg,field_collected/brown_blight/IMG_15_09_jpeg.rf.70195fe0f70d0e2113a4ef47817bcf3b_box01.jpg,brown_blight,3,field_collected
IMG_15_09_jpeg.rf.70195fe0f70d0e2113a4ef47817bcf3b_box02.jpg,field_collected/brown_blight/IMG_15_09_jpeg.rf.70195fe0f70d0e2113a4ef47817bcf3b_box02.jpg,brown_blight,3,field_collected
IMG_15_14_jpeg.rf.cfdca06be6df3c7d49e3b3d98c935a05_box00.jpg,field_collected/brown_blight/IMG_15_14_jpeg.rf.cfdca06be6df3c7d49e3b3d98c935a05_box00.jpg,brown_blight,3,field_collected
IMG_15_23_jpeg.rf.e208f698cca4e4d7f9e335b1b65d0a4d_box00.jpg,field_collected/brown_blight/IMG_15_23_jpeg.rf.e208f698cca4e4d7f9e335b1b65d0a4d_box00.jpg,brown_blight,3,field_collected
IMG_15_23_jpeg.rf.e208f698cca4e4d7f9e335b1b65d0a4d_box01.jpg,field_collected/brown_blight/IMG_15_23_jpeg.rf.e208f698cca4e4d7f9e335b1b65d0a4d_box01.jpg,brown_blight,3,field_collected
IMG_15_jpeg.rf.c98ad1c650db78340c2b48b38d12a775_box00.jpg,field_collected/brown_blight/IMG_15_jpeg.rf.c98ad1c650db78340c2b48b38d12a775_box00.jpg,brown_blight,3,field_collected
IMG_20230612_154254_jpg.rf.bd8019f8d572ece99fa5851f3da90ae2_box00.jpg,field_collected/brown_blight/IMG_20230612_154254_jpg.rf.bd8019f8d572ece99fa5851f3da90ae2_box00.jpg,brown_blight,3,field_collected
IMG_20230612_154300_jpg.rf.45f70ffc92df648a7f0524abf0f79c04_box00.jpg,field_collected/brown_blight/IMG_20230612_154300_jpg.rf.45f70ffc92df648a7f0524abf0f79c04_box00.jpg,brown_blight,3,field_collected
IMG_20230612_160342_jpg.rf.06208f8783b7758c2928e95c474627f9_box01.jpg,field_collected/brown_blight/IMG_20230612_160342_jpg.rf.06208f8783b7758c2928e95c474627f9_box01.jpg,brown_blight,3,field_collected
IMG_20230612_160945_jpg.rf.92ea29c0b5a59326062c2e1c1599240f_box00.jpg,field_collected/brown_blight/IMG_20230612_160945_jpg.rf.92ea29c0b5a59326062c2e1c1599240f_box00.jpg,brown_blight,3,field_collected
IMG_20230612_161606_jpg.rf.d8cf7baeaf657a78f4141fa562188d79_box00.jpg,field_collected/brown_blight/IMG_20230612_161606_jpg.rf.d8cf7baeaf657a78f4141fa562188d79_box00.jpg,brown_blight,3,field_collected
IMG_20230612_164136_jpg.rf.15ee0cf2ebeec7d9e5750b5c3a1e3fa0_box00.jpg,field_collected/brown_blight/IMG_20230612_164136_jpg.rf.15ee0cf2ebeec7d9e5750b5c3a1e3fa0_box00.jpg,brown_blight,3,field_collected
IMG_20230624_101122_jpg.rf.5eaec8974e8cc02272c1df4a2ac66ff5_box00.jpg,field_collected/brown_blight/IMG_20230624_101122_jpg.rf.5eaec8974e8cc02272c1df4a2ac66ff5_box00.jpg,brown_blight,3,field_collected
IMG_20230624_101122_jpg.rf.8e32454ba74e53d7d28ef261055988d0_box00.jpg,field_collected/brown_blight/IMG_20230624_101122_jpg.rf.8e32454ba74e53d7d28ef261055988d0_box00.jpg,brown_blight,3,field_collected
IMG_20230624_101122_jpg.rf.8e32454ba74e53d7d28ef261055988d0_box01.jpg,field_collected/brown_blight/IMG_20230624_101122_jpg.rf.8e32454ba74e53d7d28ef261055988d0_box01.jpg,brown_blight,3,field_collected
IMG_20230624_162153_jpg.rf.3e5250cad55d240bf9234f830c0993f1_box00.jpg,field_collected/brown_blight/IMG_20230624_162153_jpg.rf.3e5250cad55d240bf9234f830c0993f1_box00.jpg,brown_blight,3,field_collected
IMG_20230624_162157_jpg.rf.2b3bbe7b3e12094e390176d99e30400c_box00.jpg,field_collected/brown_blight/IMG_20230624_162157_jpg.rf.2b3bbe7b3e12094e390176d99e30400c_box00.jpg,brown_blight,3,field_collected
IMG_20230624_162956_jpg.rf.952142da0685803b28993c3d90e627b9_box00.jpg,field_collected/brown_blight/IMG_20230624_162956_jpg.rf.952142da0685803b28993c3d90e627b9_box00.jpg,brown_blight,3,field_collected
IMG_29_jpeg.rf.46ea9fbd8c9fa0abf432e1357a86fc67_box00.jpg,field_collected/brown_blight/IMG_29_jpeg.rf.46ea9fbd8c9fa0abf432e1357a86fc67_box00.jpg,brown_blight,3,field_collected
IMG_29_jpeg.rf.46ea9fbd8c9fa0abf432e1357a86fc67_box01.jpg,field_collected/brown_blight/IMG_29_jpeg.rf.46ea9fbd8c9fa0abf432e1357a86fc67_box01.jpg,brown_blight,3,field_collected
IMG_29_jpeg.rf.46ea9fbd8c9fa0abf432e1357a86fc67_box02.jpg,field_collected/brown_blight/IMG_29_jpeg.rf.46ea9fbd8c9fa0abf432e1357a86fc67_box02.jpg,brown_blight,3,field_collected
IMG_38_jpeg.rf.ed3faee6feffc08d8a5bc1b61f13bcab_box00.jpg,field_collected/brown_blight/IMG_38_jpeg.rf.ed3faee6feffc08d8a5bc1b61f13bcab_box00.jpg,brown_blight,3,field_collected
IMG_38_jpeg.rf.ed3faee6feffc08d8a5bc1b61f13bcab_box01.jpg,field_collected/brown_blight/IMG_38_jpeg.rf.ed3faee6feffc08d8a5bc1b61f13bcab_box01.jpg,brown_blight,3,field_collected
IMG_38_jpeg.rf.ed3faee6feffc08d8a5bc1b61f13bcab_box02.jpg,field_collected/brown_blight/IMG_38_jpeg.rf.ed3faee6feffc08d8a5bc1b61f13bcab_box02.jpg,brown_blight,3,field_collected
IMG_47_jpeg.rf.6fff36a34b2d2f6ef892d2e893a2cddb_box00.jpg,field_collected/brown_blight/IMG_47_jpeg.rf.6fff36a34b2d2f6ef892d2e893a2cddb_box00.jpg,brown_blight,3,field_collected
IMG_47_jpeg.rf.6fff36a34b2d2f6ef892d2e893a2cddb_box01.jpg,field_collected/brown_blight/IMG_47_jpeg.rf.6fff36a34b2d2f6ef892d2e893a2cddb_box01.jpg,brown_blight,3,field_collected
IMG_47_jpeg.rf.6fff36a34b2d2f6ef892d2e893a2cddb_box02.jpg,field_collected/brown_blight/IMG_47_jpeg.rf.6fff36a34b2d2f6ef892d2e893a2cddb_box02.jpg,brown_blight,3,field_collected
IMG_47_jpeg.rf.6fff36a34b2d2f6ef892d2e893a2cddb_box03.jpg,field_collected/brown_blight/IMG_47_jpeg.rf.6fff36a34b2d2f6ef892d2e893a2cddb_box03.jpg,brown_blight,3,field_collected
IMG_55_jpeg.rf.c73d5da42704ae3391ac989697e55d46_box00.jpg,field_collected/brown_blight/IMG_55_jpeg.rf.c73d5da42704ae3391ac989697e55d46_box00.jpg,brown_blight,3,field_collected
IMG_55_jpeg.rf.c73d5da42704ae3391ac989697e55d46_box01.jpg,field_collected/brown_blight/IMG_55_jpeg.rf.c73d5da42704ae3391ac989697e55d46_box01.jpg,brown_blight,3,field_collected
IMG_67_jpeg.rf.df81543721e742bed1051bfa33c734fa_box00.jpg,field_collected/brown_blight/IMG_67_jpeg.rf.df81543721e742bed1051bfa33c734fa_box00.jpg,brown_blight,3,field_collected
IMG_67_jpeg.rf.df81543721e742bed1051bfa33c734fa_box01.jpg,field_collected/brown_blight/IMG_67_jpeg.rf.df81543721e742bed1051bfa33c734fa_box01.jpg,brown_blight,3,field_collected
IMG_67_jpeg.rf.df81543721e742bed1051bfa33c734fa_box02.jpg,field_collected/brown_blight/IMG_67_jpeg.rf.df81543721e742bed1051bfa33c734fa_box02.jpg,brown_blight,3,field_collected
IMG_67_jpeg.rf.df81543721e742bed1051bfa33c734fa_box03.jpg,field_collected/brown_blight/IMG_67_jpeg.rf.df81543721e742bed1051bfa33c734fa_box03.jpg,brown_blight,3,field_collected
IMG_67_jpeg.rf.df81543721e742bed1051bfa33c734fa_box04.jpg,field_collected/brown_blight/IMG_67_jpeg.rf.df81543721e742bed1051bfa33c734fa_box04.jpg,brown_blight,3,field_collected
IMG_74_jpeg.rf.924cbde3d618b57328082643f527024f_box00.jpg,field_collected/brown_blight/IMG_74_jpeg.rf.924cbde3d618b57328082643f527024f_box00.jpg,brown_blight,3,field_collected
IMG_74_jpeg.rf.924cbde3d618b57328082643f527024f_box01.jpg,field_collected/brown_blight/IMG_74_jpeg.rf.924cbde3d618b57328082643f527024f_box01.jpg,brown_blight,3,field_collected
IMG_8502_jpg.rf.45eea8c4f4960c6f98d1aeae8f0fe614_box00.jpg,field_collected/brown_blight/IMG_8502_jpg.rf.45eea8c4f4960c6f98d1aeae8f0fe614_box00.jpg,brown_blight,3,field_collected
IMG_8502_jpg.rf.45eea8c4f4960c6f98d1aeae8f0fe614_box01.jpg,field_collected/brown_blight/IMG_8502_jpg.rf.45eea8c4f4960c6f98d1aeae8f0fe614_box01.jpg,brown_blight,3,field_collected
IMG_8502_jpg.rf.45eea8c4f4960c6f98d1aeae8f0fe614_box02.jpg,field_collected/brown_blight/IMG_8502_jpg.rf.45eea8c4f4960c6f98d1aeae8f0fe614_box02.jpg,brown_blight,3,field_collected
IMG_8503_jpg.rf.6756df9c7f697eb936f8de9d3defea98_box00.jpg,field_collected/brown_blight/IMG_8503_jpg.rf.6756df9c7f697eb936f8de9d3defea98_box00.jpg,brown_blight,3,field_collected
IMG_8503_jpg.rf.6756df9c7f697eb936f8de9d3defea98_box01.jpg,field_collected/brown_blight/IMG_8503_jpg.rf.6756df9c7f697eb936f8de9d3defea98_box01.jpg,brown_blight,3,field_collected
IMG_8503_jpg.rf.6756df9c7f697eb936f8de9d3defea98_box02.jpg,field_collected/brown_blight/IMG_8503_jpg.rf.6756df9c7f697eb936f8de9d3defea98_box02.jpg,brown_blight,3,field_collected
IMG_8503_jpg.rf.6756df9c7f697eb936f8de9d3defea98_box03.jpg,field_collected/brown_blight/IMG_8503_jpg.rf.6756df9c7f697eb936f8de9d3defea98_box03.jpg,brown_blight,3,field_collected
IMG_8503_jpg.rf.6756df9c7f697eb936f8de9d3defea98_box04.jpg,field_collected/brown_blight/IMG_8503_jpg.rf.6756df9c7f697eb936f8de9d3defea98_box04.jpg,brown_blight,3,field_collected
IMG_8514_jpg.rf.190df00e687c09acbed2025bc3d84145_box00.jpg,field_collected/brown_blight/IMG_8514_jpg.rf.190df00e687c09acbed2025bc3d84145_box00.jpg,brown_blight,3,field_collected
IMG_8514_jpg.rf.190df00e687c09acbed2025bc3d84145_box01.jpg,field_collected/brown_blight/IMG_8514_jpg.rf.190df00e687c09acbed2025bc3d84145_box01.jpg,brown_blight,3,field_collected
IMG_8514_jpg.rf.190df00e687c09acbed2025bc3d84145_box02.jpg,field_collected/brown_blight/IMG_8514_jpg.rf.190df00e687c09acbed2025bc3d84145_box02.jpg,brown_blight,3,field_collected
IMG_8515_jpg.rf.b20800d14067a84708287ac17cde35ac_box00.jpg,field_collected/brown_blight/IMG_8515_jpg.rf.b20800d14067a84708287ac17cde35ac_box00.jpg,brown_blight,3,field_collected
IMG_8564_jpg.rf.063125e5d9d941b5e0392045941e1211_box00.jpg,field_collected/brown_blight/IMG_8564_jpg.rf.063125e5d9d941b5e0392045941e1211_box00.jpg,brown_blight,3,field_collected
IMG_8564_jpg.rf.063125e5d9d941b5e0392045941e1211_box01.jpg,field_collected/brown_blight/IMG_8564_jpg.rf.063125e5d9d941b5e0392045941e1211_box01.jpg,brown_blight,3,field_collected
IMG_8564_jpg.rf.063125e5d9d941b5e0392045941e1211_box02.jpg,field_collected/brown_blight/IMG_8564_jpg.rf.063125e5d9d941b5e0392045941e1211_box02.jpg,brown_blight,3,field_collected
IMG_8564_jpg.rf.063125e5d9d941b5e0392045941e1211_box03.jpg,field_collected/brown_blight/IMG_8564_jpg.rf.063125e5d9d941b5e0392045941e1211_box03.jpg,brown_blight,3,field_collected
IMG_8576_jpg.rf.7b572e7a64b86eb0472a74e1c0febd7a_box00.jpg,field_collected/brown_blight/IMG_8576_jpg.rf.7b572e7a64b86eb0472a74e1c0febd7a_box00.jpg,brown_blight,3,field_collected
IMG_8583_jpg.rf.cffb70a410b8859a0259d9a32a415202_box00.jpg,field_collected/brown_blight/IMG_8583_jpg.rf.cffb70a410b8859a0259d9a32a415202_box00.jpg,brown_blight,3,field_collected
IMG_8588_jpg.rf.c04fdf08dfad07060499d28be429e723_box00.jpg,field_collected/brown_blight/IMG_8588_jpg.rf.c04fdf08dfad07060499d28be429e723_box00.jpg,brown_blight,3,field_collected
IMG_8639_jpg.rf.ea0c60fce66984770704e03d70813c05_box00.jpg,field_collected/brown_blight/IMG_8639_jpg.rf.ea0c60fce66984770704e03d70813c05_box00.jpg,brown_blight,3,field_collected
IMG_8639_jpg.rf.ea0c60fce66984770704e03d70813c05_box01.jpg,field_collected/brown_blight/IMG_8639_jpg.rf.ea0c60fce66984770704e03d70813c05_box01.jpg,brown_blight,3,field_collected
IMG_8661_jpg.rf.2472717465dc55cb67db15dbad3d0e19_box00.jpg,field_collected/brown_blight/IMG_8661_jpg.rf.2472717465dc55cb67db15dbad3d0e19_box00.jpg,brown_blight,3,field_collected
IMG_8661_jpg.rf.2472717465dc55cb67db15dbad3d0e19_box01.jpg,field_collected/brown_blight/IMG_8661_jpg.rf.2472717465dc55cb67db15dbad3d0e19_box01.jpg,brown_blight,3,field_collected
IMG_8661_jpg.rf.2472717465dc55cb67db15dbad3d0e19_box02.jpg,field_collected/brown_blight/IMG_8661_jpg.rf.2472717465dc55cb67db15dbad3d0e19_box02.jpg,brown_blight,3,field_collected
IMG_8661_jpg.rf.2472717465dc55cb67db15dbad3d0e19_box03.jpg,field_collected/brown_blight/IMG_8661_jpg.rf.2472717465dc55cb67db15dbad3d0e19_box03.jpg,brown_blight,3,field_collected
IMG_8708_jpg.rf.283b21295e904bbbc6f1f8cc501a0069_box00.jpg,field_collected/brown_blight/IMG_8708_jpg.rf.283b21295e904bbbc6f1f8cc501a0069_box00.jpg,brown_blight,3,field_collected
IMG_8708_jpg.rf.283b21295e904bbbc6f1f8cc501a0069_box01.jpg,field_collected/brown_blight/IMG_8708_jpg.rf.283b21295e904bbbc6f1f8cc501a0069_box01.jpg,brown_blight,3,field_collected
IMG_8710_jpg.rf.3d4f88b21bda296f2ca3ea998595ba64_box00.jpg,field_collected/brown_blight/IMG_8710_jpg.rf.3d4f88b21bda296f2ca3ea998595ba64_box00.jpg,brown_blight,3,field_collected
IMG_8710_jpg.rf.3d4f88b21bda296f2ca3ea998595ba64_box01.jpg,field_collected/brown_blight/IMG_8710_jpg.rf.3d4f88b21bda296f2ca3ea998595ba64_box01.jpg,brown_blight,3,field_collected
IMG_8727_jpg.rf.b3db0b2f09d66a0a3bb0188240c45ba4_box00.jpg,field_collected/brown_blight/IMG_8727_jpg.rf.b3db0b2f09d66a0a3bb0188240c45ba4_box00.jpg,brown_blight,3,field_collected
IMG_8727_jpg.rf.b3db0b2f09d66a0a3bb0188240c45ba4_box01.jpg,field_collected/brown_blight/IMG_8727_jpg.rf.b3db0b2f09d66a0a3bb0188240c45ba4_box01.jpg,brown_blight,3,field_collected
IMG_8736_jpg.rf.ead6320dcd533bf706df1cfac52f0431_box00.jpg,field_collected/brown_blight/IMG_8736_jpg.rf.ead6320dcd533bf706df1cfac52f0431_box00.jpg,brown_blight,3,field_collected
IMG_8736_jpg.rf.ead6320dcd533bf706df1cfac52f0431_box01.jpg,field_collected/brown_blight/IMG_8736_jpg.rf.ead6320dcd533bf706df1cfac52f0431_box01.jpg,brown_blight,3,field_collected
IMG_8747_jpg.rf.5d18c1b7c9e233c29172f8e0ec0e97ac_box00.jpg,field_collected/brown_blight/IMG_8747_jpg.rf.5d18c1b7c9e233c29172f8e0ec0e97ac_box00.jpg,brown_blight,3,field_collected
IMG_8757_jpg.rf.1be50dd0dc657048f87576e5e30f376f_box00.jpg,field_collected/brown_blight/IMG_8757_jpg.rf.1be50dd0dc657048f87576e5e30f376f_box00.jpg,brown_blight,3,field_collected
IMG_8781_jpg.rf.1d0eafe77c1ec412775c370b0c955d25_box00.jpg,field_collected/brown_blight/IMG_8781_jpg.rf.1d0eafe77c1ec412775c370b0c955d25_box00.jpg,brown_blight,3,field_collected
IMG_8790_jpg.rf.7a9facf4131ae451456b67112970fa74_box00.jpg,field_collected/brown_blight/IMG_8790_jpg.rf.7a9facf4131ae451456b67112970fa74_box00.jpg,brown_blight,3,field_collected
IMG_8848_jpg.rf.ef564c81fcf5258d80aca5ec4b21c1c0_box00.jpg,field_collected/brown_blight/IMG_8848_jpg.rf.ef564c81fcf5258d80aca5ec4b21c1c0_box00.jpg,brown_blight,3,field_collected
IMG_8862_jpg.rf.f1c88aa4e427633cbad6349d4a25a784_box00.jpg,field_collected/brown_blight/IMG_8862_jpg.rf.f1c88aa4e427633cbad6349d4a25a784_box00.jpg,brown_blight,3,field_collected
IMG_8873_jpg.rf.96e3472eaa2605f30b31d55e999bb5f4_box00.jpg,field_collected/brown_blight/IMG_8873_jpg.rf.96e3472eaa2605f30b31d55e999bb5f4_box00.jpg,brown_blight,3,field_collected
IMG_8873_jpg.rf.96e3472eaa2605f30b31d55e999bb5f4_box01.jpg,field_collected/brown_blight/IMG_8873_jpg.rf.96e3472eaa2605f30b31d55e999bb5f4_box01.jpg,brown_blight,3,field_collected
IMG_8910_jpg.rf.02d539881f823f2f5a44b5713caf2251_box00.jpg,field_collected/brown_blight/IMG_8910_jpg.rf.02d539881f823f2f5a44b5713caf2251_box00.jpg,brown_blight,3,field_collected
100_jpg.rf.14fa87ff511c6790858ccbc03bf10be6_box01.jpg,field_collected/gray_blight/100_jpg.rf.14fa87ff511c6790858ccbc03bf10be6_box01.jpg,gray_blight,0,field_collected
107_jpg.rf.9c0264c78b1f4dfff87adea98349df8b_box00.jpg,field_collected/gray_blight/107_jpg.rf.9c0264c78b1f4dfff87adea98349df8b_box00.jpg,gray_blight,0,field_collected
107_jpg.rf.9c0264c78b1f4dfff87adea98349df8b_box01.jpg,field_collected/gray_blight/107_jpg.rf.9c0264c78b1f4dfff87adea98349df8b_box01.jpg,gray_blight,0,field_collected
121_jpg.rf.ab585552a4145906dbdce2bc02a016ce_box00.jpg,field_collected/gray_blight/121_jpg.rf.ab585552a4145906dbdce2bc02a016ce_box00.jpg,gray_blight,0,field_collected
121_jpg.rf.ab585552a4145906dbdce2bc02a016ce_box01.jpg,field_collected/gray_blight/121_jpg.rf.ab585552a4145906dbdce2bc02a016ce_box01.jpg,gray_blight,0,field_collected
12_jpg.rf.ccb27c583cbe7cb7dbc6d9ddbb45d307_box00.jpg,field_collected/gray_blight/12_jpg.rf.ccb27c583cbe7cb7dbc6d9ddbb45d307_box00.jpg,gray_blight,0,field_collected
131_jpg.rf.165468b77bd7d0a07c9e9f8b76e9c465_box00.jpg,field_collected/gray_blight/131_jpg.rf.165468b77bd7d0a07c9e9f8b76e9c465_box00.jpg,gray_blight,0,field_collected
131_jpg.rf.165468b77bd7d0a07c9e9f8b76e9c465_box01.jpg,field_collected/gray_blight/131_jpg.rf.165468b77bd7d0a07c9e9f8b76e9c465_box01.jpg,gray_blight,0,field_collected
133_jpg.rf.c96fa521c1eec792a6d2f7c8e2865e0b_box00.jpg,field_collected/gray_blight/133_jpg.rf.c96fa521c1eec792a6d2f7c8e2865e0b_box00.jpg,gray_blight,0,field_collected
133_jpg.rf.c96fa521c1eec792a6d2f7c8e2865e0b_box01.jpg,field_collected/gray_blight/133_jpg.rf.c96fa521c1eec792a6d2f7c8e2865e0b_box01.jpg,gray_blight,0,field_collected
158_jpg.rf.1080ecbeb37f6e24c47023105c1aedaa_box00.jpg,field_collected/gray_blight/158_jpg.rf.1080ecbeb37f6e24c47023105c1aedaa_box00.jpg,gray_blight,0,field_collected
158_jpg.rf.1080ecbeb37f6e24c47023105c1aedaa_box01.jpg,field_collected/gray_blight/158_jpg.rf.1080ecbeb37f6e24c47023105c1aedaa_box01.jpg,gray_blight,0,field_collected
176_jpg.rf.22c6639b34be422c6e74812048a8e199_box00.jpg,field_collected/gray_blight/176_jpg.rf.22c6639b34be422c6e74812048a8e199_box00.jpg,gray_blight,0,field_collected
179_jpg.rf.38923227f6f2518ea7f9372aa6fcaa0b_box00.jpg,field_collected/gray_blight/179_jpg.rf.38923227f6f2518ea7f9372aa6fcaa0b_box00.jpg,gray_blight,0,field_collected
179_jpg.rf.38923227f6f2518ea7f9372aa6fcaa0b_box01.jpg,field_collected/gray_blight/179_jpg.rf.38923227f6f2518ea7f9372aa6fcaa0b_box01.jpg,gray_blight,0,field_collected
195_jpg.rf.b2f97109c9e2d5652e036a4d3a9c2816_box00.jpg,field_collected/gray_blight/195_jpg.rf.b2f97109c9e2d5652e036a4d3a9c2816_box00.jpg,gray_blight,0,field_collected
1_jpg.rf.e83e207fa2a3ec5a65f9d9f5cbfaac3a_box01.jpg,field_collected/gray_blight/1_jpg.rf.e83e207fa2a3ec5a65f9d9f5cbfaac3a_box01.jpg,gray_blight,0,field_collected
1_jpg.rf.e83e207fa2a3ec5a65f9d9f5cbfaac3a_box02.jpg,field_collected/gray_blight/1_jpg.rf.e83e207fa2a3ec5a65f9d9f5cbfaac3a_box02.jpg,gray_blight,0,field_collected
1_jpg.rf.e83e207fa2a3ec5a65f9d9f5cbfaac3a_box03.jpg,field_collected/gray_blight/1_jpg.rf.e83e207fa2a3ec5a65f9d9f5cbfaac3a_box03.jpg,gray_blight,0,field_collected
202_jpg.rf.14df16a500394d0889ea7be2ca2277ca_box00.jpg,field_collected/gray_blight/202_jpg.rf.14df16a500394d0889ea7be2ca2277ca_box00.jpg,gray_blight,0,field_collected
221_jpg.rf.018ee71046060f98063487d4c30eb68d_box00.jpg,field_collected/gray_blight/221_jpg.rf.018ee71046060f98063487d4c30eb68d_box00.jpg,gray_blight,0,field_collected
221_jpg.rf.018ee71046060f98063487d4c30eb68d_box02.jpg,field_collected/gray_blight/221_jpg.rf.018ee71046060f98063487d4c30eb68d_box02.jpg,gray_blight,0,field_collected
225_jpg.rf.64509b43824423881ac2fb1391de7c06_box00.jpg,field_collected/gray_blight/225_jpg.rf.64509b43824423881ac2fb1391de7c06_box00.jpg,gray_blight,0,field_collected
225_jpg.rf.64509b43824423881ac2fb1391de7c06_box01.jpg,field_collected/gray_blight/225_jpg.rf.64509b43824423881ac2fb1391de7c06_box01.jpg,gray_blight,0,field_collected
225_jpg.rf.64509b43824423881ac2fb1391de7c06_box02.jpg,field_collected/gray_blight/225_jpg.rf.64509b43824423881ac2fb1391de7c06_box02.jpg,gray_blight,0,field_collected
225_jpg.rf.64509b43824423881ac2fb1391de7c06_box03.jpg,field_collected/gray_blight/225_jpg.rf.64509b43824423881ac2fb1391de7c06_box03.jpg,gray_blight,0,field_collected
225_jpg.rf.64509b43824423881ac2fb1391de7c06_box04.jpg,field_collected/gray_blight/225_jpg.rf.64509b43824423881ac2fb1391de7c06_box04.jpg,gray_blight,0,field_collected
225_jpg.rf.64509b43824423881ac2fb1391de7c06_box05.jpg,field_collected/gray_blight/225_jpg.rf.64509b43824423881ac2fb1391de7c06_box05.jpg,gray_blight,0,field_collected
225_jpg.rf.64509b43824423881ac2fb1391de7c06_box06.jpg,field_collected/gray_blight/225_jpg.rf.64509b43824423881ac2fb1391de7c06_box06.jpg,gray_blight,0,field_collected
225_jpg.rf.64509b43824423881ac2fb1391de7c06_box07.jpg,field_collected/gray_blight/225_jpg.rf.64509b43824423881ac2fb1391de7c06_box07.jpg,gray_blight,0,field_collected
232_jpg.rf.b661ff5ef1a851ca667b582b38a2f730_box00.jpg,field_collected/gray_blight/232_jpg.rf.b661ff5ef1a851ca667b582b38a2f730_box00.jpg,gray_blight,0,field_collected
232_jpg.rf.b661ff5ef1a851ca667b582b38a2f730_box01.jpg,field_collected/gray_blight/232_jpg.rf.b661ff5ef1a851ca667b582b38a2f730_box01.jpg,gray_blight,0,field_collected
239_jpg.rf.4a88c11b21478e901d7751b9c8f82093_box01.jpg,field_collected/gray_blight/239_jpg.rf.4a88c11b21478e901d7751b9c8f82093_box01.jpg,gray_blight,0,field_collected
262_jpg.rf.533171c56729f4edc18270dabf6f5b68_box00.jpg,field_collected/gray_blight/262_jpg.rf.533171c56729f4edc18270dabf6f5b68_box00.jpg,gray_blight,0,field_collected
265_jpg.rf.ca0be0e93b6af8eba3d6bd571eab3f79_box00.jpg,field_collected/gray_blight/265_jpg.rf.ca0be0e93b6af8eba3d6bd571eab3f79_box00.jpg,gray_blight,0,field_collected
279_jpg.rf.ef8336b45e3d5f0923e52ade722b7a05_box00.jpg,field_collected/gray_blight/279_jpg.rf.ef8336b45e3d5f0923e52ade722b7a05_box00.jpg,gray_blight,0,field_collected
279_jpg.rf.ef8336b45e3d5f0923e52ade722b7a05_box01.jpg,field_collected/gray_blight/279_jpg.rf.ef8336b45e3d5f0923e52ade722b7a05_box01.jpg,gray_blight,0,field_collected
27_jpg.rf.69fff94b82a04306ad8cd11ec113575b_box00.jpg,field_collected/gray_blight/27_jpg.rf.69fff94b82a04306ad8cd11ec113575b_box00.jpg,gray_blight,0,field_collected
282_jpg.rf.3046552d8409576d0aaa715673b83db5_box01.jpg,field_collected/gray_blight/282_jpg.rf.3046552d8409576d0aaa715673b83db5_box01.jpg,gray_blight,0,field_collected
282_jpg.rf.3046552d8409576d0aaa715673b83db5_box02.jpg,field_collected/gray_blight/282_jpg.rf.3046552d8409576d0aaa715673b83db5_box02.jpg,gray_blight,0,field_collected
285_jpg.rf.b23dbace94f0952651c6824915a00814_box00.jpg,field_collected/gray_blight/285_jpg.rf.b23dbace94f0952651c6824915a00814_box00.jpg,gray_blight,0,field_collected
285_jpg.rf.b23dbace94f0952651c6824915a00814_box01.jpg,field_collected/gray_blight/285_jpg.rf.b23dbace94f0952651c6824915a00814_box01.jpg,gray_blight,0,field_collected
285_jpg.rf.b23dbace94f0952651c6824915a00814_box02.jpg,field_collected/gray_blight/285_jpg.rf.b23dbace94f0952651c6824915a00814_box02.jpg,gray_blight,0,field_collected
351_jpg.rf.f7ac082366b33fe538ae95ffb1c04c9f_box01.jpg,field_collected/gray_blight/351_jpg.rf.f7ac082366b33fe538ae95ffb1c04c9f_box01.jpg,gray_blight,0,field_collected
351_jpg.rf.f7ac082366b33fe538ae95ffb1c04c9f_box02.jpg,field_collected/gray_blight/351_jpg.rf.f7ac082366b33fe538ae95ffb1c04c9f_box02.jpg,gray_blight,0,field_collected
351_jpg.rf.f7ac082366b33fe538ae95ffb1c04c9f_box05.jpg,field_collected/gray_blight/351_jpg.rf.f7ac082366b33fe538ae95ffb1c04c9f_box05.jpg,gray_blight,0,field_collected
359_jpg.rf.93bb2304d05004ab3048fe5079ac622f_box00.jpg,field_collected/gray_blight/359_jpg.rf.93bb2304d05004ab3048fe5079ac622f_box00.jpg,gray_blight,0,field_collected
359_jpg.rf.93bb2304d05004ab3048fe5079ac622f_box01.jpg,field_collected/gray_blight/359_jpg.rf.93bb2304d05004ab3048fe5079ac622f_box01.jpg,gray_blight,0,field_collected
359_jpg.rf.93bb2304d05004ab3048fe5079ac622f_box02.jpg,field_collected/gray_blight/359_jpg.rf.93bb2304d05004ab3048fe5079ac622f_box02.jpg,gray_blight,0,field_collected
359_jpg.rf.93bb2304d05004ab3048fe5079ac622f_box03.jpg,field_collected/gray_blight/359_jpg.rf.93bb2304d05004ab3048fe5079ac622f_box03.jpg,gray_blight,0,field_collected
359_jpg.rf.93bb2304d05004ab3048fe5079ac622f_box04.jpg,field_collected/gray_blight/359_jpg.rf.93bb2304d05004ab3048fe5079ac622f_box04.jpg,gray_blight,0,field_collected
364_jpg.rf.7f6c9600c49af83d37e13d333d8c1eca_box00.jpg,field_collected/gray_blight/364_jpg.rf.7f6c9600c49af83d37e13d333d8c1eca_box00.jpg,gray_blight,0,field_collected
364_jpg.rf.7f6c9600c49af83d37e13d333d8c1eca_box01.jpg,field_collected/gray_blight/364_jpg.rf.7f6c9600c49af83d37e13d333d8c1eca_box01.jpg,gray_blight,0,field_collected
364_jpg.rf.7f6c9600c49af83d37e13d333d8c1eca_box02.jpg,field_collected/gray_blight/364_jpg.rf.7f6c9600c49af83d37e13d333d8c1eca_box02.jpg,gray_blight,0,field_collected
364_jpg.rf.7f6c9600c49af83d37e13d333d8c1eca_box03.jpg,field_collected/gray_blight/364_jpg.rf.7f6c9600c49af83d37e13d333d8c1eca_box03.jpg,gray_blight,0,field_collected
367_jpg.rf.7433d03d70d383cb91830e4b2bf60911_box00.jpg,field_collected/gray_blight/367_jpg.rf.7433d03d70d383cb91830e4b2bf60911_box00.jpg,gray_blight,0,field_collected
367_jpg.rf.7433d03d70d383cb91830e4b2bf60911_box01.jpg,field_collected/gray_blight/367_jpg.rf.7433d03d70d383cb91830e4b2bf60911_box01.jpg,gray_blight,0,field_collected
369_jpg.rf.5dd2edbd0057e2eb32a306c00f8361b5_box00.jpg,field_collected/gray_blight/369_jpg.rf.5dd2edbd0057e2eb32a306c00f8361b5_box00.jpg,gray_blight,0,field_collected
373_jpg.rf.9047ce78879859dca2a748770243f3f1_box00.jpg,field_collected/gray_blight/373_jpg.rf.9047ce78879859dca2a748770243f3f1_box00.jpg,gray_blight,0,field_collected
373_jpg.rf.9047ce78879859dca2a748770243f3f1_box01.jpg,field_collected/gray_blight/373_jpg.rf.9047ce78879859dca2a748770243f3f1_box01.jpg,gray_blight,0,field_collected
373_jpg.rf.9047ce78879859dca2a748770243f3f1_box02.jpg,field_collected/gray_blight/373_jpg.rf.9047ce78879859dca2a748770243f3f1_box02.jpg,gray_blight,0,field_collected
373_jpg.rf.9047ce78879859dca2a748770243f3f1_box03.jpg,field_collected/gray_blight/373_jpg.rf.9047ce78879859dca2a748770243f3f1_box03.jpg,gray_blight,0,field_collected
380_jpg.rf.ae140e24e98145b54b16cb1e1298a35a_box00.jpg,field_collected/gray_blight/380_jpg.rf.ae140e24e98145b54b16cb1e1298a35a_box00.jpg,gray_blight,0,field_collected
386_jpg.rf.9a65053864eb53e03cf55ef87b7af62d_box00.jpg,field_collected/gray_blight/386_jpg.rf.9a65053864eb53e03cf55ef87b7af62d_box00.jpg,gray_blight,0,field_collected
386_jpg.rf.9a65053864eb53e03cf55ef87b7af62d_box01.jpg,field_collected/gray_blight/386_jpg.rf.9a65053864eb53e03cf55ef87b7af62d_box01.jpg,gray_blight,0,field_collected
386_jpg.rf.9a65053864eb53e03cf55ef87b7af62d_box02.jpg,field_collected/gray_blight/386_jpg.rf.9a65053864eb53e03cf55ef87b7af62d_box02.jpg,gray_blight,0,field_collected
386_jpg.rf.9a65053864eb53e03cf55ef87b7af62d_box04.jpg,field_collected/gray_blight/386_jpg.rf.9a65053864eb53e03cf55ef87b7af62d_box04.jpg,gray_blight,0,field_collected
387_jpg.rf.7491bbbc65af744c81982a986a793297_box00.jpg,field_collected/gray_blight/387_jpg.rf.7491bbbc65af744c81982a986a793297_box00.jpg,gray_blight,0,field_collected
387_jpg.rf.7491bbbc65af744c81982a986a793297_box01.jpg,field_collected/gray_blight/387_jpg.rf.7491bbbc65af744c81982a986a793297_box01.jpg,gray_blight,0,field_collected
387_jpg.rf.7491bbbc65af744c81982a986a793297_box02.jpg,field_collected/gray_blight/387_jpg.rf.7491bbbc65af744c81982a986a793297_box02.jpg,gray_blight,0,field_collected
388_jpg.rf.5eae3b30e4994eb8766bb267981125a1_box00.jpg,field_collected/gray_blight/388_jpg.rf.5eae3b30e4994eb8766bb267981125a1_box00.jpg,gray_blight,0,field_collected
388_jpg.rf.5eae3b30e4994eb8766bb267981125a1_box01.jpg,field_collected/gray_blight/388_jpg.rf.5eae3b30e4994eb8766bb267981125a1_box01.jpg,gray_blight,0,field_collected
388_jpg.rf.5eae3b30e4994eb8766bb267981125a1_box02.jpg,field_collected/gray_blight/388_jpg.rf.5eae3b30e4994eb8766bb267981125a1_box02.jpg,gray_blight,0,field_collected
388_jpg.rf.5eae3b30e4994eb8766bb267981125a1_box03.jpg,field_collected/gray_blight/388_jpg.rf.5eae3b30e4994eb8766bb267981125a1_box03.jpg,gray_blight,0,field_collected
388_jpg.rf.5eae3b30e4994eb8766bb267981125a1_box04.jpg,field_collected/gray_blight/388_jpg.rf.5eae3b30e4994eb8766bb267981125a1_box04.jpg,gray_blight,0,field_collected
400_jpg.rf.6b9e448934ba1a91a3a1bce36469e8b1_box00.jpg,field_collected/gray_blight/400_jpg.rf.6b9e448934ba1a91a3a1bce36469e8b1_box00.jpg,gray_blight,0,field_collected
409_jpg.rf.c79571e6fe5518fa6aa92563871dd6c9_box00.jpg,field_collected/gray_blight/409_jpg.rf.c79571e6fe5518fa6aa92563871dd6c9_box00.jpg,gray_blight,0,field_collected
414_jpg.rf.623507042c53c9d4ebc39e1548d3f5e9_box00.jpg,field_collected/gray_blight/414_jpg.rf.623507042c53c9d4ebc39e1548d3f5e9_box00.jpg,gray_blight,0,field_collected
414_jpg.rf.623507042c53c9d4ebc39e1548d3f5e9_box01.jpg,field_collected/gray_blight/414_jpg.rf.623507042c53c9d4ebc39e1548d3f5e9_box01.jpg,gray_blight,0,field_collected
414_jpg.rf.623507042c53c9d4ebc39e1548d3f5e9_box02.jpg,field_collected/gray_blight/414_jpg.rf.623507042c53c9d4ebc39e1548d3f5e9_box02.jpg,gray_blight,0,field_collected
41_jpg.rf.6de717237b5053a98d9254e7495c37b4_box00.jpg,field_collected/gray_blight/41_jpg.rf.6de717237b5053a98d9254e7495c37b4_box00.jpg,gray_blight,0,field_collected
41_jpg.rf.6de717237b5053a98d9254e7495c37b4_box02.jpg,field_collected/gray_blight/41_jpg.rf.6de717237b5053a98d9254e7495c37b4_box02.jpg,gray_blight,0,field_collected
41_jpg.rf.6de717237b5053a98d9254e7495c37b4_box03.jpg,field_collected/gray_blight/41_jpg.rf.6de717237b5053a98d9254e7495c37b4_box03.jpg,gray_blight,0,field_collected
448_jpg.rf.61136c46f75c49655ffac20a7891ec97_box01.jpg,field_collected/gray_blight/448_jpg.rf.61136c46f75c49655ffac20a7891ec97_box01.jpg,gray_blight,0,field_collected
448_jpg.rf.61136c46f75c49655ffac20a7891ec97_box03.jpg,field_collected/gray_blight/448_jpg.rf.61136c46f75c49655ffac20a7891ec97_box03.jpg,gray_blight,0,field_collected
466_jpg.rf.2bf226b9df9e2d1f5e57c7479839159a_box00.jpg,field_collected/gray_blight/466_jpg.rf.2bf226b9df9e2d1f5e57c7479839159a_box00.jpg,gray_blight,0,field_collected
467_jpg.rf.9a8ad7ca8260a70159737ccd9a3c1137_box00.jpg,field_collected/gray_blight/467_jpg.rf.9a8ad7ca8260a70159737ccd9a3c1137_box00.jpg,gray_blight,0,field_collected
47_jpg.rf.73508c82b65be16613c1277b5cccea3d_box02.jpg,field_collected/gray_blight/47_jpg.rf.73508c82b65be16613c1277b5cccea3d_box02.jpg,gray_blight,0,field_collected
47_jpg.rf.73508c82b65be16613c1277b5cccea3d_box03.jpg,field_collected/gray_blight/47_jpg.rf.73508c82b65be16613c1277b5cccea3d_box03.jpg,gray_blight,0,field_collected
506_jpg.rf.12f1de229bed6d594eb8781e64e4873e_box00.jpg,field_collected/gray_blight/506_jpg.rf.12f1de229bed6d594eb8781e64e4873e_box00.jpg,gray_blight,0,field_collected
506_jpg.rf.12f1de229bed6d594eb8781e64e4873e_box01.jpg,field_collected/gray_blight/506_jpg.rf.12f1de229bed6d594eb8781e64e4873e_box01.jpg,gray_blight,0,field_collected
50_jpg.rf.b95d4c7065ae41c2cc64f77b3f2aa247_box00.jpg,field_collected/gray_blight/50_jpg.rf.b95d4c7065ae41c2cc64f77b3f2aa247_box00.jpg,gray_blight,0,field_collected
515_jpg.rf.5f392730cac28feff733ac5b3cca72da_box00.jpg,field_collected/gray_blight/515_jpg.rf.5f392730cac28feff733ac5b3cca72da_box00.jpg,gray_blight,0,field_collected
515_jpg.rf.5f392730cac28feff733ac5b3cca72da_box01.jpg,field_collected/gray_blight/515_jpg.rf.5f392730cac28feff733ac5b3cca72da_box01.jpg,gray_blight,0,field_collected
54_jpg.rf.5fe58d30ddd3fde8be4700c1b6777b2f_box00.jpg,field_collected/gray_blight/54_jpg.rf.5fe58d30ddd3fde8be4700c1b6777b2f_box00.jpg,gray_blight,0,field_collected
553_jpg.rf.5e62d47457d6dc9c7570fdb098bbd828_box00.jpg,field_collected/gray_blight/553_jpg.rf.5e62d47457d6dc9c7570fdb098bbd828_box00.jpg,gray_blight,0,field_collected
564_jpg.rf.97513e79386b4843de3f18f3099f62e1_box00.jpg,field_collected/gray_blight/564_jpg.rf.97513e79386b4843de3f18f3099f62e1_box00.jpg,gray_blight,0,field_collected
564_jpg.rf.97513e79386b4843de3f18f3099f62e1_box01.jpg,field_collected/gray_blight/564_jpg.rf.97513e79386b4843de3f18f3099f62e1_box01.jpg,gray_blight,0,field_collected
567_jpg.rf.f7b3a1d0e79660f7a3d78e295687f9c6_box00.jpg,field_collected/gray_blight/567_jpg.rf.f7b3a1d0e79660f7a3d78e295687f9c6_box00.jpg,gray_blight,0,field_collected
567_jpg.rf.f7b3a1d0e79660f7a3d78e295687f9c6_box01.jpg,field_collected/gray_blight/567_jpg.rf.f7b3a1d0e79660f7a3d78e295687f9c6_box01.jpg,gray_blight,0,field_collected
568_jpg.rf.65e5838ccac00268522e50c452baad0f_box00.jpg,field_collected/gray_blight/568_jpg.rf.65e5838ccac00268522e50c452baad0f_box00.jpg,gray_blight,0,field_collected
568_jpg.rf.65e5838ccac00268522e50c452baad0f_box01.jpg,field_collected/gray_blight/568_jpg.rf.65e5838ccac00268522e50c452baad0f_box01.jpg,gray_blight,0,field_collected
568_jpg.rf.65e5838ccac00268522e50c452baad0f_box03.jpg,field_collected/gray_blight/568_jpg.rf.65e5838ccac00268522e50c452baad0f_box03.jpg,gray_blight,0,field_collected
568_jpg.rf.65e5838ccac00268522e50c452baad0f_box04.jpg,field_collected/gray_blight/568_jpg.rf.65e5838ccac00268522e50c452baad0f_box04.jpg,gray_blight,0,field_collected
569_jpg.rf.109573ff6acb2230cc240fb55864c56e_box00.jpg,field_collected/gray_blight/569_jpg.rf.109573ff6acb2230cc240fb55864c56e_box00.jpg,gray_blight,0,field_collected
580_jpg.rf.c214a7a95c6b9eddb2c39232a2dbf7b9_box00.jpg,field_collected/gray_blight/580_jpg.rf.c214a7a95c6b9eddb2c39232a2dbf7b9_box00.jpg,gray_blight,0,field_collected
580_jpg.rf.c214a7a95c6b9eddb2c39232a2dbf7b9_box02.jpg,field_collected/gray_blight/580_jpg.rf.c214a7a95c6b9eddb2c39232a2dbf7b9_box02.jpg,gray_blight,0,field_collected
580_jpg.rf.c214a7a95c6b9eddb2c39232a2dbf7b9_box03.jpg,field_collected/gray_blight/580_jpg.rf.c214a7a95c6b9eddb2c39232a2dbf7b9_box03.jpg,gray_blight,0,field_collected
580_jpg.rf.c214a7a95c6b9eddb2c39232a2dbf7b9_box05.jpg,field_collected/gray_blight/580_jpg.rf.c214a7a95c6b9eddb2c39232a2dbf7b9_box05.jpg,gray_blight,0,field_collected
588_jpg.rf.68d2b269703b3010763b920caa4ee89a_box00.jpg,field_collected/gray_blight/588_jpg.rf.68d2b269703b3010763b920caa4ee89a_box00.jpg,gray_blight,0,field_collected
596_jpg.rf.236d96da50ec6bbea83263c67fc929b2_box00.jpg,field_collected/gray_blight/596_jpg.rf.236d96da50ec6bbea83263c67fc929b2_box00.jpg,gray_blight,0,field_collected
596_jpg.rf.236d96da50ec6bbea83263c67fc929b2_box03.jpg,field_collected/gray_blight/596_jpg.rf.236d96da50ec6bbea83263c67fc929b2_box03.jpg,gray_blight,0,field_collected
596_jpg.rf.236d96da50ec6bbea83263c67fc929b2_box04.jpg,field_collected/gray_blight/596_jpg.rf.236d96da50ec6bbea83263c67fc929b2_box04.jpg,gray_blight,0,field_collected
5_jpg.rf.e58495de274e2d8d4e62587e73db7f5e_box00.jpg,field_collected/gray_blight/5_jpg.rf.e58495de274e2d8d4e62587e73db7f5e_box00.jpg,gray_blight,0,field_collected
68_jpg.rf.e7294d4fac411371df3144a61bcacc0e_box00.jpg,field_collected/gray_blight/68_jpg.rf.e7294d4fac411371df3144a61bcacc0e_box00.jpg,gray_blight,0,field_collected
86_jpg.rf.0db4a80b5735c8cc23f6a4b239c632ae_box00.jpg,field_collected/gray_blight/86_jpg.rf.0db4a80b5735c8cc23f6a4b239c632ae_box00.jpg,gray_blight,0,field_collected
IMG_0429_jpg.rf.51bfb43d724982812763f5dec8420dc2_box00.jpg,field_collected/gray_blight/IMG_0429_jpg.rf.51bfb43d724982812763f5dec8420dc2_box00.jpg,gray_blight,0,field_collected
IMG_07_jpeg.rf.4fade831d10a1f12ec2c0890dc0d2d82_box00.jpg,field_collected/gray_blight/IMG_07_jpeg.rf.4fade831d10a1f12ec2c0890dc0d2d82_box00.jpg,gray_blight,0,field_collected
IMG_07_jpeg.rf.4fade831d10a1f12ec2c0890dc0d2d82_box01.jpg,field_collected/gray_blight/IMG_07_jpeg.rf.4fade831d10a1f12ec2c0890dc0d2d82_box01.jpg,gray_blight,0,field_collected
IMG_0833_JPG_jpg.rf.323506f411908a12b2956e82d3e76af5_box00.jpg,field_collected/gray_blight/IMG_0833_JPG_jpg.rf.323506f411908a12b2956e82d3e76af5_box00.jpg,gray_blight,0,field_collected
IMG_15_04_jpeg.rf.3511e3d889ff1f917bb7614d82030909_box00.jpg,field_collected/gray_blight/IMG_15_04_jpeg.rf.3511e3d889ff1f917bb7614d82030909_box00.jpg,gray_blight,0,field_collected
IMG_15_04_jpeg.rf.3511e3d889ff1f917bb7614d82030909_box01.jpg,field_collected/gray_blight/IMG_15_04_jpeg.rf.3511e3d889ff1f917bb7614d82030909_box01.jpg,gray_blight,0,field_collected
IMG_15_04_jpeg.rf.3511e3d889ff1f917bb7614d82030909_box02.jpg,field_collected/gray_blight/IMG_15_04_jpeg.rf.3511e3d889ff1f917bb7614d82030909_box02.jpg,gray_blight,0,field_collected
IMG_15_14_jpeg.rf.cfdca06be6df3c7d49e3b3d98c935a05_box00.jpg,field_collected/gray_blight/IMG_15_14_jpeg.rf.cfdca06be6df3c7d49e3b3d98c935a05_box00.jpg,gray_blight,0,field_collected
IMG_15_18_jpeg.rf.68243cab6d57a72d821f06e2911aaca0_box00.jpg,field_collected/gray_blight/IMG_15_18_jpeg.rf.68243cab6d57a72d821f06e2911aaca0_box00.jpg,gray_blight,0,field_collected
IMG_15_jpeg.rf.c98ad1c650db78340c2b48b38d12a775_box00.jpg,field_collected/gray_blight/IMG_15_jpeg.rf.c98ad1c650db78340c2b48b38d12a775_box00.jpg,gray_blight,0,field_collected
IMG_20230612_152611_jpg.rf.dd2930ae2b4ae5eb6fe3bb3607deb274_box00.jpg,field_collected/gray_blight/IMG_20230612_152611_jpg.rf.dd2930ae2b4ae5eb6fe3bb3607deb274_box00.jpg,gray_blight,0,field_collected
IMG_20230612_154227_jpg.rf.8fce569a11cb951ac0ea8f8a9ed7656f_box00.jpg,field_collected/gray_blight/IMG_20230612_154227_jpg.rf.8fce569a11cb951ac0ea8f8a9ed7656f_box00.jpg,gray_blight,0,field_collected
IMG_20230612_154227_jpg.rf.8fce569a11cb951ac0ea8f8a9ed7656f_box01.jpg,field_collected/gray_blight/IMG_20230612_154227_jpg.rf.8fce569a11cb951ac0ea8f8a9ed7656f_box01.jpg,gray_blight,0,field_collected
IMG_20230612_154227_jpg.rf.8fce569a11cb951ac0ea8f8a9ed7656f_box02.jpg,field_collected/gray_blight/IMG_20230612_154227_jpg.rf.8fce569a11cb951ac0ea8f8a9ed7656f_box02.jpg,gray_blight,0,field_collected
IMG_20230612_154227_jpg.rf.8fce569a11cb951ac0ea8f8a9ed7656f_box03.jpg,field_collected/gray_blight/IMG_20230612_154227_jpg.rf.8fce569a11cb951ac0ea8f8a9ed7656f_box03.jpg,gray_blight,0,field_collected
IMG_20230612_154254_jpg.rf.bd8019f8d572ece99fa5851f3da90ae2_box00.jpg,field_collected/gray_blight/IMG_20230612_154254_jpg.rf.bd8019f8d572ece99fa5851f3da90ae2_box00.jpg,gray_blight,0,field_collected
IMG_20230612_154300_jpg.rf.45f70ffc92df648a7f0524abf0f79c04_box00.jpg,field_collected/gray_blight/IMG_20230612_154300_jpg.rf.45f70ffc92df648a7f0524abf0f79c04_box00.jpg,gray_blight,0,field_collected
IMG_20230612_155121_jpg.rf.aaadda0aa5c2ccd9cbf388d08b29468b_box00.jpg,field_collected/gray_blight/IMG_20230612_155121_jpg.rf.aaadda0aa5c2ccd9cbf388d08b29468b_box00.jpg,gray_blight,0,field_collected
IMG_20230612_155953_jpg.rf.06e23caa299d0f127db2c2dc845e7706_box00.jpg,field_collected/gray_blight/IMG_20230612_155953_jpg.rf.06e23caa299d0f127db2c2dc845e7706_box00.jpg,gray_blight,0,field_collected
IMG_20230612_160342_jpg.rf.06208f8783b7758c2928e95c474627f9_box00.jpg,field_collected/gray_blight/IMG_20230612_160342_jpg.rf.06208f8783b7758c2928e95c474627f9_box00.jpg,gray_blight,0,field_collected
IMG_20230612_160342_jpg.rf.06208f8783b7758c2928e95c474627f9_box01.jpg,field_collected/gray_blight/IMG_20230612_160342_jpg.rf.06208f8783b7758c2928e95c474627f9_box01.jpg,gray_blight,0,field_collected
IMG_20230612_160945_jpg.rf.92ea29c0b5a59326062c2e1c1599240f_box00.jpg,field_collected/gray_blight/IMG_20230612_160945_jpg.rf.92ea29c0b5a59326062c2e1c1599240f_box00.jpg,gray_blight,0,field_collected
IMG_20230612_161120_jpg.rf.7e517fb0460f8edf4f1254c9aad638c2_box00.jpg,field_collected/gray_blight/IMG_20230612_161120_jpg.rf.7e517fb0460f8edf4f1254c9aad638c2_box00.jpg,gray_blight,0,field_collected
IMG_20230612_161120_jpg.rf.7e517fb0460f8edf4f1254c9aad638c2_box01.jpg,field_collected/gray_blight/IMG_20230612_161120_jpg.rf.7e517fb0460f8edf4f1254c9aad638c2_box01.jpg,gray_blight,0,field_collected
IMG_20230612_161606_jpg.rf.d8cf7baeaf657a78f4141fa562188d79_box00.jpg,field_collected/gray_blight/IMG_20230612_161606_jpg.rf.d8cf7baeaf657a78f4141fa562188d79_box00.jpg,gray_blight,0,field_collected
IMG_20230612_161957_jpg.rf.82a5a0c221c10529487b23b82dc12b8d_box00.jpg,field_collected/gray_blight/IMG_20230612_161957_jpg.rf.82a5a0c221c10529487b23b82dc12b8d_box00.jpg,gray_blight,0,field_collected
IMG_20230612_161957_jpg.rf.82a5a0c221c10529487b23b82dc12b8d_box01.jpg,field_collected/gray_blight/IMG_20230612_161957_jpg.rf.82a5a0c221c10529487b23b82dc12b8d_box01.jpg,gray_blight,0,field_collected
IMG_20230612_162542_jpg.rf.dccb0872097d9302a9b22456d1298a08_box00.jpg,field_collected/gray_blight/IMG_20230612_162542_jpg.rf.dccb0872097d9302a9b22456d1298a08_box00.jpg,gray_blight,0,field_collected
IMG_20230612_164136_jpg.rf.15ee0cf2ebeec7d9e5750b5c3a1e3fa0_box00.jpg,field_collected/gray_blight/IMG_20230612_164136_jpg.rf.15ee0cf2ebeec7d9e5750b5c3a1e3fa0_box00.jpg,gray_blight,0,field_collected
IMG_20230612_164703_jpg.rf.5f92245e3a0fa9f85bbc6fd4c287ccaa_box00.jpg,field_collected/gray_blight/IMG_20230612_164703_jpg.rf.5f92245e3a0fa9f85bbc6fd4c287ccaa_box00.jpg,gray_blight,0,field_collected
IMG_20230612_165931_jpg.rf.661f952e93cdd24a9fa87b7d23961a32_box00.jpg,field_collected/gray_blight/IMG_20230612_165931_jpg.rf.661f952e93cdd24a9fa87b7d23961a32_box00.jpg,gray_blight,0,field_collected
IMG_20230612_165931_jpg.rf.661f952e93cdd24a9fa87b7d23961a32_box01.jpg,field_collected/gray_blight/IMG_20230612_165931_jpg.rf.661f952e93cdd24a9fa87b7d23961a32_box01.jpg,gray_blight,0,field_collected
IMG_20230612_171506_jpg.rf.b1d41c10140869660bfa2bc3cb111dea_box00.jpg,field_collected/gray_blight/IMG_20230612_171506_jpg.rf.b1d41c10140869660bfa2bc3cb111dea_box00.jpg,gray_blight,0,field_collected
IMG_20230612_171649_jpg.rf.2666aec2f144deb86b46990537e67e24_box00.jpg,field_collected/gray_blight/IMG_20230612_171649_jpg.rf.2666aec2f144deb86b46990537e67e24_box00.jpg,gray_blight,0,field_collected
IMG_20230612_172416_jpg.rf.565a2055e84b173c6c06b5e48812951a_box00.jpg,field_collected/gray_blight/IMG_20230612_172416_jpg.rf.565a2055e84b173c6c06b5e48812951a_box00.jpg,gray_blight,0,field_collected
IMG_20230612_172840_jpg.rf.6265dc6eaa69bb36221ed890006f2f96_box00.jpg,field_collected/gray_blight/IMG_20230612_172840_jpg.rf.6265dc6eaa69bb36221ed890006f2f96_box00.jpg,gray_blight,0,field_collected
IMG_20230624_101122_jpg.rf.5eaec8974e8cc02272c1df4a2ac66ff5_box00.jpg,field_collected/gray_blight/IMG_20230624_101122_jpg.rf.5eaec8974e8cc02272c1df4a2ac66ff5_box00.jpg,gray_blight,0,field_collected
IMG_20230624_101122_jpg.rf.8e32454ba74e53d7d28ef261055988d0_box00.jpg,field_collected/gray_blight/IMG_20230624_101122_jpg.rf.8e32454ba74e53d7d28ef261055988d0_box00.jpg,gray_blight,0,field_collected
IMG_20230624_101122_jpg.rf.8e32454ba74e53d7d28ef261055988d0_box01.jpg,field_collected/gray_blight/IMG_20230624_101122_jpg.rf.8e32454ba74e53d7d28ef261055988d0_box01.jpg,gray_blight,0,field_collected
IMG_20230624_101122_jpg.rf.8e32454ba74e53d7d28ef261055988d0_box02.jpg,field_collected/gray_blight/IMG_20230624_101122_jpg.rf.8e32454ba74e53d7d28ef261055988d0_box02.jpg,gray_blight,0,field_collected
IMG_20230624_105052_jpg.rf.d9a21c29ee311de35cd9337b7db44d6d_box00.jpg,field_collected/gray_blight/IMG_20230624_105052_jpg.rf.d9a21c29ee311de35cd9337b7db44d6d_box00.jpg,gray_blight,0,field_collected
IMG_20230624_162153_jpg.rf.3e5250cad55d240bf9234f830c0993f1_box00.jpg,field_collected/gray_blight/IMG_20230624_162153_jpg.rf.3e5250cad55d240bf9234f830c0993f1_box00.jpg,gray_blight,0,field_collected
IMG_20230624_162157_jpg.rf.2b3bbe7b3e12094e390176d99e30400c_box00.jpg,field_collected/gray_blight/IMG_20230624_162157_jpg.rf.2b3bbe7b3e12094e390176d99e30400c_box00.jpg,gray_blight,0,field_collected
IMG_20230624_162956_jpg.rf.952142da0685803b28993c3d90e627b9_box00.jpg,field_collected/gray_blight/IMG_20230624_162956_jpg.rf.952142da0685803b28993c3d90e627b9_box00.jpg,gray_blight,0,field_collected
IMG_20230624_163513_jpg.rf.ad80359bd27f008d79ad83ac2a05ddbc_box00.jpg,field_collected/gray_blight/IMG_20230624_163513_jpg.rf.ad80359bd27f008d79ad83ac2a05ddbc_box00.jpg,gray_blight,0,field_collected
IMG_20230624_163929_jpg.rf.ef8b79d7a82a38b04450f127d302b540_box00.jpg,field_collected/gray_blight/IMG_20230624_163929_jpg.rf.ef8b79d7a82a38b04450f127d302b540_box00.jpg,gray_blight,0,field_collected
IMG_20230624_164326_jpg.rf.18c1a39ae9582263e248be3b595a226a_box00.jpg,field_collected/gray_blight/IMG_20230624_164326_jpg.rf.18c1a39ae9582263e248be3b595a226a_box00.jpg,gray_blight,0,field_collected
IMG_29_jpeg.rf.46ea9fbd8c9fa0abf432e1357a86fc67_box00.jpg,field_collected/gray_blight/IMG_29_jpeg.rf.46ea9fbd8c9fa0abf432e1357a86fc67_box00.jpg,gray_blight,0,field_collected
IMG_29_jpeg.rf.46ea9fbd8c9fa0abf432e1357a86fc67_box01.jpg,field_collected/gray_blight/IMG_29_jpeg.rf.46ea9fbd8c9fa0abf432e1357a86fc67_box01.jpg,gray_blight,0,field_collected
IMG_29_jpeg.rf.46ea9fbd8c9fa0abf432e1357a86fc67_box02.jpg,field_collected/gray_blight/IMG_29_jpeg.rf.46ea9fbd8c9fa0abf432e1357a86fc67_box02.jpg,gray_blight,0,field_collected
IMG_47_jpeg.rf.6fff36a34b2d2f6ef892d2e893a2cddb_box00.jpg,field_collected/gray_blight/IMG_47_jpeg.rf.6fff36a34b2d2f6ef892d2e893a2cddb_box00.jpg,gray_blight,0,field_collected
IMG_47_jpeg.rf.6fff36a34b2d2f6ef892d2e893a2cddb_box01.jpg,field_collected/gray_blight/IMG_47_jpeg.rf.6fff36a34b2d2f6ef892d2e893a2cddb_box01.jpg,gray_blight,0,field_collected
IMG_47_jpeg.rf.6fff36a34b2d2f6ef892d2e893a2cddb_box02.jpg,field_collected/gray_blight/IMG_47_jpeg.rf.6fff36a34b2d2f6ef892d2e893a2cddb_box02.jpg,gray_blight,0,field_collected
IMG_47_jpeg.rf.6fff36a34b2d2f6ef892d2e893a2cddb_box03.jpg,field_collected/gray_blight/IMG_47_jpeg.rf.6fff36a34b2d2f6ef892d2e893a2cddb_box03.jpg,gray_blight,0,field_collected
IMG_55_jpeg.rf.c73d5da42704ae3391ac989697e55d46_box00.jpg,field_collected/gray_blight/IMG_55_jpeg.rf.c73d5da42704ae3391ac989697e55d46_box00.jpg,gray_blight,0,field_collected
IMG_55_jpeg.rf.c73d5da42704ae3391ac989697e55d46_box01.jpg,field_collected/gray_blight/IMG_55_jpeg.rf.c73d5da42704ae3391ac989697e55d46_box01.jpg,gray_blight,0,field_collected
IMG_74_jpeg.rf.924cbde3d618b57328082643f527024f_box01.jpg,field_collected/gray_blight/IMG_74_jpeg.rf.924cbde3d618b57328082643f527024f_box01.jpg,gray_blight,0,field_collected
IMG_8502_jpg.rf.45eea8c4f4960c6f98d1aeae8f0fe614_box00.jpg,field_collected/gray_blight/IMG_8502_jpg.rf.45eea8c4f4960c6f98d1aeae8f0fe614_box00.jpg,gray_blight,0,field_collected
IMG_8502_jpg.rf.45eea8c4f4960c6f98d1aeae8f0fe614_box01.jpg,field_collected/gray_blight/IMG_8502_jpg.rf.45eea8c4f4960c6f98d1aeae8f0fe614_box01.jpg,gray_blight,0,field_collected
IMG_8502_jpg.rf.45eea8c4f4960c6f98d1aeae8f0fe614_box02.jpg,field_collected/gray_blight/IMG_8502_jpg.rf.45eea8c4f4960c6f98d1aeae8f0fe614_box02.jpg,gray_blight,0,field_collected
IMG_8503_jpg.rf.6756df9c7f697eb936f8de9d3defea98_box00.jpg,field_collected/gray_blight/IMG_8503_jpg.rf.6756df9c7f697eb936f8de9d3defea98_box00.jpg,gray_blight,0,field_collected
IMG_8503_jpg.rf.6756df9c7f697eb936f8de9d3defea98_box01.jpg,field_collected/gray_blight/IMG_8503_jpg.rf.6756df9c7f697eb936f8de9d3defea98_box01.jpg,gray_blight,0,field_collected
IMG_8503_jpg.rf.6756df9c7f697eb936f8de9d3defea98_box02.jpg,field_collected/gray_blight/IMG_8503_jpg.rf.6756df9c7f697eb936f8de9d3defea98_box02.jpg,gray_blight,0,field_collected
IMG_8503_jpg.rf.6756df9c7f697eb936f8de9d3defea98_box03.jpg,field_collected/gray_blight/IMG_8503_jpg.rf.6756df9c7f697eb936f8de9d3defea98_box03.jpg,gray_blight,0,field_collected
IMG_8503_jpg.rf.6756df9c7f697eb936f8de9d3defea98_box04.jpg,field_collected/gray_blight/IMG_8503_jpg.rf.6756df9c7f697eb936f8de9d3defea98_box04.jpg,gray_blight,0,field_collected
IMG_8514_jpg.rf.190df00e687c09acbed2025bc3d84145_box00.jpg,field_collected/gray_blight/IMG_8514_jpg.rf.190df00e687c09acbed2025bc3d84145_box00.jpg,gray_blight,0,field_collected
IMG_8514_jpg.rf.190df00e687c09acbed2025bc3d84145_box01.jpg,field_collected/gray_blight/IMG_8514_jpg.rf.190df00e687c09acbed2025bc3d84145_box01.jpg,gray_blight,0,field_collected
IMG_8514_jpg.rf.190df00e687c09acbed2025bc3d84145_box02.jpg,field_collected/gray_blight/IMG_8514_jpg.rf.190df00e687c09acbed2025bc3d84145_box02.jpg,gray_blight,0,field_collected
IMG_8564_jpg.rf.063125e5d9d941b5e0392045941e1211_box00.jpg,field_collected/gray_blight/IMG_8564_jpg.rf.063125e5d9d941b5e0392045941e1211_box00.jpg,gray_blight,0,field_collected
IMG_8564_jpg.rf.063125e5d9d941b5e0392045941e1211_box01.jpg,field_collected/gray_blight/IMG_8564_jpg.rf.063125e5d9d941b5e0392045941e1211_box01.jpg,gray_blight,0,field_collected
IMG_8564_jpg.rf.063125e5d9d941b5e0392045941e1211_box02.jpg,field_collected/gray_blight/IMG_8564_jpg.rf.063125e5d9d941b5e0392045941e1211_box02.jpg,gray_blight,0,field_collected
IMG_8564_jpg.rf.063125e5d9d941b5e0392045941e1211_box03.jpg,field_collected/gray_blight/IMG_8564_jpg.rf.063125e5d9d941b5e0392045941e1211_box03.jpg,gray_blight,0,field_collected
IMG_8588_jpg.rf.c04fdf08dfad07060499d28be429e723_box00.jpg,field_collected/gray_blight/IMG_8588_jpg.rf.c04fdf08dfad07060499d28be429e723_box00.jpg,gray_blight,0,field_collected
IMG_8639_jpg.rf.ea0c60fce66984770704e03d70813c05_box00.jpg,field_collected/gray_blight/IMG_8639_jpg.rf.ea0c60fce66984770704e03d70813c05_box00.jpg,gray_blight,0,field_collected
IMG_8757_jpg.rf.1be50dd0dc657048f87576e5e30f376f_box00.jpg,field_collected/gray_blight/IMG_8757_jpg.rf.1be50dd0dc657048f87576e5e30f376f_box00.jpg,gray_blight,0,field_collected
IMG_8788_jpg.rf.07ee5660301d4b40841130540eb2d165_box00.jpg,field_collected/gray_blight/IMG_8788_jpg.rf.07ee5660301d4b40841130540eb2d165_box00.jpg,gray_blight,0,field_collected
IMG_8788_jpg.rf.07ee5660301d4b40841130540eb2d165_box01.jpg,field_collected/gray_blight/IMG_8788_jpg.rf.07ee5660301d4b40841130540eb2d165_box01.jpg,gray_blight,0,field_collected
IMG_8788_jpg.rf.07ee5660301d4b40841130540eb2d165_box02.jpg,field_collected/gray_blight/IMG_8788_jpg.rf.07ee5660301d4b40841130540eb2d165_box02.jpg,gray_blight,0,field_collected
IMG_8788_jpg.rf.07ee5660301d4b40841130540eb2d165_box03.jpg,field_collected/gray_blight/IMG_8788_jpg.rf.07ee5660301d4b40841130540eb2d165_box03.jpg,gray_blight,0,field_collected
IMG_8910_jpg.rf.02d539881f823f2f5a44b5713caf2251_box00.jpg,field_collected/gray_blight/IMG_8910_jpg.rf.02d539881f823f2f5a44b5713caf2251_box00.jpg,gray_blight,0,field_collected
166_jpg.rf.b7b6100902742c9d1a47195e12f41189_box00.jpg,field_collected/helopeltis/166_jpg.rf.b7b6100902742c9d1a47195e12f41189_box00.jpg,helopeltis,1,field_collected
174_jpg.rf.51c7b0e65d30a9fcc6c8256a9a1a299d_box00.jpg,field_collected/helopeltis/174_jpg.rf.51c7b0e65d30a9fcc6c8256a9a1a299d_box00.jpg,helopeltis,1,field_collected
39_jpg.rf.2aa68b194530e4391a84e4ad0147e0a2_box00.jpg,field_collected/helopeltis/39_jpg.rf.2aa68b194530e4391a84e4ad0147e0a2_box00.jpg,helopeltis,1,field_collected
39_jpg.rf.2aa68b194530e4391a84e4ad0147e0a2_box01.jpg,field_collected/helopeltis/39_jpg.rf.2aa68b194530e4391a84e4ad0147e0a2_box01.jpg,helopeltis,1,field_collected
80_jpg.rf.57f0b5175a4aa0b217b5fa8f69962546_box00.jpg,field_collected/helopeltis/80_jpg.rf.57f0b5175a4aa0b217b5fa8f69962546_box00.jpg,helopeltis,1,field_collected
IMG_69_jpeg.rf.9e97bdd846eae2f19db0473cd687be67_box00.jpg,field_collected/helopeltis/IMG_69_jpeg.rf.9e97bdd846eae2f19db0473cd687be67_box00.jpg,helopeltis,1,field_collected
IMG_8593_JPG.rf.afa667fbfb4e499b06cfe87f4eaedca6_box00.jpg,field_collected/helopeltis/IMG_8593_JPG.rf.afa667fbfb4e499b06cfe87f4eaedca6_box00.jpg,helopeltis,1,field_collected
IMG_8749_jpg.rf.97f86b8c22d18ccc78efc470a2903e9a_box00.jpg,field_collected/helopeltis/IMG_8749_jpg.rf.97f86b8c22d18ccc78efc470a2903e9a_box00.jpg,helopeltis,1,field_collected
IMG_8917_jpg.rf.b6ba69ccacc50349998d50a145933d8c_box00.jpg,field_collected/helopeltis/IMG_8917_jpg.rf.b6ba69ccacc50349998d50a145933d8c_box00.jpg,helopeltis,1,field_collected
22_jpg.rf.b563c170f475a98253e29e444debeaf9_box00.jpg,field_collected/red_leaf_spot/22_jpg.rf.b563c170f475a98253e29e444debeaf9_box00.jpg,red_leaf_spot,4,field_collected
402_jpg.rf.d51237d925cd37819180c5e13e3a6e48_box00.jpg,field_collected/red_leaf_spot/402_jpg.rf.d51237d925cd37819180c5e13e3a6e48_box00.jpg,red_leaf_spot,4,field_collected
402_jpg.rf.d51237d925cd37819180c5e13e3a6e48_box01.jpg,field_collected/red_leaf_spot/402_jpg.rf.d51237d925cd37819180c5e13e3a6e48_box01.jpg,red_leaf_spot,4,field_collected
IMG_0347_JPG_jpg.rf.de6c525446575a4ece45b125296856de_box00.jpg,field_collected/red_leaf_spot/IMG_0347_JPG_jpg.rf.de6c525446575a4ece45b125296856de_box00.jpg,red_leaf_spot,4,field_collected
IMG_0347_JPG_jpg.rf.de6c525446575a4ece45b125296856de_box01.jpg,field_collected/red_leaf_spot/IMG_0347_JPG_jpg.rf.de6c525446575a4ece45b125296856de_box01.jpg,red_leaf_spot,4,field_collected
IMG_1201_JPG_jpg.rf.af2eb463b3b85ff988406b38b025840d_box00.jpg,field_collected/red_leaf_spot/IMG_1201_JPG_jpg.rf.af2eb463b3b85ff988406b38b025840d_box00.jpg,red_leaf_spot,4,field_collected
IMG_1401_JPG_jpg.rf.6658314bb01414540c2590a1d63bf9bd_box00.jpg,field_collected/red_leaf_spot/IMG_1401_JPG_jpg.rf.6658314bb01414540c2590a1d63bf9bd_box00.jpg,red_leaf_spot,4,field_collected
IMG_1454_JPG_jpg.rf.893e68d7fbf9c73138ae08d3d8fbc948_box00.jpg,field_collected/red_leaf_spot/IMG_1454_JPG_jpg.rf.893e68d7fbf9c73138ae08d3d8fbc948_box00.jpg,red_leaf_spot,4,field_collected
IMG_1454_JPG_jpg.rf.893e68d7fbf9c73138ae08d3d8fbc948_box01.jpg,field_collected/red_leaf_spot/IMG_1454_JPG_jpg.rf.893e68d7fbf9c73138ae08d3d8fbc948_box01.jpg,red_leaf_spot,4,field_collected
IMG_1454_JPG_jpg.rf.893e68d7fbf9c73138ae08d3d8fbc948_box02.jpg,field_collected/red_leaf_spot/IMG_1454_JPG_jpg.rf.893e68d7fbf9c73138ae08d3d8fbc948_box02.jpg,red_leaf_spot,4,field_collected
IMG_1460_JPG_jpg.rf.b19cd97e2c8e2961a8c6cb1cb24352cc_box00.jpg,field_collected/red_leaf_spot/IMG_1460_JPG_jpg.rf.b19cd97e2c8e2961a8c6cb1cb24352cc_box00.jpg,red_leaf_spot,4,field_collected
IMG_1538_JPG_jpg.rf.d8f4443372807660075619ea2daabaeb_box00.jpg,field_collected/red_leaf_spot/IMG_1538_JPG_jpg.rf.d8f4443372807660075619ea2daabaeb_box00.jpg,red_leaf_spot,4,field_collected
IMG_20250318_152151_jpg.rf.08b8e00fd0b43aad09c825e2f6c94db0_box00.jpg,field_collected/red_leaf_spot/IMG_20250318_152151_jpg.rf.08b8e00fd0b43aad09c825e2f6c94db0_box00.jpg,red_leaf_spot,4,field_collected
IMG_20250318_152151_jpg.rf.08b8e00fd0b43aad09c825e2f6c94db0_box01.jpg,field_collected/red_leaf_spot/IMG_20250318_152151_jpg.rf.08b8e00fd0b43aad09c825e2f6c94db0_box01.jpg,red_leaf_spot,4,field_collected
IMG_20250318_152151_jpg.rf.08b8e00fd0b43aad09c825e2f6c94db0_box02.jpg,field_collected/red_leaf_spot/IMG_20250318_152151_jpg.rf.08b8e00fd0b43aad09c825e2f6c94db0_box02.jpg,red_leaf_spot,4,field_collected
IMG_20250319_131043_jpg.rf.b14cc14c21ffb25cb98c53ef564ff797_box00.jpg,field_collected/red_leaf_spot/IMG_20250319_131043_jpg.rf.b14cc14c21ffb25cb98c53ef564ff797_box00.jpg,red_leaf_spot,4,field_collected
IMG_20250319_131043_jpg.rf.b14cc14c21ffb25cb98c53ef564ff797_box01.jpg,field_collected/red_leaf_spot/IMG_20250319_131043_jpg.rf.b14cc14c21ffb25cb98c53ef564ff797_box01.jpg,red_leaf_spot,4,field_collected
IMG_20250319_131402_jpg.rf.c2a6dd321a59347ce12f462a1df72cf5_box00.jpg,field_collected/red_leaf_spot/IMG_20250319_131402_jpg.rf.c2a6dd321a59347ce12f462a1df72cf5_box00.jpg,red_leaf_spot,4,field_collected
IMG_20250319_131402_jpg.rf.c2a6dd321a59347ce12f462a1df72cf5_box01.jpg,field_collected/red_leaf_spot/IMG_20250319_131402_jpg.rf.c2a6dd321a59347ce12f462a1df72cf5_box01.jpg,red_leaf_spot,4,field_collected
IMG_20250319_132117_jpg.rf.b7cb89c2664d8aa24229a54e68bd5de9_box00.jpg,field_collected/red_leaf_spot/IMG_20250319_132117_jpg.rf.b7cb89c2664d8aa24229a54e68bd5de9_box00.jpg,red_leaf_spot,4,field_collected
IMG_20250320_150048_jpg.rf.3eddcee4af4eed354b79bf80183b559a_box00.jpg,field_collected/red_leaf_spot/IMG_20250320_150048_jpg.rf.3eddcee4af4eed354b79bf80183b559a_box00.jpg,red_leaf_spot,4,field_collected
IMG_20250320_150436_jpg.rf.ed5fdfdf2b35bef601f9197841881aac_box00.jpg,field_collected/red_leaf_spot/IMG_20250320_150436_jpg.rf.ed5fdfdf2b35bef601f9197841881aac_box00.jpg,red_leaf_spot,4,field_collected
IMG_20250320_150436_jpg.rf.ed5fdfdf2b35bef601f9197841881aac_box01.jpg,field_collected/red_leaf_spot/IMG_20250320_150436_jpg.rf.ed5fdfdf2b35bef601f9197841881aac_box01.jpg,red_leaf_spot,4,field_collected
IMG_20250320_150537_jpg.rf.ac683f270d74a2c76a9962a4972f999b_box00.jpg,field_collected/red_leaf_spot/IMG_20250320_150537_jpg.rf.ac683f270d74a2c76a9962a4972f999b_box00.jpg,red_leaf_spot,4,field_collected
IMG_20250320_150827_jpg.rf.926e156b3091e045b54d9711b242d416_box00.jpg,field_collected/red_leaf_spot/IMG_20250320_150827_jpg.rf.926e156b3091e045b54d9711b242d416_box00.jpg,red_leaf_spot,4,field_collected
IMG_20250320_150927_jpg.rf.3069b53a038a295e080acd10708ddff6_box00.jpg,field_collected/red_leaf_spot/IMG_20250320_150927_jpg.rf.3069b53a038a295e080acd10708ddff6_box00.jpg,red_leaf_spot,4,field_collected
IMG_20250320_151108_jpg.rf.c76872ab6c054ff2cc17954f9474c4e3_box00.jpg,field_collected/red_leaf_spot/IMG_20250320_151108_jpg.rf.c76872ab6c054ff2cc17954f9474c4e3_box00.jpg,red_leaf_spot,4,field_collected
IMG_20250320_151108_jpg.rf.c76872ab6c054ff2cc17954f9474c4e3_box01.jpg,field_collected/red_leaf_spot/IMG_20250320_151108_jpg.rf.c76872ab6c054ff2cc17954f9474c4e3_box01.jpg,red_leaf_spot,4,field_collected
IMG_20250320_151422_jpg.rf.e83c35293eef3911ba86a21f0d8d1b5b_box00.jpg,field_collected/red_leaf_spot/IMG_20250320_151422_jpg.rf.e83c35293eef3911ba86a21f0d8d1b5b_box00.jpg,red_leaf_spot,4,field_collected
IMG_20250320_153222_jpg.rf.05c717e3cb4c003335804c9066dca8dd_box00.jpg,field_collected/red_leaf_spot/IMG_20250320_153222_jpg.rf.05c717e3cb4c003335804c9066dca8dd_box00.jpg,red_leaf_spot,4,field_collected
IMG_20250320_153222_jpg.rf.05c717e3cb4c003335804c9066dca8dd_box01.jpg,field_collected/red_leaf_spot/IMG_20250320_153222_jpg.rf.05c717e3cb4c003335804c9066dca8dd_box01.jpg,red_leaf_spot,4,field_collected
IMG_20250320_153648_jpg.rf.38757d13867f324f85065afe9c36d339_box00.jpg,field_collected/red_leaf_spot/IMG_20250320_153648_jpg.rf.38757d13867f324f85065afe9c36d339_box00.jpg,red_leaf_spot,4,field_collected
IMG_20250320_154042_jpg.rf.2967721c07c8a01bbd60e64571d725ae_box00.jpg,field_collected/red_leaf_spot/IMG_20250320_154042_jpg.rf.2967721c07c8a01bbd60e64571d725ae_box00.jpg,red_leaf_spot,4,field_collected
IMG_20250320_154208_jpg.rf.0aa927c5039862413524c4490da8e6d3_box00.jpg,field_collected/red_leaf_spot/IMG_20250320_154208_jpg.rf.0aa927c5039862413524c4490da8e6d3_box00.jpg,red_leaf_spot,4,field_collected
IMG_20250320_154437_jpg.rf.68caf3c603aa5c7e6a3ad7a13910c70e_box00.jpg,field_collected/red_leaf_spot/IMG_20250320_154437_jpg.rf.68caf3c603aa5c7e6a3ad7a13910c70e_box00.jpg,red_leaf_spot,4,field_collected
IMG_20250320_154607_jpg.rf.6e3eb3df84d4683a8da046169fc8fe39_box00.jpg,field_collected/red_leaf_spot/IMG_20250320_154607_jpg.rf.6e3eb3df84d4683a8da046169fc8fe39_box00.jpg,red_leaf_spot,4,field_collected
IMG_20250320_154607_jpg.rf.6e3eb3df84d4683a8da046169fc8fe39_box01.jpg,field_collected/red_leaf_spot/IMG_20250320_154607_jpg.rf.6e3eb3df84d4683a8da046169fc8fe39_box01.jpg,red_leaf_spot,4,field_collected
IMG_20250320_154607_jpg.rf.6e3eb3df84d4683a8da046169fc8fe39_box02.jpg,field_collected/red_leaf_spot/IMG_20250320_154607_jpg.rf.6e3eb3df84d4683a8da046169fc8fe39_box02.jpg,red_leaf_spot,4,field_collected
IMG_20250320_154750_jpg.rf.96df03f4296d5303b3237bce593a96f4_box00.jpg,field_collected/red_leaf_spot/IMG_20250320_154750_jpg.rf.96df03f4296d5303b3237bce593a96f4_box00.jpg,red_leaf_spot,4,field_collected
IMG_20250320_155115_jpg.rf.9c5083cbd94e916e6a9c28891c82d04a_box00.jpg,field_collected/red_leaf_spot/IMG_20250320_155115_jpg.rf.9c5083cbd94e916e6a9c28891c82d04a_box00.jpg,red_leaf_spot,4,field_collected
IMG_20250320_155736_jpg.rf.a70bc3cd531d3016785bec90c5599fb6_box00.jpg,field_collected/red_leaf_spot/IMG_20250320_155736_jpg.rf.a70bc3cd531d3016785bec90c5599fb6_box00.jpg,red_leaf_spot,4,field_collected
IMG_20250320_155736_jpg.rf.a70bc3cd531d3016785bec90c5599fb6_box01.jpg,field_collected/red_leaf_spot/IMG_20250320_155736_jpg.rf.a70bc3cd531d3016785bec90c5599fb6_box01.jpg,red_leaf_spot,4,field_collected
IMG_20250321_115433_jpg.rf.44cf88824f9100bdaadcad95dfd5bfce_box00.jpg,field_collected/red_leaf_spot/IMG_20250321_115433_jpg.rf.44cf88824f9100bdaadcad95dfd5bfce_box00.jpg,red_leaf_spot,4,field_collected
IMG_20250321_115743_jpg.rf.fc7f2a35deb2201b79f72ef4c859bf97_box00.jpg,field_collected/red_leaf_spot/IMG_20250321_115743_jpg.rf.fc7f2a35deb2201b79f72ef4c859bf97_box00.jpg,red_leaf_spot,4,field_collected
IMG_20250321_121509_jpg.rf.2ed3e6fbd77867335075cde389f516f5_box00.jpg,field_collected/red_leaf_spot/IMG_20250321_121509_jpg.rf.2ed3e6fbd77867335075cde389f516f5_box00.jpg,red_leaf_spot,4,field_collected
IMG_20250321_121520_jpg.rf.6e82e5d814481f8386ac902f629db61c_box00.jpg,field_collected/red_leaf_spot/IMG_20250321_121520_jpg.rf.6e82e5d814481f8386ac902f629db61c_box00.jpg,red_leaf_spot,4,field_collected
IMG_20250321_121520_jpg.rf.6e82e5d814481f8386ac902f629db61c_box01.jpg,field_collected/red_leaf_spot/IMG_20250321_121520_jpg.rf.6e82e5d814481f8386ac902f629db61c_box01.jpg,red_leaf_spot,4,field_collected
IMG_20250321_122940_jpg.rf.19d1e482b84e1a6ce554eab2d768f175_box00.jpg,field_collected/red_leaf_spot/IMG_20250321_122940_jpg.rf.19d1e482b84e1a6ce554eab2d768f175_box00.jpg,red_leaf_spot,4,field_collected
IMG_2490_JPG_jpg.rf.b9188df57a13880ada88775d3307d215_box00.jpg,field_collected/red_leaf_spot/IMG_2490_JPG_jpg.rf.b9188df57a13880ada88775d3307d215_box00.jpg,red_leaf_spot,4,field_collected
IMG_2519_JPG_jpg.rf.b4b404aee0d9c695603fc9f07929f28a_box00.jpg,field_collected/red_leaf_spot/IMG_2519_JPG_jpg.rf.b4b404aee0d9c695603fc9f07929f28a_box00.jpg,red_leaf_spot,4,field_collected
IMG_2537_JPG_jpg.rf.dfb129f2350e574db5fbd3942c3a5fec_box00.jpg,field_collected/red_leaf_spot/IMG_2537_JPG_jpg.rf.dfb129f2350e574db5fbd3942c3a5fec_box00.jpg,red_leaf_spot,4,field_collected
IMG_2674_JPG_jpg.rf.37ff83c55e721d9401c078a57ed79936_box00.jpg,field_collected/red_leaf_spot/IMG_2674_JPG_jpg.rf.37ff83c55e721d9401c078a57ed79936_box00.jpg,red_leaf_spot,4,field_collected
IMG_2730_JPG_jpg.rf.7456438e17e6defb6069ffda1a67c5a4_box00.jpg,field_collected/red_leaf_spot/IMG_2730_JPG_jpg.rf.7456438e17e6defb6069ffda1a67c5a4_box00.jpg,red_leaf_spot,4,field_collected
IMG_2730_JPG_jpg.rf.7456438e17e6defb6069ffda1a67c5a4_box01.jpg,field_collected/red_leaf_spot/IMG_2730_JPG_jpg.rf.7456438e17e6defb6069ffda1a67c5a4_box01.jpg,red_leaf_spot,4,field_collected
IMG_8786_JPG.rf.de160ef6a891b95d149514303c0d991e_box00.jpg,field_collected/red_leaf_spot/IMG_8786_JPG.rf.de160ef6a891b95d149514303c0d991e_box00.jpg,red_leaf_spot,4,field_collected
IMG_8803_JPG.rf.911c35732240cae7d06da2a38d87d988_box00.jpg,field_collected/red_leaf_spot/IMG_8803_JPG.rf.911c35732240cae7d06da2a38d87d988_box00.jpg,red_leaf_spot,4,field_collected
IMG_8814_JPG.rf.a6b13a6c68a0024352208e685e986a7c_box00.jpg,field_collected/red_leaf_spot/IMG_8814_JPG.rf.a6b13a6c68a0024352208e685e986a7c_box00.jpg,red_leaf_spot,4,field_collected
IMG_8836_JPG.rf.cae1a056495be4d3c709652aab1da696_box00.jpg,field_collected/red_leaf_spot/IMG_8836_JPG.rf.cae1a056495be4d3c709652aab1da696_box00.jpg,red_leaf_spot,4,field_collected
IMG_8836_JPG.rf.cae1a056495be4d3c709652aab1da696_box01.jpg,field_collected/red_leaf_spot/IMG_8836_JPG.rf.cae1a056495be4d3c709652aab1da696_box01.jpg,red_leaf_spot,4,field_collected
IMG_8868_JPG.rf.ba01587b6e0f554d3bc6ca21e9860d8b_box00.jpg,field_collected/red_leaf_spot/IMG_8868_JPG.rf.ba01587b6e0f554d3bc6ca21e9860d8b_box00.jpg,red_leaf_spot,4,field_collected
IMG_8879_JPG.rf.ae6bafc01749845500da1b5750ebbd14_box00.jpg,field_collected/red_leaf_spot/IMG_8879_JPG.rf.ae6bafc01749845500da1b5750ebbd14_box00.jpg,red_leaf_spot,4,field_collected
IMG_8886_JPG.rf.cd486a2d74b99ef5b7d640cb50833743_box00.jpg,field_collected/red_leaf_spot/IMG_8886_JPG.rf.cd486a2d74b99ef5b7d640cb50833743_box00.jpg,red_leaf_spot,4,field_collected
IMG_8901_JPG.rf.0a29fdd07dc2681c6fca99599136faab_box00.jpg,field_collected/red_leaf_spot/IMG_8901_JPG.rf.0a29fdd07dc2681c6fca99599136faab_box00.jpg,red_leaf_spot,4,field_collected
IMG_8948_JPG.rf.15376fa040c78e39d9bd7da41712e1f2_box00.jpg,field_collected/red_leaf_spot/IMG_8948_JPG.rf.15376fa040c78e39d9bd7da41712e1f2_box00.jpg,red_leaf_spot,4,field_collected
