text,labels,label_name,source
What brought about this specimen's current state? The symptoms are characteristic of Leaf scorch.,[0],water_stress,pvvqa_argilla
Guide me through the leaf structures and characteristics in this image. This is a Strawberry leaf suffering from Leaf scorch.,[0],water_stress,pvvqa_argilla
Name the pathogen or factor causing these manifestations. The symptoms are characteristic of Leaf scorch.,[0],water_stress,pvvqa_argilla
What caused this vegetation's present condition? The symptoms are characteristic of Leaf scorch.,[0],water_stress,pvvqa_argilla
Review the photograph and deliver a summarized plant evaluation. This is a Strawberry leaf suffering from Leaf scorch.,[0],water_stress,pvvqa_argilla
Which factor or pathogen creates these disease indicators? The symptoms are characteristic of Leaf scorch.,[0],water_stress,pvvqa_argilla
Please identify the source of this leaf's problems. The symptoms are characteristic of Leaf scorch.,[0],water_stress,pvvqa_argilla
Take me through the foliage elements and features shown in this picture. This is a Strawberry leaf suffering from Leaf scorch.,[0],water_stress,pvvqa_argilla
Lead me through the leaf-related observations in this photograph. This is a Strawberry leaf suffering from Leaf scorch.,[0],water_stress,pvvqa_argilla
I require a comprehensive description of this specimen and its current condition. This is a Strawberry leaf suffering from Leaf scorch.,[0],water_stress,pvvqa_argilla
What causal agent produces these pathological symptoms? The symptoms are characteristic of Leaf scorch.,[0],water_stress,pvvqa_argilla
Which observable features and properties characterize this botanical sample? This is a Strawberry leaf suffering from Leaf scorch.,[0],water_stress,pvvqa_argilla
"Discuss potential strategies for agribusinesses to adapt to the challenges of climate change and ensure continued agro-economic efficiency. Question: Discuss potential strategies for agribusinesses to adapt to the challenges of climate change and ensure continued agro-economic efficiency.

Answer: Agribusinesses face significant challenges due to climate change, including increased weather variability, rising temperatures, and shifts in pest and disease patterns. To adapt and maintain agro-economic efficiency, several strategies can be considered:

1. Diversification: Cultivating a variety of ",[0],water_stress,pvvqa_argilla
Why are these symptoms appearing on this plant? The symptoms are characteristic of Leaf scorch.,[0],water_stress,pvvqa_argilla
What pathogenic or environmental agent causes these symptoms? The symptoms are characteristic of Leaf scorch.,[0],water_stress,pvvqa_argilla
Convey all detectable aspects of this specimen's present health and appearance. This is a Strawberry leaf suffering from Leaf scorch.,[0],water_stress,pvvqa_argilla
What produces the disease manifestations in this image? The symptoms are characteristic of Leaf scorch.,[0],water_stress,pvvqa_argilla
Communicate all available information concerning this plant's existing state. This is a Strawberry leaf suffering from Leaf scorch.,[0],water_stress,pvvqa_argilla
Would you offer a comprehensive visual breakdown of this plant sample? This is a Strawberry leaf suffering from Leaf scorch.,[0],water_stress,pvvqa_argilla
Can you identify the basic cause of these manifestations? The symptoms are characteristic of Leaf scorch.,[0],water_stress,pvvqa_argilla
Can you trace the cause of this vegetation's appearance? The symptoms are characteristic of Leaf scorch.,[0],water_stress,pvvqa_argilla
Identify the factor generating these pathological signs. The symptoms are characteristic of Leaf scorch.,[0],water_stress,pvvqa_argilla
"Climate change, driven by factors such as increased greenhouse gas emissions, deforestation, and industrialization, has profound impacts on soil fertility, crop yield, and the long-term sustainability of family-run farms. These impacts necessitate the adoption of adaptive strategies to ensure food security and maintain the livelihoods of farming communities.

Soil fertility is a critical factor in agricultural productivity, and climate change affects it in various ways. Rising temperatures can accelerate soil organic matter decomposition, leading to a decrease in soil nutrient content. Moreove",[0],water_stress,pvvqa_argilla
How would you evaluate the overall physiological condition of this plant? This is a Strawberry leaf suffering from Leaf scorch.,[0],water_stress,pvvqa_argilla
Convey all detectable aspects of this specimen's present health and appearance. This is a Strawberry leaf suffering from Leaf scorch.,[0],water_stress,pvvqa_argilla
What apparent characteristics and observable properties define this plant specimen? This is a Strawberry leaf suffering from Leaf scorch.,[0],water_stress,pvvqa_argilla
What vegetation characteristics and plant structures are present in this photograph? This is a Strawberry leaf suffering from Leaf scorch.,[0],water_stress,pvvqa_argilla
What is the general health assessment of this plant specimen? This is a Strawberry leaf suffering from Leaf scorch.,[0],water_stress,pvvqa_argilla
What pathogenic or environmental agent causes these symptoms? The symptoms are characteristic of Leaf scorch.,[0],water_stress,pvvqa_argilla
Please outline the botanical elements and plant features visible in this image. This is a Strawberry leaf suffering from Leaf scorch.,[0],water_stress,pvvqa_argilla
Can you identify the origin of these visible defects? The symptoms are characteristic of Leaf scorch.,[0],water_stress,pvvqa_argilla
How would you characterize the overall wellness status of this botanical sample? This is a Strawberry leaf suffering from Leaf scorch.,[0],water_stress,pvvqa_argilla
What is the general health assessment of this plant specimen? This is a Strawberry leaf suffering from Leaf scorch.,[0],water_stress,pvvqa_argilla
What rationale explains these symptoms? The symptoms are characteristic of Leaf scorch.,[0],water_stress,pvvqa_argilla
Assess this picture and provide a detailed plant analysis synopsis. This is a Strawberry leaf suffering from Leaf scorch.,[0],water_stress,pvvqa_argilla
What factor justifies these symptomatic features? The symptoms are characteristic of Leaf scorch.,[0],water_stress,pvvqa_argilla
What observable attributes and identifying characteristics are evident in this plant specimen? This is a Strawberry leaf suffering from Leaf scorch.,[0],water_stress,pvvqa_argilla
What rationale explains these symptoms? The symptoms are characteristic of Leaf scorch.,[0],water_stress,pvvqa_argilla
Which agent has led to this plant's current state? The symptoms are characteristic of Leaf scorch.,[0],water_stress,pvvqa_argilla
Detail the flora and botanical elements visible in this image. This is a Strawberry leaf suffering from Leaf scorch.,[0],water_stress,pvvqa_argilla
Please outline the botanical elements and plant features visible in this image. This is a Strawberry leaf suffering from Leaf scorch.,[0],water_stress,pvvqa_argilla
Review the photograph and deliver a comprehensive plant overview. This is a Strawberry leaf suffering from Leaf scorch.,[0],water_stress,pvvqa_argilla
What explains these pathological manifestations? The symptoms are characteristic of Leaf scorch.,[0],water_stress,pvvqa_argilla
What basic factor initiated this plant's problems? The symptoms are characteristic of Leaf scorch.,[0],water_stress,pvvqa_argilla
Take me through the foliage characteristics shown in this image. This is a Strawberry leaf suffering from Leaf scorch.,[0],water_stress,pvvqa_argilla
Take me through the leaf aspects and elements shown in this photograph. This is a Strawberry leaf suffering from Leaf scorch.,[0],water_stress,pvvqa_argilla
Characterize the main focal point and distinctive elements visible in this photograph. This is a Strawberry leaf suffering from Leaf scorch.,[0],water_stress,pvvqa_argilla
Please explain the cause of these observable problems. The symptoms are characteristic of Leaf scorch.,[0],water_stress,pvvqa_argilla
What is the original cause of this plant's disease state? The symptoms are characteristic of Leaf scorch.,[0],water_stress,pvvqa_argilla
What's behind this plant's compromised visual state? The symptoms are characteristic of Leaf scorch.,[0],water_stress,pvvqa_argilla
Which distinguishing features and visible traits characterize this botanical sample? This is a Strawberry leaf suffering from Leaf scorch.,[0],water_stress,pvvqa_argilla
Relate everything observable about this plant's current physiological condition. This is a Strawberry leaf suffering from Leaf scorch.,[0],water_stress,pvvqa_argilla
Review the photograph and deliver a summarized plant evaluation. This is a Strawberry leaf suffering from Leaf scorch.,[0],water_stress,pvvqa_argilla
Assess this picture and provide a detailed plant analysis synopsis. This is a Strawberry leaf suffering from Leaf scorch.,[0],water_stress,pvvqa_argilla
What basic factor initiated this plant's problems? The symptoms are characteristic of Leaf scorch.,[0],water_stress,pvvqa_argilla
Please determine what causes these symptomatic features. The symptoms are characteristic of Leaf scorch.,[0],water_stress,pvvqa_argilla
Can you determine the foundational cause of these signs? The symptoms are characteristic of Leaf scorch.,[0],water_stress,pvvqa_argilla
Furnish a complete description of the plant's morphological features and condition. This is a Strawberry leaf suffering from Leaf scorch.,[0],water_stress,pvvqa_argilla
Which factor or pathogen creates these disease indicators? The symptoms are characteristic of Leaf scorch.,[0],water_stress,pvvqa_argilla
Detail everything discernible about this plant's present physiological status. This is a Strawberry leaf suffering from Leaf scorch.,[0],water_stress,pvvqa_argilla
What flora specimens and botanical features can you observe in this photograph? This is a Strawberry leaf suffering from Leaf scorch.,[0],water_stress,pvvqa_argilla
Describe the vegetation and plant structures observable in this picture. This is a Strawberry leaf suffering from Leaf scorch.,[0],water_stress,pvvqa_argilla
What pathogenic or environmental agent creates these symptoms? The symptoms are characteristic of Leaf scorch.,[0],water_stress,pvvqa_argilla
What factors create these observable defects? The symptoms are characteristic of Leaf scorch.,[0],water_stress,pvvqa_argilla
Can you identify the primary source of this condition? The symptoms are characteristic of Leaf scorch.,[0],water_stress,pvvqa_argilla
Generate a thorough evaluation of this specimen's visual characteristics and health indicators. This is a Strawberry leaf suffering from Leaf scorch.,[0],water_stress,pvvqa_argilla
I require a comprehensive description of this specimen and its current condition. This is a Strawberry leaf suffering from Leaf scorch.,[0],water_stress,pvvqa_argilla
What plant-related elements and characteristics are visible in this photograph? This is a Strawberry leaf suffering from Leaf scorch.,[0],water_stress,pvvqa_argilla
What primary agent is at the core of this condition? The symptoms are characteristic of Leaf scorch.,[0],water_stress,pvvqa_argilla
Which distinguishing features and visible traits characterize this botanical sample? This is a Strawberry leaf suffering from Leaf scorch.,[0],water_stress,pvvqa_argilla
Can you determine the foundational cause of these signs? The symptoms are characteristic of Leaf scorch.,[0],water_stress,pvvqa_argilla
What's causing this plant's diseased appearance? The symptoms are characteristic of Leaf scorch.,[0],water_stress,pvvqa_argilla
Identify the agent responsible for these disease signs. The symptoms are characteristic of Leaf scorch.,[0],water_stress,pvvqa_argilla
Can you identify the basic cause of these manifestations? The symptoms are characteristic of Leaf scorch.,[0],water_stress,pvvqa_argilla
Please determine what causes these symptomatic features. The symptoms are characteristic of Leaf scorch.,[0],water_stress,pvvqa_argilla
Take me through the foliage elements and features shown in this picture. This is a Strawberry leaf suffering from Leaf scorch.,[0],water_stress,pvvqa_argilla
What factors have led to this leaf's problems? The symptoms are characteristic of Leaf scorch.,[0],water_stress,pvvqa_argilla
Which causative agent is responsible for these disease signs? The symptoms are characteristic of Leaf scorch.,[0],water_stress,pvvqa_argilla
Can you deliver a thorough visual examination of this botanical specimen? This is a Strawberry leaf suffering from Leaf scorch.,[0],water_stress,pvvqa_argilla
Describe the plant materials and their distinguishing characteristics in this picture. This is a Strawberry leaf suffering from Leaf scorch.,[0],water_stress,pvvqa_argilla
What accounts for these disease indicators? The symptoms are characteristic of Leaf scorch.,[0],water_stress,pvvqa_argilla
"Transgenic crops, also known as genetically modified (GM) crops, have been a significant innovation in the agricultural sector, offering various benefits such as enhanced productivity, diminished input costs, and potential market enlargement. These factors interplay dynamically to contribute to economic growth in the following ways:

1. **Enhanced Productivity**: Transgenic crops are often engineered for traits such as pest resistance, disease tolerance, and drought resistance, which can lead to increased yield per unit of land. This increased productivity can directly contribute to economic g",[0],water_stress,pvvqa_argilla
Which apparent characteristics and features define this botanical sample? This is a Strawberry leaf suffering from Leaf scorch.,[0],water_stress,pvvqa_argilla
Can you trace the ultimate source of this pathology? The symptoms are characteristic of Leaf scorch.,[0],water_stress,pvvqa_argilla
How would you characterize the overall wellness status of this botanical sample? This is a Strawberry leaf suffering from Leaf scorch.,[0],water_stress,pvvqa_argilla
Share all observable information about this plant's existing health parameters. This is a Strawberry leaf suffering from Leaf scorch.,[0],water_stress,pvvqa_argilla
What brings about these observable symptoms? The symptoms are characteristic of Leaf scorch.,[0],water_stress,pvvqa_argilla
What factors create these observable defects? The symptoms are characteristic of Leaf scorch.,[0],water_stress,pvvqa_argilla
I need an exhaustive description of this botanical sample and its condition. This is a Strawberry leaf suffering from Leaf scorch.,[0],water_stress,pvvqa_argilla
Characterize the principal subject and distinctive traits visible in this picture. This is a Strawberry leaf suffering from Leaf scorch.,[0],water_stress,pvvqa_argilla
Can you identify why this specimen appears unhealthy? The symptoms are characteristic of Leaf scorch.,[0],water_stress,pvvqa_argilla
Identify the agent responsible for these disease signs. The symptoms are characteristic of Leaf scorch.,[0],water_stress,pvvqa_argilla
What basic factor initiated this plant's problems? The symptoms are characteristic of Leaf scorch.,[0],water_stress,pvvqa_argilla
What's causing this plant's diseased appearance? The symptoms are characteristic of Leaf scorch.,[0],water_stress,pvvqa_argilla
Offer a comprehensive review of this plant's appearance and health manifestations. This is a Strawberry leaf suffering from Leaf scorch.,[0],water_stress,pvvqa_argilla
Detail everything discernible about this plant's present physiological status. This is a Strawberry leaf suffering from Leaf scorch.,[0],water_stress,pvvqa_argilla
Generate a thorough report on the plant's visual features and physiological status. This is a Strawberry leaf suffering from Leaf scorch.,[0],water_stress,pvvqa_argilla
Which factors result in these visible symptoms? The symptoms are characteristic of Leaf scorch.,[0],water_stress,pvvqa_argilla
What apparent characteristics and observable properties define this plant specimen? This is a Strawberry leaf suffering from Leaf scorch.,[0],water_stress,pvvqa_argilla
Detail everything discernible about this plant's present physiological status. This is a Strawberry leaf suffering from Leaf scorch.,[0],water_stress,pvvqa_argilla
What basic factor initiated this plant's problems? The symptoms are characteristic of Leaf scorch.,[0],water_stress,pvvqa_argilla
I need a thorough characterization of this botanical sample and its condition. This is a Strawberry leaf suffering from Leaf scorch.,[0],water_stress,pvvqa_argilla
Please describe what causes these visual anomalies. The symptoms are characteristic of Leaf scorch.,[0],water_stress,pvvqa_argilla
Would you provide a detailed visual assessment of this plant material? This is a Strawberry leaf suffering from Leaf scorch.,[0],water_stress,pvvqa_argilla
What brought about this specimen's current state? The symptoms are characteristic of Leaf scorch.,[0],water_stress,pvvqa_argilla
Take me through the foliage characteristics shown in this image. This is a Strawberry leaf suffering from Leaf scorch.,[0],water_stress,pvvqa_argilla
Provide a comprehensive assessment of this plant's visual condition and wellness status. This is a Strawberry leaf suffering from Leaf scorch.,[0],water_stress,pvvqa_argilla
What brought about this specimen's current state? The symptoms are characteristic of Leaf scorch.,[0],water_stress,pvvqa_argilla
What's causing this plant's diseased appearance? The symptoms are characteristic of Leaf scorch.,[0],water_stress,pvvqa_argilla
What factors have led to this leaf's problems? The symptoms are characteristic of Leaf scorch.,[0],water_stress,pvvqa_argilla
Can you deliver a detailed visual analysis of this botanical specimen? This is a Strawberry leaf suffering from Leaf scorch.,[0],water_stress,pvvqa_argilla
Would you offer a comprehensive visual breakdown of this plant sample? This is a Strawberry leaf suffering from Leaf scorch.,[0],water_stress,pvvqa_argilla
What causal agent produces these pathological symptoms? The symptoms are characteristic of Leaf scorch.,[0],water_stress,pvvqa_argilla
What pathogen or environmental factor produces these symptoms? The symptoms are characteristic of Leaf scorch.,[0],water_stress,pvvqa_argilla
Can you trace the cause of this vegetation's appearance? The symptoms are characteristic of Leaf scorch.,[0],water_stress,pvvqa_argilla
Offer a comprehensive review of this plant's appearance and health manifestations. This is a Strawberry leaf suffering from Leaf scorch.,[0],water_stress,pvvqa_argilla
Which distinguishing features and visible traits characterize this botanical sample? This is a Strawberry leaf suffering from Leaf scorch.,[0],water_stress,pvvqa_argilla
Why are these symptoms appearing on this plant? The symptoms are characteristic of Leaf scorch.,[0],water_stress,pvvqa_argilla
Can you deliver a thorough visual examination of this botanical specimen? This is a Strawberry leaf suffering from Leaf scorch.,[0],water_stress,pvvqa_argilla
Offer a comprehensive review of this plant's appearance and health manifestations. This is a Strawberry leaf suffering from Leaf scorch.,[0],water_stress,pvvqa_argilla
Provide a comprehensive assessment of this plant's visual condition and wellness status. This is a Strawberry leaf suffering from Leaf scorch.,[0],water_stress,pvvqa_argilla
Can you determine the foundational cause of these signs? The symptoms are characteristic of Leaf scorch.,[0],water_stress,pvvqa_argilla
What's behind the issues observed in this leaf? The symptoms are characteristic of Leaf scorch.,[0],water_stress,pvvqa_argilla
Please provide a detailed characterization of this plant and its observable state. This is a Strawberry leaf suffering from Leaf scorch.,[0],water_stress,pvvqa_argilla
Please detail the botanical specimens and features present in this image. This is a Strawberry leaf suffering from Leaf scorch.,[0],water_stress,pvvqa_argilla
What's behind this plant's compromised visual state? The symptoms are characteristic of Leaf scorch.,[0],water_stress,pvvqa_argilla
Which agent has led to this plant's current state? The symptoms are characteristic of Leaf scorch.,[0],water_stress,pvvqa_argilla
Detail the primary focal point and significant features present in this photograph. This is a Strawberry leaf suffering from Leaf scorch.,[0],water_stress,pvvqa_argilla
Review the photograph and deliver a comprehensive plant overview. This is a Strawberry leaf suffering from Leaf scorch.,[0],water_stress,pvvqa_argilla
Please specify what produces these disease symptoms. The symptoms are characteristic of Leaf scorch.,[0],water_stress,pvvqa_argilla
Examine this photograph and deliver a comprehensive plant overview. This is a Strawberry leaf suffering from Leaf scorch.,[0],water_stress,pvvqa_argilla
What factors create these observable defects? The symptoms are characteristic of Leaf scorch.,[0],water_stress,pvvqa_argilla
Can you identify the primary source of this condition? The symptoms are characteristic of Leaf scorch.,[0],water_stress,pvvqa_argilla
Please determine what causes these symptomatic features. The symptoms are characteristic of Leaf scorch.,[0],water_stress,pvvqa_argilla
What plant-related elements and characteristics are visible in this photograph? This is a Strawberry leaf suffering from Leaf scorch.,[0],water_stress,pvvqa_argilla
Report all observable characteristics of this specimen's existing condition. This is a Strawberry leaf suffering from Leaf scorch.,[0],water_stress,pvvqa_argilla
Report all observable characteristics of this specimen's existing condition. This is a Strawberry leaf suffering from Leaf scorch.,[0],water_stress,pvvqa_argilla
What's causing this plant's diseased appearance? The symptoms are characteristic of Leaf scorch.,[0],water_stress,pvvqa_argilla
What primary agent generates these symptomatic features? The symptoms are characteristic of Leaf scorch.,[0],water_stress,pvvqa_argilla
Can you trace the ultimate source of this pathology? The symptoms are characteristic of Leaf scorch.,[0],water_stress,pvvqa_argilla
Can you offer an extensive visual evaluation of this botanical sample? This is a Strawberry leaf suffering from Leaf scorch.,[0],water_stress,pvvqa_argilla
Please identify the source of this leaf's problems. The symptoms are characteristic of Leaf scorch.,[0],water_stress,pvvqa_argilla
What pathogenic or environmental agent causes these symptoms? The symptoms are characteristic of Leaf scorch.,[0],water_stress,pvvqa_argilla
Deliver an in-depth analysis of the plant's appearance and physiological state. This is a Strawberry leaf suffering from Leaf scorch.,[0],water_stress,pvvqa_argilla
Communicate all available information concerning this plant's existing state. This is a Strawberry leaf suffering from Leaf scorch.,[0],water_stress,pvvqa_argilla
Can you offer a thorough visual assessment of this botanical sample? This is a Strawberry leaf suffering from Leaf scorch.,[0],water_stress,pvvqa_argilla
Walk me through the vegetation aspects depicted in this photograph. This is a Strawberry leaf suffering from Leaf scorch.,[0],water_stress,pvvqa_argilla
What brought about this specimen's current state? The symptoms are characteristic of Leaf scorch.,[0],water_stress,pvvqa_argilla
Guide me through the leaf structures and characteristics in this image. This is a Strawberry leaf suffering from Leaf scorch.,[0],water_stress,pvvqa_argilla
Name the pathogen or factor causing these manifestations. The symptoms are characteristic of Leaf scorch.,[0],water_stress,pvvqa_argilla
What caused this vegetation's present condition? The symptoms are characteristic of Leaf scorch.,[0],water_stress,pvvqa_argilla
Review the photograph and deliver a summarized plant evaluation. This is a Strawberry leaf suffering from Leaf scorch.,[0],water_stress,pvvqa_argilla
Which factor or pathogen creates these disease indicators? The symptoms are characteristic of Leaf scorch.,[0],water_stress,pvvqa_argilla
Please identify the source of this leaf's problems. The symptoms are characteristic of Leaf scorch.,[0],water_stress,pvvqa_argilla
Take me through the foliage elements and features shown in this picture. This is a Strawberry leaf suffering from Leaf scorch.,[0],water_stress,pvvqa_argilla
Lead me through the leaf-related observations in this photograph. This is a Strawberry leaf suffering from Leaf scorch.,[0],water_stress,pvvqa_argilla
I require a comprehensive description of this specimen and its current condition. This is a Strawberry leaf suffering from Leaf scorch.,[0],water_stress,pvvqa_argilla
What causal agent produces these pathological symptoms? The symptoms are characteristic of Leaf scorch.,[0],water_stress,pvvqa_argilla
Which observable features and properties characterize this botanical sample? This is a Strawberry leaf suffering from Leaf scorch.,[0],water_stress,pvvqa_argilla
"Discuss potential strategies for agribusinesses to adapt to the challenges of climate change and ensure continued agro-economic efficiency. Question: Discuss potential strategies for agribusinesses to adapt to the challenges of climate change and ensure continued agro-economic efficiency.

Answer: Agribusinesses face significant challenges due to climate change, including increased weather variability, rising temperatures, and shifts in pest and disease patterns. To adapt and maintain agro-economic efficiency, several strategies can be considered:

1. Diversification: Cultivating a variety of ",[0],water_stress,pvvqa_argilla
Why are these symptoms appearing on this plant? The symptoms are characteristic of Leaf scorch.,[0],water_stress,pvvqa_argilla
What pathogenic or environmental agent causes these symptoms? The symptoms are characteristic of Leaf scorch.,[0],water_stress,pvvqa_argilla
Convey all detectable aspects of this specimen's present health and appearance. This is a Strawberry leaf suffering from Leaf scorch.,[0],water_stress,pvvqa_argilla
What produces the disease manifestations in this image? The symptoms are characteristic of Leaf scorch.,[0],water_stress,pvvqa_argilla
Communicate all available information concerning this plant's existing state. This is a Strawberry leaf suffering from Leaf scorch.,[0],water_stress,pvvqa_argilla
Would you offer a comprehensive visual breakdown of this plant sample? This is a Strawberry leaf suffering from Leaf scorch.,[0],water_stress,pvvqa_argilla
Can you identify the basic cause of these manifestations? The symptoms are characteristic of Leaf scorch.,[0],water_stress,pvvqa_argilla
Can you trace the cause of this vegetation's appearance? The symptoms are characteristic of Leaf scorch.,[0],water_stress,pvvqa_argilla
Identify the factor generating these pathological signs. The symptoms are characteristic of Leaf scorch.,[0],water_stress,pvvqa_argilla
"Climate change, driven by factors such as increased greenhouse gas emissions, deforestation, and industrialization, has profound impacts on soil fertility, crop yield, and the long-term sustainability of family-run farms. These impacts necessitate the adoption of adaptive strategies to ensure food security and maintain the livelihoods of farming communities.

Soil fertility is a critical factor in agricultural productivity, and climate change affects it in various ways. Rising temperatures can accelerate soil organic matter decomposition, leading to a decrease in soil nutrient content. Moreove",[0],water_stress,pvvqa_argilla
How would you evaluate the overall physiological condition of this plant? This is a Strawberry leaf suffering from Leaf scorch.,[0],water_stress,pvvqa_argilla
Convey all detectable aspects of this specimen's present health and appearance. This is a Strawberry leaf suffering from Leaf scorch.,[0],water_stress,pvvqa_argilla
What apparent characteristics and observable properties define this plant specimen? This is a Strawberry leaf suffering from Leaf scorch.,[0],water_stress,pvvqa_argilla
What vegetation characteristics and plant structures are present in this photograph? This is a Strawberry leaf suffering from Leaf scorch.,[0],water_stress,pvvqa_argilla
What is the general health assessment of this plant specimen? This is a Strawberry leaf suffering from Leaf scorch.,[0],water_stress,pvvqa_argilla
What pathogenic or environmental agent causes these symptoms? The symptoms are characteristic of Leaf scorch.,[0],water_stress,pvvqa_argilla
Please outline the botanical elements and plant features visible in this image. This is a Strawberry leaf suffering from Leaf scorch.,[0],water_stress,pvvqa_argilla
Can you identify the origin of these visible defects? The symptoms are characteristic of Leaf scorch.,[0],water_stress,pvvqa_argilla
How would you characterize the overall wellness status of this botanical sample? This is a Strawberry leaf suffering from Leaf scorch.,[0],water_stress,pvvqa_argilla
What is the general health assessment of this plant specimen? This is a Strawberry leaf suffering from Leaf scorch.,[0],water_stress,pvvqa_argilla
What rationale explains these symptoms? The symptoms are characteristic of Leaf scorch.,[0],water_stress,pvvqa_argilla
Assess this picture and provide a detailed plant analysis synopsis. This is a Strawberry leaf suffering from Leaf scorch.,[0],water_stress,pvvqa_argilla
What factor justifies these symptomatic features? The symptoms are characteristic of Leaf scorch.,[0],water_stress,pvvqa_argilla
What observable attributes and identifying characteristics are evident in this plant specimen? This is a Strawberry leaf suffering from Leaf scorch.,[0],water_stress,pvvqa_argilla
What rationale explains these symptoms? The symptoms are characteristic of Leaf scorch.,[0],water_stress,pvvqa_argilla
Which agent has led to this plant's current state? The symptoms are characteristic of Leaf scorch.,[0],water_stress,pvvqa_argilla
Detail the flora and botanical elements visible in this image. This is a Strawberry leaf suffering from Leaf scorch.,[0],water_stress,pvvqa_argilla
Please outline the botanical elements and plant features visible in this image. This is a Strawberry leaf suffering from Leaf scorch.,[0],water_stress,pvvqa_argilla
Review the photograph and deliver a comprehensive plant overview. This is a Strawberry leaf suffering from Leaf scorch.,[0],water_stress,pvvqa_argilla
What explains these pathological manifestations? The symptoms are characteristic of Leaf scorch.,[0],water_stress,pvvqa_argilla
What basic factor initiated this plant's problems? The symptoms are characteristic of Leaf scorch.,[0],water_stress,pvvqa_argilla
Take me through the foliage characteristics shown in this image. This is a Strawberry leaf suffering from Leaf scorch.,[0],water_stress,pvvqa_argilla
Take me through the leaf aspects and elements shown in this photograph. This is a Strawberry leaf suffering from Leaf scorch.,[0],water_stress,pvvqa_argilla
Characterize the main focal point and distinctive elements visible in this photograph. This is a Strawberry leaf suffering from Leaf scorch.,[0],water_stress,pvvqa_argilla
Please explain the cause of these observable problems. The symptoms are characteristic of Leaf scorch.,[0],water_stress,pvvqa_argilla
What is the original cause of this plant's disease state? The symptoms are characteristic of Leaf scorch.,[0],water_stress,pvvqa_argilla
What's behind this plant's compromised visual state? The symptoms are characteristic of Leaf scorch.,[0],water_stress,pvvqa_argilla
Which distinguishing features and visible traits characterize this botanical sample? This is a Strawberry leaf suffering from Leaf scorch.,[0],water_stress,pvvqa_argilla
Relate everything observable about this plant's current physiological condition. This is a Strawberry leaf suffering from Leaf scorch.,[0],water_stress,pvvqa_argilla
Review the photograph and deliver a summarized plant evaluation. This is a Strawberry leaf suffering from Leaf scorch.,[0],water_stress,pvvqa_argilla
Assess this picture and provide a detailed plant analysis synopsis. This is a Strawberry leaf suffering from Leaf scorch.,[0],water_stress,pvvqa_argilla
What basic factor initiated this plant's problems? The symptoms are characteristic of Leaf scorch.,[0],water_stress,pvvqa_argilla
Please determine what causes these symptomatic features. The symptoms are characteristic of Leaf scorch.,[0],water_stress,pvvqa_argilla
Can you determine the foundational cause of these signs? The symptoms are characteristic of Leaf scorch.,[0],water_stress,pvvqa_argilla
Furnish a complete description of the plant's morphological features and condition. This is a Strawberry leaf suffering from Leaf scorch.,[0],water_stress,pvvqa_argilla
Which factor or pathogen creates these disease indicators? The symptoms are characteristic of Leaf scorch.,[0],water_stress,pvvqa_argilla
Detail everything discernible about this plant's present physiological status. This is a Strawberry leaf suffering from Leaf scorch.,[0],water_stress,pvvqa_argilla
a drought stressed plant with dry curling leaves and brown spots on the underside of the leaf,[0],water_stress,blip_caption
a wilting crop plant with drooping leaves showing brown spots,[0],water_stress,blip_caption
a wilting crop plant with drooping leaves showing brown spots,[0],water_stress,blip_caption
a wilting crop plant with drooping leaves showing brown spots,[0],water_stress,blip_caption
a wilting crop plant with drooping leaves showing signs of blemching,[0],water_stress,blip_caption
a drought stressed plant with dry curling leaves and brown spots on it,[0],water_stress,blip_caption
a drought stressed plant with dry curling leaves and brown spots on the underside of the leaf,[0],water_stress,blip_caption
a wilting crop plant with drooping leaves showing brown blotch,[0],water_stress,blip_caption
a drought stressed plant with dry curling leaves and rust on it,[0],water_stress,blip_caption
a wilting crop plant with drooping leaves showing brown spots,[0],water_stress,blip_caption
a wilting crop plant with drooping leaves showing brown spots,[0],water_stress,blip_caption
a drought stressed plant with dry curling leaves and brown spots on the underside of the leaf,[0],water_stress,blip_caption
a drought stressed plant with dry curling leaves and brown spots,[0],water_stress,blip_caption
a wilting crop plant with drooping leaves showing brown spots,[0],water_stress,blip_caption
a drought stressed plant with dry curling leaves and brown spots on the underside of the leaf,[0],water_stress,blip_caption
a wilting crop plant with drooping leaves showing brown spots,[0],water_stress,blip_caption
a drought stressed plant with dry curling leaves and brown spots,[0],water_stress,blip_caption
a drought stressed plant with dry curling leaves and brown spots on it,[0],water_stress,blip_caption
a drought stressed plant with dry curling leaves and brown spots,[0],water_stress,blip_caption
a wilting crop plant with drooping leaves showing brown spots on the leaf,[0],water_stress,blip_caption
a drought stressed plant with dry curling leaves and brown blotch,[0],water_stress,blip_caption
a drought stressed plant with dry curling leaves and brown spots,[0],water_stress,blip_caption
a wilting crop plant with drooping leaves showing brown spots,[0],water_stress,blip_caption
a drought stressed plant with dry curling leaves and brown spots on it,[0],water_stress,blip_caption
a drought stressed plant with dry curling leaves and brown spots,[0],water_stress,blip_caption
a wilting crop plant with drooping leaves showing yellow and brown spots,[0],water_stress,blip_caption
a drought stressed plant with dry curling leaves and brown spots,[0],water_stress,blip_caption
a wilting crop plant with drooping leaves showing brown spots,[0],water_stress,blip_caption
a drought stressed plant with dry curling leaves and yellow spots on it,[0],water_stress,blip_caption
a wilting crop plant with drooping leaves showing brown spots,[0],water_stress,blip_caption
a drought stressed plant with dry curling leaves and brown blotch on it,[0],water_stress,blip_caption
a drought stressed plant with dry curling leaves and brown spots,[0],water_stress,blip_caption
a drought stressed plant with dry curling leaves and brown spots on the underside of the leaf,[0],water_stress,blip_caption
a drought stressed plant with dry curling leaves and brown spots,[0],water_stress,blip_caption
a drought stressed plant with dry curling leaves and brown spots on the leaves,[0],water_stress,blip_caption
a drought stressed plant with dry curling leaves and brown spots on the leaves,[0],water_stress,blip_caption
a drought stressed plant with dry curling leaves and brown blotch on it,[0],water_stress,blip_caption
a drought stressed plant with dry curling leaves and brown spots on it,[0],water_stress,blip_caption
a drought stressed plant with dry curling leaves and brown spots on it,[0],water_stress,blip_caption
a wilting crop plant with drooping leaves showing brown blotch,[0],water_stress,blip_caption
a wilting crop plant with drooping leaves showing brown spots,[0],water_stress,blip_caption
a drought stressed plant with dry curling leaves and brown blotch on it,[0],water_stress,blip_caption
a wilting crop plant with drooping leaves showing brown spots,[0],water_stress,blip_caption
a wilting crop plant with drooping leaves showing brown spots,[0],water_stress,blip_caption
a wilting crop plant with drooping leaves showing yellow and brown spots,[0],water_stress,blip_caption
a drought stressed plant with dry curling leaves and brown spots,[0],water_stress,blip_caption
a drought stressed plant with dry curling leaves and wilt on it,[0],water_stress,blip_caption
a drought stressed plant with dry curling leaves and brown spots,[0],water_stress,blip_caption
a drought stressed plant with dry curling leaves and brown spots,[0],water_stress,blip_caption
a drought stressed plant with dry curling leaves and brown spots on it,[0],water_stress,blip_caption
a drought stressed plant with dry curling leaves and brown spots on it,[0],water_stress,blip_caption
a wilting crop plant with drooping leaves showing brown spots on the leaves,[0],water_stress,blip_caption
a wilting crop plant with drooping leaves showing brown spots on the underside of the leaf,[0],water_stress,blip_caption
a wilting crop plant with drooping leaves showing brown spots,[0],water_stress,blip_caption
a drought stressed plant with dry curling leaves and brown spots on it,[0],water_stress,blip_caption
a drought stressed plant with dry curling leaves and brown spots,[0],water_stress,blip_caption
a wilting crop plant with drooping leaves showing brown spots on the leaf,[0],water_stress,blip_caption
a drought stressed plant with dry curling leaves and brown spots on it,[0],water_stress,blip_caption
a drought stressed plant with dry curling leaves and wilt on it,[0],water_stress,blip_caption
a drought stressed plant with dry curling leaves and brown spots,[0],water_stress,blip_caption
a drought stressed plant with dry curling leaves and brown spots on the leaves,[0],water_stress,blip_caption
a drought stressed plant with dry curling leaves and brown spots,[0],water_stress,blip_caption
a drought stressed plant with dry curling leaves and brown spots,[0],water_stress,blip_caption
a drought stressed plant with dry curling leaves and brown spots on it,[0],water_stress,blip_caption
a wilting crop plant with drooping leaves showing brown spots,[0],water_stress,blip_caption
a wilting crop plant with drooping leaves showing brown spots,[0],water_stress,blip_caption
a drought stressed plant with dry curling leaves and wilt on it,[0],water_stress,blip_caption
a drought stressed plant with dry curling leaves and brown spots on it,[0],water_stress,blip_caption
a wilting crop plant with drooping leaves showing brown spots,[0],water_stress,blip_caption
a wilting crop plant with drooping leaves showing brown spots,[0],water_stress,blip_caption
a wilting crop plant with drooping leaves showing brown spots,[0],water_stress,blip_caption
a wilting crop plant with drooping leaves showing brown spots,[0],water_stress,blip_caption
a wilting crop plant with drooping leaves showing brown spots,[0],water_stress,blip_caption
a drought stressed plant with dry curling leaves and brown spots on it,[0],water_stress,blip_caption
a wilting crop plant with drooping leaves showing yellow and green,[0],water_stress,blip_caption
a drought stressed plant with dry curling leaves and brown spots on it,[0],water_stress,blip_caption
a wilting crop plant with drooping leaves showing brown spots,[0],water_stress,blip_caption
a wilting crop plant with drooping leaves showing yellow and brown spots,[0],water_stress,blip_caption
a drought stressed plant with dry curling leaves and rust on it,[0],water_stress,blip_caption
a wilting crop plant with drooping leaves showing brown spots on the leaf,[0],water_stress,blip_caption
a wilting crop plant with drooping leaves showing brown spots,[0],water_stress,blip_caption
a wilting crop plant with drooping leaves showing brown spots on the leaves,[0],water_stress,blip_caption
a drought stressed plant with dry curling leaves and brown spots,[0],water_stress,blip_caption
a drought stressed plant with dry curling leaves and brown spots on it,[0],water_stress,blip_caption
a drought stressed plant with dry curling leaves and brown spots on it,[0],water_stress,blip_caption
a wilting crop plant with drooping leaves showing brown spots,[0],water_stress,blip_caption
a drought stressed plant with dry curling leaves and brown spots,[0],water_stress,blip_caption
a wilting crop plant with drooping leaves showing yellow and brown spots,[0],water_stress,blip_caption
a drought stressed plant with dry curling leaves and brown spots,[0],water_stress,blip_caption
a drought stressed plant with dry curling leaves and brown spots on the underside of the leaf,[0],water_stress,blip_caption
a drought stressed plant with dry curling leaves and brown spots on the leaves,[0],water_stress,blip_caption
a wilting crop plant with drooping leaves showing brown spots on the leaf,[0],water_stress,blip_caption
a wilting crop plant with drooping leaves showing brown spots,[0],water_stress,blip_caption
a drought stressed plant with dry curling leaves and brown spots on it,[0],water_stress,blip_caption
a drought stressed plant with dry curling leaves and brown spots,[0],water_stress,blip_caption
a drought stressed plant with dry curling leaves and brown spots,[0],water_stress,blip_caption
a wilting crop plant with drooping leaves showing brown spots,[0],water_stress,blip_caption
a drought stressed plant with dry curling leaves and brown spots,[0],water_stress,blip_caption
a wilting crop plant with drooping leaves showing brown spots,[0],water_stress,blip_caption
a wilting crop plant with drooping leaves showing brown spots,[0],water_stress,blip_caption
a wilting crop plant with drooping leaves showing brown spots,[0],water_stress,blip_caption
a drought stressed plant with dry curling leaves and brown spots,[0],water_stress,blip_caption
a drought stressed plant with dry curling leaves and brown spots,[0],water_stress,blip_caption
a drought stressed plant with dry curling leaves and a black background,[0],water_stress,blip_caption
a drought stressed plant with dry curling leaves and brown spots on it,[0],water_stress,blip_caption
a wilting crop plant with drooping leaves showing brown spots,[0],water_stress,blip_caption
a drought stressed plant with dry curling leaves and brown spots,[0],water_stress,blip_caption
a drought stressed plant with dry curling leaves and brown spots,[0],water_stress,blip_caption
"a drought stressed plant with dry curling leaves and yellow, red, and green leaves",[0],water_stress,blip_caption
a wilting crop plant with drooping leaves showing brown and yellow spots,[0],water_stress,blip_caption
a wilting crop plant with drooping leaves showing brown spots on the leaf,[0],water_stress,blip_caption
a wilting crop plant with drooping leaves showing brown spots on the leaf,[0],water_stress,blip_caption
a wilting crop plant with drooping leaves showing brown spots on the leaf,[0],water_stress,blip_caption
a drought stressed plant with dry curling leaves and brown spots on it,[0],water_stress,blip_caption
a drought stressed plant with dry curling leaves and brown spots on the underside of the leaf,[0],water_stress,blip_caption
a wilting crop plant with drooping leaves showing brown spots on the leaves,[0],water_stress,blip_caption
a drought stressed plant with dry curling leaves and brown spots on the leaf,[0],water_stress,blip_caption
a wilting crop plant with drooping leaves showing brown spots,[0],water_stress,blip_caption
a drought stressed plant with dry curling leaves and brown spots on it,[0],water_stress,blip_caption
a wilting crop plant with drooping leaves showing growth,[0],water_stress,blip_caption
a wilting crop plant with drooping leaves showing brown spots,[0],water_stress,blip_caption
a wilting crop plant with drooping leaves showing yellow and brown spots,[0],water_stress,blip_caption
a drought stressed plant with dry curling leaves and brown spots on it,[0],water_stress,blip_caption
a drought stressed plant with dry curling leaves and brown spots on it,[0],water_stress,blip_caption
a wilting crop plant with drooping leaves showing brown spots,[0],water_stress,blip_caption
a drought stressed plant with dry curling leaves and brown spots on it,[0],water_stress,blip_caption
a drought stressed plant with dry curling leaves and brown spots on the underside of the leaf,[0],water_stress,blip_caption
a drought stressed plant with dry curling leaves and brown blotch on it,[0],water_stress,blip_caption
a drought stressed plant with dry curling leaves and brown spots,[0],water_stress,blip_caption
a wilting crop plant with drooping leaves showing yellow and green,[0],water_stress,blip_caption
a drought stressed plant with dry curling leaves and brown spots,[0],water_stress,blip_caption
a wilting crop plant with drooping leaves showing brown and yellow spots,[0],water_stress,blip_caption
a drought stressed plant with dry curling leaves and brown spots on it,[0],water_stress,blip_caption
a drought stressed plant with dry curling leaves and brown spots,[0],water_stress,blip_caption
a drought stressed plant with dry curling leaves and brown spots on it,[0],water_stress,blip_caption
a drought stressed plant with dry curling leaves and brown spots,[0],water_stress,blip_caption
a wilting crop plant with drooping leaves showing brown spots,[0],water_stress,blip_caption
a wilting crop plant with drooping leaves showing brown spots,[0],water_stress,blip_caption
a drought stressed plant with dry curling leaves and brown spots on it,[0],water_stress,blip_caption
a drought stressed plant with dry curling leaves and brown spots,[0],water_stress,blip_caption
a drought stressed plant with dry curling leaves and wilt on it,[0],water_stress,blip_caption
a wilting crop plant with drooping leaves showing growth,[0],water_stress,blip_caption
a wilting crop plant with drooping leaves showing yellow and brown spots,[0],water_stress,blip_caption
a drought stressed plant with dry curling leaves and brown spots,[0],water_stress,blip_caption
a wilting crop plant with drooping leaves showing brown spots,[0],water_stress,blip_caption
a drought stressed plant with dry curling leaves and brown spots on it,[0],water_stress,blip_caption
a drought stressed plant with dry curling leaves and brown spots on it,[0],water_stress,blip_caption
a drought stressed plant with dry curling leaves and brown spots,[0],water_stress,blip_caption
a wilting crop plant with drooping leaves showing brown spots,[0],water_stress,blip_caption
a wilting crop plant with drooping leaves showing brown spots,[0],water_stress,blip_caption
a wilting crop plant with drooping leaves showing the damage of the leaf,[0],water_stress,blip_caption
a wilting crop plant with drooping leaves showing brown and yellow spots,[0],water_stress,blip_caption
a wilting crop plant with drooping leaves showing signs of blemching,[0],water_stress,blip_caption
a drought stressed plant with dry curling leaves and rust on it,[0],water_stress,blip_caption
a drought stressed plant with dry curling leaves and brown spots,[0],water_stress,blip_caption
a wilting crop plant with drooping leaves showing the shape of a woman ' s torso,[0],water_stress,blip_caption
a drought stressed plant with dry curling leaves and a hole in the middle of the leaf,[0],water_stress,blip_caption
a wilting crop plant with drooping leaves showing brown spots,[0],water_stress,blip_caption
a drought stressed plant with dry curling leaves and brown spots on it,[0],water_stress,blip_caption
a drought stressed plant with dry curling leaves and brown spots,[0],water_stress,blip_caption
a drought stressed plant with dry curling leaves and brown blotch on it,[0],water_stress,blip_caption
a wilting crop plant with drooping leaves showing brown spots on the leaves,[0],water_stress,blip_caption
a drought stressed plant with dry curling leaves and brown spots on the leaves,[0],water_stress,blip_caption
a drought stressed plant with dry curling leaves and brown spots,[0],water_stress,blip_caption
a drought stressed plant with dry curling leaves and brown spots,[0],water_stress,blip_caption
a wilting crop plant with drooping leaves showing brown spots,[0],water_stress,blip_caption
a drought stressed plant with dry curling leaves and brown spots on the leaf,[0],water_stress,blip_caption
a wilting crop plant with drooping leaves showing brown spots,[0],water_stress,blip_caption
a wilting crop plant with drooping leaves showing brown spots,[0],water_stress,blip_caption
a drought stressed plant with dry curling leaves and yellow spots,[0],water_stress,blip_caption
a drought stressed plant with dry curling leaves and brown spots on the leaf,[0],water_stress,blip_caption
a wilting crop plant with drooping leaves showing brown and green color,[0],water_stress,blip_caption
a wilting crop plant with drooping leaves showing brown spots,[0],water_stress,blip_caption
a wilting crop plant with drooping leaves showing brown and yellow spots,[0],water_stress,blip_caption
a wilting crop plant with drooping leaves showing the damage of it ' s leaves,[0],water_stress,blip_caption
a drought stressed plant with dry curling leaves and brown blotch,[0],water_stress,blip_caption
a wilting crop plant with drooping leaves showing brown spots,[0],water_stress,blip_caption
a wilting crop plant with drooping leaves showing brown spots,[0],water_stress,blip_caption
a wilting crop plant with drooping leaves showing brown spots,[0],water_stress,blip_caption
a wilting crop plant with drooping leaves showing brown spots on the leaf,[0],water_stress,blip_caption
a wilting crop plant with drooping leaves showing signs of blemching,[0],water_stress,blip_caption
a wilting crop plant with drooping leaves showing yellow and brown spots,[0],water_stress,blip_caption
a wilting crop plant with drooping leaves showing brown spots,[0],water_stress,blip_caption
a drought stressed plant with dry curling leaves and brown spots on it,[0],water_stress,blip_caption
a wilting crop plant with drooping leaves showing brown spots,[0],water_stress,blip_caption
a drought stressed plant with dry curling leaves and brown spots,[0],water_stress,blip_caption
a drought stressed plant with dry curling leaves and brown spots on it,[0],water_stress,blip_caption
a wilting crop plant with drooping leaves showing brown and green spots,[0],water_stress,blip_caption
a wilting crop plant with drooping leaves showing brown spots,[0],water_stress,blip_caption
a drought stressed plant with dry curling leaves and brown spots,[0],water_stress,blip_caption
a drought stressed plant with dry curling leaves and brown spots on it,[0],water_stress,blip_caption
a drought stressed plant with dry curling leaves and brown spots on it,[0],water_stress,blip_caption
a drought stressed plant with dry curling leaves and brown spots,[0],water_stress,blip_caption
a wilting crop plant with drooping leaves showing brown spots on the leaf,[0],water_stress,blip_caption
a wilting crop plant with drooping leaves showing brown spots on the leaf,[0],water_stress,blip_caption
a drought stressed plant with dry curling leaves and brown spots on it,[0],water_stress,blip_caption
a wilting crop plant with drooping leaves showing brown spots,[0],water_stress,blip_caption
a wilting crop plant with drooping leaves showing brown spots,[0],water_stress,blip_caption
a drought stressed plant with dry curling leaves and brown spots on the leaves,[0],water_stress,blip_caption
a wilting crop plant with drooping leaves showing the damage on the leaf,[0],water_stress,blip_caption
a wilting crop plant with drooping leaves showing brown spots,[0],water_stress,blip_caption
a drought stressed plant with dry curling leaves and brown spots on it,[0],water_stress,blip_caption
a wilting crop plant with drooping leaves showing brown spots,[0],water_stress,blip_caption
a wilting crop plant with drooping leaves showing brown spots,[0],water_stress,blip_caption
a drought stressed plant with dry curling leaves and wilt on it,[0],water_stress,blip_caption
a drought stressed plant with dry curling leaves and brown spots on the underside of the leaf,[0],water_stress,blip_caption
a wilting crop plant with drooping leaves showing brown spots,[0],water_stress,blip_caption
a drought stressed plant with dry curling leaves and brown spots on it,[0],water_stress,blip_caption
a wilting crop plant with drooping leaves showing brown spots,[0],water_stress,blip_caption
a wilting crop plant with drooping leaves showing yellow and brown spots,[0],water_stress,blip_caption
a wilting crop plant with drooping leaves showing brown spots,[0],water_stress,blip_caption
a wilting crop plant with drooping leaves showing brown spots,[0],water_stress,blip_caption
a wilting crop plant with drooping leaves showing brown spots,[0],water_stress,blip_caption
a wilting crop plant with drooping leaves showing brown spots,[0],water_stress,blip_caption
a wilting crop plant with drooping leaves showing brown spots on the leaves,[0],water_stress,blip_caption
a wilting crop plant with drooping leaves showing the damage of it ' s leaves,[0],water_stress,blip_caption
a drought stressed plant with dry curling leaves and brown spots,[0],water_stress,blip_caption
a wilting crop plant with drooping leaves showing brown spots on the leaf,[0],water_stress,blip_caption
a wilting crop plant with drooping leaves showing brown spots,[0],water_stress,blip_caption
a drought stressed plant with dry curling leaves and brown spots,[0],water_stress,blip_caption
a drought stressed plant with dry curling leaves and brown spots,[0],water_stress,blip_caption
a drought stressed plant with dry curling leaves and wilt on it,[0],water_stress,blip_caption
a drought stressed plant with dry curling leaves and brown spots on it,[0],water_stress,blip_caption
a wilting crop plant with drooping leaves showing brown spots,[0],water_stress,blip_caption
a wilting crop plant with drooping leaves showing brown spots,[0],water_stress,blip_caption
a wilting crop plant with drooping leaves showing brown spots,[0],water_stress,blip_caption
a drought stressed plant with dry curling leaves and brown spots on the underside of the leaf,[0],water_stress,blip_caption
a wilting crop plant with drooping leaves showing brown spots on the leaf,[0],water_stress,blip_caption
a drought stressed plant with dry curling leaves and brown spots on it,[0],water_stress,blip_caption
a wilting crop plant with drooping leaves showing brown spots on the leaf,[0],water_stress,blip_caption
a wilting crop plant with drooping leaves showing brown spots on the leaf,[0],water_stress,blip_caption
a drought stressed plant with dry curling leaves and rust on the underside of the leaf,[0],water_stress,blip_caption
a drought stressed plant with dry curling leaves and brown spots on the underside of the leaf,[0],water_stress,blip_caption
a drought stressed plant with dry curling leaves and brown blotch on it,[0],water_stress,blip_caption
a drought stressed plant with dry curling leaves and brown spots,[0],water_stress,blip_caption
a drought stressed plant with dry curling leaves and brown spots on it,[0],water_stress,blip_caption
a drought stressed plant with dry curling leaves and brown spots,[0],water_stress,blip_caption
a drought stressed plant with dry curling leaves and brown spots on it,[0],water_stress,blip_caption
a wilting crop plant with drooping leaves showing brown spots,[0],water_stress,blip_caption
a drought stressed plant with dry curling leaves and brown spots on the leaves,[0],water_stress,blip_caption
a wilting crop plant with drooping leaves showing brown spots on the leaves,[0],water_stress,blip_caption
a drought stressed plant with dry curling leaves and brown spots on it,[0],water_stress,blip_caption
a drought stressed plant with dry curling leaves and brown spots,[0],water_stress,blip_caption
a wilting crop plant with drooping leaves showing brown spots on the leaves,[0],water_stress,blip_caption
a wilting crop plant with drooping leaves showing brown spots,[0],water_stress,blip_caption
a wilting crop plant with drooping leaves showing brown spots,[0],water_stress,blip_caption
a wilting crop plant with drooping leaves showing brown spots on the leaves,[0],water_stress,blip_caption
a wilting crop plant with drooping leaves showing brown spots,[0],water_stress,blip_caption
a wilting crop plant with drooping leaves showing brown spots,[0],water_stress,blip_caption
a drought stressed plant with dry curling leaves and brown blotch on it,[0],water_stress,blip_caption
a drought stressed plant with dry curling leaves and brown spots,[0],water_stress,blip_caption
a drought stressed plant with dry curling leaves and brown spots on the leaves,[0],water_stress,blip_caption
a drought stressed plant with dry curling leaves and wilt on it,[0],water_stress,blip_caption
a wilting crop plant with drooping leaves showing brown spots on the leaves,[0],water_stress,blip_caption
a wilting crop plant with drooping leaves showing brown spots,[0],water_stress,blip_caption
a drought stressed plant with dry curling leaves and brown spots on it,[0],water_stress,blip_caption
a drought stressed plant with dry curling leaves and brown spots,[0],water_stress,blip_caption
a wilting crop plant with drooping leaves showing brown spots,[0],water_stress,blip_caption
a drought stressed plant with dry curling leaves and brown spots,[0],water_stress,blip_caption
a wilting crop plant with drooping leaves showing brown spots,[0],water_stress,blip_caption
a drought stressed plant with dry curling leaves and brown spots,[0],water_stress,blip_caption
a wilting crop plant with drooping leaves showing brown spots on the leaves,[0],water_stress,blip_caption
a drought stressed plant with dry curling leaves and brown spots on the leaves,[0],water_stress,blip_caption
a wilting crop plant with drooping leaves showing the brown spot on the leaf,[0],water_stress,blip_caption
a wilting crop plant with drooping leaves showing brown spots,[0],water_stress,blip_caption
a wilting crop plant with drooping leaves showing yellow and brown markings,[0],water_stress,blip_caption
a drought stressed plant with dry curling leaves and brown spots on it,[0],water_stress,blip_caption
a drought stressed plant with dry curling leaves and brown spots,[0],water_stress,blip_caption
a wilting crop plant with drooping leaves showing brown spots on the leaves,[0],water_stress,blip_caption
a wilting crop plant with drooping leaves showing brown spots,[0],water_stress,blip_caption
a drought stressed plant with dry curling leaves and brown spots,[0],water_stress,blip_caption
a drought stressed plant with dry curling leaves and brown spots,[0],water_stress,blip_caption
a wilting crop plant with drooping leaves showing brown spots on the leaves,[0],water_stress,blip_caption
a drought stressed plant with dry curling leaves and brown spots on it,[0],water_stress,blip_caption
a wilting crop plant with drooping leaves showing yellow and brown spots,[0],water_stress,blip_caption
a drought stressed plant with dry curling leaves and brown spots on it,[0],water_stress,blip_caption
a drought stressed plant with dry curling leaves and brown spots on a leaf,[0],water_stress,blip_caption
a drought stressed plant with dry curling leaves and brown spots on the underside of the leaf,[0],water_stress,blip_caption
a wilting crop plant with drooping leaves showing yellow and brown spots,[0],water_stress,blip_caption
a drought stressed plant with dry curling leaves and brown spots on it,[0],water_stress,blip_caption
a wilting crop plant with drooping leaves showing brown spots,[0],water_stress,blip_caption
a wilting crop plant with drooping leaves showing brown spots,[0],water_stress,blip_caption
a drought stressed plant with dry curling leaves and brown spots on the leaves,[0],water_stress,blip_caption
a drought stressed plant with dry curling leaves and brown spots on the leaves,[0],water_stress,blip_caption
a wilting crop plant with drooping leaves showing brown spots,[0],water_stress,blip_caption
a drought stressed plant with dry curling leaves and wilt on it,[0],water_stress,blip_caption
a wilting crop plant with drooping leaves showing brown spots,[0],water_stress,blip_caption
a wilting crop plant with drooping leaves showing brown spots on the leaf,[0],water_stress,blip_caption
a drought stressed plant with dry curling leaves and brown spots on the underside of the leaf,[0],water_stress,blip_caption
"a drought stressed plant with dry curling leaves and brown, yellow, and green markings",[0],water_stress,blip_caption
a wilting crop plant with drooping leaves showing brown spots on the leaves,[0],water_stress,blip_caption
a drought stressed plant with dry curling leaves and brown spots on it,[0],water_stress,blip_caption
a wilting crop plant with drooping leaves showing brown spots,[0],water_stress,blip_caption
a drought stressed plant with dry curling leaves and brown spots on it,[0],water_stress,blip_caption
a drought stressed plant with dry curling leaves and brown spots on it,[0],water_stress,blip_caption
a wilting crop plant with drooping leaves showing brown spots on the underside of the leaf,[0],water_stress,blip_caption
a drought stressed plant with dry curling leaves and brown spots on it,[0],water_stress,blip_caption
a wilting crop plant with drooping leaves showing yellow and brown spots,[0],water_stress,blip_caption
a wilting crop plant with drooping leaves showing brown spots,[0],water_stress,blip_caption
a drought stressed plant with dry curling leaves and rust on it,[0],water_stress,blip_caption
a drought stressed plant with dry curling leaves and wilt on it,[0],water_stress,blip_caption
a wilting crop plant with drooping leaves showing brown spots,[0],water_stress,blip_caption
a wilting crop plant with drooping leaves showing brown spots,[0],water_stress,blip_caption
a drought stressed plant with dry curling leaves and brown spots on a leaf,[0],water_stress,blip_caption
a drought stressed plant with dry curling leaves and brown spots,[0],water_stress,blip_caption
a wilting crop plant with drooping leaves showing brown spots,[0],water_stress,blip_caption
a wilting crop plant with drooping leaves showing brown spots,[0],water_stress,blip_caption
a drought stressed plant with dry curling leaves and brown spots on it,[0],water_stress,blip_caption
a wilting crop plant with drooping leaves showing the brown spot on the leaf,[0],water_stress,blip_caption
a drought stressed plant with dry curling leaves and brown spots on it,[0],water_stress,blip_caption
a wilting crop plant with drooping leaves showing yellow and black spots,[0],water_stress,blip_caption
a drought stressed plant with dry curling leaves and brown spots on the underside of the leaf,[0],water_stress,blip_caption
a wilting crop plant with drooping leaves showing brown spots,[0],water_stress,blip_caption
a wilting crop plant with drooping leaves showing brown spots,[0],water_stress,blip_caption
a drought stressed plant with dry curling leaves and brown spots,[0],water_stress,blip_caption
a drought stressed plant with dry curling leaves and brown spots,[0],water_stress,blip_caption
a drought stressed plant with dry curling leaves and brown spots,[0],water_stress,blip_caption
a drought stressed plant with dry curling leaves and brown spots,[0],water_stress,blip_caption
a wilting crop plant with drooping leaves showing brown spots,[0],water_stress,blip_caption
a drought stressed plant with dry curling leaves and brown spots,[0],water_stress,blip_caption
a wilting crop plant with drooping leaves showing brown blotch,[0],water_stress,blip_caption
a wilting crop plant with drooping leaves showing brown spots,[0],water_stress,blip_caption
a drought stressed plant with dry curling leaves and brown spots on it,[0],water_stress,blip_caption
a drought stressed plant with dry curling leaves and brown blotch on it,[0],water_stress,blip_caption
a wilting crop plant with drooping leaves showing brown spots,[0],water_stress,blip_caption
a drought stressed plant with dry curling leaves and brown spots on it,[0],water_stress,blip_caption
a wilting crop plant with drooping leaves showing yellow and brown spots,[0],water_stress,blip_caption
a drought stressed plant with dry curling leaves and brown spots on the leaves,[0],water_stress,blip_caption
a wilting crop plant with drooping leaves showing brown and yellow spots,[0],water_stress,blip_caption
a drought stressed plant with dry curling leaves and brown spots,[0],water_stress,blip_caption
a drought stressed plant with dry curling leaves and brown spots,[0],water_stress,blip_caption
a drought stressed plant with dry curling leaves and brown spots,[0],water_stress,blip_caption
a wilting crop plant with drooping leaves showing on a gray surface,[0],water_stress,blip_caption
a drought stressed plant with dry curling leaves and brown spots on the leaves,[0],water_stress,blip_caption
a wilting crop plant with drooping leaves showing brown spots on the leaf,[0],water_stress,blip_caption
a wilting crop plant with drooping leaves showing brown spots,[0],water_stress,blip_caption
a wilting crop plant with drooping leaves showing brown and yellow spots,[0],water_stress,blip_caption
a wilting crop plant with drooping leaves showing brown spots,[0],water_stress,blip_caption
a wilting crop plant with drooping leaves showing brown spots,[0],water_stress,blip_caption
a drought stressed plant with dry curling leaves and brown spots,[0],water_stress,blip_caption
a wilting crop plant with drooping leaves showing brown blotch,[0],water_stress,blip_caption
a wilting crop plant with drooping leaves showing the damage of it ' s leaves,[0],water_stress,blip_caption
a drought stressed plant with dry curling leaves and brown spots on it,[0],water_stress,blip_caption
a drought stressed plant with dry curling leaves and wilt on it,[0],water_stress,blip_caption
a wilting crop plant with drooping leaves showing brown spots,[0],water_stress,blip_caption
a wilting crop plant with drooping leaves showing brown spots,[0],water_stress,blip_caption
a drought stressed plant with dry curling leaves and wilt on it,[0],water_stress,blip_caption
a wilting crop plant with drooping leaves showing green and white,[0],water_stress,blip_caption
a wilting crop plant with drooping leaves showing brown spots,[0],water_stress,blip_caption
a drought stressed plant with dry curling leaves and water droplets on it,[0],water_stress,blip_caption
a drought stressed plant with dry curling leaves and brown spots on it,[0],water_stress,blip_caption
a wilting crop plant with drooping leaves showing yellow and brown spots,[0],water_stress,blip_caption
a drought stressed plant with dry curling leaves and brown spots,[0],water_stress,blip_caption
a drought stressed plant with dry curling leaves and brown spots,[0],water_stress,blip_caption
a drought stressed plant with dry curling leaves and brown spots,[0],water_stress,blip_caption
a wilting crop plant with drooping leaves showing brown spots on the leaves,[0],water_stress,blip_caption
a wilting crop plant with drooping leaves showing signs of blemching,[0],water_stress,blip_caption
a wilting crop plant with drooping leaves showing brown spots,[0],water_stress,blip_caption
a drought stressed plant with dry curling leaves and brown spots on it,[0],water_stress,blip_caption
a wilting crop plant with drooping leaves showing yellow and brown spots,[0],water_stress,blip_caption
a drought stressed plant with dry curling leaves and brown spots on it,[0],water_stress,blip_caption
a drought stressed plant with dry curling leaves and brown spots,[0],water_stress,blip_caption
a drought stressed plant with dry curling leaves and brown spots,[0],water_stress,blip_caption
a drought stressed plant with dry curling leaves and brown spots,[0],water_stress,blip_caption
a wilting crop plant with drooping leaves showing brown spots,[0],water_stress,blip_caption
a wilting crop plant with drooping leaves showing brown spots,[0],water_stress,blip_caption
a wilting crop plant with drooping leaves showing brown spots,[0],water_stress,blip_caption
a wilting crop plant with drooping leaves showing brown spots,[0],water_stress,blip_caption
a drought stressed plant with dry curling leaves and wilt on it,[0],water_stress,blip_caption
a wilting crop plant with drooping leaves showing brown spots,[0],water_stress,blip_caption
a drought stressed plant with dry curling leaves and brown spots on the leaves,[0],water_stress,blip_caption
a drought stressed plant with dry curling leaves and brown blotch,[0],water_stress,blip_caption
a drought stressed plant with dry curling leaves and brown spots on it,[0],water_stress,blip_caption
a drought stressed plant with dry curling leaves and brown spots,[0],water_stress,blip_caption
a drought stressed plant with dry curling leaves and brown spots,[0],water_stress,blip_caption
a drought stressed plant with dry curling leaves and brown spots on it,[0],water_stress,blip_caption
a wilting crop plant with drooping leaves showing brown spots,[0],water_stress,blip_caption
a drought stressed plant with dry curling leaves and brown spots,[0],water_stress,blip_caption
a wilting crop plant with drooping leaves showing yellow and brown spots,[0],water_stress,blip_caption
a wilting crop plant with drooping leaves showing signs of blight,[0],water_stress,blip_caption
a drought stressed plant with dry curling leaves and brown spots,[0],water_stress,blip_caption
a drought stressed plant with dry curling leaves and brown spots,[0],water_stress,blip_caption
a drought stressed plant with dry curling leaves and brown spots on the leaves,[0],water_stress,blip_caption
a drought stressed plant with dry curling leaves and brown styrofoam on it,[0],water_stress,blip_caption
a drought stressed plant with dry curling leaves and brown spots on it,[0],water_stress,blip_caption
a wilting crop plant with drooping leaves showing brown spots on the leaves,[0],water_stress,blip_caption
a drought stressed plant with dry curling leaves and brown spots on it,[0],water_stress,blip_caption
a drought stressed plant with dry curling leaves and brown spots,[0],water_stress,blip_caption
a wilting crop plant with drooping leaves showing green and yellow,[0],water_stress,blip_caption
a wilting crop plant with drooping leaves showing brown spots,[0],water_stress,blip_caption
a drought stressed plant with dry curling leaves and brown spots,[0],water_stress,blip_caption
a wilting crop plant with drooping leaves showing brown spots,[0],water_stress,blip_caption
a wilting crop plant with drooping leaves showing brown spots,[0],water_stress,blip_caption
a wilting crop plant with drooping leaves showing the growth of the leaves,[0],water_stress,blip_caption
a wilting crop plant with drooping leaves showing brown spots,[0],water_stress,blip_caption
a drought stressed plant with dry curling leaves and brown spots on the leaf,[0],water_stress,blip_caption
a drought stressed plant with dry curling leaves and brown spots on the underside of the leaf,[0],water_stress,blip_caption
a wilting crop plant with drooping leaves showing brown spots,[0],water_stress,blip_caption
a drought stressed plant with dry curling leaves and brown spots,[0],water_stress,blip_caption
a wilting crop plant with drooping leaves showing brown spots,[0],water_stress,blip_caption
a wilting crop plant with drooping leaves showing brown spots,[0],water_stress,blip_caption
a drought stressed plant with dry curling leaves and brown spots,[0],water_stress,blip_caption
a drought stressed plant with dry curling leaves and brown spots,[0],water_stress,blip_caption
a drought stressed plant with dry curling leaves and brown spots on it,[0],water_stress,blip_caption
a drought stressed plant with dry curling leaves and brown spots on the leaves,[0],water_stress,blip_caption
a wilting crop plant with drooping leaves showing brown spots,[0],water_stress,blip_caption
a wilting crop plant with drooping leaves showing brown spots,[0],water_stress,blip_caption
a wilting crop plant with drooping leaves showing yellow and brown spots,[0],water_stress,blip_caption
a drought stressed plant with dry curling leaves and brown spots on it,[0],water_stress,blip_caption
a wilting crop plant with drooping leaves showing brown spots,[0],water_stress,blip_caption
a wilting crop plant with drooping leaves showing brown spots,[0],water_stress,blip_caption
a wilting crop plant with drooping leaves showing brown spots,[0],water_stress,blip_caption
a wilting crop plant with drooping leaves showing brown spots,[0],water_stress,blip_caption
a drought stressed plant with dry curling leaves and brown spots,[0],water_stress,blip_caption
a wilting crop plant with drooping leaves showing brown spots,[0],water_stress,blip_caption
a drought stressed plant with dry curling leaves and yellow blotch,[0],water_stress,blip_caption
a drought stressed plant with dry curling leaves and brown spots on the leaf,[0],water_stress,blip_caption
a drought stressed plant with dry curling leaves and brown spots on the leaves,[0],water_stress,blip_caption
a wilting crop plant with drooping leaves showing brown spots on the leaf,[0],water_stress,blip_caption
a wilting crop plant with drooping leaves showing brown spots on the leaf,[0],water_stress,blip_caption
a wilting crop plant with drooping leaves showing yellow and brown spots,[0],water_stress,blip_caption
a drought stressed plant with dry curling leaves and brown spots,[0],water_stress,blip_caption
a wilting crop plant with drooping leaves showing brown spots,[0],water_stress,blip_caption
a wilting crop plant with drooping leaves showing growth,[0],water_stress,blip_caption
a wilting crop plant with drooping leaves showing brown spots,[0],water_stress,blip_caption
a wilting crop plant with drooping leaves showing brown spots,[0],water_stress,blip_caption
a wilting crop plant with drooping leaves showing a hole in the center of the leaf,[0],water_stress,blip_caption
a wilting crop plant with drooping leaves showing brown spots,[0],water_stress,blip_caption
a drought stressed plant with dry curling leaves and brown spots,[0],water_stress,blip_caption
a wilting crop plant with drooping leaves showing brown spots,[0],water_stress,blip_caption
a drought stressed plant with dry curling leaves and brown spots on the leaf,[0],water_stress,blip_caption
a wilting crop plant with drooping leaves showing brown spots,[0],water_stress,blip_caption
a wilting crop plant with drooping leaves showing brown spots on the leaves,[0],water_stress,blip_caption
a drought stressed plant with dry curling leaves and brown spots on it,[0],water_stress,blip_caption
a wilting crop plant with drooping leaves showing brown spots,[0],water_stress,blip_caption
a drought stressed plant with dry curling leaves and rust on it,[0],water_stress,blip_caption
a drought stressed plant with dry curling leaves and brown spots,[0],water_stress,blip_caption
a wilting crop plant with drooping leaves showing brown spots,[0],water_stress,blip_caption
a wilting crop plant with drooping leaves showing brown spots,[0],water_stress,blip_caption
a drought stressed plant with dry curling leaves and wilt on it,[0],water_stress,blip_caption
a wilting crop plant with drooping leaves showing brown and yellow spots,[0],water_stress,blip_caption
a drought stressed plant with dry curling leaves and brown spots,[0],water_stress,blip_caption
a drought stressed plant with dry curling leaves and brown spots on the leaves,[0],water_stress,blip_caption
a drought stressed plant with dry curling leaves and brown spots,[0],water_stress,blip_caption
a drought stressed plant with dry curling leaves and brown spots,[0],water_stress,blip_caption
a wilting crop plant with drooping leaves showing brown spots,[0],water_stress,blip_caption
a drought stressed plant with dry curling leaves and brown spots on the leaves,[0],water_stress,blip_caption
a wilting crop plant with drooping leaves showing brown and yellow spots,[0],water_stress,blip_caption
a wilting crop plant with drooping leaves showing brown and green spots,[0],water_stress,blip_caption
a wilting crop plant with drooping leaves showing brown spots on the leaves,[0],water_stress,blip_caption
a wilting crop plant with drooping leaves showing brown spots,[0],water_stress,blip_caption
a wilting crop plant with drooping leaves showing brown spots,[0],water_stress,blip_caption
a drought stressed plant with dry curling leaves and brown blotch,[0],water_stress,blip_caption
a wilting crop plant with drooping leaves showing brown spots,[0],water_stress,blip_caption
a wilting crop plant with drooping leaves showing brown spots on the leaves,[0],water_stress,blip_caption
a wilting crop plant with drooping leaves showing brown spots on the leaf,[0],water_stress,blip_caption
a wilting crop plant with drooping leaves showing brown spots,[0],water_stress,blip_caption
a drought stressed plant with dry curling leaves and brown spots,[0],water_stress,blip_caption
a drought stressed plant with dry curling leaves and brown spots,[0],water_stress,blip_caption
a wilting crop plant with drooping leaves showing brown spots,[0],water_stress,blip_caption
a drought stressed plant with dry curling leaves and brown spots on the leaves,[0],water_stress,blip_caption
a drought stressed plant with dry curling leaves and brown spots on it,[0],water_stress,blip_caption
a drought stressed plant with dry curling leaves and brown spots on the leaves,[0],water_stress,blip_caption
a drought stressed plant with dry curling leaves and brown spots,[0],water_stress,blip_caption
a wilting crop plant with drooping leaves showing brown spots,[0],water_stress,blip_caption
a drought stressed plant with dry curling leaves and brown spots on it,[0],water_stress,blip_caption
a wilting crop plant with drooping leaves showing brown spots on the leaf,[0],water_stress,blip_caption
a wilting crop plant with drooping leaves showing brown spots,[0],water_stress,blip_caption
a drought stressed plant with dry curling leaves and brown spots on it,[0],water_stress,blip_caption
a drought stressed plant with dry curling leaves and brown spots on the underside of the leaf,[0],water_stress,blip_caption
a wilting crop plant with drooping leaves showing brown spots,[0],water_stress,blip_caption
a wilting crop plant with drooping leaves showing brown spots,[0],water_stress,blip_caption
a drought stressed plant with dry curling leaves and dirt on the ground,[0],water_stress,blip_caption
a wilting crop plant with drooping leaves showing brown spots,[0],water_stress,blip_caption
a drought stressed plant with dry curling leaves and brown spots on it,[0],water_stress,blip_caption
a drought stressed plant with dry curling leaves and brown blotch on it,[0],water_stress,blip_caption
a wilting crop plant with drooping leaves showing brown spots,[0],water_stress,blip_caption
a wilting crop plant with drooping leaves showing yellow and brown spots,[0],water_stress,blip_caption
a drought stressed plant with dry curling leaves and brown spots on the leaves,[0],water_stress,blip_caption
a drought stressed plant with dry curling leaves and brown spots on it,[0],water_stress,blip_caption
a drought stressed plant with dry curling leaves and brown spots,[0],water_stress,blip_caption
a drought stressed plant with dry curling leaves and yellow spots,[0],water_stress,blip_caption
a drought stressed plant with dry curling leaves and brown spots on it,[0],water_stress,blip_caption
a wilting crop plant with drooping leaves showing brown spots on the leaf,[0],water_stress,blip_caption
a wilting crop plant with drooping leaves showing brown spots,[0],water_stress,blip_caption
a wilting crop plant with drooping leaves showing brown spots,[0],water_stress,blip_caption
a drought stressed plant with dry curling leaves and brown spots on it,[0],water_stress,blip_caption
a wilting crop plant with drooping leaves showing brown spots on the leaves,[0],water_stress,blip_caption
a wilting crop plant with drooping leaves showing brown spots,[0],water_stress,blip_caption
a wilting crop plant with drooping leaves showing signs of blemching,[0],water_stress,blip_caption
a wilting crop plant with drooping leaves showing brown spots,[0],water_stress,blip_caption
a drought stressed plant with dry curling leaves and brown spots on the leaves,[0],water_stress,blip_caption
a wilting crop plant with drooping leaves showing brown spots,[0],water_stress,blip_caption
a wilting crop plant with drooping leaves showing brown spots on the leaf,[0],water_stress,blip_caption
a drought stressed plant with dry curling leaves and brown spots,[0],water_stress,blip_caption
a drought stressed plant with dry curling leaves and brown spots,[0],water_stress,blip_caption
a drought stressed plant with dry curling leaves and brown spots on the leaves,[0],water_stress,blip_caption
a wilting crop plant with drooping leaves showing brown and green spots,[0],water_stress,blip_caption
a wilting crop plant with drooping leaves showing brown spots,[0],water_stress,blip_caption
a wilting crop plant with drooping leaves showing the damage of it ' s leaves,[0],water_stress,blip_caption
a drought stressed plant with dry curling leaves and brown spots on it,[0],water_stress,blip_caption
a wilting crop plant with drooping leaves showing brown and green pigment,[0],water_stress,blip_caption
a wilting crop plant with drooping leaves showing brown spots,[0],water_stress,blip_caption
a drought stressed plant with dry curling leaves and brown spots,[0],water_stress,blip_caption
a wilting crop plant with drooping leaves showing brown spots,[0],water_stress,blip_caption
a drought stressed plant with dry curling leaves and brown spots on it,[0],water_stress,blip_caption
a wilting crop plant with drooping leaves showing brown spots,[0],water_stress,blip_caption
a wilting crop plant with drooping leaves showing brown spots,[0],water_stress,blip_caption
a drought stressed plant with dry curling leaves and brown spots on it,[0],water_stress,blip_caption
a wilting crop plant with drooping leaves showing brown spots on the leaves,[0],water_stress,blip_caption
a drought stressed plant with dry curling leaves and brown spots on it,[0],water_stress,blip_caption
a wilting crop plant with drooping leaves showing brown spots,[0],water_stress,blip_caption
a wilting crop plant with drooping leaves showing brown spots,[0],water_stress,blip_caption
a wilting crop plant with drooping leaves showing brown spots,[0],water_stress,blip_caption
a wilting crop plant with drooping leaves showing brown spots on the leaves,[0],water_stress,blip_caption
a drought stressed plant with dry curling leaves and brown spots on the underside of the leaf,[0],water_stress,blip_caption
a wilting crop plant with drooping leaves showing brown spots,[0],water_stress,blip_caption
a drought stressed plant with dry curling leaves and brown spots on it,[0],water_stress,blip_caption
a drought stressed plant with dry curling leaves and brown spots on it,[0],water_stress,blip_caption
a drought stressed plant with dry curling leaves and brown spots,[0],water_stress,blip_caption
a wilting crop plant with drooping leaves showing brown spots,[0],water_stress,blip_caption
a wilting crop plant with drooping leaves showing brown spots,[0],water_stress,blip_caption
a drought stressed plant with dry curling leaves and brown spots on it,[0],water_stress,blip_caption
a wilting crop plant with drooping leaves showing white spots on the leaves,[0],water_stress,blip_caption
a drought stressed plant with dry curling leaves and brown spots on the leaves,[0],water_stress,blip_caption
a drought stressed plant with dry curling leaves and brown spots,[0],water_stress,blip_caption
a wilting crop plant with drooping leaves showing yellow and brown spots,[0],water_stress,blip_caption
a drought stressed plant with dry curling leaves and brown spots,[0],water_stress,blip_caption
a drought stressed plant with dry curling leaves and brown spots on it,[0],water_stress,blip_caption
a wilting crop plant with drooping leaves showing brown spots,[0],water_stress,blip_caption
a wilting crop plant with drooping leaves showing brown spots on the leaf,[0],water_stress,blip_caption
a drought stressed plant with dry curling leaves and brown spots on it,[0],water_stress,blip_caption
a wilting crop plant with drooping leaves showing brown spots,[0],water_stress,blip_caption
a wilting crop plant with drooping leaves showing the damage of the leaf,[0],water_stress,blip_caption
a wilting crop plant with drooping leaves showing brown spots,[0],water_stress,blip_caption
a drought stressed plant with dry curling leaves and brown spots on it,[0],water_stress,blip_caption
a drought stressed plant with dry curling leaves and brown spots on the underside of the leaf,[0],water_stress,blip_caption
a wilting crop plant with drooping leaves showing brown spots,[0],water_stress,blip_caption
a wilting crop plant with drooping leaves showing brown spots,[0],water_stress,blip_caption
a drought stressed plant with dry curling leaves and brown spots,[0],water_stress,blip_caption
a wilting crop plant with drooping leaves showing brown spots,[0],water_stress,blip_caption
a wilting crop plant with drooping leaves showing brown spots,[0],water_stress,blip_caption
a wilting crop plant with drooping leaves showing brown spots on the leaves,[0],water_stress,blip_caption
a wilting crop plant with drooping leaves showing yellow and green,[0],water_stress,blip_caption
a drought stressed plant with dry curling leaves and brown spots on it,[0],water_stress,blip_caption
a drought stressed plant with dry curling leaves and brown spots on the underside of the leaf,[0],water_stress,blip_caption
a drought stressed plant with dry curling leaves and brown spots on it,[0],water_stress,blip_caption
a wilting crop plant with drooping leaves showing brown spots,[0],water_stress,blip_caption
a drought stressed plant with dry curling leaves and brown spots,[0],water_stress,blip_caption
a drought stressed plant with dry curling leaves and brown spots on it,[0],water_stress,blip_caption
a wilting crop plant with drooping leaves showing brown spots,[0],water_stress,blip_caption
a drought stressed plant with dry curling leaves and wilt on it,[0],water_stress,blip_caption
a wilting crop plant with drooping leaves showing yellow and brown spots,[0],water_stress,blip_caption
a drought stressed plant with dry curling leaves and brown spots on it,[0],water_stress,blip_caption
a wilting crop plant with drooping leaves showing brown spots,[0],water_stress,blip_caption
a wilting crop plant with drooping leaves showing brown spots,[0],water_stress,blip_caption
a drought stressed plant with dry curling leaves and brown spots on it,[0],water_stress,blip_caption
a drought stressed plant with dry curling leaves and brown spots on it,[0],water_stress,blip_caption
a wilting crop plant with drooping leaves showing brown spots,[0],water_stress,blip_caption
a drought stressed plant with dry curling leaves and brown spots,[0],water_stress,blip_caption
a drought stressed plant with dry curling leaves and brown spots on it,[0],water_stress,blip_caption
a wilting crop plant with drooping leaves showing brown spots,[0],water_stress,blip_caption
a wilting crop plant with drooping leaves showing brown spots,[0],water_stress,blip_caption
a drought stressed plant with dry curling leaves and brown spots on it,[0],water_stress,blip_caption
a drought stressed plant with dry curling leaves and brown spots,[0],water_stress,blip_caption
a wilting crop plant with drooping leaves showing yellow and brown spots,[0],water_stress,blip_caption
a wilting crop plant with drooping leaves showing brown spots,[0],water_stress,blip_caption
a wilting crop plant with drooping leaves showing brown spots,[0],water_stress,blip_caption
a wilting crop plant with drooping leaves showing brown spots,[0],water_stress,blip_caption
a drought stressed plant with dry curling leaves and brown spots,[0],water_stress,blip_caption
a wilting crop plant with drooping leaves showing brown spots,[0],water_stress,blip_caption
a drought stressed plant with dry curling leaves and brown spots,[0],water_stress,blip_caption
a drought stressed plant with dry curling leaves and wilt on it,[0],water_stress,blip_caption
a wilting crop plant with drooping leaves showing yellow and brown spots,[0],water_stress,blip_caption
a drought stressed plant with dry curling leaves and brown spots,[0],water_stress,blip_caption
a drought stressed plant with dry curling leaves and brown spots on it,[0],water_stress,blip_caption
a drought stressed plant with dry curling leaves and brown spots,[0],water_stress,blip_caption
a drought stressed plant with dry curling leaves and brown spots on it,[0],water_stress,blip_caption
a wilting crop plant with drooping leaves showing brown spots,[0],water_stress,blip_caption
a drought stressed plant with dry curling leaves and brown spots on it,[0],water_stress,blip_caption
a wilting crop plant with drooping leaves showing brown spots on the leaf,[0],water_stress,blip_caption
a drought stressed plant with dry curling leaves and brown spots,[0],water_stress,blip_caption
a wilting crop plant with drooping leaves showing brown spots,[0],water_stress,blip_caption
a wilting crop plant with drooping leaves showing brown spots,[0],water_stress,blip_caption
a drought stressed plant with dry curling leaves and yellow blotch,[0],water_stress,blip_caption
a drought stressed plant with dry curling leaves and brown spots on it,[0],water_stress,blip_caption
a drought stressed plant with dry curling leaves and brown spots on the underside of the leaf,[0],water_stress,blip_caption
a wilting crop plant with drooping leaves showing brown and yellow spots,[0],water_stress,blip_caption
a drought stressed plant with dry curling leaves and brown spots,[0],water_stress,blip_caption
a wilting crop plant with drooping leaves showing brown spots,[0],water_stress,blip_caption
a drought stressed plant with dry curling leaves and brown spots on it,[0],water_stress,blip_caption
a drought stressed plant with dry curling leaves and brown spots,[0],water_stress,blip_caption
a drought stressed plant with dry curling leaves and brown spots,[0],water_stress,blip_caption
a wilting crop plant with drooping leaves showing brown spots,[0],water_stress,blip_caption
a wilting crop plant with drooping leaves showing brown spots on the leaves,[0],water_stress,blip_caption
a wilting crop plant with drooping leaves showing brown spots,[0],water_stress,blip_caption
a wilting crop plant with drooping leaves showing brown spots,[0],water_stress,blip_caption
a drought stressed plant with dry curling leaves and brown spots,[0],water_stress,blip_caption
a wilting crop plant with drooping leaves showing yellow and brown spots,[0],water_stress,blip_caption
a wilting crop plant with drooping leaves showing brown spots,[0],water_stress,blip_caption
a drought stressed plant with dry curling leaves and brown blotch on it,[0],water_stress,blip_caption
a wilting crop plant with drooping leaves showing brown spots,[0],water_stress,blip_caption
a drought stressed plant with dry curling leaves and brown spots,[0],water_stress,blip_caption
a drought stressed plant with dry curling leaves and brown spots on the leaves,[0],water_stress,blip_caption
a wilting crop plant with drooping leaves showing brown spots on the leaves,[0],water_stress,blip_caption
a drought stressed plant with dry curling leaves and brown spots,[0],water_stress,blip_caption
a wilting crop plant with drooping leaves showing brown spots,[0],water_stress,blip_caption
a drought stressed plant with dry curling leaves and brown spots on it,[0],water_stress,blip_caption
a drought stressed plant with dry curling leaves and brown spots on the leaves,[0],water_stress,blip_caption
a drought stressed plant with dry curling leaves and brown spots on the leaves,[0],water_stress,blip_caption
a wilting crop plant with drooping leaves showing yellow and brown spots,[0],water_stress,blip_caption
a wilting crop plant with drooping leaves showing the damage,[0],water_stress,blip_caption
a wilting crop plant with drooping leaves showing brown spots,[0],water_stress,blip_caption
a wilting crop plant with drooping leaves showing brown and green pigment,[0],water_stress,blip_caption
a drought stressed plant with dry curling leaves and brown spots on it,[0],water_stress,blip_caption
a wilting crop plant with drooping leaves showing brown spots,[0],water_stress,blip_caption
a wilting crop plant with drooping leaves showing yellow and green,[0],water_stress,blip_caption
a drought stressed plant with dry curling leaves and brown spots,[0],water_stress,blip_caption
a wilting crop plant with drooping leaves showing brown spots,[0],water_stress,blip_caption
a drought stressed plant with dry curling leaves and brown spots,[0],water_stress,blip_caption
a drought stressed plant with dry curling leaves and wilt on black background,[0],water_stress,blip_caption
a wilting crop plant with drooping leaves showing yellow and brown spots,[0],water_stress,blip_caption
a drought stressed plant with dry curling leaves and brown spots,[0],water_stress,blip_caption
a wilting crop plant with drooping leaves showing brown spots,[0],water_stress,blip_caption
a drought stressed plant with dry curling leaves and brown spots on the underside of the leaf,[0],water_stress,blip_caption
a wilting crop plant with drooping leaves showing brown spots on the leaf,[0],water_stress,blip_caption
a drought stressed plant with dry curling leaves and brown spots on it,[0],water_stress,blip_caption
a drought stressed plant with dry curling leaves and brown spots on it,[0],water_stress,blip_caption
a drought stressed plant with dry curling leaves and brown spots,[0],water_stress,blip_caption
a drought stressed plant with dry curling leaves and brown spots on it,[0],water_stress,blip_caption
a drought stressed plant with dry curling leaves and brown spots on the underside of the leaf,[0],water_stress,blip_caption
a drought stressed plant with dry curling leaves and brown spots on it,[0],water_stress,blip_caption
a wilting crop plant with drooping leaves showing brown spots,[0],water_stress,blip_caption
a wilting crop plant with drooping leaves showing brown spots,[0],water_stress,blip_caption
a wilting crop plant with drooping leaves showing brown and green spots,[0],water_stress,blip_caption
a drought stressed plant with dry curling leaves and brown spots on the underside of the leaf,[0],water_stress,blip_caption
a wilting crop plant with drooping leaves showing brown spots,[0],water_stress,blip_caption
a drought stressed plant with dry curling leaves and brown spots on the leaves,[0],water_stress,blip_caption
a drought stressed plant with dry curling leaves and brown spots on it,[0],water_stress,blip_caption
a wilting crop plant with drooping leaves showing yellow and green,[0],water_stress,blip_caption
a drought stressed plant with dry curling leaves and brown spots on the leaves,[0],water_stress,blip_caption
a wilting crop plant with drooping leaves showing brown spots on the leaf,[0],water_stress,blip_caption
a drought stressed plant with dry curling leaves and brown spots on it,[0],water_stress,blip_caption
a wilting crop plant with drooping leaves showing brown spots,[0],water_stress,blip_caption
a wilting crop plant with drooping leaves showing brown spots,[0],water_stress,blip_caption
a wilting crop plant with drooping leaves showing brown spots,[0],water_stress,blip_caption
a drought stressed plant with dry curling leaves and brown spots,[0],water_stress,blip_caption
a drought stressed plant with dry curling leaves and brown spots on it,[0],water_stress,blip_caption
a wilting crop plant with drooping leaves showing brown spots,[0],water_stress,blip_caption
a drought stressed plant with dry curling leaves and brown spots on the leaves,[0],water_stress,blip_caption
a wilting crop plant with drooping leaves showing brown spots,[0],water_stress,blip_caption
a wilting crop plant with drooping leaves showing brown spots,[0],water_stress,blip_caption
a wilting crop plant with drooping leaves showing brown spots,[0],water_stress,blip_caption
a drought stressed plant with dry curling leaves and brown spots,[0],water_stress,blip_caption
a drought stressed plant with dry curling leaves and brown spots on the leaf,[0],water_stress,blip_caption
a drought stressed plant with dry curling leaves and brown spots on it,[0],water_stress,blip_caption
a drought stressed plant with dry curling leaves and brown spots on the leaves,[0],water_stress,blip_caption
a drought stressed plant with dry curling leaves and brown spots on it,[0],water_stress,blip_caption
a wilting crop plant with drooping leaves showing brown and yellow spots,[0],water_stress,blip_caption
a drought stressed plant with dry curling leaves and brown spots,[0],water_stress,blip_caption
a wilting crop plant with drooping leaves showing brown spots,[0],water_stress,blip_caption
a drought stressed plant with dry curling leaves and brown spots,[0],water_stress,blip_caption
a wilting crop plant with drooping leaves showing brown spots,[0],water_stress,blip_caption
a wilting crop plant with drooping leaves showing brown spots,[0],water_stress,blip_caption
a drought stressed plant with dry curling leaves and brown bark on it,[0],water_stress,blip_caption
a wilting crop plant with drooping leaves showing the damage of it ' s leaves,[0],water_stress,blip_caption
a drought stressed plant with dry curling leaves and brown spots,[0],water_stress,blip_caption
a drought stressed plant with dry curling leaves and brown spots on the leaves,[0],water_stress,blip_caption
a drought stressed plant with dry curling leaves and brown spots on the underside of the leaf,[0],water_stress,blip_caption
a wilting crop plant with drooping leaves showing on the ground,[0],water_stress,blip_caption
a wilting crop plant with drooping leaves showing brown spots,[0],water_stress,blip_caption
a wilting crop plant with drooping leaves showing brown spots,[0],water_stress,blip_caption
a drought stressed plant with dry curling leaves and brown spots,[0],water_stress,blip_caption
a drought stressed plant with dry curling leaves and brown spots on the leaves,[0],water_stress,blip_caption
a drought stressed plant with dry curling leaves and brown blotch on it,[0],water_stress,blip_caption
a wilting crop plant with drooping leaves showing brown spots,[0],water_stress,blip_caption
a drought stressed plant with dry curling leaves and brown spots,[0],water_stress,blip_caption
a wilting crop plant with drooping leaves showing brown spots on the leaves,[0],water_stress,blip_caption
a drought stressed plant with dry curling leaves and brown spots,[0],water_stress,blip_caption
a wilting crop plant with drooping leaves showing brown spots,[0],water_stress,blip_caption
a drought stressed plant with dry curling leaves and brown spots,[0],water_stress,blip_caption
a wilting crop plant with drooping leaves showing brown spots,[0],water_stress,blip_caption
a drought stressed plant with dry curling leaves and brown spots,[0],water_stress,blip_caption
a wilting crop plant with drooping leaves showing brown spots on the leaves,[0],water_stress,blip_caption
a wilting crop plant with drooping leaves showing brown spots,[0],water_stress,blip_caption
a wilting crop plant with drooping leaves showing brown spots,[0],water_stress,blip_caption
a drought stressed plant with dry curling leaves and brown blotch on the leaf,[0],water_stress,blip_caption
a drought stressed plant with dry curling leaves and brown spots,[0],water_stress,blip_caption
a wilting crop plant with drooping leaves showing brown spots on the leaf,[0],water_stress,blip_caption
a drought stressed plant with dry curling leaves and brown spots,[0],water_stress,blip_caption
a drought stressed plant with dry curling leaves and brown spots,[0],water_stress,blip_caption
a wilting crop plant with drooping leaves showing brown spots,[0],water_stress,blip_caption
a wilting crop plant with drooping leaves showing brown spots,[0],water_stress,blip_caption
a wilting crop plant with drooping leaves showing brown spots on the leaf,[0],water_stress,blip_caption
a drought stressed plant with dry curling leaves and brown spots on it,[0],water_stress,blip_caption
a wilting crop plant with drooping leaves showing brown and green spots,[0],water_stress,blip_caption
a drought stressed plant with dry curling leaves and brown blotch,[0],water_stress,blip_caption
a drought stressed plant with dry curling leaves and brown spots on it,[0],water_stress,blip_caption
a drought stressed plant with dry curling leaves and brown spots,[0],water_stress,blip_caption
a drought stressed plant with dry curling leaves and brown blotch on it,[0],water_stress,blip_caption
a wilting crop plant with drooping leaves showing brown spots,[0],water_stress,blip_caption
a wilting crop plant with drooping leaves showing brown spots on the leaves,[0],water_stress,blip_caption
a wilting crop plant with drooping leaves showing brown spots,[0],water_stress,blip_caption
a drought stressed plant with dry curling leaves and brown spots on it,[0],water_stress,blip_caption
a drought stressed plant with dry curling leaves and brown spots on the leaves,[0],water_stress,blip_caption
a drought stressed plant with dry curling leaves and brown blotch on the leaf,[0],water_stress,blip_caption
a wilting crop plant with drooping leaves showing brown spots,[0],water_stress,blip_caption
a wilting crop plant with drooping leaves showing brown spots,[0],water_stress,blip_caption
a drought stressed plant with dry curling leaves and brown spots,[0],water_stress,blip_caption
a wilting crop plant with drooping leaves showing brown spots,[0],water_stress,blip_caption
a drought stressed plant with dry curling leaves and brown spots on it,[0],water_stress,blip_caption
a drought stressed plant with dry curling leaves and brown spots,[0],water_stress,blip_caption
a wilting crop plant with drooping leaves showing brown spots,[0],water_stress,blip_caption
a wilting crop plant with drooping leaves showing brown spots,[0],water_stress,blip_caption
a wilting crop plant with drooping leaves showing brown spots on the underside of the leaf,[0],water_stress,blip_caption
a wilting crop plant with drooping leaves showing brown spots,[0],water_stress,blip_caption
a drought stressed plant with dry curling leaves and brown spots,[0],water_stress,blip_caption
a wilting crop plant with drooping leaves showing brown spots,[0],water_stress,blip_caption
a wilting crop plant with drooping leaves showing brown spots,[0],water_stress,blip_caption
a wilting crop plant with drooping leaves showing signs of blemching,[0],water_stress,blip_caption
a drought stressed plant with dry curling leaves and brown spots on it,[0],water_stress,blip_caption
a drought stressed plant with dry curling leaves and brown spots,[0],water_stress,blip_caption
a wilting crop plant with drooping leaves showing brown spots,[0],water_stress,blip_caption
a wilting crop plant with drooping leaves showing brown spots,[0],water_stress,blip_caption
a wilting crop plant with drooping leaves showing brown spots,[0],water_stress,blip_caption
a drought stressed plant with dry curling leaves and brown spots on it,[0],water_stress,blip_caption
a drought stressed plant with dry curling leaves and brown spots,[0],water_stress,blip_caption
a drought stressed plant with dry curling leaves and brown spots,[0],water_stress,blip_caption
a wilting crop plant with drooping leaves showing brown spots,[0],water_stress,blip_caption
a wilting crop plant with drooping leaves showing brown spots,[0],water_stress,blip_caption
a drought stressed plant with dry curling leaves and brown spots,[0],water_stress,blip_caption
a wilting crop plant with drooping leaves showing brown spots,[0],water_stress,blip_caption
a drought stressed plant with dry curling leaves and brown spots on it,[0],water_stress,blip_caption
a wilting crop plant with drooping leaves showing brown spots,[0],water_stress,blip_caption
a drought stressed plant with dry curling leaves and brown spots on it,[0],water_stress,blip_caption
a wilting crop plant with drooping leaves showing brown spots,[0],water_stress,blip_caption
a wilting crop plant with drooping leaves showing brown spots,[0],water_stress,blip_caption
a drought stressed plant with dry curling leaves and brown spots,[0],water_stress,blip_caption
a drought stressed plant with dry curling leaves and brown blotch,[0],water_stress,blip_caption
a wilting crop plant with drooping leaves showing brown spots,[0],water_stress,blip_caption
a drought stressed plant with dry curling leaves and brown spots,[0],water_stress,blip_caption
a wilting crop plant with drooping leaves showing brown spots,[0],water_stress,blip_caption
a wilting crop plant with drooping leaves showing yellow and black spots,[0],water_stress,blip_caption
a wilting crop plant with drooping leaves showing brown spots,[0],water_stress,blip_caption
a wilting crop plant with drooping leaves showing brown spots,[0],water_stress,blip_caption
a drought stressed plant with dry curling leaves and brown spots,[0],water_stress,blip_caption
a wilting crop plant with drooping leaves showing brown spots,[0],water_stress,blip_caption
a wilting crop plant with drooping leaves showing brown spots,[0],water_stress,blip_caption
a drought stressed plant with dry curling leaves and brown blotch on it,[0],water_stress,blip_caption
a wilting crop plant with drooping leaves showing brown spots,[0],water_stress,blip_caption
a wilting crop plant with drooping leaves showing brown spots,[0],water_stress,blip_caption
a wilting crop plant with drooping leaves showing brown spots on the leaves,[0],water_stress,blip_caption
a drought stressed plant with dry curling leaves and brown spots on it,[0],water_stress,blip_caption
a drought stressed plant with dry curling leaves and brown spots,[0],water_stress,blip_caption
a wilting crop plant with drooping leaves showing brown spots,[0],water_stress,blip_caption
a wilting crop plant with drooping leaves showing brown spots,[0],water_stress,blip_caption
a drought stressed plant with dry curling leaves and rust on it,[0],water_stress,blip_caption
a wilting crop plant with drooping leaves showing yellow and brown spots,[0],water_stress,blip_caption
a wilting crop plant with drooping leaves showing brown and green spots,[0],water_stress,blip_caption
a drought stressed plant with dry curling leaves and brown spots,[0],water_stress,blip_caption
a wilting crop plant with drooping leaves showing brown spots,[0],water_stress,blip_caption
a drought stressed plant with dry curling leaves and brown spots,[0],water_stress,blip_caption
a wilting crop plant with drooping leaves showing brown spots,[0],water_stress,blip_caption
a drought stressed plant with dry curling leaves and brown spots on the leaves,[0],water_stress,blip_caption
a wilting crop plant with drooping leaves showing brown spots,[0],water_stress,blip_caption
a wilting crop plant with drooping leaves showing yellow spots,[0],water_stress,blip_caption
a wilting crop plant with drooping leaves showing yellow and brown spots,[0],water_stress,blip_caption
a drought stressed plant with dry curling leaves and brown spots on the leaves,[0],water_stress,blip_caption
a drought stressed plant with dry curling leaves and brown spots,[0],water_stress,blip_caption
a drought stressed plant with dry curling leaves and brown spots,[0],water_stress,blip_caption
a drought stressed plant with dry curling leaves and brown spots on the underside of the leaf,[0],water_stress,blip_caption
a drought stressed plant with dry curling leaves and brown spots,[0],water_stress,blip_caption
a drought stressed plant with dry curling leaves and brown spots on the leaf,[0],water_stress,blip_caption
a drought stressed plant with dry curling leaves and brown spots on it,[0],water_stress,blip_caption
a drought stressed plant with dry curling leaves and brown spots,[0],water_stress,blip_caption
a wilting crop plant with drooping leaves showing brown spots,[0],water_stress,blip_caption
a drought stressed plant with dry curling leaves and brown blotch,[0],water_stress,blip_caption
a wilting crop plant with drooping leaves showing brown spots,[0],water_stress,blip_caption
a wilting crop plant with drooping leaves showing yellow and brown spots,[0],water_stress,blip_caption
a drought stressed plant with dry curling leaves and brown spots,[0],water_stress,blip_caption
a wilting crop plant with drooping leaves showing green and brown spots,[0],water_stress,blip_caption
a drought stressed plant with dry curling leaves and brown blotch on it,[0],water_stress,blip_caption
a wilting crop plant with drooping leaves showing yellow and green,[0],water_stress,blip_caption
a drought stressed plant with dry curling leaves and brown spots,[0],water_stress,blip_caption
a drought stressed plant with dry curling leaves and brown spots,[0],water_stress,blip_caption
a wilting crop plant with drooping leaves showing yellow and brown spots,[0],water_stress,blip_caption
a drought stressed plant with dry curling leaves and brown spots on it,[0],water_stress,blip_caption
a wilting crop plant with drooping leaves showing brown and yellow blotches,[0],water_stress,blip_caption
a drought stressed plant with dry curling leaves and brown spots on it,[0],water_stress,blip_caption
a drought stressed plant with dry curling leaves and yellow spots,[0],water_stress,blip_caption
a wilting crop plant with drooping leaves showing yellow and brown spots,[0],water_stress,blip_caption
a drought stressed plant with dry curling leaves and yellow blotch on it,[0],water_stress,blip_caption
a wilting crop plant with drooping leaves showing brown spots on the leaf,[0],water_stress,blip_caption
a wilting crop plant with drooping leaves showing yellow and brown spots,[0],water_stress,blip_caption
a drought stressed plant with dry curling leaves and brown spots,[0],water_stress,blip_caption
a wilting crop plant with drooping leaves showing brown spots,[0],water_stress,blip_caption
a wilting crop plant with drooping leaves showing brown spots on the leaves,[0],water_stress,blip_caption
a drought stressed plant with dry curling leaves and brown spots on the underside of the leaf,[0],water_stress,blip_caption
a wilting crop plant with drooping leaves showing brown spots,[0],water_stress,blip_caption
a wilting crop plant with drooping leaves showing brown spots,[0],water_stress,blip_caption
