text,class_id,class_name,split,template_type
The tea plantation in Sylhet reports significant crop stress affecting the petiole of plants.,1,helopeltis,train,cross_class
Tea cultivation report: early-stage stress indicators found on lower leaf surface across multiple plots.,0,gray_blight,train,cross_class
Tea cultivation report: early-stage stress indicators found on leaf margin across multiple plots.,4,red_leaf_spot,train,cross_class
Tea crop health assessment shows widespread fungal infection spreading through petiole tissue.,1,helopeltis,train,cross_class
Tea bushes in the Sri Lanka garden show widespread leaf symptoms requiring diagnostic testing.,1,helopeltis,val,cross_class
The leaf lamina displays classic helopeltis infestation marks with widespread brown stippling patterns.,1,helopeltis,train,class_specific
The tea plantation in Sylhet reports significant crop stress affecting the lower leaf surface of plants.,4,red_leaf_spot,train,cross_class
Tea tip borer helopeltis has caused mild characteristic shot-hole patterns on the petiole.,1,helopeltis,train,class_specific
Gray blight infection causes localized grayish-brown lesions on the upper leaf surface of tea plants.,0,gray_blight,val,class_specific
Leaf biopsy from the mature leaf shows widespread cellular damage consistent with pathogen attack.,3,brown_blight,train,cross_class
The petiole of tea plants shows moderate signs of stress possibly related to environmental factors.,3,brown_blight,train,cross_class
Weather-related stress compounded by widespread fungal infection on tea leaf margin tissue.,1,helopeltis,train,cross_class
Tea tip borer helopeltis has caused early-stage characteristic shot-hole patterns on the petiole.,1,helopeltis,val,class_specific
Tea cultivation report: advanced stress indicators found on leaf lamina across multiple plots.,0,gray_blight,train,cross_class
Severe extensive brown blight infection results in premature defoliation of tea young shoot.,3,brown_blight,train,class_specific
Tea quality tests show degraded leaf integrity with mild damage to upper leaf surface structures.,3,brown_blight,train,cross_class
Tea crop health assessment shows moderate fungal infection spreading through upper leaf surface tissue.,1,helopeltis,train,cross_class
Leaf biopsy from the leaf margin shows moderate cellular damage consistent with pathogen attack.,1,helopeltis,val,cross_class
Agronomists identified extensive disease patterns on tea lower leaf surface consistent with pathogen infection.,3,brown_blight,train,cross_class
The upper leaf surface shows mixed acute symptoms suggesting complex tea leaf disease interaction.,4,red_leaf_spot,train,cross_class
The leaf margin shows acute brown blight symptoms with irregular dark brown spots and margins.,3,brown_blight,train,class_specific
Tea leaves exhibit moderate red leaf spot lesions with distinct reddish centers on young shoot.,4,red_leaf_spot,train,class_specific
The lower leaf surface of tea plants shows chronic signs of stress possibly related to environmental factors.,2,algal_leaf_spot,train,cross_class
Tea crop health assessment shows early-stage fungal infection spreading through lower leaf surface tissue.,3,brown_blight,train,cross_class
Field scouts observed mild leaf disease symptoms requiring immediate treatment in the leaf tip.,4,red_leaf_spot,train,cross_class
Tea bushes in the Kangra garden show chronic leaf symptoms requiring diagnostic testing.,1,helopeltis,train,cross_class
Disease pressure on tea upper leaf surface has been severe in the current growing season.,1,helopeltis,train,cross_class
The tea leaf shows distinct advanced gray patches with irregular margins spreading across the leaf midrib.,0,gray_blight,train,class_specific
Crop monitoring detected chronic anomalies in tea lower leaf surface coloration indicating possible disease.,1,helopeltis,train,cross_class
Brown blight causes mild water-soaked lesions that turn necrotic on the tea petiole.,3,brown_blight,train,class_specific
Weather-related stress compounded by widespread fungal infection on tea upper leaf surface tissue.,0,gray_blight,train,cross_class
Extension officer identified acute disease outbreak affecting tea mature leaf in the cooperative.,2,algal_leaf_spot,train,cross_class
Disease pressure on tea leaf lamina has been acute in the current growing season.,0,gray_blight,train,cross_class
Tea quality tests show degraded leaf integrity with severe damage to petiole structures.,0,gray_blight,train,cross_class
Crop monitoring detected severe anomalies in tea mature leaf coloration indicating possible disease.,3,brown_blight,train,cross_class
Tea cultivation report: acute stress indicators found on leaf midrib across multiple plots.,0,gray_blight,train,cross_class
Red leaf spot creates mild reddish-brown circular lesions on the upper tea leaf midrib surface.,4,red_leaf_spot,train,class_specific
Pest and disease survey recorded severe damage to tea upper leaf surface in highland gardens.,1,helopeltis,train,cross_class
Remote sensing detected chronic spectral anomalies in tea canopy at leaf lamina level.,0,gray_blight,train,cross_class
Tea quality tests show degraded leaf integrity with extensive damage to leaf midrib structures.,0,gray_blight,train,cross_class
Tea plant mature leaf affected by acute algal spots showing concentric rings and orange sporulation.,2,algal_leaf_spot,val,class_specific
The tea leaf shows distinct moderate gray patches with irregular margins spreading across the lower leaf surface.,0,gray_blight,val,class_specific
Agronomists identified chronic disease patterns on tea leaf lamina consistent with pathogen infection.,2,algal_leaf_spot,train,cross_class
The tea plantation in Munnar reports significant crop stress affecting the leaf midrib of plants.,2,algal_leaf_spot,train,cross_class
Extension officer identified advanced disease outbreak affecting tea petiole in the cooperative.,1,helopeltis,train,cross_class
The leaf midrib of tea plants shows early-stage signs of stress possibly related to environmental factors.,2,algal_leaf_spot,train,cross_class
Tea cultivation report: mild stress indicators found on lower leaf surface across multiple plots.,4,red_leaf_spot,train,cross_class
Tea crop health assessment shows acute fungal infection spreading through leaf tip tissue.,1,helopeltis,val,cross_class
Tea leaves display mild brown blight patches caused by Colletotrichum species on petiole.,3,brown_blight,val,class_specific
Agronomists identified localized disease patterns on tea petiole consistent with pathogen infection.,0,gray_blight,train,cross_class
The upper leaf surface has acute algal spot colonies with characteristic powdery orange surface texture.,2,algal_leaf_spot,val,class_specific
The tea flush shows severe helopeltis bug puncture wounds with dark halos on lower leaf surface.,1,helopeltis,train,class_specific
The leaf lamina shows chronic brown blight symptoms with irregular dark brown spots and margins.,3,brown_blight,train,class_specific
Tea plant upper leaf surface affected by severe algal spots showing concentric rings and orange sporulation.,2,algal_leaf_spot,train,class_specific
Crop monitoring detected moderate anomalies in tea young shoot coloration indicating possible disease.,4,red_leaf_spot,train,cross_class
The leaf lamina shows moderate red spot disease caused by Phyllosticta with characteristic red margins.,4,red_leaf_spot,train,class_specific
Tea bushes in the Kangra garden show severe leaf symptoms requiring diagnostic testing.,4,red_leaf_spot,train,cross_class
Extension officer identified extensive disease outbreak affecting tea leaf lamina in the cooperative.,0,gray_blight,train,cross_class
Tea leaves display severe brown blight patches caused by Colletotrichum species on upper leaf surface.,3,brown_blight,train,class_specific
Field scouts observed severe leaf disease symptoms requiring immediate treatment in the upper leaf surface.,0,gray_blight,val,cross_class
Algal leaf spot disease presents advanced circular lesions with orange spore masses on leaf lamina.,2,algal_leaf_spot,val,class_specific
Tea cultivation report: moderate stress indicators found on leaf tip across multiple plots.,0,gray_blight,val,cross_class
Leaf biopsy from the leaf tip shows advanced cellular damage consistent with pathogen attack.,1,helopeltis,train,cross_class
Helopeltis feeding damage causes advanced brown scorch marks on the petiole of tea shoots.,1,helopeltis,train,class_specific
Remote sensing detected early-stage spectral anomalies in tea canopy at leaf midrib level.,2,algal_leaf_spot,train,cross_class
Weather-related stress compounded by advanced fungal infection on tea upper leaf surface tissue.,1,helopeltis,train,cross_class
Gray blight infection causes chronic grayish-brown lesions on the leaf lamina of tea plants.,0,gray_blight,train,class_specific
Tea bushes in the Nilgiri garden show acute leaf symptoms requiring diagnostic testing.,4,red_leaf_spot,train,cross_class
Tea quality tests show degraded leaf integrity with extensive damage to leaf midrib structures.,2,algal_leaf_spot,train,cross_class
Tea estate management flagged widespread infection on the mature leaf requiring fungicide application.,4,red_leaf_spot,val,cross_class
Weather-related stress compounded by moderate fungal infection on tea leaf midrib tissue.,2,algal_leaf_spot,train,cross_class
Weather-related stress compounded by mild fungal infection on tea mature leaf tissue.,4,red_leaf_spot,train,cross_class
Farmers noted localized red leaf spot outbreaks causing leaf margin damage and reduced yield.,4,red_leaf_spot,train,class_specific
Severe moderate brown blight infection results in premature defoliation of tea petiole.,3,brown_blight,val,class_specific
The upper leaf surface shows mixed mild symptoms suggesting complex tea leaf disease interaction.,3,brown_blight,train,cross_class
Circular mild algal leaf spots with raised orange-red centers appear on the petiole.,2,algal_leaf_spot,train,class_specific
Tea bushes in the Kangra garden show early-stage leaf symptoms requiring diagnostic testing.,2,algal_leaf_spot,val,cross_class
Weather-related stress compounded by severe fungal infection on tea leaf tip tissue.,0,gray_blight,train,cross_class
The young shoot of tea plants shows widespread signs of stress possibly related to environmental factors.,3,brown_blight,train,cross_class
The young shoot shows early-stage red spot disease caused by Phyllosticta with characteristic red margins.,4,red_leaf_spot,val,class_specific
Disease pressure on tea leaf midrib has been localized in the current growing season.,4,red_leaf_spot,train,cross_class
Agronomists identified localized disease patterns on tea young shoot consistent with pathogen infection.,4,red_leaf_spot,train,cross_class
Tea crop health assessment shows mild fungal infection spreading through leaf margin tissue.,2,algal_leaf_spot,val,cross_class
The petiole shows widespread red spot disease caused by Phyllosticta with characteristic red margins.,4,red_leaf_spot,train,class_specific
The tea plantation in Kangra reports significant crop stress affecting the young shoot of plants.,2,algal_leaf_spot,train,cross_class
Tea cultivation report: advanced stress indicators found on young shoot across multiple plots.,2,algal_leaf_spot,train,cross_class
Tea growers reported localized gray blight damage with necrotic spots covering the petiole.,0,gray_blight,train,class_specific
Tea bushes in the Kangra garden show extensive leaf symptoms requiring diagnostic testing.,0,gray_blight,train,cross_class
Field scouts observed moderate leaf disease symptoms requiring immediate treatment in the lower leaf surface.,4,red_leaf_spot,train,cross_class
Leaf biopsy from the lower leaf surface shows widespread cellular damage consistent with pathogen attack.,2,algal_leaf_spot,train,cross_class
Field scouts observed moderate leaf disease symptoms requiring immediate treatment in the petiole.,3,brown_blight,val,cross_class
The young shoot shows mixed localized symptoms suggesting complex tea leaf disease interaction.,2,algal_leaf_spot,train,cross_class
The leaf tip shows advanced red spot disease caused by Phyllosticta with characteristic red margins.,4,red_leaf_spot,val,class_specific
Affected tea shoots display early-stage necrotic tissue with a characteristic gray discoloration.,0,gray_blight,train,class_specific
Tea cultivation report: localized stress indicators found on young shoot across multiple plots.,1,helopeltis,train,cross_class
Tea leaves display mild brown blight patches caused by Colletotrichum species on leaf midrib.,3,brown_blight,train,class_specific
The petiole shows acute brown blight symptoms with irregular dark brown spots and margins.,3,brown_blight,train,class_specific
The leaf midrib displays early-stage red spot symptoms with sunken centers and dark red borders.,4,red_leaf_spot,val,class_specific
Weather-related stress compounded by moderate fungal infection on tea lower leaf surface tissue.,1,helopeltis,val,cross_class
Remote sensing detected localized spectral anomalies in tea canopy at mature leaf level.,1,helopeltis,train,cross_class
Agronomists identified mild disease patterns on tea leaf lamina consistent with pathogen infection.,0,gray_blight,val,cross_class
The lower leaf surface shows mixed extensive symptoms suggesting complex tea leaf disease interaction.,0,gray_blight,train,cross_class
Tea bushes in the Munnar garden show moderate leaf symptoms requiring diagnostic testing.,2,algal_leaf_spot,train,cross_class
The young shoot displays classic helopeltis infestation marks with moderate brown stippling patterns.,1,helopeltis,train,class_specific
Tea quality tests show degraded leaf integrity with extensive damage to leaf margin structures.,3,brown_blight,train,cross_class
Brown blight causes chronic water-soaked lesions that turn necrotic on the tea mature leaf.,3,brown_blight,train,class_specific
Tea estate management flagged widespread infection on the leaf midrib requiring fungicide application.,3,brown_blight,train,cross_class
Tea leaves display extensive brown blight patches caused by Colletotrichum species on young shoot.,3,brown_blight,val,class_specific
Pest and disease survey recorded localized damage to tea leaf midrib in highland gardens.,4,red_leaf_spot,train,cross_class
The young shoot of the tea bush exhibits gray blight symptoms including widespread sunken lesions.,0,gray_blight,val,class_specific
Tea leaves show extensive Cephaleuros virescens spots creating rust-orange patches on petiole.,2,algal_leaf_spot,train,class_specific
Tea crop health assessment shows mild fungal infection spreading through leaf lamina tissue.,0,gray_blight,train,cross_class
The mature leaf has severe algal spot colonies with characteristic powdery orange surface texture.,2,algal_leaf_spot,train,class_specific
Tea crop health assessment shows severe fungal infection spreading through upper leaf surface tissue.,4,red_leaf_spot,train,cross_class
The leaf midrib of tea plants shows mild signs of stress possibly related to environmental factors.,3,brown_blight,train,cross_class
Helopeltis feeding damage causes early-stage brown scorch marks on the leaf tip of tea shoots.,1,helopeltis,train,class_specific
Tea tip borer helopeltis has caused advanced characteristic shot-hole patterns on the leaf margin.,1,helopeltis,train,class_specific
Weather-related stress compounded by widespread fungal infection on tea leaf lamina tissue.,2,algal_leaf_spot,val,cross_class
The leaf midrib shows mixed widespread symptoms suggesting complex tea leaf disease interaction.,1,helopeltis,val,cross_class
Tea bushes in the Darjeeling garden show mild leaf symptoms requiring diagnostic testing.,0,gray_blight,val,cross_class
Leaf biopsy from the leaf margin shows acute cellular damage consistent with pathogen attack.,4,red_leaf_spot,train,cross_class
Tea leaves show localized Cephaleuros virescens spots creating rust-orange patches on young shoot.,2,algal_leaf_spot,train,class_specific
Tea estate management flagged early-stage infection on the mature leaf requiring fungicide application.,3,brown_blight,train,cross_class
Tea estate management flagged localized infection on the leaf midrib requiring fungicide application.,4,red_leaf_spot,train,cross_class
The petiole of tea plants shows mild signs of stress possibly related to environmental factors.,2,algal_leaf_spot,val,cross_class
Tea tip borer helopeltis has caused acute characteristic shot-hole patterns on the mature leaf.,1,helopeltis,val,class_specific
Tea bushes in the Nilgiri garden show advanced leaf symptoms requiring diagnostic testing.,4,red_leaf_spot,val,cross_class
Young tea shoots suffer early-stage helopeltis damage with angular leaf lamina lesions and necrosis.,1,helopeltis,train,class_specific
The young shoot exhibits advanced discoloration and tissue damage consistent with tea leaf disease.,2,algal_leaf_spot,train,cross_class
Tea estate management flagged chronic infection on the leaf lamina requiring fungicide application.,4,red_leaf_spot,train,cross_class
Field scouts observed acute leaf disease symptoms requiring immediate treatment in the petiole.,0,gray_blight,val,cross_class
The leaf midrib of the tea bush exhibits gray blight symptoms including severe sunken lesions.,0,gray_blight,train,class_specific
The leaf midrib of tea plants shows advanced signs of stress possibly related to environmental factors.,3,brown_blight,train,cross_class
Tea quality tests show degraded leaf integrity with advanced damage to mature leaf structures.,0,gray_blight,train,cross_class
The tea plantation in Darjeeling reports significant crop stress affecting the upper leaf surface of plants.,4,red_leaf_spot,train,cross_class
Tea estate management flagged mild infection on the leaf margin requiring fungicide application.,2,algal_leaf_spot,train,cross_class
The leaf margin of tea plants shows widespread signs of stress possibly related to environmental factors.,0,gray_blight,val,cross_class
Red leaf spot creates severe reddish-brown circular lesions on the upper tea leaf midrib surface.,4,red_leaf_spot,train,class_specific
Farmers noted advanced red leaf spot outbreaks causing leaf margin damage and reduced yield.,4,red_leaf_spot,val,class_specific
Affected tea shoots display chronic necrotic tissue with a characteristic gray discoloration.,0,gray_blight,train,class_specific
Leaf biopsy from the young shoot shows extensive cellular damage consistent with pathogen attack.,1,helopeltis,train,cross_class
Tea crop health assessment shows advanced fungal infection spreading through leaf margin tissue.,3,brown_blight,train,cross_class
The tea leaf shows distinct localized gray patches with irregular margins spreading across the upper leaf surface.,0,gray_blight,train,class_specific
The mature leaf displays widespread red spot symptoms with sunken centers and dark red borders.,4,red_leaf_spot,val,class_specific
Tea quality tests show degraded leaf integrity with chronic damage to leaf margin structures.,1,helopeltis,train,cross_class
The lower leaf surface of tea plants shows extensive signs of stress possibly related to environmental factors.,1,helopeltis,val,cross_class
The leaf margin shows mixed advanced symptoms suggesting complex tea leaf disease interaction.,3,brown_blight,train,cross_class
Tea estate management flagged severe infection on the lower leaf surface requiring fungicide application.,3,brown_blight,train,cross_class
The leaf tip of the tea bush exhibits gray blight symptoms including localized sunken lesions.,0,gray_blight,train,class_specific
Extension officer identified moderate disease outbreak affecting tea petiole in the cooperative.,0,gray_blight,val,cross_class
The petiole has extensive algal spot colonies with characteristic powdery orange surface texture.,2,algal_leaf_spot,train,class_specific
Crop monitoring detected mild anomalies in tea lower leaf surface coloration indicating possible disease.,4,red_leaf_spot,train,cross_class
The tea plantation in Darjeeling reports significant crop stress affecting the upper leaf surface of plants.,1,helopeltis,train,cross_class
Red leaf spot creates localized reddish-brown circular lesions on the upper tea leaf lamina surface.,4,red_leaf_spot,val,class_specific
Tea growers reported acute gray blight damage with necrotic spots covering the petiole.,0,gray_blight,val,class_specific
The tea plantation in Sylhet reports significant crop stress affecting the lower leaf surface of plants.,0,gray_blight,train,cross_class
Tea crop health assessment shows moderate fungal infection spreading through leaf margin tissue.,4,red_leaf_spot,train,cross_class
Tea leaves exhibit early-stage red leaf spot lesions with distinct reddish centers on leaf margin.,4,red_leaf_spot,train,class_specific
Tea bushes in the Assam garden show moderate leaf symptoms requiring diagnostic testing.,2,algal_leaf_spot,train,cross_class
Algal leaf spot disease presents early-stage circular lesions with orange spore masses on lower leaf surface.,2,algal_leaf_spot,val,class_specific
The lower leaf surface shows mixed mild symptoms suggesting complex tea leaf disease interaction.,2,algal_leaf_spot,train,cross_class
Weather-related stress compounded by moderate fungal infection on tea upper leaf surface tissue.,1,helopeltis,val,cross_class
Tea quality tests show degraded leaf integrity with early-stage damage to mature leaf structures.,1,helopeltis,train,cross_class
The leaf margin displays classic helopeltis infestation marks with moderate brown stippling patterns.,1,helopeltis,train,class_specific
Tea quality tests show degraded leaf integrity with moderate damage to leaf margin structures.,3,brown_blight,train,cross_class
Tea tip borer helopeltis has caused moderate characteristic shot-hole patterns on the leaf midrib.,1,helopeltis,train,class_specific
The leaf midrib of tea plants shows chronic signs of stress possibly related to environmental factors.,3,brown_blight,train,cross_class
Leaf biopsy from the leaf lamina shows mild cellular damage consistent with pathogen attack.,4,red_leaf_spot,train,cross_class
Gray blight infection causes early-stage grayish-brown lesions on the leaf lamina of tea plants.,0,gray_blight,train,class_specific
Disease pressure on tea leaf tip has been early-stage in the current growing season.,3,brown_blight,train,cross_class
The leaf tip shows mixed moderate symptoms suggesting complex tea leaf disease interaction.,0,gray_blight,train,cross_class
Tea quality tests show degraded leaf integrity with early-stage damage to mature leaf structures.,3,brown_blight,train,cross_class
The tea leaf shows distinct extensive gray patches with irregular margins spreading across the lower leaf surface.,0,gray_blight,train,class_specific
The tea flush shows advanced helopeltis bug puncture wounds with dark halos on leaf lamina.,1,helopeltis,val,class_specific
Remote sensing detected moderate spectral anomalies in tea canopy at petiole level.,4,red_leaf_spot,train,cross_class
Leaf biopsy from the leaf tip shows early-stage cellular damage consistent with pathogen attack.,1,helopeltis,train,cross_class
Brown blight causes localized water-soaked lesions that turn necrotic on the tea petiole.,3,brown_blight,val,class_specific
Agronomists identified extensive disease patterns on tea leaf tip consistent with pathogen infection.,3,brown_blight,train,cross_class
Remote sensing detected widespread spectral anomalies in tea canopy at leaf lamina level.,1,helopeltis,train,cross_class
Tea cultivation report: mild stress indicators found on leaf margin across multiple plots.,4,red_leaf_spot,train,cross_class
Tea cultivation report: extensive stress indicators found on leaf tip across multiple plots.,0,gray_blight,train,cross_class
Leaf biopsy from the leaf tip shows acute cellular damage consistent with pathogen attack.,1,helopeltis,train,cross_class
Brown blight causes acute water-soaked lesions that turn necrotic on the tea young shoot.,3,brown_blight,val,class_specific
Field scouts observed early-stage leaf disease symptoms requiring immediate treatment in the young shoot.,1,helopeltis,train,cross_class
The tea flush shows localized helopeltis bug puncture wounds with dark halos on petiole.,1,helopeltis,train,class_specific
Farmers noted localized red leaf spot outbreaks causing leaf tip damage and reduced yield.,4,red_leaf_spot,val,class_specific
Tea leaves exhibit localized red leaf spot lesions with distinct reddish centers on lower leaf surface.,4,red_leaf_spot,train,class_specific
Brown blight causes mild water-soaked lesions that turn necrotic on the tea petiole.,3,brown_blight,train,class_specific
The tea mature leaf has moderate brown blight lesions with concentric rings and yellow halos.,3,brown_blight,train,class_specific
Field scouts observed acute leaf disease symptoms requiring immediate treatment in the leaf midrib.,3,brown_blight,train,cross_class
The tea leaf shows distinct early-stage gray patches with irregular margins spreading across the upper leaf surface.,0,gray_blight,val,class_specific
Tea bushes in the Sri Lanka garden show severe leaf symptoms requiring diagnostic testing.,3,brown_blight,train,cross_class
Tea bushes in the Assam garden show acute leaf symptoms requiring diagnostic testing.,2,algal_leaf_spot,val,cross_class
Severe mild brown blight infection results in premature defoliation of tea lower leaf surface.,3,brown_blight,train,class_specific
The leaf margin has localized algal spot colonies with characteristic powdery orange surface texture.,2,algal_leaf_spot,train,class_specific
The petiole shows mixed widespread symptoms suggesting complex tea leaf disease interaction.,1,helopeltis,train,cross_class
The leaf margin shows mixed extensive symptoms suggesting complex tea leaf disease interaction.,3,brown_blight,train,cross_class
The leaf lamina of the tea bush exhibits gray blight symptoms including chronic sunken lesions.,0,gray_blight,train,class_specific
The upper leaf surface has mild algal spot colonies with characteristic powdery orange surface texture.,2,algal_leaf_spot,train,class_specific
Extension officer identified extensive disease outbreak affecting tea leaf margin in the cooperative.,3,brown_blight,train,cross_class
The tea petiole has extensive brown blight lesions with concentric rings and yellow halos.,3,brown_blight,train,class_specific
The tea leaf shows distinct advanced gray patches with irregular margins spreading across the petiole.,0,gray_blight,train,class_specific
Tea quality tests show degraded leaf integrity with mild damage to leaf midrib structures.,4,red_leaf_spot,train,cross_class
Tea estate management flagged extensive infection on the lower leaf surface requiring fungicide application.,2,algal_leaf_spot,train,cross_class
Weather-related stress compounded by acute fungal infection on tea petiole tissue.,2,algal_leaf_spot,train,cross_class
Tea leaves exhibit localized red leaf spot lesions with distinct reddish centers on petiole.,4,red_leaf_spot,train,class_specific
The young shoot shows moderate red spot disease caused by Phyllosticta with characteristic red margins.,4,red_leaf_spot,train,class_specific
Field scouts observed mild leaf disease symptoms requiring immediate treatment in the leaf midrib.,2,algal_leaf_spot,train,cross_class
Extension officer identified acute disease outbreak affecting tea lower leaf surface in the cooperative.,3,brown_blight,train,cross_class
Tea crop health assessment shows moderate fungal infection spreading through leaf margin tissue.,4,red_leaf_spot,val,cross_class
The leaf margin exhibits localized discoloration and tissue damage consistent with tea leaf disease.,1,helopeltis,train,cross_class
Severe chronic brown blight infection results in premature defoliation of tea leaf lamina.,3,brown_blight,train,class_specific
The leaf tip of the tea bush exhibits gray blight symptoms including extensive sunken lesions.,0,gray_blight,train,class_specific
Field scouts observed early-stage leaf disease symptoms requiring immediate treatment in the lower leaf surface.,4,red_leaf_spot,train,cross_class
Young tea shoots suffer mild helopeltis damage with angular leaf margin lesions and necrosis.,1,helopeltis,train,class_specific
Tea estate management flagged localized infection on the mature leaf requiring fungicide application.,0,gray_blight,train,cross_class
Tea crop health assessment shows mild fungal infection spreading through mature leaf tissue.,2,algal_leaf_spot,train,cross_class
Leaf biopsy from the leaf lamina shows localized cellular damage consistent with pathogen attack.,1,helopeltis,train,cross_class
The lower leaf surface exhibits early-stage discoloration and tissue damage consistent with tea leaf disease.,1,helopeltis,train,cross_class
Tea leaves show advanced Cephaleuros virescens spots creating rust-orange patches on leaf midrib.,2,algal_leaf_spot,train,class_specific
The tea leaf midrib has severe brown blight lesions with concentric rings and yellow halos.,3,brown_blight,val,class_specific
Brown blight causes widespread water-soaked lesions that turn necrotic on the tea leaf tip.,3,brown_blight,train,class_specific
Circular moderate algal leaf spots with raised orange-red centers appear on the leaf tip.,2,algal_leaf_spot,train,class_specific
Field scouts observed mild leaf disease symptoms requiring immediate treatment in the upper leaf surface.,2,algal_leaf_spot,train,cross_class
The mature leaf has chronic algal spot colonies with characteristic powdery orange surface texture.,2,algal_leaf_spot,train,class_specific
Tea bushes in the Kangra garden show moderate leaf symptoms requiring diagnostic testing.,2,algal_leaf_spot,train,cross_class
Tea bushes in the Munnar garden show advanced leaf symptoms requiring diagnostic testing.,0,gray_blight,val,cross_class
Tea leaves exhibit localized red leaf spot lesions with distinct reddish centers on leaf lamina.,4,red_leaf_spot,train,class_specific
Extension officer identified localized disease outbreak affecting tea leaf tip in the cooperative.,1,helopeltis,train,cross_class
The petiole displays widespread red spot symptoms with sunken centers and dark red borders.,4,red_leaf_spot,train,class_specific
Young tea shoots suffer mild helopeltis damage with angular leaf lamina lesions and necrosis.,1,helopeltis,train,class_specific
Pest and disease survey recorded acute damage to tea young shoot in highland gardens.,4,red_leaf_spot,train,cross_class
Young tea shoots suffer early-stage helopeltis damage with angular leaf lamina lesions and necrosis.,1,helopeltis,train,class_specific
The mature leaf of tea plants shows severe signs of stress possibly related to environmental factors.,2,algal_leaf_spot,train,cross_class
Farmers noted acute red leaf spot outbreaks causing upper leaf surface damage and reduced yield.,4,red_leaf_spot,train,class_specific
Field scouts observed early-stage leaf disease symptoms requiring immediate treatment in the leaf tip.,4,red_leaf_spot,train,cross_class
Weather-related stress compounded by extensive fungal infection on tea mature leaf tissue.,3,brown_blight,val,cross_class
Disease pressure on tea young shoot has been severe in the current growing season.,0,gray_blight,train,cross_class
Tea bushes in the Kangra garden show chronic leaf symptoms requiring diagnostic testing.,0,gray_blight,train,cross_class
The petiole has chronic algal spot colonies with characteristic powdery orange surface texture.,2,algal_leaf_spot,train,class_specific
Tea quality tests show degraded leaf integrity with extensive damage to young shoot structures.,1,helopeltis,train,cross_class
Circular mild algal leaf spots with raised orange-red centers appear on the upper leaf surface.,2,algal_leaf_spot,train,class_specific
Leaf biopsy from the leaf midrib shows extensive cellular damage consistent with pathogen attack.,0,gray_blight,train,cross_class
The lower leaf surface shows widespread red spot disease caused by Phyllosticta with characteristic red margins.,4,red_leaf_spot,train,class_specific
The petiole exhibits acute discoloration and tissue damage consistent with tea leaf disease.,1,helopeltis,train,cross_class
Remote sensing detected acute spectral anomalies in tea canopy at leaf lamina level.,1,helopeltis,train,cross_class
Disease pressure on tea leaf lamina has been acute in the current growing season.,0,gray_blight,val,cross_class
Leaf biopsy from the leaf tip shows early-stage cellular damage consistent with pathogen attack.,2,algal_leaf_spot,val,cross_class
Agronomists identified early-stage disease patterns on tea young shoot consistent with pathogen infection.,1,helopeltis,train,cross_class
Remote sensing detected chronic spectral anomalies in tea canopy at upper leaf surface level.,3,brown_blight,train,cross_class
Tea plant petiole affected by extensive algal spots showing concentric rings and orange sporulation.,2,algal_leaf_spot,train,class_specific
Tea crop health assessment shows chronic fungal infection spreading through leaf midrib tissue.,1,helopeltis,train,cross_class
Weather-related stress compounded by widespread fungal infection on tea young shoot tissue.,3,brown_blight,train,cross_class
Remote sensing detected advanced spectral anomalies in tea canopy at mature leaf level.,0,gray_blight,train,cross_class
Tea estate management flagged severe infection on the mature leaf requiring fungicide application.,3,brown_blight,train,cross_class
The upper leaf surface shows mixed moderate symptoms suggesting complex tea leaf disease interaction.,2,algal_leaf_spot,train,cross_class
The mature leaf displays mild red spot symptoms with sunken centers and dark red borders.,4,red_leaf_spot,train,class_specific
Field scouts observed severe leaf disease symptoms requiring immediate treatment in the mature leaf.,3,brown_blight,train,cross_class
The young shoot displays classic helopeltis infestation marks with chronic brown stippling patterns.,1,helopeltis,train,class_specific
Disease pressure on tea lower leaf surface has been chronic in the current growing season.,2,algal_leaf_spot,val,cross_class
Weather-related stress compounded by acute fungal infection on tea leaf lamina tissue.,1,helopeltis,train,cross_class
Tea crop health assessment shows mild fungal infection spreading through mature leaf tissue.,1,helopeltis,train,cross_class
The lower leaf surface shows mixed mild symptoms suggesting complex tea leaf disease interaction.,1,helopeltis,train,cross_class
Tea bushes in the Darjeeling garden show widespread leaf symptoms requiring diagnostic testing.,4,red_leaf_spot,train,cross_class
The petiole displays widespread red spot symptoms with sunken centers and dark red borders.,4,red_leaf_spot,train,class_specific
Red leaf spot creates acute reddish-brown circular lesions on the upper tea leaf midrib surface.,4,red_leaf_spot,train,class_specific
Disease pressure on tea leaf lamina has been extensive in the current growing season.,4,red_leaf_spot,train,cross_class
The upper leaf surface shows widespread red spot disease caused by Phyllosticta with characteristic red margins.,4,red_leaf_spot,train,class_specific
Tea quality tests show degraded leaf integrity with widespread damage to petiole structures.,1,helopeltis,val,cross_class
Field scouts observed widespread leaf disease symptoms requiring immediate treatment in the leaf margin.,3,brown_blight,train,cross_class
Tea cultivation report: advanced stress indicators found on young shoot across multiple plots.,1,helopeltis,train,cross_class
Tea leaves display extensive brown blight patches caused by Colletotrichum species on mature leaf.,3,brown_blight,train,class_specific
Tea bushes in the Kangra garden show localized leaf symptoms requiring diagnostic testing.,0,gray_blight,train,cross_class
Tea crop health assessment shows localized fungal infection spreading through mature leaf tissue.,0,gray_blight,train,cross_class
Tea leaves display chronic brown blight patches caused by Colletotrichum species on leaf tip.,3,brown_blight,val,class_specific
The mature leaf shows early-stage brown blight symptoms with irregular dark brown spots and margins.,3,brown_blight,train,class_specific
Tea quality tests show degraded leaf integrity with early-stage damage to upper leaf surface structures.,4,red_leaf_spot,train,cross_class
Tea plant leaf tip affected by localized algal spots showing concentric rings and orange sporulation.,2,algal_leaf_spot,train,class_specific
Tea quality tests show degraded leaf integrity with advanced damage to leaf lamina structures.,1,helopeltis,train,cross_class
Tea crop health assessment shows early-stage fungal infection spreading through leaf tip tissue.,4,red_leaf_spot,train,cross_class
Circular advanced algal leaf spots with raised orange-red centers appear on the leaf lamina.,2,algal_leaf_spot,val,class_specific
The tea plantation in Kangra reports significant crop stress affecting the lower leaf surface of plants.,0,gray_blight,train,cross_class
Crop monitoring detected chronic anomalies in tea petiole coloration indicating possible disease.,4,red_leaf_spot,train,cross_class
Tea cultivation report: chronic stress indicators found on leaf tip across multiple plots.,4,red_leaf_spot,train,cross_class
Tea leaves display widespread brown blight patches caused by Colletotrichum species on leaf margin.,3,brown_blight,train,class_specific
Agronomists identified mild disease patterns on tea young shoot consistent with pathogen infection.,3,brown_blight,train,cross_class
Tea quality tests show degraded leaf integrity with severe damage to young shoot structures.,1,helopeltis,train,cross_class
Tea cultivation report: early-stage stress indicators found on upper leaf surface across multiple plots.,3,brown_blight,train,cross_class
Extension officer identified moderate disease outbreak affecting tea leaf tip in the cooperative.,1,helopeltis,val,cross_class
The young shoot shows localized brown blight symptoms with irregular dark brown spots and margins.,3,brown_blight,train,class_specific
Tea estate management flagged moderate infection on the petiole requiring fungicide application.,0,gray_blight,val,cross_class
Agronomists identified mild disease patterns on tea young shoot consistent with pathogen infection.,1,helopeltis,train,cross_class
Tea crop health assessment shows acute fungal infection spreading through leaf tip tissue.,1,helopeltis,train,cross_class
Remote sensing detected widespread spectral anomalies in tea canopy at leaf midrib level.,0,gray_blight,train,cross_class
The mature leaf exhibits acute discoloration and tissue damage consistent with tea leaf disease.,1,helopeltis,train,cross_class
Extension officer identified acute disease outbreak affecting tea leaf midrib in the cooperative.,1,helopeltis,train,cross_class
Tea growers reported chronic gray blight damage with necrotic spots covering the mature leaf.,0,gray_blight,val,class_specific
Tea bushes in the Nilgiri garden show moderate leaf symptoms requiring diagnostic testing.,0,gray_blight,train,cross_class
Crop monitoring detected localized anomalies in tea leaf midrib coloration indicating possible disease.,3,brown_blight,train,cross_class
Field scouts observed chronic leaf disease symptoms requiring immediate treatment in the mature leaf.,1,helopeltis,train,cross_class
Disease pressure on tea lower leaf surface has been localized in the current growing season.,2,algal_leaf_spot,train,cross_class
The leaf tip has moderate algal spot colonies with characteristic powdery orange surface texture.,2,algal_leaf_spot,train,class_specific
Crop monitoring detected early-stage anomalies in tea petiole coloration indicating possible disease.,2,algal_leaf_spot,train,cross_class
The upper leaf surface of tea plants shows early-stage signs of stress possibly related to environmental factors.,3,brown_blight,train,cross_class
Tea bushes in the Munnar garden show chronic leaf symptoms requiring diagnostic testing.,1,helopeltis,train,cross_class
Tea quality tests show degraded leaf integrity with chronic damage to young shoot structures.,4,red_leaf_spot,train,cross_class
Tea estate management flagged severe infection on the mature leaf requiring fungicide application.,1,helopeltis,train,cross_class
The lower leaf surface of tea plants shows severe signs of stress possibly related to environmental factors.,0,gray_blight,train,cross_class
The mature leaf of the tea bush exhibits gray blight symptoms including extensive sunken lesions.,0,gray_blight,val,class_specific
Affected tea shoots display widespread necrotic tissue with a characteristic gray discoloration.,0,gray_blight,train,class_specific
Tea bushes in the Kangra garden show widespread leaf symptoms requiring diagnostic testing.,3,brown_blight,train,cross_class
The tea flush shows severe helopeltis bug puncture wounds with dark halos on leaf tip.,1,helopeltis,train,class_specific
The tea leaf shows distinct early-stage gray patches with irregular margins spreading across the leaf tip.,0,gray_blight,train,class_specific
Remote sensing detected widespread spectral anomalies in tea canopy at petiole level.,2,algal_leaf_spot,train,cross_class
Red leaf spot creates mild reddish-brown circular lesions on the upper tea leaf lamina surface.,4,red_leaf_spot,train,class_specific
Extension officer identified severe disease outbreak affecting tea mature leaf in the cooperative.,4,red_leaf_spot,train,cross_class
Tea crop health assessment shows moderate fungal infection spreading through lower leaf surface tissue.,1,helopeltis,train,cross_class
The mature leaf of the tea bush exhibits gray blight symptoms including acute sunken lesions.,0,gray_blight,train,class_specific
Tea plant leaf margin affected by widespread algal spots showing concentric rings and orange sporulation.,2,algal_leaf_spot,train,class_specific
The leaf midrib of tea plants shows early-stage signs of stress possibly related to environmental factors.,4,red_leaf_spot,val,cross_class
The tea leaf shows distinct severe gray patches with irregular margins spreading across the petiole.,0,gray_blight,train,class_specific
Agronomists identified advanced disease patterns on tea leaf tip consistent with pathogen infection.,0,gray_blight,train,cross_class
Helopeltis feeding damage causes early-stage brown scorch marks on the leaf tip of tea shoots.,1,helopeltis,train,class_specific
Remote sensing detected chronic spectral anomalies in tea canopy at mature leaf level.,3,brown_blight,val,cross_class
The leaf midrib displays classic helopeltis infestation marks with localized brown stippling patterns.,1,helopeltis,train,class_specific
Tea growers reported acute gray blight damage with necrotic spots covering the upper leaf surface.,0,gray_blight,train,class_specific
Leaf biopsy from the leaf midrib shows acute cellular damage consistent with pathogen attack.,2,algal_leaf_spot,train,cross_class
Red leaf spot creates moderate reddish-brown circular lesions on the upper tea lower leaf surface surface.,4,red_leaf_spot,val,class_specific
Tea leaves show localized Cephaleuros virescens spots creating rust-orange patches on leaf midrib.,2,algal_leaf_spot,train,class_specific
Farmers noted widespread red leaf spot outbreaks causing leaf tip damage and reduced yield.,4,red_leaf_spot,val,class_specific
Weather-related stress compounded by extensive fungal infection on tea young shoot tissue.,2,algal_leaf_spot,train,cross_class
Field scouts observed mild leaf disease symptoms requiring immediate treatment in the petiole.,1,helopeltis,train,cross_class
Weather-related stress compounded by localized fungal infection on tea leaf lamina tissue.,4,red_leaf_spot,train,cross_class
Remote sensing detected acute spectral anomalies in tea canopy at young shoot level.,4,red_leaf_spot,val,cross_class
Remote sensing detected acute spectral anomalies in tea canopy at petiole level.,3,brown_blight,val,cross_class
Tea plant mature leaf affected by chronic algal spots showing concentric rings and orange sporulation.,2,algal_leaf_spot,train,class_specific
Pest and disease survey recorded severe damage to tea leaf margin in highland gardens.,2,algal_leaf_spot,train,cross_class
Severe acute brown blight infection results in premature defoliation of tea leaf tip.,3,brown_blight,train,class_specific
Helopeltis feeding damage causes acute brown scorch marks on the leaf tip of tea shoots.,1,helopeltis,train,class_specific
The leaf lamina shows severe red spot disease caused by Phyllosticta with characteristic red margins.,4,red_leaf_spot,train,class_specific
The leaf midrib of the tea bush exhibits gray blight symptoms including advanced sunken lesions.,0,gray_blight,val,class_specific
Tea bushes in the Assam garden show moderate leaf symptoms requiring diagnostic testing.,2,algal_leaf_spot,train,cross_class
Remote sensing detected severe spectral anomalies in tea canopy at upper leaf surface level.,2,algal_leaf_spot,train,cross_class
Pest and disease survey recorded mild damage to tea upper leaf surface in highland gardens.,0,gray_blight,train,cross_class
Crop monitoring detected mild anomalies in tea petiole coloration indicating possible disease.,4,red_leaf_spot,train,cross_class
The petiole displays widespread red spot symptoms with sunken centers and dark red borders.,4,red_leaf_spot,val,class_specific
The mature leaf shows widespread brown blight symptoms with irregular dark brown spots and margins.,3,brown_blight,val,class_specific
Extension officer identified early-stage disease outbreak affecting tea mature leaf in the cooperative.,1,helopeltis,val,cross_class
Tea cultivation report: advanced stress indicators found on leaf tip across multiple plots.,0,gray_blight,train,cross_class
Weather-related stress compounded by moderate fungal infection on tea leaf margin tissue.,4,red_leaf_spot,val,cross_class
The tea plantation in Kangra reports significant crop stress affecting the lower leaf surface of plants.,2,algal_leaf_spot,train,cross_class
Crop monitoring detected widespread anomalies in tea lower leaf surface coloration indicating possible disease.,4,red_leaf_spot,train,cross_class
The tea leaf shows distinct advanced gray patches with irregular margins spreading across the leaf tip.,0,gray_blight,train,class_specific
The leaf tip shows mixed advanced symptoms suggesting complex tea leaf disease interaction.,1,helopeltis,train,cross_class
Field scouts observed moderate leaf disease symptoms requiring immediate treatment in the young shoot.,2,algal_leaf_spot,val,cross_class
Affected tea shoots display moderate necrotic tissue with a characteristic gray discoloration.,0,gray_blight,train,class_specific
Tea leaves show moderate Cephaleuros virescens spots creating rust-orange patches on leaf lamina.,2,algal_leaf_spot,train,class_specific
The petiole shows mixed severe symptoms suggesting complex tea leaf disease interaction.,2,algal_leaf_spot,train,cross_class
Tea crop health assessment shows chronic fungal infection spreading through leaf tip tissue.,2,algal_leaf_spot,train,cross_class
Red leaf spot creates severe reddish-brown circular lesions on the upper tea leaf midrib surface.,4,red_leaf_spot,train,class_specific
Farmers noted mild red leaf spot outbreaks causing petiole damage and reduced yield.,4,red_leaf_spot,val,class_specific
Weather-related stress compounded by severe fungal infection on tea upper leaf surface tissue.,0,gray_blight,train,cross_class
The tea flush shows early-stage helopeltis bug puncture wounds with dark halos on mature leaf.,1,helopeltis,train,class_specific
Tea bushes in the Munnar garden show mild leaf symptoms requiring diagnostic testing.,1,helopeltis,train,cross_class
Pest and disease survey recorded mild damage to tea leaf margin in highland gardens.,0,gray_blight,val,cross_class
Tea estate management flagged chronic infection on the lower leaf surface requiring fungicide application.,1,helopeltis,val,cross_class
Tea quality tests show degraded leaf integrity with advanced damage to leaf lamina structures.,1,helopeltis,train,cross_class
The mature leaf displays classic helopeltis infestation marks with localized brown stippling patterns.,1,helopeltis,train,class_specific
The leaf tip has widespread algal spot colonies with characteristic powdery orange surface texture.,2,algal_leaf_spot,val,class_specific
The petiole of tea plants shows severe signs of stress possibly related to environmental factors.,4,red_leaf_spot,train,cross_class
Tea estate management flagged mild infection on the leaf lamina requiring fungicide application.,4,red_leaf_spot,train,cross_class
The leaf margin exhibits acute discoloration and tissue damage consistent with tea leaf disease.,3,brown_blight,train,cross_class
Leaf biopsy from the mature leaf shows advanced cellular damage consistent with pathogen attack.,3,brown_blight,train,cross_class
Tea crop health assessment shows chronic fungal infection spreading through upper leaf surface tissue.,4,red_leaf_spot,train,cross_class
The leaf margin of the tea bush exhibits gray blight symptoms including extensive sunken lesions.,0,gray_blight,val,class_specific
The leaf lamina displays widespread red spot symptoms with sunken centers and dark red borders.,4,red_leaf_spot,train,class_specific
Extension officer identified severe disease outbreak affecting tea leaf lamina in the cooperative.,2,algal_leaf_spot,train,cross_class
Tea growers reported advanced gray blight damage with necrotic spots covering the leaf margin.,0,gray_blight,train,class_specific
Agronomists identified advanced disease patterns on tea leaf lamina consistent with pathogen infection.,0,gray_blight,train,cross_class
Remote sensing detected widespread spectral anomalies in tea canopy at leaf margin level.,2,algal_leaf_spot,train,cross_class
Pest and disease survey recorded advanced damage to tea leaf tip in highland gardens.,3,brown_blight,val,cross_class
Crop monitoring detected early-stage anomalies in tea petiole coloration indicating possible disease.,3,brown_blight,train,cross_class
Extension officer identified advanced disease outbreak affecting tea young shoot in the cooperative.,4,red_leaf_spot,val,cross_class
Tea bushes in the Assam garden show localized leaf symptoms requiring diagnostic testing.,0,gray_blight,train,cross_class
Agronomists identified localized disease patterns on tea leaf lamina consistent with pathogen infection.,0,gray_blight,train,cross_class
Tea cultivation report: localized stress indicators found on leaf lamina across multiple plots.,0,gray_blight,train,cross_class
Brown blight causes severe water-soaked lesions that turn necrotic on the tea petiole.,3,brown_blight,train,class_specific
Farmers noted extensive red leaf spot outbreaks causing petiole damage and reduced yield.,4,red_leaf_spot,train,class_specific
The tea leaf shows distinct advanced gray patches with irregular margins spreading across the leaf margin.,0,gray_blight,train,class_specific
Affected tea shoots display localized necrotic tissue with a characteristic gray discoloration.,0,gray_blight,train,class_specific
The tea leaf shows distinct early-stage gray patches with irregular margins spreading across the leaf midrib.,0,gray_blight,train,class_specific
Severe chronic brown blight infection results in premature defoliation of tea young shoot.,3,brown_blight,val,class_specific
Extension officer identified acute disease outbreak affecting tea petiole in the cooperative.,2,algal_leaf_spot,train,cross_class
Disease pressure on tea leaf midrib has been extensive in the current growing season.,2,algal_leaf_spot,train,cross_class
Leaf biopsy from the petiole shows extensive cellular damage consistent with pathogen attack.,2,algal_leaf_spot,train,cross_class
Extension officer identified severe disease outbreak affecting tea leaf lamina in the cooperative.,1,helopeltis,train,cross_class
The tea mature leaf has moderate brown blight lesions with concentric rings and yellow halos.,3,brown_blight,val,class_specific
Tea quality tests show degraded leaf integrity with severe damage to leaf tip structures.,4,red_leaf_spot,val,cross_class
The leaf margin exhibits mild discoloration and tissue damage consistent with tea leaf disease.,4,red_leaf_spot,train,cross_class
Circular advanced algal leaf spots with raised orange-red centers appear on the mature leaf.,2,algal_leaf_spot,val,class_specific
Tea quality tests show degraded leaf integrity with mild damage to lower leaf surface structures.,0,gray_blight,train,cross_class
The leaf tip of tea plants shows chronic signs of stress possibly related to environmental factors.,4,red_leaf_spot,train,cross_class
Tea growers reported moderate gray blight damage with necrotic spots covering the petiole.,0,gray_blight,train,class_specific
Weather-related stress compounded by localized fungal infection on tea leaf midrib tissue.,0,gray_blight,train,cross_class
Disease pressure on tea leaf margin has been advanced in the current growing season.,3,brown_blight,train,cross_class
Tea estate management flagged moderate infection on the leaf tip requiring fungicide application.,1,helopeltis,train,cross_class
The young shoot displays classic helopeltis infestation marks with advanced brown stippling patterns.,1,helopeltis,train,class_specific
Tea growers reported extensive gray blight damage with necrotic spots covering the leaf margin.,0,gray_blight,train,class_specific
Crop monitoring detected early-stage anomalies in tea mature leaf coloration indicating possible disease.,0,gray_blight,val,cross_class
The tea plantation in Nilgiri reports significant crop stress affecting the upper leaf surface of plants.,4,red_leaf_spot,train,cross_class
Tea leaves exhibit widespread red leaf spot lesions with distinct reddish centers on upper leaf surface.,4,red_leaf_spot,train,class_specific
Tea cultivation report: early-stage stress indicators found on leaf lamina across multiple plots.,2,algal_leaf_spot,val,cross_class
The leaf lamina displays early-stage red spot symptoms with sunken centers and dark red borders.,4,red_leaf_spot,train,class_specific
The leaf tip of the tea bush exhibits gray blight symptoms including widespread sunken lesions.,0,gray_blight,train,class_specific
The lower leaf surface exhibits widespread discoloration and tissue damage consistent with tea leaf disease.,2,algal_leaf_spot,train,cross_class
The leaf midrib shows acute red spot disease caused by Phyllosticta with characteristic red margins.,4,red_leaf_spot,train,class_specific
Leaf biopsy from the upper leaf surface shows severe cellular damage consistent with pathogen attack.,1,helopeltis,train,cross_class
The petiole displays classic helopeltis infestation marks with widespread brown stippling patterns.,1,helopeltis,train,class_specific
Tea cultivation report: acute stress indicators found on upper leaf surface across multiple plots.,3,brown_blight,train,cross_class
Crop monitoring detected widespread anomalies in tea mature leaf coloration indicating possible disease.,2,algal_leaf_spot,train,cross_class
Weather-related stress compounded by mild fungal infection on tea leaf midrib tissue.,2,algal_leaf_spot,train,cross_class
Remote sensing detected mild spectral anomalies in tea canopy at mature leaf level.,1,helopeltis,train,cross_class
The tea plantation in Yunnan reports significant crop stress affecting the petiole of plants.,4,red_leaf_spot,train,cross_class
Gray blight infection causes extensive grayish-brown lesions on the leaf tip of tea plants.,0,gray_blight,train,class_specific
Helopeltis feeding damage causes widespread brown scorch marks on the leaf margin of tea shoots.,1,helopeltis,train,class_specific
The petiole displays mild red spot symptoms with sunken centers and dark red borders.,4,red_leaf_spot,val,class_specific
Tea quality tests show degraded leaf integrity with severe damage to leaf tip structures.,4,red_leaf_spot,val,cross_class
Tea tip borer helopeltis has caused widespread characteristic shot-hole patterns on the young shoot.,1,helopeltis,train,class_specific
Field scouts observed widespread leaf disease symptoms requiring immediate treatment in the leaf lamina.,3,brown_blight,val,cross_class
The mature leaf of tea plants shows early-stage signs of stress possibly related to environmental factors.,2,algal_leaf_spot,train,cross_class
Remote sensing detected widespread spectral anomalies in tea canopy at leaf margin level.,4,red_leaf_spot,train,cross_class
Tea leaves show widespread Cephaleuros virescens spots creating rust-orange patches on upper leaf surface.,2,algal_leaf_spot,train,class_specific
Tea leaves display chronic brown blight patches caused by Colletotrichum species on petiole.,3,brown_blight,val,class_specific
Extension officer identified advanced disease outbreak affecting tea petiole in the cooperative.,3,brown_blight,train,cross_class
Young tea shoots suffer moderate helopeltis damage with angular young shoot lesions and necrosis.,1,helopeltis,train,class_specific
The leaf lamina displays widespread red spot symptoms with sunken centers and dark red borders.,4,red_leaf_spot,train,class_specific
Tea growers reported mild gray blight damage with necrotic spots covering the mature leaf.,0,gray_blight,train,class_specific
The leaf tip has moderate algal spot colonies with characteristic powdery orange surface texture.,2,algal_leaf_spot,train,class_specific
Tea cultivation report: extensive stress indicators found on leaf midrib across multiple plots.,1,helopeltis,train,cross_class
Tea estate management flagged early-stage infection on the leaf margin requiring fungicide application.,3,brown_blight,train,cross_class
Leaf biopsy from the leaf margin shows advanced cellular damage consistent with pathogen attack.,4,red_leaf_spot,train,cross_class
Tea leaves exhibit advanced red leaf spot lesions with distinct reddish centers on upper leaf surface.,4,red_leaf_spot,train,class_specific
Agronomists identified moderate disease patterns on tea leaf tip consistent with pathogen infection.,3,brown_blight,train,cross_class
The leaf tip has moderate algal spot colonies with characteristic powdery orange surface texture.,2,algal_leaf_spot,train,class_specific
Circular advanced algal leaf spots with raised orange-red centers appear on the leaf tip.,2,algal_leaf_spot,train,class_specific
Gray blight infection causes severe grayish-brown lesions on the upper leaf surface of tea plants.,0,gray_blight,train,class_specific
The young shoot exhibits moderate discoloration and tissue damage consistent with tea leaf disease.,4,red_leaf_spot,train,cross_class
Tea bushes in the Darjeeling garden show localized leaf symptoms requiring diagnostic testing.,4,red_leaf_spot,train,cross_class
The upper leaf surface of tea plants shows chronic signs of stress possibly related to environmental factors.,0,gray_blight,train,cross_class
Affected tea shoots display advanced necrotic tissue with a characteristic gray discoloration.,0,gray_blight,train,class_specific
The tea flush shows acute helopeltis bug puncture wounds with dark halos on mature leaf.,1,helopeltis,train,class_specific
The petiole of tea plants shows early-stage signs of stress possibly related to environmental factors.,2,algal_leaf_spot,train,cross_class
The leaf tip shows mixed mild symptoms suggesting complex tea leaf disease interaction.,1,helopeltis,val,cross_class
Circular severe algal leaf spots with raised orange-red centers appear on the leaf tip.,2,algal_leaf_spot,val,class_specific
Field scouts observed advanced leaf disease symptoms requiring immediate treatment in the leaf tip.,4,red_leaf_spot,train,cross_class
Circular widespread algal leaf spots with raised orange-red centers appear on the petiole.,2,algal_leaf_spot,train,class_specific
Leaf biopsy from the young shoot shows acute cellular damage consistent with pathogen attack.,1,helopeltis,train,cross_class
Tea estate management flagged widespread infection on the leaf midrib requiring fungicide application.,4,red_leaf_spot,train,cross_class
Crop monitoring detected extensive anomalies in tea leaf tip coloration indicating possible disease.,3,brown_blight,val,cross_class
Weather-related stress compounded by acute fungal infection on tea leaf lamina tissue.,4,red_leaf_spot,train,cross_class
Helopeltis feeding damage causes advanced brown scorch marks on the upper leaf surface of tea shoots.,1,helopeltis,train,class_specific
Algal leaf spot disease presents acute circular lesions with orange spore masses on leaf tip.,2,algal_leaf_spot,train,class_specific
Red leaf spot creates acute reddish-brown circular lesions on the upper tea leaf lamina surface.,4,red_leaf_spot,train,class_specific
Tea bushes in the Sri Lanka garden show early-stage leaf symptoms requiring diagnostic testing.,3,brown_blight,train,cross_class
Field scouts observed widespread leaf disease symptoms requiring immediate treatment in the young shoot.,3,brown_blight,train,cross_class
Tea leaves show widespread Cephaleuros virescens spots creating rust-orange patches on mature leaf.,2,algal_leaf_spot,train,class_specific
The young shoot shows advanced red spot disease caused by Phyllosticta with characteristic red margins.,4,red_leaf_spot,val,class_specific
Affected tea shoots display moderate necrotic tissue with a characteristic gray discoloration.,0,gray_blight,train,class_specific
Extension officer identified advanced disease outbreak affecting tea petiole in the cooperative.,3,brown_blight,train,cross_class
The leaf margin displays moderate red spot symptoms with sunken centers and dark red borders.,4,red_leaf_spot,train,class_specific
Agronomists identified mild disease patterns on tea leaf midrib consistent with pathogen infection.,3,brown_blight,train,cross_class
Field scouts observed localized leaf disease symptoms requiring immediate treatment in the leaf midrib.,2,algal_leaf_spot,train,cross_class
Tea crop health assessment shows early-stage fungal infection spreading through leaf midrib tissue.,0,gray_blight,train,cross_class
The petiole of tea plants shows early-stage signs of stress possibly related to environmental factors.,2,algal_leaf_spot,train,cross_class
Tea tip borer helopeltis has caused mild characteristic shot-hole patterns on the lower leaf surface.,1,helopeltis,train,class_specific
Disease pressure on tea young shoot has been early-stage in the current growing season.,4,red_leaf_spot,train,cross_class
Tea quality tests show degraded leaf integrity with localized damage to leaf margin structures.,0,gray_blight,train,cross_class
Tea leaves show advanced Cephaleuros virescens spots creating rust-orange patches on leaf lamina.,2,algal_leaf_spot,train,class_specific
Leaf biopsy from the leaf midrib shows moderate cellular damage consistent with pathogen attack.,4,red_leaf_spot,train,cross_class
Weather-related stress compounded by severe fungal infection on tea leaf lamina tissue.,0,gray_blight,val,cross_class
The leaf midrib of tea plants shows early-stage signs of stress possibly related to environmental factors.,4,red_leaf_spot,val,cross_class
Algal leaf spot disease presents chronic circular lesions with orange spore masses on petiole.,2,algal_leaf_spot,train,class_specific
Disease pressure on tea leaf margin has been localized in the current growing season.,4,red_leaf_spot,train,cross_class
Weather-related stress compounded by acute fungal infection on tea leaf midrib tissue.,3,brown_blight,val,cross_class
Tea cultivation report: acute stress indicators found on young shoot across multiple plots.,3,brown_blight,train,cross_class
Weather-related stress compounded by extensive fungal infection on tea mature leaf tissue.,2,algal_leaf_spot,train,cross_class
Crop monitoring detected widespread anomalies in tea mature leaf coloration indicating possible disease.,3,brown_blight,train,cross_class
Weather-related stress compounded by severe fungal infection on tea leaf margin tissue.,3,brown_blight,val,cross_class
Tea crop health assessment shows mild fungal infection spreading through leaf margin tissue.,3,brown_blight,train,cross_class
Tea quality tests show degraded leaf integrity with chronic damage to lower leaf surface structures.,4,red_leaf_spot,train,cross_class
The leaf tip exhibits localized discoloration and tissue damage consistent with tea leaf disease.,1,helopeltis,train,cross_class
The tea leaf shows distinct chronic gray patches with irregular margins spreading across the mature leaf.,0,gray_blight,train,class_specific
Disease pressure on tea leaf midrib has been widespread in the current growing season.,4,red_leaf_spot,train,cross_class
The upper leaf surface shows mixed extensive symptoms suggesting complex tea leaf disease interaction.,1,helopeltis,train,cross_class
Crop monitoring detected advanced anomalies in tea leaf tip coloration indicating possible disease.,3,brown_blight,train,cross_class
Leaf biopsy from the upper leaf surface shows acute cellular damage consistent with pathogen attack.,3,brown_blight,train,cross_class
Young tea shoots suffer severe helopeltis damage with angular upper leaf surface lesions and necrosis.,1,helopeltis,train,class_specific
The tea flush shows localized helopeltis bug puncture wounds with dark halos on leaf midrib.,1,helopeltis,train,class_specific
Tea quality tests show degraded leaf integrity with widespread damage to leaf midrib structures.,3,brown_blight,train,cross_class
Severe chronic brown blight infection results in premature defoliation of tea leaf midrib.,3,brown_blight,train,class_specific
Affected tea shoots display early-stage necrotic tissue with a characteristic gray discoloration.,0,gray_blight,train,class_specific
Tea cultivation report: advanced stress indicators found on petiole across multiple plots.,2,algal_leaf_spot,train,cross_class
Crop monitoring detected localized anomalies in tea upper leaf surface coloration indicating possible disease.,0,gray_blight,train,cross_class
Tea bushes in the Sylhet garden show moderate leaf symptoms requiring diagnostic testing.,1,helopeltis,train,cross_class
Tea growers reported advanced gray blight damage with necrotic spots covering the petiole.,0,gray_blight,train,class_specific
Circular moderate algal leaf spots with raised orange-red centers appear on the petiole.,2,algal_leaf_spot,train,class_specific
The tea plantation in Yunnan reports significant crop stress affecting the young shoot of plants.,3,brown_blight,train,cross_class
Pest and disease survey recorded moderate damage to tea lower leaf surface in highland gardens.,2,algal_leaf_spot,train,cross_class
The leaf midrib shows advanced brown blight symptoms with irregular dark brown spots and margins.,3,brown_blight,train,class_specific
Tea growers reported severe gray blight damage with necrotic spots covering the upper leaf surface.,0,gray_blight,val,class_specific
The upper leaf surface shows localized red spot disease caused by Phyllosticta with characteristic red margins.,4,red_leaf_spot,train,class_specific
Tea cultivation report: advanced stress indicators found on petiole across multiple plots.,4,red_leaf_spot,train,cross_class
Tea estate management flagged advanced infection on the leaf margin requiring fungicide application.,0,gray_blight,train,cross_class
Tea crop health assessment shows widespread fungal infection spreading through lower leaf surface tissue.,0,gray_blight,train,cross_class
The leaf margin shows mixed chronic symptoms suggesting complex tea leaf disease interaction.,4,red_leaf_spot,val,cross_class
Field scouts observed chronic leaf disease symptoms requiring immediate treatment in the leaf margin.,1,helopeltis,train,cross_class
Farmers noted localized red leaf spot outbreaks causing lower leaf surface damage and reduced yield.,4,red_leaf_spot,val,class_specific
Remote sensing detected acute spectral anomalies in tea canopy at petiole level.,3,brown_blight,train,cross_class
Tea leaves exhibit mild red leaf spot lesions with distinct reddish centers on upper leaf surface.,4,red_leaf_spot,train,class_specific
Pest and disease survey recorded localized damage to tea mature leaf in highland gardens.,2,algal_leaf_spot,train,cross_class
Tea crop health assessment shows chronic fungal infection spreading through young shoot tissue.,0,gray_blight,train,cross_class
The tea flush shows acute helopeltis bug puncture wounds with dark halos on leaf midrib.,1,helopeltis,train,class_specific
Agronomists identified moderate disease patterns on tea petiole consistent with pathogen infection.,2,algal_leaf_spot,train,cross_class
Tea leaves exhibit localized red leaf spot lesions with distinct reddish centers on leaf margin.,4,red_leaf_spot,train,class_specific
The tea petiole has severe brown blight lesions with concentric rings and yellow halos.,3,brown_blight,train,class_specific
The lower leaf surface displays mild red spot symptoms with sunken centers and dark red borders.,4,red_leaf_spot,train,class_specific
Tea leaves exhibit localized red leaf spot lesions with distinct reddish centers on petiole.,4,red_leaf_spot,train,class_specific
Tea leaves exhibit mild red leaf spot lesions with distinct reddish centers on leaf tip.,4,red_leaf_spot,train,class_specific
Tea leaves display widespread brown blight patches caused by Colletotrichum species on lower leaf surface.,3,brown_blight,train,class_specific
Brown blight causes mild water-soaked lesions that turn necrotic on the tea leaf margin.,3,brown_blight,train,class_specific
Weather-related stress compounded by early-stage fungal infection on tea upper leaf surface tissue.,4,red_leaf_spot,train,cross_class
Weather-related stress compounded by early-stage fungal infection on tea lower leaf surface tissue.,0,gray_blight,val,cross_class
Tea tip borer helopeltis has caused acute characteristic shot-hole patterns on the lower leaf surface.,1,helopeltis,train,class_specific
Tea tip borer helopeltis has caused chronic characteristic shot-hole patterns on the leaf midrib.,1,helopeltis,train,class_specific
Helopeltis feeding damage causes moderate brown scorch marks on the lower leaf surface of tea shoots.,1,helopeltis,val,class_specific
Crop monitoring detected widespread anomalies in tea young shoot coloration indicating possible disease.,2,algal_leaf_spot,val,cross_class
Leaf biopsy from the leaf margin shows advanced cellular damage consistent with pathogen attack.,2,algal_leaf_spot,val,cross_class
Farmers noted widespread red leaf spot outbreaks causing lower leaf surface damage and reduced yield.,4,red_leaf_spot,val,class_specific
Field scouts observed extensive leaf disease symptoms requiring immediate treatment in the upper leaf surface.,4,red_leaf_spot,val,cross_class
Remote sensing detected early-stage spectral anomalies in tea canopy at mature leaf level.,2,algal_leaf_spot,val,cross_class
Field scouts observed extensive leaf disease symptoms requiring immediate treatment in the upper leaf surface.,1,helopeltis,train,cross_class
Tea tip borer helopeltis has caused widespread characteristic shot-hole patterns on the petiole.,1,helopeltis,train,class_specific
The lower leaf surface shows mixed widespread symptoms suggesting complex tea leaf disease interaction.,4,red_leaf_spot,train,cross_class
Tea crop health assessment shows advanced fungal infection spreading through leaf lamina tissue.,4,red_leaf_spot,val,cross_class
Crop monitoring detected chronic anomalies in tea young shoot coloration indicating possible disease.,0,gray_blight,train,cross_class
Weather-related stress compounded by severe fungal infection on tea upper leaf surface tissue.,3,brown_blight,val,cross_class
Agronomists identified extensive disease patterns on tea leaf lamina consistent with pathogen infection.,2,algal_leaf_spot,train,cross_class
Agronomists identified advanced disease patterns on tea leaf tip consistent with pathogen infection.,4,red_leaf_spot,val,cross_class
The tea plantation in Nilgiri reports significant crop stress affecting the mature leaf of plants.,0,gray_blight,train,cross_class
Tea plant petiole affected by moderate algal spots showing concentric rings and orange sporulation.,2,algal_leaf_spot,train,class_specific
Remote sensing detected advanced spectral anomalies in tea canopy at leaf tip level.,4,red_leaf_spot,train,cross_class
Pest and disease survey recorded mild damage to tea mature leaf in highland gardens.,2,algal_leaf_spot,train,cross_class
Extension officer identified widespread disease outbreak affecting tea leaf margin in the cooperative.,3,brown_blight,train,cross_class
Helopeltis feeding damage causes advanced brown scorch marks on the leaf midrib of tea shoots.,1,helopeltis,val,class_specific
Tea estate management flagged localized infection on the upper leaf surface requiring fungicide application.,4,red_leaf_spot,train,cross_class
Gray blight infection causes chronic grayish-brown lesions on the leaf margin of tea plants.,0,gray_blight,train,class_specific
Severe advanced brown blight infection results in premature defoliation of tea petiole.,3,brown_blight,train,class_specific
Tea estate management flagged chronic infection on the mature leaf requiring fungicide application.,0,gray_blight,train,cross_class
Field scouts observed severe leaf disease symptoms requiring immediate treatment in the leaf midrib.,2,algal_leaf_spot,train,cross_class
Agronomists identified widespread disease patterns on tea leaf midrib consistent with pathogen infection.,1,helopeltis,train,cross_class
The upper leaf surface shows mixed chronic symptoms suggesting complex tea leaf disease interaction.,3,brown_blight,train,cross_class
Weather-related stress compounded by chronic fungal infection on tea upper leaf surface tissue.,1,helopeltis,val,cross_class
Tea leaves display widespread brown blight patches caused by Colletotrichum species on mature leaf.,3,brown_blight,train,class_specific
Helopeltis feeding damage causes extensive brown scorch marks on the leaf midrib of tea shoots.,1,helopeltis,train,class_specific
Tea crop health assessment shows widespread fungal infection spreading through upper leaf surface tissue.,4,red_leaf_spot,val,cross_class
Affected tea shoots display early-stage necrotic tissue with a characteristic gray discoloration.,0,gray_blight,train,class_specific
Tea estate management flagged advanced infection on the petiole requiring fungicide application.,0,gray_blight,train,cross_class
Tea estate management flagged early-stage infection on the leaf midrib requiring fungicide application.,1,helopeltis,train,cross_class
Pest and disease survey recorded chronic damage to tea upper leaf surface in highland gardens.,3,brown_blight,val,cross_class
Remote sensing detected mild spectral anomalies in tea canopy at mature leaf level.,2,algal_leaf_spot,train,cross_class
Extension officer identified moderate disease outbreak affecting tea young shoot in the cooperative.,0,gray_blight,val,cross_class
Helopeltis feeding damage causes chronic brown scorch marks on the leaf tip of tea shoots.,1,helopeltis,train,class_specific
Circular extensive algal leaf spots with raised orange-red centers appear on the mature leaf.,2,algal_leaf_spot,val,class_specific
Extension officer identified acute disease outbreak affecting tea mature leaf in the cooperative.,1,helopeltis,train,cross_class
Crop monitoring detected advanced anomalies in tea leaf tip coloration indicating possible disease.,3,brown_blight,train,cross_class
The upper leaf surface shows severe brown blight symptoms with irregular dark brown spots and margins.,3,brown_blight,train,class_specific
The mature leaf shows advanced brown blight symptoms with irregular dark brown spots and margins.,3,brown_blight,val,class_specific
Extension officer identified widespread disease outbreak affecting tea mature leaf in the cooperative.,1,helopeltis,val,cross_class
Remote sensing detected advanced spectral anomalies in tea canopy at leaf tip level.,4,red_leaf_spot,train,cross_class
Agronomists identified chronic disease patterns on tea upper leaf surface consistent with pathogen infection.,2,algal_leaf_spot,train,cross_class
The leaf lamina displays widespread red spot symptoms with sunken centers and dark red borders.,4,red_leaf_spot,train,class_specific
The mature leaf of tea plants shows severe signs of stress possibly related to environmental factors.,2,algal_leaf_spot,val,cross_class
Extension officer identified mild disease outbreak affecting tea mature leaf in the cooperative.,3,brown_blight,train,cross_class
The leaf margin of tea plants shows advanced signs of stress possibly related to environmental factors.,2,algal_leaf_spot,train,cross_class
The tea lower leaf surface has chronic brown blight lesions with concentric rings and yellow halos.,3,brown_blight,train,class_specific
Young tea shoots suffer moderate helopeltis damage with angular leaf midrib lesions and necrosis.,1,helopeltis,train,class_specific
Tea bushes in the Kenya garden show early-stage leaf symptoms requiring diagnostic testing.,2,algal_leaf_spot,train,cross_class
Tea quality tests show degraded leaf integrity with widespread damage to upper leaf surface structures.,3,brown_blight,train,cross_class
The mature leaf shows mixed severe symptoms suggesting complex tea leaf disease interaction.,0,gray_blight,train,cross_class
Tea cultivation report: chronic stress indicators found on young shoot across multiple plots.,2,algal_leaf_spot,train,cross_class
Leaf biopsy from the young shoot shows mild cellular damage consistent with pathogen attack.,0,gray_blight,val,cross_class
Extension officer identified early-stage disease outbreak affecting tea leaf margin in the cooperative.,3,brown_blight,train,cross_class
Disease pressure on tea leaf margin has been severe in the current growing season.,0,gray_blight,val,cross_class
Tea quality tests show degraded leaf integrity with mild damage to petiole structures.,1,helopeltis,val,cross_class
Helopeltis feeding damage causes severe brown scorch marks on the upper leaf surface of tea shoots.,1,helopeltis,train,class_specific
Gray blight infection causes mild grayish-brown lesions on the upper leaf surface of tea plants.,0,gray_blight,train,class_specific
Tea leaves show chronic Cephaleuros virescens spots creating rust-orange patches on leaf midrib.,2,algal_leaf_spot,val,class_specific
The lower leaf surface shows mixed moderate symptoms suggesting complex tea leaf disease interaction.,2,algal_leaf_spot,train,cross_class
The leaf margin shows mild brown blight symptoms with irregular dark brown spots and margins.,3,brown_blight,train,class_specific
Pest and disease survey recorded extensive damage to tea leaf tip in highland gardens.,4,red_leaf_spot,val,cross_class
Tea tip borer helopeltis has caused mild characteristic shot-hole patterns on the leaf lamina.,1,helopeltis,train,class_specific
Agronomists identified severe disease patterns on tea young shoot consistent with pathogen infection.,3,brown_blight,train,cross_class
Tea quality tests show degraded leaf integrity with extensive damage to upper leaf surface structures.,1,helopeltis,train,cross_class
The tea plantation in Sri Lanka reports significant crop stress affecting the mature leaf of plants.,3,brown_blight,val,cross_class
The tea plantation in Munnar reports significant crop stress affecting the mature leaf of plants.,0,gray_blight,train,cross_class
Tea growers reported mild gray blight damage with necrotic spots covering the mature leaf.,0,gray_blight,train,class_specific
Tea growers reported severe gray blight damage with necrotic spots covering the leaf tip.,0,gray_blight,train,class_specific
Weather-related stress compounded by acute fungal infection on tea mature leaf tissue.,1,helopeltis,val,cross_class
Circular widespread algal leaf spots with raised orange-red centers appear on the upper leaf surface.,2,algal_leaf_spot,train,class_specific
Gray blight infection causes localized grayish-brown lesions on the leaf margin of tea plants.,0,gray_blight,val,class_specific
Remote sensing detected advanced spectral anomalies in tea canopy at petiole level.,3,brown_blight,train,cross_class
Disease pressure on tea leaf midrib has been extensive in the current growing season.,2,algal_leaf_spot,train,cross_class
Leaf biopsy from the young shoot shows chronic cellular damage consistent with pathogen attack.,3,brown_blight,train,cross_class
The leaf midrib of tea plants shows early-stage signs of stress possibly related to environmental factors.,2,algal_leaf_spot,train,cross_class
Leaf biopsy from the young shoot shows early-stage cellular damage consistent with pathogen attack.,0,gray_blight,train,cross_class
Tea quality tests show degraded leaf integrity with extensive damage to upper leaf surface structures.,0,gray_blight,train,cross_class
Remote sensing detected early-stage spectral anomalies in tea canopy at leaf margin level.,1,helopeltis,val,cross_class
Pest and disease survey recorded advanced damage to tea mature leaf in highland gardens.,1,helopeltis,val,cross_class
The upper leaf surface exhibits acute discoloration and tissue damage consistent with tea leaf disease.,2,algal_leaf_spot,train,cross_class
Weather-related stress compounded by chronic fungal infection on tea leaf margin tissue.,0,gray_blight,train,cross_class
The tea upper leaf surface has localized brown blight lesions with concentric rings and yellow halos.,3,brown_blight,train,class_specific
The leaf lamina shows mixed severe symptoms suggesting complex tea leaf disease interaction.,1,helopeltis,train,cross_class
Remote sensing detected early-stage spectral anomalies in tea canopy at upper leaf surface level.,4,red_leaf_spot,val,cross_class
Tea cultivation report: mild stress indicators found on leaf lamina across multiple plots.,2,algal_leaf_spot,train,cross_class
Tea tip borer helopeltis has caused advanced characteristic shot-hole patterns on the young shoot.,1,helopeltis,train,class_specific
The leaf midrib of tea plants shows moderate signs of stress possibly related to environmental factors.,0,gray_blight,train,cross_class
Crop monitoring detected acute anomalies in tea petiole coloration indicating possible disease.,1,helopeltis,train,cross_class
Tea leaves show advanced Cephaleuros virescens spots creating rust-orange patches on leaf lamina.,2,algal_leaf_spot,val,class_specific
Circular early-stage algal leaf spots with raised orange-red centers appear on the young shoot.,2,algal_leaf_spot,val,class_specific
Algal leaf spot disease presents chronic circular lesions with orange spore masses on mature leaf.,2,algal_leaf_spot,train,class_specific
The leaf midrib displays mild red spot symptoms with sunken centers and dark red borders.,4,red_leaf_spot,train,class_specific
Crop monitoring detected acute anomalies in tea leaf midrib coloration indicating possible disease.,4,red_leaf_spot,train,cross_class
Red leaf spot creates early-stage reddish-brown circular lesions on the upper tea petiole surface.,4,red_leaf_spot,train,class_specific
Tea cultivation report: advanced stress indicators found on leaf lamina across multiple plots.,1,helopeltis,train,cross_class
The upper leaf surface of tea plants shows localized signs of stress possibly related to environmental factors.,1,helopeltis,train,cross_class
Weather-related stress compounded by mild fungal infection on tea leaf midrib tissue.,0,gray_blight,train,cross_class
Pest and disease survey recorded localized damage to tea leaf lamina in highland gardens.,4,red_leaf_spot,train,cross_class
Field scouts observed localized leaf disease symptoms requiring immediate treatment in the young shoot.,0,gray_blight,train,cross_class
Extension officer identified acute disease outbreak affecting tea lower leaf surface in the cooperative.,3,brown_blight,train,cross_class
The petiole exhibits severe discoloration and tissue damage consistent with tea leaf disease.,1,helopeltis,train,cross_class
Tea leaves show widespread Cephaleuros virescens spots creating rust-orange patches on leaf margin.,2,algal_leaf_spot,train,class_specific
Disease pressure on tea upper leaf surface has been acute in the current growing season.,0,gray_blight,val,cross_class
Crop monitoring detected widespread anomalies in tea young shoot coloration indicating possible disease.,0,gray_blight,val,cross_class
Weather-related stress compounded by early-stage fungal infection on tea leaf margin tissue.,4,red_leaf_spot,train,cross_class
Tea bushes in the Nilgiri garden show advanced leaf symptoms requiring diagnostic testing.,1,helopeltis,train,cross_class
Tea crop health assessment shows localized fungal infection spreading through young shoot tissue.,4,red_leaf_spot,train,cross_class
Young tea shoots suffer severe helopeltis damage with angular leaf tip lesions and necrosis.,1,helopeltis,train,class_specific
Weather-related stress compounded by moderate fungal infection on tea leaf lamina tissue.,2,algal_leaf_spot,train,cross_class
The tea leaf shows distinct moderate gray patches with irregular margins spreading across the leaf lamina.,0,gray_blight,train,class_specific
Brown blight causes advanced water-soaked lesions that turn necrotic on the tea lower leaf surface.,3,brown_blight,train,class_specific
Agronomists identified mild disease patterns on tea young shoot consistent with pathogen infection.,3,brown_blight,train,cross_class
Brown blight causes early-stage water-soaked lesions that turn necrotic on the tea upper leaf surface.,3,brown_blight,val,class_specific
Tea bushes in the Yunnan garden show severe leaf symptoms requiring diagnostic testing.,4,red_leaf_spot,train,cross_class
Gray blight infection causes extensive grayish-brown lesions on the upper leaf surface of tea plants.,0,gray_blight,train,class_specific
Remote sensing detected advanced spectral anomalies in tea canopy at leaf midrib level.,4,red_leaf_spot,val,cross_class
Crop monitoring detected mild anomalies in tea petiole coloration indicating possible disease.,4,red_leaf_spot,train,cross_class
Weather-related stress compounded by localized fungal infection on tea leaf tip tissue.,4,red_leaf_spot,train,cross_class
Severe moderate brown blight infection results in premature defoliation of tea lower leaf surface.,3,brown_blight,train,class_specific
The young shoot shows mixed moderate symptoms suggesting complex tea leaf disease interaction.,4,red_leaf_spot,train,cross_class
The young shoot of tea plants shows mild signs of stress possibly related to environmental factors.,1,helopeltis,val,cross_class
The upper leaf surface of tea plants shows moderate signs of stress possibly related to environmental factors.,4,red_leaf_spot,train,cross_class
The mature leaf displays extensive red spot symptoms with sunken centers and dark red borders.,4,red_leaf_spot,train,class_specific
Disease pressure on tea leaf margin has been widespread in the current growing season.,4,red_leaf_spot,train,cross_class
Leaf biopsy from the leaf margin shows early-stage cellular damage consistent with pathogen attack.,1,helopeltis,train,cross_class
The leaf midrib of tea plants shows acute signs of stress possibly related to environmental factors.,2,algal_leaf_spot,train,cross_class
Tea tip borer helopeltis has caused chronic characteristic shot-hole patterns on the lower leaf surface.,1,helopeltis,train,class_specific
Algal leaf spot disease presents acute circular lesions with orange spore masses on leaf midrib.,2,algal_leaf_spot,train,class_specific
The leaf lamina exhibits severe discoloration and tissue damage consistent with tea leaf disease.,2,algal_leaf_spot,train,cross_class
The leaf margin shows localized brown blight symptoms with irregular dark brown spots and margins.,3,brown_blight,val,class_specific
Pest and disease survey recorded mild damage to tea upper leaf surface in highland gardens.,1,helopeltis,train,cross_class
Tea bushes in the Kenya garden show moderate leaf symptoms requiring diagnostic testing.,3,brown_blight,train,cross_class
Field scouts observed moderate leaf disease symptoms requiring immediate treatment in the young shoot.,2,algal_leaf_spot,train,cross_class
The leaf lamina of the tea bush exhibits gray blight symptoms including early-stage sunken lesions.,0,gray_blight,val,class_specific
Field scouts observed early-stage leaf disease symptoms requiring immediate treatment in the lower leaf surface.,4,red_leaf_spot,val,cross_class
Tea leaves exhibit mild red leaf spot lesions with distinct reddish centers on leaf lamina.,4,red_leaf_spot,train,class_specific
Leaf biopsy from the leaf tip shows widespread cellular damage consistent with pathogen attack.,0,gray_blight,train,cross_class
Leaf biopsy from the leaf tip shows early-stage cellular damage consistent with pathogen attack.,2,algal_leaf_spot,train,cross_class
The petiole shows mixed acute symptoms suggesting complex tea leaf disease interaction.,4,red_leaf_spot,train,cross_class
Agronomists identified moderate disease patterns on tea mature leaf consistent with pathogen infection.,1,helopeltis,train,cross_class
Crop monitoring detected mild anomalies in tea mature leaf coloration indicating possible disease.,4,red_leaf_spot,train,cross_class
Remote sensing detected moderate spectral anomalies in tea canopy at leaf lamina level.,3,brown_blight,train,cross_class
Brown blight causes moderate water-soaked lesions that turn necrotic on the tea leaf lamina.,3,brown_blight,train,class_specific
The leaf margin displays localized red spot symptoms with sunken centers and dark red borders.,4,red_leaf_spot,val,class_specific
Remote sensing detected severe spectral anomalies in tea canopy at leaf tip level.,3,brown_blight,train,cross_class
Tea growers reported extensive gray blight damage with necrotic spots covering the leaf midrib.,0,gray_blight,train,class_specific
Brown blight causes advanced water-soaked lesions that turn necrotic on the tea young shoot.,3,brown_blight,train,class_specific
Affected tea shoots display extensive necrotic tissue with a characteristic gray discoloration.,0,gray_blight,train,class_specific
Remote sensing detected chronic spectral anomalies in tea canopy at leaf lamina level.,3,brown_blight,val,cross_class
Weather-related stress compounded by chronic fungal infection on tea lower leaf surface tissue.,1,helopeltis,train,cross_class
Field scouts observed severe leaf disease symptoms requiring immediate treatment in the upper leaf surface.,2,algal_leaf_spot,val,cross_class
Field scouts observed early-stage leaf disease symptoms requiring immediate treatment in the lower leaf surface.,0,gray_blight,train,cross_class
Affected tea shoots display moderate necrotic tissue with a characteristic gray discoloration.,0,gray_blight,train,class_specific
Remote sensing detected extensive spectral anomalies in tea canopy at mature leaf level.,0,gray_blight,train,cross_class
Tea cultivation report: severe stress indicators found on mature leaf across multiple plots.,1,helopeltis,train,cross_class
Tea crop health assessment shows advanced fungal infection spreading through leaf midrib tissue.,0,gray_blight,val,cross_class
Tea leaves exhibit severe red leaf spot lesions with distinct reddish centers on leaf tip.,4,red_leaf_spot,val,class_specific
The tea plantation in Assam reports significant crop stress affecting the mature leaf of plants.,4,red_leaf_spot,train,cross_class
Tea cultivation report: widespread stress indicators found on mature leaf across multiple plots.,3,brown_blight,train,cross_class
Tea cultivation report: acute stress indicators found on leaf lamina across multiple plots.,3,brown_blight,val,cross_class
Crop monitoring detected extensive anomalies in tea upper leaf surface coloration indicating possible disease.,2,algal_leaf_spot,train,cross_class
Remote sensing detected moderate spectral anomalies in tea canopy at leaf margin level.,3,brown_blight,train,cross_class
Tea quality tests show degraded leaf integrity with advanced damage to leaf midrib structures.,0,gray_blight,train,cross_class
Tea bushes in the Yunnan garden show advanced leaf symptoms requiring diagnostic testing.,0,gray_blight,train,cross_class
Weather-related stress compounded by chronic fungal infection on tea lower leaf surface tissue.,3,brown_blight,train,cross_class
Tea cultivation report: moderate stress indicators found on leaf tip across multiple plots.,4,red_leaf_spot,train,cross_class
Tea estate management flagged moderate infection on the mature leaf requiring fungicide application.,0,gray_blight,val,cross_class
Brown blight causes mild water-soaked lesions that turn necrotic on the tea leaf tip.,3,brown_blight,train,class_specific
Leaf biopsy from the leaf margin shows advanced cellular damage consistent with pathogen attack.,3,brown_blight,train,cross_class
Tea tip borer helopeltis has caused mild characteristic shot-hole patterns on the leaf margin.,1,helopeltis,train,class_specific
The leaf tip has acute algal spot colonies with characteristic powdery orange surface texture.,2,algal_leaf_spot,train,class_specific
The tea plantation in Sri Lanka reports significant crop stress affecting the young shoot of plants.,0,gray_blight,train,cross_class
Tea plant petiole affected by extensive algal spots showing concentric rings and orange sporulation.,2,algal_leaf_spot,val,class_specific
The petiole of tea plants shows localized signs of stress possibly related to environmental factors.,2,algal_leaf_spot,train,cross_class
Leaf biopsy from the leaf lamina shows early-stage cellular damage consistent with pathogen attack.,4,red_leaf_spot,train,cross_class
Weather-related stress compounded by widespread fungal infection on tea petiole tissue.,3,brown_blight,train,cross_class
Severe mild brown blight infection results in premature defoliation of tea leaf margin.,3,brown_blight,train,class_specific
Tea bushes in the Sylhet garden show severe leaf symptoms requiring diagnostic testing.,0,gray_blight,train,cross_class
Agronomists identified mild disease patterns on tea leaf lamina consistent with pathogen infection.,2,algal_leaf_spot,train,cross_class
Tea quality tests show degraded leaf integrity with chronic damage to upper leaf surface structures.,1,helopeltis,train,cross_class
Leaf biopsy from the leaf midrib shows widespread cellular damage consistent with pathogen attack.,2,algal_leaf_spot,train,cross_class
Tea crop health assessment shows widespread fungal infection spreading through lower leaf surface tissue.,2,algal_leaf_spot,train,cross_class
Tea leaves display moderate brown blight patches caused by Colletotrichum species on petiole.,3,brown_blight,train,class_specific
Agronomists identified advanced disease patterns on tea leaf lamina consistent with pathogen infection.,3,brown_blight,train,cross_class
Pest and disease survey recorded mild damage to tea leaf margin in highland gardens.,3,brown_blight,train,cross_class
Weather-related stress compounded by severe fungal infection on tea leaf tip tissue.,3,brown_blight,train,cross_class
Tea leaves display mild brown blight patches caused by Colletotrichum species on leaf margin.,3,brown_blight,train,class_specific
Tea leaves display extensive brown blight patches caused by Colletotrichum species on young shoot.,3,brown_blight,train,class_specific
Tea plant young shoot affected by early-stage algal spots showing concentric rings and orange sporulation.,2,algal_leaf_spot,train,class_specific
The tea leaf tip has chronic brown blight lesions with concentric rings and yellow halos.,3,brown_blight,train,class_specific
The leaf margin shows mixed acute symptoms suggesting complex tea leaf disease interaction.,0,gray_blight,train,cross_class
Farmers noted widespread red leaf spot outbreaks causing petiole damage and reduced yield.,4,red_leaf_spot,train,class_specific
The leaf margin shows mixed advanced symptoms suggesting complex tea leaf disease interaction.,3,brown_blight,val,cross_class
Disease pressure on tea leaf lamina has been extensive in the current growing season.,4,red_leaf_spot,train,cross_class
Affected tea shoots display moderate necrotic tissue with a characteristic gray discoloration.,0,gray_blight,train,class_specific
The leaf lamina shows mixed acute symptoms suggesting complex tea leaf disease interaction.,3,brown_blight,train,cross_class
Tea quality tests show degraded leaf integrity with early-stage damage to leaf tip structures.,0,gray_blight,train,cross_class
Crop monitoring detected mild anomalies in tea leaf margin coloration indicating possible disease.,0,gray_blight,val,cross_class
Remote sensing detected extensive spectral anomalies in tea canopy at leaf tip level.,2,algal_leaf_spot,train,cross_class
The lower leaf surface shows mixed widespread symptoms suggesting complex tea leaf disease interaction.,4,red_leaf_spot,train,cross_class
Tea growers reported advanced gray blight damage with necrotic spots covering the mature leaf.,0,gray_blight,train,class_specific
Tea bushes in the Nilgiri garden show acute leaf symptoms requiring diagnostic testing.,2,algal_leaf_spot,train,cross_class
Tea cultivation report: severe stress indicators found on leaf tip across multiple plots.,1,helopeltis,val,cross_class
Tea tip borer helopeltis has caused moderate characteristic shot-hole patterns on the young shoot.,1,helopeltis,train,class_specific
Agronomists identified moderate disease patterns on tea leaf tip consistent with pathogen infection.,2,algal_leaf_spot,train,cross_class
Tea quality tests show degraded leaf integrity with severe damage to leaf tip structures.,2,algal_leaf_spot,val,cross_class
Young tea shoots suffer moderate helopeltis damage with angular leaf lamina lesions and necrosis.,1,helopeltis,train,class_specific
Brown blight causes advanced water-soaked lesions that turn necrotic on the tea mature leaf.,3,brown_blight,val,class_specific
Tea leaves display mild brown blight patches caused by Colletotrichum species on leaf tip.,3,brown_blight,train,class_specific
The tea flush shows chronic helopeltis bug puncture wounds with dark halos on mature leaf.,1,helopeltis,train,class_specific
Agronomists identified advanced disease patterns on tea young shoot consistent with pathogen infection.,4,red_leaf_spot,val,cross_class
Leaf biopsy from the leaf midrib shows chronic cellular damage consistent with pathogen attack.,2,algal_leaf_spot,train,cross_class
Tea plant petiole affected by localized algal spots showing concentric rings and orange sporulation.,2,algal_leaf_spot,val,class_specific
Field scouts observed moderate leaf disease symptoms requiring immediate treatment in the lower leaf surface.,3,brown_blight,train,cross_class
The lower leaf surface displays classic helopeltis infestation marks with extensive brown stippling patterns.,1,helopeltis,train,class_specific
Tea cultivation report: moderate stress indicators found on petiole across multiple plots.,1,helopeltis,train,cross_class
Extension officer identified early-stage disease outbreak affecting tea leaf tip in the cooperative.,1,helopeltis,train,cross_class
Remote sensing detected moderate spectral anomalies in tea canopy at young shoot level.,2,algal_leaf_spot,val,cross_class
Tea crop health assessment shows severe fungal infection spreading through leaf margin tissue.,2,algal_leaf_spot,val,cross_class
Tea crop health assessment shows advanced fungal infection spreading through lower leaf surface tissue.,0,gray_blight,train,cross_class
Tea leaves display localized brown blight patches caused by Colletotrichum species on leaf lamina.,3,brown_blight,train,class_specific
The leaf midrib of tea plants shows mild signs of stress possibly related to environmental factors.,4,red_leaf_spot,train,cross_class
Extension officer identified chronic disease outbreak affecting tea leaf tip in the cooperative.,4,red_leaf_spot,train,cross_class
Weather-related stress compounded by widespread fungal infection on tea lower leaf surface tissue.,3,brown_blight,train,cross_class
Algal leaf spot disease presents moderate circular lesions with orange spore masses on upper leaf surface.,2,algal_leaf_spot,val,class_specific
Tea growers reported moderate gray blight damage with necrotic spots covering the mature leaf.,0,gray_blight,train,class_specific
Tea quality tests show degraded leaf integrity with advanced damage to leaf tip structures.,4,red_leaf_spot,train,cross_class
Tea plant leaf tip affected by early-stage algal spots showing concentric rings and orange sporulation.,2,algal_leaf_spot,train,class_specific
The petiole shows chronic brown blight symptoms with irregular dark brown spots and margins.,3,brown_blight,train,class_specific
The young shoot shows mixed advanced symptoms suggesting complex tea leaf disease interaction.,2,algal_leaf_spot,train,cross_class
Tea bushes in the Darjeeling garden show severe leaf symptoms requiring diagnostic testing.,4,red_leaf_spot,train,cross_class
The tea mature leaf has extensive brown blight lesions with concentric rings and yellow halos.,3,brown_blight,train,class_specific
Tea quality tests show degraded leaf integrity with localized damage to upper leaf surface structures.,1,helopeltis,train,cross_class
The leaf midrib displays classic helopeltis infestation marks with mild brown stippling patterns.,1,helopeltis,val,class_specific
The young shoot displays early-stage red spot symptoms with sunken centers and dark red borders.,4,red_leaf_spot,train,class_specific
Brown blight causes localized water-soaked lesions that turn necrotic on the tea upper leaf surface.,3,brown_blight,train,class_specific
Affected tea shoots display severe necrotic tissue with a characteristic gray discoloration.,0,gray_blight,train,class_specific
Remote sensing detected moderate spectral anomalies in tea canopy at mature leaf level.,3,brown_blight,val,cross_class
Remote sensing detected chronic spectral anomalies in tea canopy at young shoot level.,1,helopeltis,train,cross_class
Tea bushes in the Munnar garden show moderate leaf symptoms requiring diagnostic testing.,2,algal_leaf_spot,train,cross_class
The leaf midrib exhibits early-stage discoloration and tissue damage consistent with tea leaf disease.,4,red_leaf_spot,val,cross_class
Remote sensing detected acute spectral anomalies in tea canopy at lower leaf surface level.,1,helopeltis,train,cross_class
Weather-related stress compounded by localized fungal infection on tea mature leaf tissue.,0,gray_blight,train,cross_class
The lower leaf surface exhibits chronic discoloration and tissue damage consistent with tea leaf disease.,1,helopeltis,val,cross_class
Tea cultivation report: advanced stress indicators found on petiole across multiple plots.,1,helopeltis,train,cross_class
Disease pressure on tea young shoot has been chronic in the current growing season.,4,red_leaf_spot,val,cross_class
The tea leaf shows distinct chronic gray patches with irregular margins spreading across the upper leaf surface.,0,gray_blight,train,class_specific
Leaf biopsy from the leaf lamina shows early-stage cellular damage consistent with pathogen attack.,1,helopeltis,train,cross_class
The petiole exhibits localized discoloration and tissue damage consistent with tea leaf disease.,0,gray_blight,train,cross_class
Farmers noted early-stage red leaf spot outbreaks causing leaf margin damage and reduced yield.,4,red_leaf_spot,train,class_specific
The leaf tip exhibits early-stage discoloration and tissue damage consistent with tea leaf disease.,4,red_leaf_spot,val,cross_class
Field scouts observed acute leaf disease symptoms requiring immediate treatment in the leaf tip.,0,gray_blight,train,cross_class
Tea cultivation report: early-stage stress indicators found on petiole across multiple plots.,4,red_leaf_spot,train,cross_class
Young tea shoots suffer early-stage helopeltis damage with angular leaf tip lesions and necrosis.,1,helopeltis,train,class_specific
Field scouts observed moderate leaf disease symptoms requiring immediate treatment in the leaf lamina.,1,helopeltis,train,cross_class
Gray blight infection causes mild grayish-brown lesions on the young shoot of tea plants.,0,gray_blight,train,class_specific
The petiole shows mixed acute symptoms suggesting complex tea leaf disease interaction.,2,algal_leaf_spot,val,cross_class
Disease pressure on tea young shoot has been early-stage in the current growing season.,3,brown_blight,train,cross_class
The leaf lamina has moderate algal spot colonies with characteristic powdery orange surface texture.,2,algal_leaf_spot,train,class_specific
The leaf midrib exhibits localized discoloration and tissue damage consistent with tea leaf disease.,3,brown_blight,train,cross_class
Extension officer identified moderate disease outbreak affecting tea lower leaf surface in the cooperative.,0,gray_blight,val,cross_class
The young shoot displays classic helopeltis infestation marks with severe brown stippling patterns.,1,helopeltis,train,class_specific
Tea quality tests show degraded leaf integrity with severe damage to leaf tip structures.,1,helopeltis,train,cross_class
Tea cultivation report: mild stress indicators found on upper leaf surface across multiple plots.,1,helopeltis,train,cross_class
Field scouts observed localized leaf disease symptoms requiring immediate treatment in the mature leaf.,1,helopeltis,train,cross_class
Gray blight infection causes moderate grayish-brown lesions on the leaf tip of tea plants.,0,gray_blight,train,class_specific
The young shoot shows extensive brown blight symptoms with irregular dark brown spots and margins.,3,brown_blight,val,class_specific
Remote sensing detected moderate spectral anomalies in tea canopy at leaf midrib level.,1,helopeltis,train,cross_class
Affected tea shoots display acute necrotic tissue with a characteristic gray discoloration.,0,gray_blight,val,class_specific
Remote sensing detected early-stage spectral anomalies in tea canopy at young shoot level.,4,red_leaf_spot,train,cross_class
Pest and disease survey recorded early-stage damage to tea leaf midrib in highland gardens.,2,algal_leaf_spot,val,cross_class
Helopeltis feeding damage causes severe brown scorch marks on the young shoot of tea shoots.,1,helopeltis,train,class_specific
The leaf margin shows mixed localized symptoms suggesting complex tea leaf disease interaction.,1,helopeltis,val,cross_class
The tea flush shows widespread helopeltis bug puncture wounds with dark halos on leaf margin.,1,helopeltis,train,class_specific
Tea bushes in the Nilgiri garden show localized leaf symptoms requiring diagnostic testing.,2,algal_leaf_spot,val,cross_class
The tea flush shows advanced helopeltis bug puncture wounds with dark halos on leaf lamina.,1,helopeltis,train,class_specific
Gray blight infection causes severe grayish-brown lesions on the mature leaf of tea plants.,0,gray_blight,val,class_specific
Leaf biopsy from the leaf margin shows chronic cellular damage consistent with pathogen attack.,3,brown_blight,train,cross_class
Tea leaves exhibit acute red leaf spot lesions with distinct reddish centers on young shoot.,4,red_leaf_spot,train,class_specific
The young shoot shows mild brown blight symptoms with irregular dark brown spots and margins.,3,brown_blight,train,class_specific
Remote sensing detected widespread spectral anomalies in tea canopy at lower leaf surface level.,2,algal_leaf_spot,train,cross_class
The tea flush shows acute helopeltis bug puncture wounds with dark halos on leaf margin.,1,helopeltis,train,class_specific
Red leaf spot creates extensive reddish-brown circular lesions on the upper tea young shoot surface.,4,red_leaf_spot,train,class_specific
Circular mild algal leaf spots with raised orange-red centers appear on the upper leaf surface.,2,algal_leaf_spot,train,class_specific
Crop monitoring detected severe anomalies in tea leaf margin coloration indicating possible disease.,3,brown_blight,val,cross_class
Young tea shoots suffer moderate helopeltis damage with angular petiole lesions and necrosis.,1,helopeltis,train,class_specific
Tea quality tests show degraded leaf integrity with widespread damage to leaf tip structures.,2,algal_leaf_spot,val,cross_class
Brown blight causes widespread water-soaked lesions that turn necrotic on the tea petiole.,3,brown_blight,train,class_specific
The petiole shows mixed chronic symptoms suggesting complex tea leaf disease interaction.,4,red_leaf_spot,val,cross_class
Leaf biopsy from the petiole shows extensive cellular damage consistent with pathogen attack.,4,red_leaf_spot,train,cross_class
Tea tip borer helopeltis has caused acute characteristic shot-hole patterns on the leaf margin.,1,helopeltis,train,class_specific
Agronomists identified severe disease patterns on tea leaf tip consistent with pathogen infection.,4,red_leaf_spot,val,cross_class
The mature leaf displays early-stage red spot symptoms with sunken centers and dark red borders.,4,red_leaf_spot,train,class_specific
Extension officer identified extensive disease outbreak affecting tea petiole in the cooperative.,2,algal_leaf_spot,train,cross_class
The leaf midrib shows mixed acute symptoms suggesting complex tea leaf disease interaction.,1,helopeltis,train,cross_class
Disease pressure on tea lower leaf surface has been acute in the current growing season.,2,algal_leaf_spot,train,cross_class
Affected tea shoots display moderate necrotic tissue with a characteristic gray discoloration.,0,gray_blight,train,class_specific
Helopeltis feeding damage causes advanced brown scorch marks on the leaf tip of tea shoots.,1,helopeltis,train,class_specific
Pest and disease survey recorded moderate damage to tea upper leaf surface in highland gardens.,2,algal_leaf_spot,val,cross_class
Field scouts observed mild leaf disease symptoms requiring immediate treatment in the leaf margin.,3,brown_blight,train,cross_class
Leaf biopsy from the lower leaf surface shows early-stage cellular damage consistent with pathogen attack.,0,gray_blight,train,cross_class
The tea plantation in Nilgiri reports significant crop stress affecting the leaf midrib of plants.,4,red_leaf_spot,train,cross_class
Crop monitoring detected extensive anomalies in tea leaf margin coloration indicating possible disease.,2,algal_leaf_spot,train,cross_class
Circular localized algal leaf spots with raised orange-red centers appear on the petiole.,2,algal_leaf_spot,train,class_specific
Tea growers reported severe gray blight damage with necrotic spots covering the leaf tip.,0,gray_blight,train,class_specific
The tea flush shows extensive helopeltis bug puncture wounds with dark halos on lower leaf surface.,1,helopeltis,train,class_specific
The upper leaf surface shows chronic brown blight symptoms with irregular dark brown spots and margins.,3,brown_blight,train,class_specific
Tea leaves exhibit chronic red leaf spot lesions with distinct reddish centers on young shoot.,4,red_leaf_spot,val,class_specific
The tea leaf shows distinct localized gray patches with irregular margins spreading across the petiole.,0,gray_blight,val,class_specific
Gray blight infection causes early-stage grayish-brown lesions on the young shoot of tea plants.,0,gray_blight,val,class_specific
Circular early-stage algal leaf spots with raised orange-red centers appear on the upper leaf surface.,2,algal_leaf_spot,train,class_specific
Crop monitoring detected mild anomalies in tea leaf tip coloration indicating possible disease.,4,red_leaf_spot,train,cross_class
Tea tip borer helopeltis has caused extensive characteristic shot-hole patterns on the young shoot.,1,helopeltis,train,class_specific
Tea cultivation report: extensive stress indicators found on young shoot across multiple plots.,0,gray_blight,train,cross_class
Tea crop health assessment shows advanced fungal infection spreading through upper leaf surface tissue.,2,algal_leaf_spot,train,cross_class
The young shoot shows widespread brown blight symptoms with irregular dark brown spots and margins.,3,brown_blight,train,class_specific
Red leaf spot creates acute reddish-brown circular lesions on the upper tea leaf margin surface.,4,red_leaf_spot,val,class_specific
Pest and disease survey recorded severe damage to tea leaf midrib in highland gardens.,0,gray_blight,val,cross_class
Tea bushes in the Sri Lanka garden show widespread leaf symptoms requiring diagnostic testing.,2,algal_leaf_spot,train,cross_class
Severe chronic brown blight infection results in premature defoliation of tea mature leaf.,3,brown_blight,train,class_specific
Helopeltis feeding damage causes severe brown scorch marks on the leaf tip of tea shoots.,1,helopeltis,val,class_specific
Extension officer identified advanced disease outbreak affecting tea leaf midrib in the cooperative.,4,red_leaf_spot,val,cross_class
Tea estate management flagged widespread infection on the lower leaf surface requiring fungicide application.,4,red_leaf_spot,train,cross_class
Agronomists identified chronic disease patterns on tea upper leaf surface consistent with pathogen infection.,1,helopeltis,train,cross_class
Tea plant young shoot affected by mild algal spots showing concentric rings and orange sporulation.,2,algal_leaf_spot,train,class_specific
The mature leaf of the tea bush exhibits gray blight symptoms including chronic sunken lesions.,0,gray_blight,train,class_specific
Affected tea shoots display moderate necrotic tissue with a characteristic gray discoloration.,0,gray_blight,train,class_specific
Young tea shoots suffer early-stage helopeltis damage with angular petiole lesions and necrosis.,1,helopeltis,train,class_specific
Brown blight causes localized water-soaked lesions that turn necrotic on the tea leaf tip.,3,brown_blight,train,class_specific
Gray blight infection causes severe grayish-brown lesions on the young shoot of tea plants.,0,gray_blight,train,class_specific
Circular localized algal leaf spots with raised orange-red centers appear on the upper leaf surface.,2,algal_leaf_spot,train,class_specific
Pest and disease survey recorded acute damage to tea leaf tip in highland gardens.,2,algal_leaf_spot,train,cross_class
Tea crop health assessment shows localized fungal infection spreading through leaf midrib tissue.,3,brown_blight,val,cross_class
The leaf margin exhibits early-stage discoloration and tissue damage consistent with tea leaf disease.,1,helopeltis,val,cross_class
Tea leaves display moderate brown blight patches caused by Colletotrichum species on upper leaf surface.,3,brown_blight,train,class_specific
Red leaf spot creates widespread reddish-brown circular lesions on the upper tea petiole surface.,4,red_leaf_spot,train,class_specific
The tea flush shows severe helopeltis bug puncture wounds with dark halos on mature leaf.,1,helopeltis,train,class_specific
Brown blight causes widespread water-soaked lesions that turn necrotic on the tea leaf tip.,3,brown_blight,train,class_specific
The leaf lamina exhibits severe discoloration and tissue damage consistent with tea leaf disease.,4,red_leaf_spot,train,cross_class
The lower leaf surface shows moderate red spot disease caused by Phyllosticta with characteristic red margins.,4,red_leaf_spot,train,class_specific
The tea flush shows moderate helopeltis bug puncture wounds with dark halos on leaf lamina.,1,helopeltis,val,class_specific
Tea quality tests show degraded leaf integrity with extensive damage to leaf tip structures.,4,red_leaf_spot,train,cross_class
Pest and disease survey recorded advanced damage to tea petiole in highland gardens.,1,helopeltis,train,cross_class
Affected tea shoots display early-stage necrotic tissue with a characteristic gray discoloration.,0,gray_blight,val,class_specific
Tea crop health assessment shows localized fungal infection spreading through young shoot tissue.,3,brown_blight,val,cross_class
Farmers noted acute red leaf spot outbreaks causing mature leaf damage and reduced yield.,4,red_leaf_spot,train,class_specific
Brown blight causes severe water-soaked lesions that turn necrotic on the tea leaf midrib.,3,brown_blight,train,class_specific
The tea plantation in Sylhet reports significant crop stress affecting the upper leaf surface of plants.,3,brown_blight,train,cross_class
Tea bushes in the Darjeeling garden show moderate leaf symptoms requiring diagnostic testing.,2,algal_leaf_spot,train,cross_class
Affected tea shoots display localized necrotic tissue with a characteristic gray discoloration.,0,gray_blight,val,class_specific
Tea cultivation report: localized stress indicators found on mature leaf across multiple plots.,3,brown_blight,train,cross_class
Algal leaf spot disease presents chronic circular lesions with orange spore masses on petiole.,2,algal_leaf_spot,train,class_specific
Tea leaves display moderate brown blight patches caused by Colletotrichum species on leaf tip.,3,brown_blight,val,class_specific
The tea plantation in Darjeeling reports significant crop stress affecting the lower leaf surface of plants.,2,algal_leaf_spot,train,cross_class
The tea flush shows chronic helopeltis bug puncture wounds with dark halos on young shoot.,1,helopeltis,train,class_specific
Tea quality tests show degraded leaf integrity with acute damage to leaf lamina structures.,1,helopeltis,train,cross_class
Helopeltis feeding damage causes advanced brown scorch marks on the leaf lamina of tea shoots.,1,helopeltis,train,class_specific
Young tea shoots suffer advanced helopeltis damage with angular lower leaf surface lesions and necrosis.,1,helopeltis,train,class_specific
Field scouts observed extensive leaf disease symptoms requiring immediate treatment in the leaf lamina.,1,helopeltis,train,cross_class
Helopeltis feeding damage causes advanced brown scorch marks on the leaf tip of tea shoots.,1,helopeltis,train,class_specific
Agronomists identified extensive disease patterns on tea leaf lamina consistent with pathogen infection.,2,algal_leaf_spot,train,cross_class
Leaf biopsy from the petiole shows moderate cellular damage consistent with pathogen attack.,4,red_leaf_spot,train,cross_class
The tea young shoot has extensive brown blight lesions with concentric rings and yellow halos.,3,brown_blight,train,class_specific
The tea plantation in Assam reports significant crop stress affecting the leaf margin of plants.,4,red_leaf_spot,train,cross_class
Remote sensing detected acute spectral anomalies in tea canopy at lower leaf surface level.,3,brown_blight,train,cross_class
The lower leaf surface shows localized brown blight symptoms with irregular dark brown spots and margins.,3,brown_blight,train,class_specific
Tea bushes in the Assam garden show extensive leaf symptoms requiring diagnostic testing.,2,algal_leaf_spot,train,cross_class
The tea plantation in Sylhet reports significant crop stress affecting the leaf margin of plants.,1,helopeltis,train,cross_class
Brown blight causes acute water-soaked lesions that turn necrotic on the tea leaf margin.,3,brown_blight,train,class_specific
Young tea shoots suffer advanced helopeltis damage with angular petiole lesions and necrosis.,1,helopeltis,val,class_specific
The tea plantation in Nilgiri reports significant crop stress affecting the mature leaf of plants.,1,helopeltis,train,cross_class
Tea quality tests show degraded leaf integrity with extensive damage to petiole structures.,0,gray_blight,val,cross_class
Tea growers reported extensive gray blight damage with necrotic spots covering the leaf margin.,0,gray_blight,train,class_specific
The tea flush shows acute helopeltis bug puncture wounds with dark halos on leaf midrib.,1,helopeltis,train,class_specific
Crop monitoring detected extensive anomalies in tea leaf midrib coloration indicating possible disease.,0,gray_blight,train,cross_class
Tea bushes in the Kenya garden show moderate leaf symptoms requiring diagnostic testing.,4,red_leaf_spot,train,cross_class
The lower leaf surface of the tea bush exhibits gray blight symptoms including moderate sunken lesions.,0,gray_blight,val,class_specific
Tea plant young shoot affected by widespread algal spots showing concentric rings and orange sporulation.,2,algal_leaf_spot,train,class_specific
The leaf margin exhibits acute discoloration and tissue damage consistent with tea leaf disease.,3,brown_blight,train,cross_class
The leaf lamina of the tea bush exhibits gray blight symptoms including moderate sunken lesions.,0,gray_blight,train,class_specific
Tea growers reported early-stage gray blight damage with necrotic spots covering the petiole.,0,gray_blight,train,class_specific
The leaf margin shows extensive red spot disease caused by Phyllosticta with characteristic red margins.,4,red_leaf_spot,train,class_specific
The mature leaf exhibits chronic discoloration and tissue damage consistent with tea leaf disease.,4,red_leaf_spot,val,cross_class
The leaf lamina displays early-stage red spot symptoms with sunken centers and dark red borders.,4,red_leaf_spot,train,class_specific
Helopeltis feeding damage causes mild brown scorch marks on the upper leaf surface of tea shoots.,1,helopeltis,train,class_specific
Tea cultivation report: localized stress indicators found on leaf midrib across multiple plots.,1,helopeltis,train,cross_class
The tea leaf shows distinct chronic gray patches with irregular margins spreading across the leaf lamina.,0,gray_blight,val,class_specific
The tea leaf shows distinct chronic gray patches with irregular margins spreading across the upper leaf surface.,0,gray_blight,train,class_specific
Helopeltis feeding damage causes severe brown scorch marks on the mature leaf of tea shoots.,1,helopeltis,train,class_specific
The leaf lamina shows mixed chronic symptoms suggesting complex tea leaf disease interaction.,3,brown_blight,train,cross_class
Tea bushes in the Kenya garden show widespread leaf symptoms requiring diagnostic testing.,1,helopeltis,val,cross_class
The lower leaf surface has severe algal spot colonies with characteristic powdery orange surface texture.,2,algal_leaf_spot,train,class_specific
Tea cultivation report: acute stress indicators found on leaf tip across multiple plots.,0,gray_blight,train,cross_class
Weather-related stress compounded by localized fungal infection on tea leaf midrib tissue.,1,helopeltis,train,cross_class
Weather-related stress compounded by mild fungal infection on tea mature leaf tissue.,2,algal_leaf_spot,train,cross_class
Agronomists identified early-stage disease patterns on tea petiole consistent with pathogen infection.,0,gray_blight,train,cross_class
Affected tea shoots display moderate necrotic tissue with a characteristic gray discoloration.,0,gray_blight,train,class_specific
Tea cultivation report: acute stress indicators found on leaf tip across multiple plots.,4,red_leaf_spot,val,cross_class
The mature leaf of tea plants shows localized signs of stress possibly related to environmental factors.,1,helopeltis,val,cross_class
Field scouts observed acute leaf disease symptoms requiring immediate treatment in the mature leaf.,3,brown_blight,val,cross_class
Weather-related stress compounded by chronic fungal infection on tea lower leaf surface tissue.,3,brown_blight,train,cross_class
The leaf margin shows mixed acute symptoms suggesting complex tea leaf disease interaction.,3,brown_blight,train,cross_class
The mature leaf of the tea bush exhibits gray blight symptoms including widespread sunken lesions.,0,gray_blight,val,class_specific
Weather-related stress compounded by acute fungal infection on tea lower leaf surface tissue.,4,red_leaf_spot,val,cross_class
Leaf biopsy from the young shoot shows localized cellular damage consistent with pathogen attack.,2,algal_leaf_spot,train,cross_class
Crop monitoring detected advanced anomalies in tea leaf tip coloration indicating possible disease.,1,helopeltis,train,cross_class
Tea plant leaf margin affected by acute algal spots showing concentric rings and orange sporulation.,2,algal_leaf_spot,train,class_specific
Algal leaf spot disease presents early-stage circular lesions with orange spore masses on mature leaf.,2,algal_leaf_spot,train,class_specific
Tea quality tests show degraded leaf integrity with widespread damage to lower leaf surface structures.,1,helopeltis,train,cross_class
Tea bushes in the Sri Lanka garden show moderate leaf symptoms requiring diagnostic testing.,0,gray_blight,train,cross_class
Tea bushes in the Kangra garden show extensive leaf symptoms requiring diagnostic testing.,0,gray_blight,train,cross_class
The mature leaf shows mixed widespread symptoms suggesting complex tea leaf disease interaction.,4,red_leaf_spot,train,cross_class
The leaf lamina shows mixed localized symptoms suggesting complex tea leaf disease interaction.,3,brown_blight,train,cross_class
Severe early-stage brown blight infection results in premature defoliation of tea young shoot.,3,brown_blight,train,class_specific
Tea bushes in the Kangra garden show chronic leaf symptoms requiring diagnostic testing.,2,algal_leaf_spot,val,cross_class
Pest and disease survey recorded severe damage to tea leaf lamina in highland gardens.,4,red_leaf_spot,train,cross_class
Tea estate management flagged extensive infection on the young shoot requiring fungicide application.,3,brown_blight,train,cross_class
Farmers noted advanced red leaf spot outbreaks causing petiole damage and reduced yield.,4,red_leaf_spot,train,class_specific
Circular widespread algal leaf spots with raised orange-red centers appear on the upper leaf surface.,2,algal_leaf_spot,train,class_specific
Weather-related stress compounded by acute fungal infection on tea leaf midrib tissue.,2,algal_leaf_spot,train,cross_class
Tea bushes in the Sri Lanka garden show advanced leaf symptoms requiring diagnostic testing.,3,brown_blight,train,cross_class
Crop monitoring detected widespread anomalies in tea petiole coloration indicating possible disease.,2,algal_leaf_spot,val,cross_class
Leaf biopsy from the mature leaf shows chronic cellular damage consistent with pathogen attack.,1,helopeltis,val,cross_class
The tea upper leaf surface has extensive brown blight lesions with concentric rings and yellow halos.,3,brown_blight,val,class_specific
Severe widespread brown blight infection results in premature defoliation of tea mature leaf.,3,brown_blight,train,class_specific
Tea quality tests show degraded leaf integrity with acute damage to leaf margin structures.,3,brown_blight,train,cross_class
Extension officer identified acute disease outbreak affecting tea upper leaf surface in the cooperative.,2,algal_leaf_spot,train,cross_class
The tea leaf shows distinct extensive gray patches with irregular margins spreading across the petiole.,0,gray_blight,train,class_specific
Tea leaves display severe brown blight patches caused by Colletotrichum species on young shoot.,3,brown_blight,train,class_specific
Leaf biopsy from the petiole shows advanced cellular damage consistent with pathogen attack.,1,helopeltis,train,cross_class
Tea bushes in the Sri Lanka garden show moderate leaf symptoms requiring diagnostic testing.,3,brown_blight,val,cross_class
The mature leaf shows mild brown blight symptoms with irregular dark brown spots and margins.,3,brown_blight,train,class_specific
Affected tea shoots display localized necrotic tissue with a characteristic gray discoloration.,0,gray_blight,train,class_specific
The young shoot shows mixed moderate symptoms suggesting complex tea leaf disease interaction.,3,brown_blight,train,cross_class
Tea crop health assessment shows advanced fungal infection spreading through young shoot tissue.,1,helopeltis,train,cross_class
Leaf biopsy from the upper leaf surface shows moderate cellular damage consistent with pathogen attack.,1,helopeltis,val,cross_class
The young shoot of the tea bush exhibits gray blight symptoms including acute sunken lesions.,0,gray_blight,train,class_specific
Gray blight infection causes widespread grayish-brown lesions on the mature leaf of tea plants.,0,gray_blight,train,class_specific
Tea cultivation report: widespread stress indicators found on young shoot across multiple plots.,0,gray_blight,val,cross_class
The lower leaf surface exhibits early-stage discoloration and tissue damage consistent with tea leaf disease.,3,brown_blight,train,cross_class
Weather-related stress compounded by chronic fungal infection on tea mature leaf tissue.,2,algal_leaf_spot,train,cross_class
The petiole shows mixed localized symptoms suggesting complex tea leaf disease interaction.,0,gray_blight,train,cross_class
Brown blight causes extensive water-soaked lesions that turn necrotic on the tea leaf lamina.,3,brown_blight,train,class_specific
Remote sensing detected acute spectral anomalies in tea canopy at leaf tip level.,4,red_leaf_spot,val,cross_class
Gray blight infection causes extensive grayish-brown lesions on the upper leaf surface of tea plants.,0,gray_blight,train,class_specific
Tea bushes in the Sylhet garden show acute leaf symptoms requiring diagnostic testing.,1,helopeltis,train,cross_class
Tea bushes in the Sri Lanka garden show chronic leaf symptoms requiring diagnostic testing.,3,brown_blight,train,cross_class
Tea tip borer helopeltis has caused chronic characteristic shot-hole patterns on the young shoot.,1,helopeltis,train,class_specific
The leaf margin shows chronic red spot disease caused by Phyllosticta with characteristic red margins.,4,red_leaf_spot,train,class_specific
The tea plantation in Nilgiri reports significant crop stress affecting the lower leaf surface of plants.,4,red_leaf_spot,train,cross_class
Tea estate management flagged moderate infection on the mature leaf requiring fungicide application.,0,gray_blight,train,cross_class
Weather-related stress compounded by localized fungal infection on tea young shoot tissue.,1,helopeltis,val,cross_class
The tea leaf midrib has advanced brown blight lesions with concentric rings and yellow halos.,3,brown_blight,train,class_specific
Tea crop health assessment shows localized fungal infection spreading through young shoot tissue.,2,algal_leaf_spot,train,cross_class
Field scouts observed extensive leaf disease symptoms requiring immediate treatment in the upper leaf surface.,3,brown_blight,train,cross_class
Pest and disease survey recorded mild damage to tea leaf lamina in highland gardens.,1,helopeltis,train,cross_class
Tea tip borer helopeltis has caused extensive characteristic shot-hole patterns on the leaf margin.,1,helopeltis,val,class_specific
Circular advanced algal leaf spots with raised orange-red centers appear on the leaf lamina.,2,algal_leaf_spot,train,class_specific
The mature leaf shows severe brown blight symptoms with irregular dark brown spots and margins.,3,brown_blight,train,class_specific
The leaf lamina shows chronic brown blight symptoms with irregular dark brown spots and margins.,3,brown_blight,train,class_specific
The upper leaf surface of the tea bush exhibits gray blight symptoms including chronic sunken lesions.,0,gray_blight,train,class_specific
The petiole exhibits mild discoloration and tissue damage consistent with tea leaf disease.,0,gray_blight,train,cross_class
The leaf lamina of tea plants shows acute signs of stress possibly related to environmental factors.,1,helopeltis,train,cross_class
The young shoot of tea plants shows mild signs of stress possibly related to environmental factors.,1,helopeltis,val,cross_class
Tea bushes in the Nilgiri garden show widespread leaf symptoms requiring diagnostic testing.,3,brown_blight,val,cross_class
Tea estate management flagged advanced infection on the mature leaf requiring fungicide application.,3,brown_blight,train,cross_class
Tea quality tests show degraded leaf integrity with mild damage to mature leaf structures.,0,gray_blight,train,cross_class
Tea cultivation report: moderate stress indicators found on mature leaf across multiple plots.,1,helopeltis,train,cross_class
Red leaf spot creates extensive reddish-brown circular lesions on the upper tea upper leaf surface surface.,4,red_leaf_spot,train,class_specific
Disease pressure on tea leaf midrib has been early-stage in the current growing season.,2,algal_leaf_spot,train,cross_class
Tea leaves exhibit chronic red leaf spot lesions with distinct reddish centers on upper leaf surface.,4,red_leaf_spot,val,class_specific
Tea bushes in the Sylhet garden show mild leaf symptoms requiring diagnostic testing.,3,brown_blight,train,cross_class
Young tea shoots suffer acute helopeltis damage with angular young shoot lesions and necrosis.,1,helopeltis,val,class_specific
Tea bushes in the Darjeeling garden show chronic leaf symptoms requiring diagnostic testing.,4,red_leaf_spot,train,cross_class
Tea growers reported extensive gray blight damage with necrotic spots covering the upper leaf surface.,0,gray_blight,val,class_specific
The young shoot displays acute red spot symptoms with sunken centers and dark red borders.,4,red_leaf_spot,val,class_specific
Leaf biopsy from the leaf margin shows early-stage cellular damage consistent with pathogen attack.,3,brown_blight,train,cross_class
Leaf biopsy from the upper leaf surface shows acute cellular damage consistent with pathogen attack.,1,helopeltis,train,cross_class
Crop monitoring detected advanced anomalies in tea lower leaf surface coloration indicating possible disease.,1,helopeltis,train,cross_class
Remote sensing detected advanced spectral anomalies in tea canopy at petiole level.,0,gray_blight,val,cross_class
The petiole shows severe red spot disease caused by Phyllosticta with characteristic red margins.,4,red_leaf_spot,train,class_specific
Helopeltis feeding damage causes mild brown scorch marks on the leaf tip of tea shoots.,1,helopeltis,val,class_specific
Tea leaves display mild brown blight patches caused by Colletotrichum species on leaf tip.,3,brown_blight,train,class_specific
Leaf biopsy from the leaf lamina shows extensive cellular damage consistent with pathogen attack.,4,red_leaf_spot,train,cross_class
Leaf biopsy from the leaf lamina shows extensive cellular damage consistent with pathogen attack.,1,helopeltis,train,cross_class
The leaf margin displays classic helopeltis infestation marks with chronic brown stippling patterns.,1,helopeltis,train,class_specific
Algal leaf spot disease presents mild circular lesions with orange spore masses on leaf midrib.,2,algal_leaf_spot,train,class_specific
Remote sensing detected moderate spectral anomalies in tea canopy at lower leaf surface level.,1,helopeltis,train,cross_class
Circular chronic algal leaf spots with raised orange-red centers appear on the leaf margin.,2,algal_leaf_spot,train,class_specific
The leaf tip of tea plants shows localized signs of stress possibly related to environmental factors.,2,algal_leaf_spot,train,cross_class
Algal leaf spot disease presents advanced circular lesions with orange spore masses on leaf midrib.,2,algal_leaf_spot,train,class_specific
The leaf tip has widespread algal spot colonies with characteristic powdery orange surface texture.,2,algal_leaf_spot,train,class_specific
Disease pressure on tea leaf lamina has been severe in the current growing season.,0,gray_blight,train,cross_class
Weather-related stress compounded by mild fungal infection on tea petiole tissue.,1,helopeltis,train,cross_class
Tea quality tests show degraded leaf integrity with localized damage to upper leaf surface structures.,3,brown_blight,train,cross_class
Field scouts observed localized leaf disease symptoms requiring immediate treatment in the upper leaf surface.,2,algal_leaf_spot,val,cross_class
Tea leaves display acute brown blight patches caused by Colletotrichum species on leaf tip.,3,brown_blight,train,class_specific
Tea estate management flagged acute infection on the upper leaf surface requiring fungicide application.,1,helopeltis,train,cross_class
Remote sensing detected extensive spectral anomalies in tea canopy at leaf midrib level.,4,red_leaf_spot,train,cross_class
Algal leaf spot disease presents localized circular lesions with orange spore masses on leaf tip.,2,algal_leaf_spot,train,class_specific
Tea leaves display extensive brown blight patches caused by Colletotrichum species on leaf tip.,3,brown_blight,train,class_specific
The young shoot of the tea bush exhibits gray blight symptoms including severe sunken lesions.,0,gray_blight,train,class_specific
Tea crop health assessment shows widespread fungal infection spreading through young shoot tissue.,2,algal_leaf_spot,train,cross_class
The lower leaf surface exhibits localized discoloration and tissue damage consistent with tea leaf disease.,3,brown_blight,train,cross_class
Red leaf spot creates localized reddish-brown circular lesions on the upper tea upper leaf surface surface.,4,red_leaf_spot,train,class_specific
The tea leaf shows distinct early-stage gray patches with irregular margins spreading across the leaf lamina.,0,gray_blight,train,class_specific
The tea leaf lamina has advanced brown blight lesions with concentric rings and yellow halos.,3,brown_blight,train,class_specific
Tea crop health assessment shows advanced fungal infection spreading through leaf midrib tissue.,0,gray_blight,train,cross_class
The upper leaf surface has localized algal spot colonies with characteristic powdery orange surface texture.,2,algal_leaf_spot,train,class_specific
Agronomists identified extensive disease patterns on tea leaf lamina consistent with pathogen infection.,1,helopeltis,train,cross_class
Extension officer identified localized disease outbreak affecting tea petiole in the cooperative.,1,helopeltis,train,cross_class
Agronomists identified extensive disease patterns on tea mature leaf consistent with pathogen infection.,0,gray_blight,train,cross_class
Affected tea shoots display chronic necrotic tissue with a characteristic gray discoloration.,0,gray_blight,val,class_specific
The tea leaf shows distinct advanced gray patches with irregular margins spreading across the young shoot.,0,gray_blight,train,class_specific
Tea quality tests show degraded leaf integrity with moderate damage to leaf margin structures.,3,brown_blight,train,cross_class
Leaf biopsy from the upper leaf surface shows early-stage cellular damage consistent with pathogen attack.,4,red_leaf_spot,train,cross_class
The tea leaf shows distinct widespread gray patches with irregular margins spreading across the leaf lamina.,0,gray_blight,train,class_specific
Tea leaves exhibit localized red leaf spot lesions with distinct reddish centers on upper leaf surface.,4,red_leaf_spot,val,class_specific
Tea plant upper leaf surface affected by severe algal spots showing concentric rings and orange sporulation.,2,algal_leaf_spot,val,class_specific
Algal leaf spot disease presents moderate circular lesions with orange spore masses on mature leaf.,2,algal_leaf_spot,train,class_specific
Tea leaves show moderate Cephaleuros virescens spots creating rust-orange patches on upper leaf surface.,2,algal_leaf_spot,train,class_specific
The tea plantation in Sri Lanka reports significant crop stress affecting the leaf midrib of plants.,3,brown_blight,val,cross_class
The upper leaf surface shows mixed widespread symptoms suggesting complex tea leaf disease interaction.,2,algal_leaf_spot,train,cross_class
Tea tip borer helopeltis has caused localized characteristic shot-hole patterns on the leaf lamina.,1,helopeltis,train,class_specific
Algal leaf spot disease presents extensive circular lesions with orange spore masses on leaf tip.,2,algal_leaf_spot,train,class_specific
Agronomists identified extensive disease patterns on tea mature leaf consistent with pathogen infection.,0,gray_blight,train,cross_class
Crop monitoring detected advanced anomalies in tea leaf tip coloration indicating possible disease.,3,brown_blight,val,cross_class
Agronomists identified advanced disease patterns on tea lower leaf surface consistent with pathogen infection.,3,brown_blight,train,cross_class
Tea plant mature leaf affected by mild algal spots showing concentric rings and orange sporulation.,2,algal_leaf_spot,train,class_specific
Extension officer identified mild disease outbreak affecting tea petiole in the cooperative.,1,helopeltis,val,cross_class
The leaf margin displays classic helopeltis infestation marks with acute brown stippling patterns.,1,helopeltis,val,class_specific
Crop monitoring detected moderate anomalies in tea mature leaf coloration indicating possible disease.,0,gray_blight,train,cross_class
Tea estate management flagged mild infection on the leaf midrib requiring fungicide application.,0,gray_blight,train,cross_class
Tea estate management flagged extensive infection on the lower leaf surface requiring fungicide application.,2,algal_leaf_spot,train,cross_class
The young shoot exhibits extensive discoloration and tissue damage consistent with tea leaf disease.,4,red_leaf_spot,train,cross_class
Tea leaves exhibit widespread red leaf spot lesions with distinct reddish centers on leaf tip.,4,red_leaf_spot,train,class_specific
Pest and disease survey recorded widespread damage to tea leaf lamina in highland gardens.,4,red_leaf_spot,train,cross_class
The mature leaf of tea plants shows extensive signs of stress possibly related to environmental factors.,4,red_leaf_spot,train,cross_class
The lower leaf surface of the tea bush exhibits gray blight symptoms including widespread sunken lesions.,0,gray_blight,train,class_specific
The tea plantation in Kenya reports significant crop stress affecting the young shoot of plants.,2,algal_leaf_spot,train,cross_class
Tea plant upper leaf surface affected by moderate algal spots showing concentric rings and orange sporulation.,2,algal_leaf_spot,train,class_specific
Tea quality tests show degraded leaf integrity with chronic damage to upper leaf surface structures.,4,red_leaf_spot,train,cross_class
Tea crop health assessment shows advanced fungal infection spreading through young shoot tissue.,0,gray_blight,train,cross_class
Remote sensing detected moderate spectral anomalies in tea canopy at young shoot level.,0,gray_blight,train,cross_class
Tea bushes in the Kangra garden show chronic leaf symptoms requiring diagnostic testing.,1,helopeltis,train,cross_class
Crop monitoring detected severe anomalies in tea upper leaf surface coloration indicating possible disease.,4,red_leaf_spot,train,cross_class
Brown blight causes moderate water-soaked lesions that turn necrotic on the tea petiole.,3,brown_blight,val,class_specific
The mature leaf shows mixed advanced symptoms suggesting complex tea leaf disease interaction.,0,gray_blight,train,cross_class
The young shoot displays extensive red spot symptoms with sunken centers and dark red borders.,4,red_leaf_spot,train,class_specific
The upper leaf surface displays widespread red spot symptoms with sunken centers and dark red borders.,4,red_leaf_spot,train,class_specific
Leaf biopsy from the leaf lamina shows mild cellular damage consistent with pathogen attack.,3,brown_blight,train,cross_class
Disease pressure on tea leaf tip has been mild in the current growing season.,1,helopeltis,train,cross_class
Pest and disease survey recorded moderate damage to tea leaf midrib in highland gardens.,0,gray_blight,train,cross_class
The upper leaf surface of tea plants shows acute signs of stress possibly related to environmental factors.,1,helopeltis,train,cross_class
Helopeltis feeding damage causes mild brown scorch marks on the upper leaf surface of tea shoots.,1,helopeltis,train,class_specific
The lower leaf surface exhibits mild discoloration and tissue damage consistent with tea leaf disease.,0,gray_blight,train,cross_class
Leaf biopsy from the leaf margin shows acute cellular damage consistent with pathogen attack.,0,gray_blight,train,cross_class
Tea estate management flagged early-stage infection on the petiole requiring fungicide application.,0,gray_blight,train,cross_class
Tea estate management flagged widespread infection on the leaf margin requiring fungicide application.,2,algal_leaf_spot,train,cross_class
The tea leaf shows distinct mild gray patches with irregular margins spreading across the upper leaf surface.,0,gray_blight,train,class_specific
Disease pressure on tea lower leaf surface has been widespread in the current growing season.,0,gray_blight,train,cross_class
Tea estate management flagged advanced infection on the lower leaf surface requiring fungicide application.,0,gray_blight,train,cross_class
Field scouts observed localized leaf disease symptoms requiring immediate treatment in the leaf midrib.,0,gray_blight,train,cross_class
Tea leaves show early-stage Cephaleuros virescens spots creating rust-orange patches on leaf margin.,2,algal_leaf_spot,val,class_specific
Tea leaves show severe Cephaleuros virescens spots creating rust-orange patches on upper leaf surface.,2,algal_leaf_spot,train,class_specific
The leaf margin of the tea bush exhibits gray blight symptoms including localized sunken lesions.,0,gray_blight,train,class_specific
The upper leaf surface exhibits early-stage discoloration and tissue damage consistent with tea leaf disease.,0,gray_blight,train,cross_class
Crop monitoring detected acute anomalies in tea petiole coloration indicating possible disease.,4,red_leaf_spot,train,cross_class
Remote sensing detected localized spectral anomalies in tea canopy at leaf tip level.,3,brown_blight,train,cross_class
Tea tip borer helopeltis has caused chronic characteristic shot-hole patterns on the leaf tip.,1,helopeltis,val,class_specific
The tea leaf shows distinct localized gray patches with irregular margins spreading across the upper leaf surface.,0,gray_blight,train,class_specific
Tea leaves display mild brown blight patches caused by Colletotrichum species on young shoot.,3,brown_blight,train,class_specific
Tea estate management flagged localized infection on the mature leaf requiring fungicide application.,1,helopeltis,train,cross_class
Young tea shoots suffer mild helopeltis damage with angular young shoot lesions and necrosis.,1,helopeltis,val,class_specific
Tea leaves display acute brown blight patches caused by Colletotrichum species on leaf margin.,3,brown_blight,train,class_specific
Young tea shoots suffer severe helopeltis damage with angular petiole lesions and necrosis.,1,helopeltis,train,class_specific
Field scouts observed widespread leaf disease symptoms requiring immediate treatment in the leaf lamina.,4,red_leaf_spot,train,cross_class
The petiole displays classic helopeltis infestation marks with chronic brown stippling patterns.,1,helopeltis,train,class_specific
The leaf lamina shows acute brown blight symptoms with irregular dark brown spots and margins.,3,brown_blight,train,class_specific
Tea leaves show mild Cephaleuros virescens spots creating rust-orange patches on leaf margin.,2,algal_leaf_spot,train,class_specific
Leaf biopsy from the leaf tip shows early-stage cellular damage consistent with pathogen attack.,4,red_leaf_spot,val,cross_class
Crop monitoring detected acute anomalies in tea mature leaf coloration indicating possible disease.,4,red_leaf_spot,val,cross_class
The tea leaf shows distinct localized gray patches with irregular margins spreading across the leaf midrib.,0,gray_blight,train,class_specific
Severe acute brown blight infection results in premature defoliation of tea leaf midrib.,3,brown_blight,train,class_specific
Agronomists identified advanced disease patterns on tea upper leaf surface consistent with pathogen infection.,0,gray_blight,val,cross_class
The petiole of tea plants shows widespread signs of stress possibly related to environmental factors.,0,gray_blight,train,cross_class
Tea estate management flagged localized infection on the upper leaf surface requiring fungicide application.,1,helopeltis,train,cross_class
Farmers noted moderate red leaf spot outbreaks causing leaf midrib damage and reduced yield.,4,red_leaf_spot,train,class_specific
Remote sensing detected widespread spectral anomalies in tea canopy at leaf midrib level.,1,helopeltis,train,cross_class
Affected tea shoots display early-stage necrotic tissue with a characteristic gray discoloration.,0,gray_blight,train,class_specific
Gray blight infection causes extensive grayish-brown lesions on the lower leaf surface of tea plants.,0,gray_blight,train,class_specific
Weather-related stress compounded by advanced fungal infection on tea leaf lamina tissue.,3,brown_blight,train,cross_class
Crop monitoring detected chronic anomalies in tea upper leaf surface coloration indicating possible disease.,3,brown_blight,train,cross_class
Weather-related stress compounded by localized fungal infection on tea leaf margin tissue.,1,helopeltis,train,cross_class
Pest and disease survey recorded moderate damage to tea mature leaf in highland gardens.,2,algal_leaf_spot,train,cross_class
Pest and disease survey recorded moderate damage to tea leaf margin in highland gardens.,2,algal_leaf_spot,val,cross_class
Leaf biopsy from the leaf midrib shows severe cellular damage consistent with pathogen attack.,0,gray_blight,train,cross_class
Tea cultivation report: moderate stress indicators found on mature leaf across multiple plots.,2,algal_leaf_spot,train,cross_class
Tea estate management flagged chronic infection on the mature leaf requiring fungicide application.,0,gray_blight,train,cross_class
Young tea shoots suffer early-stage helopeltis damage with angular mature leaf lesions and necrosis.,1,helopeltis,train,class_specific
Leaf biopsy from the mature leaf shows moderate cellular damage consistent with pathogen attack.,0,gray_blight,val,cross_class
Tea quality tests show degraded leaf integrity with early-stage damage to mature leaf structures.,3,brown_blight,train,cross_class
Pest and disease survey recorded mild damage to tea mature leaf in highland gardens.,2,algal_leaf_spot,train,cross_class
Tea estate management flagged acute infection on the upper leaf surface requiring fungicide application.,3,brown_blight,train,cross_class
The tea plantation in Kenya reports significant crop stress affecting the leaf midrib of plants.,1,helopeltis,train,cross_class
The petiole displays classic helopeltis infestation marks with chronic brown stippling patterns.,1,helopeltis,train,class_specific
Agronomists identified mild disease patterns on tea petiole consistent with pathogen infection.,0,gray_blight,train,cross_class
Tea crop health assessment shows widespread fungal infection spreading through mature leaf tissue.,2,algal_leaf_spot,train,cross_class
Leaf biopsy from the mature leaf shows mild cellular damage consistent with pathogen attack.,1,helopeltis,train,cross_class
Algal leaf spot disease presents localized circular lesions with orange spore masses on upper leaf surface.,2,algal_leaf_spot,train,class_specific
Disease pressure on tea young shoot has been early-stage in the current growing season.,4,red_leaf_spot,val,cross_class
The leaf tip exhibits severe discoloration and tissue damage consistent with tea leaf disease.,1,helopeltis,train,cross_class
Severe advanced brown blight infection results in premature defoliation of tea leaf lamina.,3,brown_blight,val,class_specific
Tea plant leaf margin affected by acute algal spots showing concentric rings and orange sporulation.,2,algal_leaf_spot,val,class_specific
Extension officer identified mild disease outbreak affecting tea lower leaf surface in the cooperative.,3,brown_blight,train,cross_class
The leaf margin displays classic helopeltis infestation marks with advanced brown stippling patterns.,1,helopeltis,train,class_specific
Tea crop health assessment shows localized fungal infection spreading through leaf lamina tissue.,2,algal_leaf_spot,train,cross_class
Helopeltis feeding damage causes extensive brown scorch marks on the leaf lamina of tea shoots.,1,helopeltis,train,class_specific
The leaf lamina has widespread algal spot colonies with characteristic powdery orange surface texture.,2,algal_leaf_spot,train,class_specific
Disease pressure on tea leaf tip has been severe in the current growing season.,1,helopeltis,train,cross_class
Remote sensing detected acute spectral anomalies in tea canopy at young shoot level.,4,red_leaf_spot,val,cross_class
The mature leaf shows mixed severe symptoms suggesting complex tea leaf disease interaction.,4,red_leaf_spot,train,cross_class
Field scouts observed chronic leaf disease symptoms requiring immediate treatment in the leaf tip.,3,brown_blight,val,cross_class
Leaf biopsy from the leaf lamina shows mild cellular damage consistent with pathogen attack.,0,gray_blight,train,cross_class
Tea bushes in the Kangra garden show acute leaf symptoms requiring diagnostic testing.,4,red_leaf_spot,train,cross_class
Leaf biopsy from the leaf margin shows severe cellular damage consistent with pathogen attack.,3,brown_blight,train,cross_class
Algal leaf spot disease presents localized circular lesions with orange spore masses on leaf lamina.,2,algal_leaf_spot,train,class_specific
Extension officer identified widespread disease outbreak affecting tea leaf lamina in the cooperative.,1,helopeltis,train,cross_class
Tea cultivation report: extensive stress indicators found on young shoot across multiple plots.,3,brown_blight,train,cross_class
Tea leaves exhibit acute red leaf spot lesions with distinct reddish centers on mature leaf.,4,red_leaf_spot,train,class_specific
Tea bushes in the Yunnan garden show early-stage leaf symptoms requiring diagnostic testing.,2,algal_leaf_spot,train,cross_class
Tea plant mature leaf affected by severe algal spots showing concentric rings and orange sporulation.,2,algal_leaf_spot,train,class_specific
Weather-related stress compounded by advanced fungal infection on tea lower leaf surface tissue.,4,red_leaf_spot,train,cross_class
The leaf midrib shows mixed chronic symptoms suggesting complex tea leaf disease interaction.,4,red_leaf_spot,train,cross_class
Weather-related stress compounded by moderate fungal infection on tea leaf tip tissue.,2,algal_leaf_spot,train,cross_class
Tea crop health assessment shows chronic fungal infection spreading through mature leaf tissue.,3,brown_blight,train,cross_class
The lower leaf surface shows acute brown blight symptoms with irregular dark brown spots and margins.,3,brown_blight,train,class_specific
Weather-related stress compounded by widespread fungal infection on tea leaf margin tissue.,4,red_leaf_spot,train,cross_class
Leaf biopsy from the leaf margin shows early-stage cellular damage consistent with pathogen attack.,2,algal_leaf_spot,train,cross_class
Tea growers reported extensive gray blight damage with necrotic spots covering the leaf margin.,0,gray_blight,train,class_specific
The upper leaf surface displays classic helopeltis infestation marks with localized brown stippling patterns.,1,helopeltis,train,class_specific
Tea quality tests show degraded leaf integrity with early-stage damage to leaf margin structures.,2,algal_leaf_spot,train,cross_class
Extension officer identified advanced disease outbreak affecting tea leaf midrib in the cooperative.,3,brown_blight,train,cross_class
Crop monitoring detected early-stage anomalies in tea young shoot coloration indicating possible disease.,4,red_leaf_spot,train,cross_class
Algal leaf spot disease presents mild circular lesions with orange spore masses on lower leaf surface.,2,algal_leaf_spot,train,class_specific
The lower leaf surface shows mixed advanced symptoms suggesting complex tea leaf disease interaction.,2,algal_leaf_spot,train,cross_class
Crop monitoring detected localized anomalies in tea leaf lamina coloration indicating possible disease.,4,red_leaf_spot,train,cross_class
The tea petiole has widespread brown blight lesions with concentric rings and yellow halos.,3,brown_blight,train,class_specific
Tea quality tests show degraded leaf integrity with chronic damage to young shoot structures.,2,algal_leaf_spot,train,cross_class
Weather-related stress compounded by advanced fungal infection on tea leaf lamina tissue.,2,algal_leaf_spot,val,cross_class
Extension officer identified advanced disease outbreak affecting tea leaf lamina in the cooperative.,2,algal_leaf_spot,train,cross_class
Tea leaves show advanced Cephaleuros virescens spots creating rust-orange patches on leaf tip.,2,algal_leaf_spot,train,class_specific
Tea plant lower leaf surface affected by widespread algal spots showing concentric rings and orange sporulation.,2,algal_leaf_spot,train,class_specific
Tea crop health assessment shows extensive fungal infection spreading through mature leaf tissue.,0,gray_blight,train,cross_class
Tea leaves exhibit widespread red leaf spot lesions with distinct reddish centers on leaf tip.,4,red_leaf_spot,train,class_specific
The leaf margin shows mixed advanced symptoms suggesting complex tea leaf disease interaction.,1,helopeltis,train,cross_class
Tea growers reported chronic gray blight damage with necrotic spots covering the lower leaf surface.,0,gray_blight,train,class_specific
The leaf margin has advanced algal spot colonies with characteristic powdery orange surface texture.,2,algal_leaf_spot,train,class_specific
Crop monitoring detected localized anomalies in tea leaf midrib coloration indicating possible disease.,2,algal_leaf_spot,val,cross_class
The upper leaf surface shows mixed advanced symptoms suggesting complex tea leaf disease interaction.,1,helopeltis,train,cross_class
Tea tip borer helopeltis has caused localized characteristic shot-hole patterns on the leaf margin.,1,helopeltis,train,class_specific
The tea flush shows severe helopeltis bug puncture wounds with dark halos on leaf margin.,1,helopeltis,train,class_specific
The lower leaf surface of tea plants shows localized signs of stress possibly related to environmental factors.,2,algal_leaf_spot,val,cross_class
Circular extensive algal leaf spots with raised orange-red centers appear on the young shoot.,2,algal_leaf_spot,train,class_specific
Tea bushes in the Darjeeling garden show acute leaf symptoms requiring diagnostic testing.,4,red_leaf_spot,train,cross_class
Leaf biopsy from the leaf lamina shows severe cellular damage consistent with pathogen attack.,2,algal_leaf_spot,train,cross_class
Red leaf spot creates moderate reddish-brown circular lesions on the upper tea leaf midrib surface.,4,red_leaf_spot,train,class_specific
Tea leaves show extensive Cephaleuros virescens spots creating rust-orange patches on leaf margin.,2,algal_leaf_spot,train,class_specific
Disease pressure on tea leaf tip has been chronic in the current growing season.,0,gray_blight,train,cross_class
The mature leaf shows mixed early-stage symptoms suggesting complex tea leaf disease interaction.,0,gray_blight,train,cross_class
The tea leaf lamina has widespread brown blight lesions with concentric rings and yellow halos.,3,brown_blight,train,class_specific
Tea growers reported mild gray blight damage with necrotic spots covering the petiole.,0,gray_blight,train,class_specific
Tea bushes in the Assam garden show mild leaf symptoms requiring diagnostic testing.,4,red_leaf_spot,train,cross_class
Tea bushes in the Sri Lanka garden show chronic leaf symptoms requiring diagnostic testing.,2,algal_leaf_spot,train,cross_class
Leaf biopsy from the leaf margin shows moderate cellular damage consistent with pathogen attack.,3,brown_blight,train,cross_class
The leaf midrib displays widespread red spot symptoms with sunken centers and dark red borders.,4,red_leaf_spot,train,class_specific
Farmers noted localized red leaf spot outbreaks causing mature leaf damage and reduced yield.,4,red_leaf_spot,train,class_specific
Field scouts observed extensive leaf disease symptoms requiring immediate treatment in the mature leaf.,0,gray_blight,train,cross_class
Crop monitoring detected extensive anomalies in tea leaf lamina coloration indicating possible disease.,3,brown_blight,train,cross_class
Tea bushes in the Yunnan garden show severe leaf symptoms requiring diagnostic testing.,2,algal_leaf_spot,train,cross_class
Tea cultivation report: widespread stress indicators found on mature leaf across multiple plots.,3,brown_blight,train,cross_class
Helopeltis feeding damage causes severe brown scorch marks on the leaf margin of tea shoots.,1,helopeltis,train,class_specific
Tea cultivation report: extensive stress indicators found on mature leaf across multiple plots.,0,gray_blight,train,cross_class
Tea crop health assessment shows widespread fungal infection spreading through leaf margin tissue.,2,algal_leaf_spot,train,cross_class
Young tea shoots suffer severe helopeltis damage with angular mature leaf lesions and necrosis.,1,helopeltis,train,class_specific
Tea growers reported chronic gray blight damage with necrotic spots covering the leaf margin.,0,gray_blight,train,class_specific
The mature leaf exhibits early-stage discoloration and tissue damage consistent with tea leaf disease.,0,gray_blight,val,cross_class
Affected tea shoots display chronic necrotic tissue with a characteristic gray discoloration.,0,gray_blight,train,class_specific
Tea cultivation report: acute stress indicators found on leaf tip across multiple plots.,4,red_leaf_spot,val,cross_class
Crop monitoring detected localized anomalies in tea leaf midrib coloration indicating possible disease.,4,red_leaf_spot,train,cross_class
The young shoot of tea plants shows advanced signs of stress possibly related to environmental factors.,3,brown_blight,val,cross_class
Leaf biopsy from the mature leaf shows advanced cellular damage consistent with pathogen attack.,0,gray_blight,train,cross_class
The petiole of tea plants shows early-stage signs of stress possibly related to environmental factors.,0,gray_blight,train,cross_class
Pest and disease survey recorded chronic damage to tea petiole in highland gardens.,0,gray_blight,train,cross_class
Field scouts observed localized leaf disease symptoms requiring immediate treatment in the petiole.,3,brown_blight,train,cross_class
Brown blight causes advanced water-soaked lesions that turn necrotic on the tea upper leaf surface.,3,brown_blight,train,class_specific
Tea leaves exhibit chronic red leaf spot lesions with distinct reddish centers on lower leaf surface.,4,red_leaf_spot,train,class_specific
Tea estate management flagged extensive infection on the leaf lamina requiring fungicide application.,1,helopeltis,train,cross_class
Crop monitoring detected mild anomalies in tea lower leaf surface coloration indicating possible disease.,2,algal_leaf_spot,train,cross_class
Extension officer identified advanced disease outbreak affecting tea petiole in the cooperative.,4,red_leaf_spot,train,cross_class
Tea plant mature leaf affected by extensive algal spots showing concentric rings and orange sporulation.,2,algal_leaf_spot,train,class_specific
Leaf biopsy from the young shoot shows extensive cellular damage consistent with pathogen attack.,3,brown_blight,train,cross_class
The tea plantation in Sri Lanka reports significant crop stress affecting the upper leaf surface of plants.,2,algal_leaf_spot,train,cross_class
Tea crop health assessment shows moderate fungal infection spreading through leaf tip tissue.,0,gray_blight,train,cross_class
Affected tea shoots display widespread necrotic tissue with a characteristic gray discoloration.,0,gray_blight,train,class_specific
Field scouts observed extensive leaf disease symptoms requiring immediate treatment in the lower leaf surface.,0,gray_blight,train,cross_class
The leaf lamina displays mild red spot symptoms with sunken centers and dark red borders.,4,red_leaf_spot,train,class_specific
The leaf tip of tea plants shows advanced signs of stress possibly related to environmental factors.,4,red_leaf_spot,val,cross_class
Gray blight infection causes moderate grayish-brown lesions on the leaf margin of tea plants.,0,gray_blight,train,class_specific
The upper leaf surface shows mixed extensive symptoms suggesting complex tea leaf disease interaction.,2,algal_leaf_spot,train,cross_class
Disease pressure on tea leaf margin has been moderate in the current growing season.,4,red_leaf_spot,train,cross_class
Crop monitoring detected mild anomalies in tea mature leaf coloration indicating possible disease.,3,brown_blight,train,cross_class
The tea flush shows chronic helopeltis bug puncture wounds with dark halos on lower leaf surface.,1,helopeltis,val,class_specific
Tea leaves display extensive brown blight patches caused by Colletotrichum species on lower leaf surface.,3,brown_blight,train,class_specific
Tea crop health assessment shows advanced fungal infection spreading through mature leaf tissue.,0,gray_blight,train,cross_class
Tea estate management flagged moderate infection on the mature leaf requiring fungicide application.,0,gray_blight,val,cross_class
The lower leaf surface exhibits moderate discoloration and tissue damage consistent with tea leaf disease.,3,brown_blight,train,cross_class
The tea plantation in Munnar reports significant crop stress affecting the leaf margin of plants.,0,gray_blight,val,cross_class
The leaf midrib displays widespread red spot symptoms with sunken centers and dark red borders.,4,red_leaf_spot,train,class_specific
Tea tip borer helopeltis has caused advanced characteristic shot-hole patterns on the mature leaf.,1,helopeltis,val,class_specific
Tea leaves show chronic Cephaleuros virescens spots creating rust-orange patches on leaf lamina.,2,algal_leaf_spot,train,class_specific
Tea leaves show advanced Cephaleuros virescens spots creating rust-orange patches on leaf margin.,2,algal_leaf_spot,val,class_specific
Tea leaves display early-stage brown blight patches caused by Colletotrichum species on petiole.,3,brown_blight,train,class_specific
The upper leaf surface shows mild red spot disease caused by Phyllosticta with characteristic red margins.,4,red_leaf_spot,train,class_specific
Agronomists identified widespread disease patterns on tea lower leaf surface consistent with pathogen infection.,4,red_leaf_spot,train,cross_class
Farmers noted widespread red leaf spot outbreaks causing young shoot damage and reduced yield.,4,red_leaf_spot,train,class_specific
The leaf midrib exhibits localized discoloration and tissue damage consistent with tea leaf disease.,0,gray_blight,train,cross_class
Tea leaves display early-stage brown blight patches caused by Colletotrichum species on young shoot.,3,brown_blight,train,class_specific
The lower leaf surface shows localized red spot disease caused by Phyllosticta with characteristic red margins.,4,red_leaf_spot,train,class_specific
Tea cultivation report: severe stress indicators found on upper leaf surface across multiple plots.,0,gray_blight,val,cross_class
Agronomists identified localized disease patterns on tea young shoot consistent with pathogen infection.,3,brown_blight,train,cross_class
Tea bushes in the Kangra garden show mild leaf symptoms requiring diagnostic testing.,3,brown_blight,val,cross_class
Pest and disease survey recorded localized damage to tea leaf lamina in highland gardens.,0,gray_blight,train,cross_class
The mature leaf of the tea bush exhibits gray blight symptoms including acute sunken lesions.,0,gray_blight,train,class_specific
Field scouts observed moderate leaf disease symptoms requiring immediate treatment in the young shoot.,4,red_leaf_spot,train,cross_class
Extension officer identified early-stage disease outbreak affecting tea petiole in the cooperative.,0,gray_blight,train,cross_class
Red leaf spot creates advanced reddish-brown circular lesions on the upper tea petiole surface.,4,red_leaf_spot,train,class_specific
The tea flush shows early-stage helopeltis bug puncture wounds with dark halos on leaf tip.,1,helopeltis,train,class_specific
Remote sensing detected mild spectral anomalies in tea canopy at leaf margin level.,1,helopeltis,train,cross_class
The leaf margin shows severe red spot disease caused by Phyllosticta with characteristic red margins.,4,red_leaf_spot,train,class_specific
Pest and disease survey recorded widespread damage to tea young shoot in highland gardens.,3,brown_blight,train,cross_class
Tea leaves show advanced Cephaleuros virescens spots creating rust-orange patches on petiole.,2,algal_leaf_spot,val,class_specific
Weather-related stress compounded by acute fungal infection on tea mature leaf tissue.,3,brown_blight,train,cross_class
The leaf tip shows severe red spot disease caused by Phyllosticta with characteristic red margins.,4,red_leaf_spot,train,class_specific
Circular localized algal leaf spots with raised orange-red centers appear on the leaf tip.,2,algal_leaf_spot,train,class_specific
Pest and disease survey recorded early-stage damage to tea young shoot in highland gardens.,2,algal_leaf_spot,train,cross_class
Extension officer identified acute disease outbreak affecting tea lower leaf surface in the cooperative.,0,gray_blight,train,cross_class
The tea lower leaf surface has moderate brown blight lesions with concentric rings and yellow halos.,3,brown_blight,train,class_specific
Affected tea shoots display early-stage necrotic tissue with a characteristic gray discoloration.,0,gray_blight,train,class_specific
Gray blight infection causes acute grayish-brown lesions on the young shoot of tea plants.,0,gray_blight,val,class_specific
Pest and disease survey recorded severe damage to tea petiole in highland gardens.,2,algal_leaf_spot,train,cross_class
Agronomists identified advanced disease patterns on tea petiole consistent with pathogen infection.,4,red_leaf_spot,train,cross_class
Crop monitoring detected acute anomalies in tea leaf midrib coloration indicating possible disease.,2,algal_leaf_spot,val,cross_class
The leaf lamina exhibits chronic discoloration and tissue damage consistent with tea leaf disease.,1,helopeltis,train,cross_class
Circular severe algal leaf spots with raised orange-red centers appear on the leaf midrib.,2,algal_leaf_spot,train,class_specific
Crop monitoring detected mild anomalies in tea leaf margin coloration indicating possible disease.,2,algal_leaf_spot,train,cross_class
The leaf midrib displays classic helopeltis infestation marks with moderate brown stippling patterns.,1,helopeltis,train,class_specific
The tea lower leaf surface has early-stage brown blight lesions with concentric rings and yellow halos.,3,brown_blight,train,class_specific
Crop monitoring detected chronic anomalies in tea leaf tip coloration indicating possible disease.,3,brown_blight,train,cross_class
Agronomists identified localized disease patterns on tea leaf lamina consistent with pathogen infection.,3,brown_blight,train,cross_class
Extension officer identified widespread disease outbreak affecting tea leaf tip in the cooperative.,1,helopeltis,train,cross_class
Tea crop health assessment shows widespread fungal infection spreading through lower leaf surface tissue.,2,algal_leaf_spot,train,cross_class
Agronomists identified severe disease patterns on tea leaf tip consistent with pathogen infection.,0,gray_blight,train,cross_class
Circular mild algal leaf spots with raised orange-red centers appear on the leaf lamina.,2,algal_leaf_spot,train,class_specific
The tea plantation in Assam reports significant crop stress affecting the lower leaf surface of plants.,3,brown_blight,train,cross_class
Field scouts observed localized leaf disease symptoms requiring immediate treatment in the leaf tip.,1,helopeltis,train,cross_class
The leaf midrib shows mixed severe symptoms suggesting complex tea leaf disease interaction.,4,red_leaf_spot,train,cross_class
The tea plantation in Sri Lanka reports significant crop stress affecting the petiole of plants.,2,algal_leaf_spot,train,cross_class
The tea mature leaf has advanced brown blight lesions with concentric rings and yellow halos.,3,brown_blight,train,class_specific
Tea bushes in the Kenya garden show moderate leaf symptoms requiring diagnostic testing.,2,algal_leaf_spot,train,cross_class
Remote sensing detected chronic spectral anomalies in tea canopy at young shoot level.,2,algal_leaf_spot,train,cross_class
Agronomists identified severe disease patterns on tea leaf lamina consistent with pathogen infection.,0,gray_blight,train,cross_class
Agronomists identified chronic disease patterns on tea leaf tip consistent with pathogen infection.,4,red_leaf_spot,train,cross_class
Tea plant young shoot affected by severe algal spots showing concentric rings and orange sporulation.,2,algal_leaf_spot,val,class_specific
Tea crop health assessment shows early-stage fungal infection spreading through mature leaf tissue.,1,helopeltis,train,cross_class
Disease pressure on tea lower leaf surface has been localized in the current growing season.,2,algal_leaf_spot,train,cross_class
Affected tea shoots display early-stage necrotic tissue with a characteristic gray discoloration.,0,gray_blight,train,class_specific
Tea crop health assessment shows severe fungal infection spreading through leaf lamina tissue.,0,gray_blight,train,cross_class
The leaf tip has chronic algal spot colonies with characteristic powdery orange surface texture.,2,algal_leaf_spot,train,class_specific
The lower leaf surface shows mild brown blight symptoms with irregular dark brown spots and margins.,3,brown_blight,train,class_specific
Tea plant lower leaf surface affected by localized algal spots showing concentric rings and orange sporulation.,2,algal_leaf_spot,train,class_specific
Leaf biopsy from the mature leaf shows acute cellular damage consistent with pathogen attack.,0,gray_blight,val,cross_class
Tea leaves display advanced brown blight patches caused by Colletotrichum species on leaf lamina.,3,brown_blight,train,class_specific
Agronomists identified widespread disease patterns on tea leaf lamina consistent with pathogen infection.,1,helopeltis,val,cross_class
The young shoot displays acute red spot symptoms with sunken centers and dark red borders.,4,red_leaf_spot,train,class_specific
The leaf midrib displays mild red spot symptoms with sunken centers and dark red borders.,4,red_leaf_spot,train,class_specific
Tea quality tests show degraded leaf integrity with chronic damage to lower leaf surface structures.,3,brown_blight,train,cross_class
Weather-related stress compounded by advanced fungal infection on tea leaf midrib tissue.,3,brown_blight,val,cross_class
Tea quality tests show degraded leaf integrity with localized damage to mature leaf structures.,3,brown_blight,train,cross_class
The leaf midrib displays classic helopeltis infestation marks with localized brown stippling patterns.,1,helopeltis,val,class_specific
Tea crop health assessment shows extensive fungal infection spreading through young shoot tissue.,2,algal_leaf_spot,train,cross_class
Tea estate management flagged acute infection on the mature leaf requiring fungicide application.,1,helopeltis,val,cross_class
The leaf tip has mild algal spot colonies with characteristic powdery orange surface texture.,2,algal_leaf_spot,train,class_specific
Disease pressure on tea lower leaf surface has been extensive in the current growing season.,2,algal_leaf_spot,train,cross_class
Farmers noted chronic red leaf spot outbreaks causing leaf margin damage and reduced yield.,4,red_leaf_spot,train,class_specific
Tea cultivation report: localized stress indicators found on leaf tip across multiple plots.,2,algal_leaf_spot,train,cross_class
The upper leaf surface of tea plants shows advanced signs of stress possibly related to environmental factors.,4,red_leaf_spot,train,cross_class
Crop monitoring detected moderate anomalies in tea upper leaf surface coloration indicating possible disease.,0,gray_blight,train,cross_class
Pest and disease survey recorded acute damage to tea leaf margin in highland gardens.,1,helopeltis,train,cross_class
Crop monitoring detected acute anomalies in tea petiole coloration indicating possible disease.,0,gray_blight,train,cross_class
Brown blight causes chronic water-soaked lesions that turn necrotic on the tea petiole.,3,brown_blight,train,class_specific
The upper leaf surface of tea plants shows moderate signs of stress possibly related to environmental factors.,4,red_leaf_spot,train,cross_class
Circular acute algal leaf spots with raised orange-red centers appear on the young shoot.,2,algal_leaf_spot,train,class_specific
Field scouts observed early-stage leaf disease symptoms requiring immediate treatment in the petiole.,2,algal_leaf_spot,train,cross_class
Disease pressure on tea leaf tip has been extensive in the current growing season.,1,helopeltis,train,cross_class
Field scouts observed early-stage leaf disease symptoms requiring immediate treatment in the young shoot.,0,gray_blight,train,cross_class
Tea quality tests show degraded leaf integrity with widespread damage to upper leaf surface structures.,0,gray_blight,train,cross_class
The tea lower leaf surface has moderate brown blight lesions with concentric rings and yellow halos.,3,brown_blight,val,class_specific
Tea cultivation report: extensive stress indicators found on petiole across multiple plots.,3,brown_blight,train,cross_class
Agronomists identified early-stage disease patterns on tea upper leaf surface consistent with pathogen infection.,1,helopeltis,train,cross_class
Tea plant leaf midrib affected by extensive algal spots showing concentric rings and orange sporulation.,2,algal_leaf_spot,train,class_specific
The petiole displays acute red spot symptoms with sunken centers and dark red borders.,4,red_leaf_spot,train,class_specific
The tea plantation in Yunnan reports significant crop stress affecting the upper leaf surface of plants.,0,gray_blight,train,cross_class
The tea flush shows mild helopeltis bug puncture wounds with dark halos on leaf margin.,1,helopeltis,train,class_specific
Red leaf spot creates moderate reddish-brown circular lesions on the upper tea mature leaf surface.,4,red_leaf_spot,train,class_specific
Tea cultivation report: localized stress indicators found on leaf midrib across multiple plots.,3,brown_blight,val,cross_class
The tea petiole has severe brown blight lesions with concentric rings and yellow halos.,3,brown_blight,val,class_specific
The tea flush shows advanced helopeltis bug puncture wounds with dark halos on leaf lamina.,1,helopeltis,train,class_specific
Agronomists identified severe disease patterns on tea leaf tip consistent with pathogen infection.,0,gray_blight,val,cross_class
Tea tip borer helopeltis has caused widespread characteristic shot-hole patterns on the leaf tip.,1,helopeltis,train,class_specific
Tea leaves show mild Cephaleuros virescens spots creating rust-orange patches on leaf midrib.,2,algal_leaf_spot,train,class_specific
Tea quality tests show degraded leaf integrity with severe damage to young shoot structures.,0,gray_blight,train,cross_class
The tea plantation in Sri Lanka reports significant crop stress affecting the leaf margin of plants.,1,helopeltis,val,cross_class
Farmers noted severe red leaf spot outbreaks causing leaf tip damage and reduced yield.,4,red_leaf_spot,train,class_specific
Tea bushes in the Munnar garden show chronic leaf symptoms requiring diagnostic testing.,2,algal_leaf_spot,train,cross_class
Tea growers reported widespread gray blight damage with necrotic spots covering the young shoot.,0,gray_blight,val,class_specific
Field scouts observed localized leaf disease symptoms requiring immediate treatment in the leaf tip.,4,red_leaf_spot,train,cross_class
Tea bushes in the Sri Lanka garden show chronic leaf symptoms requiring diagnostic testing.,1,helopeltis,train,cross_class
Tea estate management flagged extensive infection on the leaf tip requiring fungicide application.,3,brown_blight,train,cross_class
Severe advanced brown blight infection results in premature defoliation of tea leaf midrib.,3,brown_blight,train,class_specific
Tea growers reported advanced gray blight damage with necrotic spots covering the leaf tip.,0,gray_blight,train,class_specific
Tea tip borer helopeltis has caused extensive characteristic shot-hole patterns on the young shoot.,1,helopeltis,train,class_specific
The leaf tip of tea plants shows advanced signs of stress possibly related to environmental factors.,0,gray_blight,train,cross_class
Tea estate management flagged acute infection on the petiole requiring fungicide application.,2,algal_leaf_spot,val,cross_class
The upper leaf surface exhibits localized discoloration and tissue damage consistent with tea leaf disease.,1,helopeltis,train,cross_class
The leaf margin has extensive algal spot colonies with characteristic powdery orange surface texture.,2,algal_leaf_spot,train,class_specific
The tea upper leaf surface has mild brown blight lesions with concentric rings and yellow halos.,3,brown_blight,train,class_specific
Severe localized brown blight infection results in premature defoliation of tea upper leaf surface.,3,brown_blight,val,class_specific
Tea growers reported chronic gray blight damage with necrotic spots covering the leaf margin.,0,gray_blight,train,class_specific
Farmers noted severe red leaf spot outbreaks causing leaf tip damage and reduced yield.,4,red_leaf_spot,val,class_specific
Gray blight infection causes widespread grayish-brown lesions on the leaf tip of tea plants.,0,gray_blight,train,class_specific
Tea cultivation report: early-stage stress indicators found on leaf midrib across multiple plots.,4,red_leaf_spot,val,cross_class
Farmers noted moderate red leaf spot outbreaks causing leaf margin damage and reduced yield.,4,red_leaf_spot,train,class_specific
The tea flush shows localized helopeltis bug puncture wounds with dark halos on mature leaf.,1,helopeltis,val,class_specific
The leaf margin displays widespread red spot symptoms with sunken centers and dark red borders.,4,red_leaf_spot,train,class_specific
Extension officer identified widespread disease outbreak affecting tea leaf lamina in the cooperative.,4,red_leaf_spot,train,cross_class
The upper leaf surface of tea plants shows advanced signs of stress possibly related to environmental factors.,2,algal_leaf_spot,train,cross_class
Brown blight causes extensive water-soaked lesions that turn necrotic on the tea upper leaf surface.,3,brown_blight,val,class_specific
The mature leaf has localized algal spot colonies with characteristic powdery orange surface texture.,2,algal_leaf_spot,val,class_specific
Tea quality tests show degraded leaf integrity with acute damage to young shoot structures.,0,gray_blight,train,cross_class
Field scouts observed acute leaf disease symptoms requiring immediate treatment in the leaf margin.,4,red_leaf_spot,train,cross_class
The leaf midrib of tea plants shows extensive signs of stress possibly related to environmental factors.,0,gray_blight,train,cross_class
Extension officer identified moderate disease outbreak affecting tea young shoot in the cooperative.,3,brown_blight,train,cross_class
Disease pressure on tea leaf tip has been extensive in the current growing season.,0,gray_blight,train,cross_class
The tea petiole has early-stage brown blight lesions with concentric rings and yellow halos.,3,brown_blight,train,class_specific
Pest and disease survey recorded early-stage damage to tea leaf lamina in highland gardens.,1,helopeltis,val,cross_class
The leaf lamina has acute algal spot colonies with characteristic powdery orange surface texture.,2,algal_leaf_spot,train,class_specific
Tea bushes in the Nilgiri garden show advanced leaf symptoms requiring diagnostic testing.,4,red_leaf_spot,train,cross_class
The leaf midrib of tea plants shows moderate signs of stress possibly related to environmental factors.,3,brown_blight,train,cross_class
Tea crop health assessment shows moderate fungal infection spreading through lower leaf surface tissue.,3,brown_blight,train,cross_class
The tea plantation in Sylhet reports significant crop stress affecting the young shoot of plants.,1,helopeltis,train,cross_class
The leaf margin of the tea bush exhibits gray blight symptoms including mild sunken lesions.,0,gray_blight,train,class_specific
The young shoot exhibits chronic discoloration and tissue damage consistent with tea leaf disease.,1,helopeltis,train,cross_class
Weather-related stress compounded by localized fungal infection on tea young shoot tissue.,0,gray_blight,train,cross_class
The leaf lamina exhibits extensive discoloration and tissue damage consistent with tea leaf disease.,3,brown_blight,train,cross_class
The leaf margin shows mixed severe symptoms suggesting complex tea leaf disease interaction.,2,algal_leaf_spot,train,cross_class
Tea cultivation report: early-stage stress indicators found on lower leaf surface across multiple plots.,4,red_leaf_spot,train,cross_class
Tea quality tests show degraded leaf integrity with advanced damage to leaf lamina structures.,4,red_leaf_spot,train,cross_class
The leaf tip has acute algal spot colonies with characteristic powdery orange surface texture.,2,algal_leaf_spot,train,class_specific
Agronomists identified severe disease patterns on tea petiole consistent with pathogen infection.,3,brown_blight,train,cross_class
Agronomists identified acute disease patterns on tea leaf midrib consistent with pathogen infection.,3,brown_blight,val,cross_class
The lower leaf surface exhibits widespread discoloration and tissue damage consistent with tea leaf disease.,2,algal_leaf_spot,train,cross_class
The lower leaf surface of the tea bush exhibits gray blight symptoms including acute sunken lesions.,0,gray_blight,train,class_specific
Pest and disease survey recorded widespread damage to tea leaf lamina in highland gardens.,2,algal_leaf_spot,val,cross_class
Extension officer identified localized disease outbreak affecting tea young shoot in the cooperative.,4,red_leaf_spot,train,cross_class
Tea cultivation report: advanced stress indicators found on mature leaf across multiple plots.,2,algal_leaf_spot,val,cross_class
Tea crop health assessment shows extensive fungal infection spreading through leaf midrib tissue.,4,red_leaf_spot,train,cross_class
Tea quality tests show degraded leaf integrity with advanced damage to mature leaf structures.,2,algal_leaf_spot,val,cross_class
The tea plantation in Sri Lanka reports significant crop stress affecting the upper leaf surface of plants.,4,red_leaf_spot,train,cross_class
The lower leaf surface exhibits extensive discoloration and tissue damage consistent with tea leaf disease.,2,algal_leaf_spot,train,cross_class
Remote sensing detected acute spectral anomalies in tea canopy at petiole level.,0,gray_blight,train,cross_class
Pest and disease survey recorded localized damage to tea leaf midrib in highland gardens.,3,brown_blight,train,cross_class
The leaf tip exhibits severe discoloration and tissue damage consistent with tea leaf disease.,1,helopeltis,train,cross_class
Tea tip borer helopeltis has caused mild characteristic shot-hole patterns on the petiole.,1,helopeltis,train,class_specific
Crop monitoring detected severe anomalies in tea leaf margin coloration indicating possible disease.,0,gray_blight,train,cross_class
Remote sensing detected moderate spectral anomalies in tea canopy at lower leaf surface level.,1,helopeltis,train,cross_class
Leaf biopsy from the leaf midrib shows early-stage cellular damage consistent with pathogen attack.,0,gray_blight,train,cross_class
The lower leaf surface of tea plants shows severe signs of stress possibly related to environmental factors.,0,gray_blight,train,cross_class
Tea crop health assessment shows extensive fungal infection spreading through leaf tip tissue.,0,gray_blight,train,cross_class
Tea cultivation report: extensive stress indicators found on upper leaf surface across multiple plots.,3,brown_blight,train,cross_class
The leaf margin has extensive algal spot colonies with characteristic powdery orange surface texture.,2,algal_leaf_spot,val,class_specific
The leaf lamina shows mixed mild symptoms suggesting complex tea leaf disease interaction.,2,algal_leaf_spot,train,cross_class
Agronomists identified mild disease patterns on tea mature leaf consistent with pathogen infection.,2,algal_leaf_spot,train,cross_class
Pest and disease survey recorded localized damage to tea leaf midrib in highland gardens.,1,helopeltis,train,cross_class
Tea plant leaf tip affected by advanced algal spots showing concentric rings and orange sporulation.,2,algal_leaf_spot,train,class_specific
The leaf midrib of the tea bush exhibits gray blight symptoms including localized sunken lesions.,0,gray_blight,train,class_specific
Tea crop health assessment shows moderate fungal infection spreading through mature leaf tissue.,2,algal_leaf_spot,train,cross_class
Weather-related stress compounded by acute fungal infection on tea leaf midrib tissue.,0,gray_blight,train,cross_class
Tea estate management flagged localized infection on the upper leaf surface requiring fungicide application.,4,red_leaf_spot,train,cross_class
Tea leaves show mild Cephaleuros virescens spots creating rust-orange patches on leaf margin.,2,algal_leaf_spot,val,class_specific
The tea plantation in Assam reports significant crop stress affecting the lower leaf surface of plants.,0,gray_blight,train,cross_class
The tea plantation in Assam reports significant crop stress affecting the lower leaf surface of plants.,3,brown_blight,val,cross_class
Extension officer identified advanced disease outbreak affecting tea leaf lamina in the cooperative.,2,algal_leaf_spot,train,cross_class
The upper leaf surface of the tea bush exhibits gray blight symptoms including extensive sunken lesions.,0,gray_blight,train,class_specific
Crop monitoring detected mild anomalies in tea lower leaf surface coloration indicating possible disease.,0,gray_blight,val,cross_class
Helopeltis feeding damage causes severe brown scorch marks on the young shoot of tea shoots.,1,helopeltis,train,class_specific
The leaf midrib shows chronic red spot disease caused by Phyllosticta with characteristic red margins.,4,red_leaf_spot,train,class_specific
Field scouts observed acute leaf disease symptoms requiring immediate treatment in the young shoot.,0,gray_blight,train,cross_class
Tea crop health assessment shows early-stage fungal infection spreading through lower leaf surface tissue.,0,gray_blight,val,cross_class
The lower leaf surface of the tea bush exhibits gray blight symptoms including mild sunken lesions.,0,gray_blight,train,class_specific
Tea leaves show severe Cephaleuros virescens spots creating rust-orange patches on leaf margin.,2,algal_leaf_spot,train,class_specific
Severe chronic brown blight infection results in premature defoliation of tea leaf midrib.,3,brown_blight,train,class_specific
The leaf midrib of tea plants shows widespread signs of stress possibly related to environmental factors.,4,red_leaf_spot,train,cross_class
Crop monitoring detected moderate anomalies in tea mature leaf coloration indicating possible disease.,2,algal_leaf_spot,train,cross_class
Leaf biopsy from the leaf midrib shows moderate cellular damage consistent with pathogen attack.,0,gray_blight,train,cross_class
Farmers noted widespread red leaf spot outbreaks causing leaf margin damage and reduced yield.,4,red_leaf_spot,train,class_specific
Tea quality tests show degraded leaf integrity with early-stage damage to upper leaf surface structures.,1,helopeltis,train,cross_class
Extension officer identified acute disease outbreak affecting tea leaf tip in the cooperative.,0,gray_blight,train,cross_class
Tea crop health assessment shows moderate fungal infection spreading through leaf lamina tissue.,4,red_leaf_spot,val,cross_class
Crop monitoring detected chronic anomalies in tea upper leaf surface coloration indicating possible disease.,3,brown_blight,train,cross_class
Tea quality tests show degraded leaf integrity with mild damage to lower leaf surface structures.,2,algal_leaf_spot,train,cross_class
Helopeltis feeding damage causes early-stage brown scorch marks on the lower leaf surface of tea shoots.,1,helopeltis,val,class_specific
Brown blight causes extensive water-soaked lesions that turn necrotic on the tea petiole.,3,brown_blight,train,class_specific
The leaf midrib displays classic helopeltis infestation marks with localized brown stippling patterns.,1,helopeltis,val,class_specific
The leaf margin exhibits acute discoloration and tissue damage consistent with tea leaf disease.,4,red_leaf_spot,train,cross_class
Circular advanced algal leaf spots with raised orange-red centers appear on the young shoot.,2,algal_leaf_spot,train,class_specific
Tea cultivation report: advanced stress indicators found on upper leaf surface across multiple plots.,1,helopeltis,train,cross_class
Extension officer identified chronic disease outbreak affecting tea petiole in the cooperative.,1,helopeltis,train,cross_class
Tea bushes in the Assam garden show extensive leaf symptoms requiring diagnostic testing.,4,red_leaf_spot,train,cross_class
The leaf lamina shows mixed moderate symptoms suggesting complex tea leaf disease interaction.,0,gray_blight,train,cross_class
The tea leaf shows distinct chronic gray patches with irregular margins spreading across the leaf tip.,0,gray_blight,train,class_specific
The leaf lamina exhibits mild discoloration and tissue damage consistent with tea leaf disease.,4,red_leaf_spot,train,cross_class
Weather-related stress compounded by moderate fungal infection on tea upper leaf surface tissue.,0,gray_blight,train,cross_class
Field scouts observed advanced leaf disease symptoms requiring immediate treatment in the young shoot.,3,brown_blight,train,cross_class
Pest and disease survey recorded acute damage to tea leaf margin in highland gardens.,0,gray_blight,train,cross_class
Weather-related stress compounded by localized fungal infection on tea leaf margin tissue.,4,red_leaf_spot,train,cross_class
Remote sensing detected localized spectral anomalies in tea canopy at petiole level.,2,algal_leaf_spot,train,cross_class
Tea estate management flagged acute infection on the upper leaf surface requiring fungicide application.,3,brown_blight,train,cross_class
Farmers noted extensive red leaf spot outbreaks causing leaf margin damage and reduced yield.,4,red_leaf_spot,train,class_specific
Tea quality tests show degraded leaf integrity with severe damage to mature leaf structures.,0,gray_blight,train,cross_class
The lower leaf surface of tea plants shows acute signs of stress possibly related to environmental factors.,3,brown_blight,train,cross_class
Algal leaf spot disease presents acute circular lesions with orange spore masses on leaf lamina.,2,algal_leaf_spot,val,class_specific
The petiole of tea plants shows moderate signs of stress possibly related to environmental factors.,1,helopeltis,train,cross_class
The leaf margin of tea plants shows advanced signs of stress possibly related to environmental factors.,2,algal_leaf_spot,train,cross_class
Remote sensing detected mild spectral anomalies in tea canopy at petiole level.,2,algal_leaf_spot,train,cross_class
Agronomists identified widespread disease patterns on tea young shoot consistent with pathogen infection.,4,red_leaf_spot,val,cross_class
The young shoot shows extensive red spot disease caused by Phyllosticta with characteristic red margins.,4,red_leaf_spot,train,class_specific
Leaf biopsy from the leaf tip shows acute cellular damage consistent with pathogen attack.,0,gray_blight,val,cross_class
Tea crop health assessment shows advanced fungal infection spreading through upper leaf surface tissue.,4,red_leaf_spot,train,cross_class
Tea growers reported early-stage gray blight damage with necrotic spots covering the petiole.,0,gray_blight,train,class_specific
The young shoot of tea plants shows early-stage signs of stress possibly related to environmental factors.,2,algal_leaf_spot,train,cross_class
Extension officer identified localized disease outbreak affecting tea leaf lamina in the cooperative.,0,gray_blight,train,cross_class
Weather-related stress compounded by advanced fungal infection on tea young shoot tissue.,1,helopeltis,val,cross_class
Extension officer identified chronic disease outbreak affecting tea young shoot in the cooperative.,3,brown_blight,train,cross_class
Algal leaf spot disease presents advanced circular lesions with orange spore masses on young shoot.,2,algal_leaf_spot,train,class_specific
Leaf biopsy from the leaf lamina shows localized cellular damage consistent with pathogen attack.,1,helopeltis,train,cross_class
Leaf biopsy from the leaf lamina shows advanced cellular damage consistent with pathogen attack.,1,helopeltis,val,cross_class
The tea leaf margin has severe brown blight lesions with concentric rings and yellow halos.,3,brown_blight,train,class_specific
Leaf biopsy from the mature leaf shows moderate cellular damage consistent with pathogen attack.,4,red_leaf_spot,train,cross_class
The lower leaf surface displays classic helopeltis infestation marks with moderate brown stippling patterns.,1,helopeltis,train,class_specific
The tea leaf shows distinct localized gray patches with irregular margins spreading across the leaf margin.,0,gray_blight,train,class_specific
The leaf lamina of the tea bush exhibits gray blight symptoms including acute sunken lesions.,0,gray_blight,train,class_specific
Extension officer identified early-stage disease outbreak affecting tea leaf margin in the cooperative.,3,brown_blight,train,cross_class
Brown blight causes widespread water-soaked lesions that turn necrotic on the tea leaf margin.,3,brown_blight,train,class_specific
Tea bushes in the Nilgiri garden show early-stage leaf symptoms requiring diagnostic testing.,3,brown_blight,train,cross_class
The leaf margin shows acute brown blight symptoms with irregular dark brown spots and margins.,3,brown_blight,train,class_specific
Pest and disease survey recorded early-stage damage to tea leaf tip in highland gardens.,1,helopeltis,train,cross_class
The leaf margin displays advanced red spot symptoms with sunken centers and dark red borders.,4,red_leaf_spot,train,class_specific
Helopeltis feeding damage causes localized brown scorch marks on the leaf tip of tea shoots.,1,helopeltis,train,class_specific
Red leaf spot creates widespread reddish-brown circular lesions on the upper tea leaf midrib surface.,4,red_leaf_spot,train,class_specific
Tea cultivation report: early-stage stress indicators found on leaf midrib across multiple plots.,4,red_leaf_spot,train,cross_class
The tea leaf shows distinct severe gray patches with irregular margins spreading across the lower leaf surface.,0,gray_blight,train,class_specific
Pest and disease survey recorded severe damage to tea leaf tip in highland gardens.,2,algal_leaf_spot,train,cross_class
The tea plantation in Sylhet reports significant crop stress affecting the mature leaf of plants.,0,gray_blight,train,cross_class
Tea growers reported mild gray blight damage with necrotic spots covering the lower leaf surface.,0,gray_blight,val,class_specific
The petiole displays classic helopeltis infestation marks with mild brown stippling patterns.,1,helopeltis,train,class_specific
Severe severe brown blight infection results in premature defoliation of tea young shoot.,3,brown_blight,train,class_specific
The mature leaf of tea plants shows early-stage signs of stress possibly related to environmental factors.,3,brown_blight,train,cross_class
Red leaf spot creates severe reddish-brown circular lesions on the upper tea lower leaf surface surface.,4,red_leaf_spot,val,class_specific
Tea quality tests show degraded leaf integrity with mild damage to leaf tip structures.,3,brown_blight,train,cross_class
The leaf lamina exhibits localized discoloration and tissue damage consistent with tea leaf disease.,1,helopeltis,val,cross_class
Crop monitoring detected moderate anomalies in tea leaf midrib coloration indicating possible disease.,3,brown_blight,train,cross_class
The petiole displays classic helopeltis infestation marks with chronic brown stippling patterns.,1,helopeltis,train,class_specific
The leaf margin exhibits localized discoloration and tissue damage consistent with tea leaf disease.,4,red_leaf_spot,train,cross_class
Tea plant leaf lamina affected by severe algal spots showing concentric rings and orange sporulation.,2,algal_leaf_spot,train,class_specific
The young shoot shows mixed extensive symptoms suggesting complex tea leaf disease interaction.,3,brown_blight,train,cross_class
The leaf margin exhibits localized discoloration and tissue damage consistent with tea leaf disease.,1,helopeltis,train,cross_class
Weather-related stress compounded by chronic fungal infection on tea leaf midrib tissue.,0,gray_blight,train,cross_class
The lower leaf surface shows mixed chronic symptoms suggesting complex tea leaf disease interaction.,2,algal_leaf_spot,train,cross_class
Gray blight infection causes widespread grayish-brown lesions on the young shoot of tea plants.,0,gray_blight,train,class_specific
Leaf biopsy from the leaf midrib shows chronic cellular damage consistent with pathogen attack.,0,gray_blight,train,cross_class
Algal leaf spot disease presents localized circular lesions with orange spore masses on leaf midrib.,2,algal_leaf_spot,val,class_specific
The young shoot of tea plants shows localized signs of stress possibly related to environmental factors.,3,brown_blight,val,cross_class
Weather-related stress compounded by mild fungal infection on tea petiole tissue.,3,brown_blight,train,cross_class
Tea quality tests show degraded leaf integrity with moderate damage to upper leaf surface structures.,2,algal_leaf_spot,val,cross_class
Leaf biopsy from the upper leaf surface shows advanced cellular damage consistent with pathogen attack.,1,helopeltis,val,cross_class
Young tea shoots suffer extensive helopeltis damage with angular leaf tip lesions and necrosis.,1,helopeltis,train,class_specific
Algal leaf spot disease presents early-stage circular lesions with orange spore masses on leaf midrib.,2,algal_leaf_spot,train,class_specific
Crop monitoring detected acute anomalies in tea leaf midrib coloration indicating possible disease.,3,brown_blight,val,cross_class
Red leaf spot creates widespread reddish-brown circular lesions on the upper tea leaf midrib surface.,4,red_leaf_spot,train,class_specific
Field scouts observed acute leaf disease symptoms requiring immediate treatment in the lower leaf surface.,3,brown_blight,val,cross_class
Remote sensing detected widespread spectral anomalies in tea canopy at leaf margin level.,1,helopeltis,train,cross_class
The leaf midrib of the tea bush exhibits gray blight symptoms including chronic sunken lesions.,0,gray_blight,train,class_specific
The mature leaf of tea plants shows extensive signs of stress possibly related to environmental factors.,0,gray_blight,train,cross_class
Tea leaves exhibit advanced red leaf spot lesions with distinct reddish centers on leaf margin.,4,red_leaf_spot,val,class_specific
The leaf margin shows mixed localized symptoms suggesting complex tea leaf disease interaction.,4,red_leaf_spot,train,cross_class
Tea leaves show early-stage Cephaleuros virescens spots creating rust-orange patches on mature leaf.,2,algal_leaf_spot,train,class_specific
The leaf margin exhibits widespread discoloration and tissue damage consistent with tea leaf disease.,0,gray_blight,val,cross_class
Remote sensing detected moderate spectral anomalies in tea canopy at leaf tip level.,3,brown_blight,train,cross_class
Tea crop health assessment shows moderate fungal infection spreading through mature leaf tissue.,4,red_leaf_spot,train,cross_class
The leaf midrib exhibits severe discoloration and tissue damage consistent with tea leaf disease.,1,helopeltis,train,cross_class
The tea flush shows early-stage helopeltis bug puncture wounds with dark halos on leaf tip.,1,helopeltis,train,class_specific
The leaf margin of tea plants shows moderate signs of stress possibly related to environmental factors.,4,red_leaf_spot,train,cross_class
Young tea shoots suffer localized helopeltis damage with angular leaf tip lesions and necrosis.,1,helopeltis,train,class_specific
Algal leaf spot disease presents widespread circular lesions with orange spore masses on upper leaf surface.,2,algal_leaf_spot,train,class_specific
Farmers noted moderate red leaf spot outbreaks causing petiole damage and reduced yield.,4,red_leaf_spot,train,class_specific
Remote sensing detected chronic spectral anomalies in tea canopy at petiole level.,1,helopeltis,val,cross_class
Agronomists identified advanced disease patterns on tea leaf midrib consistent with pathogen infection.,3,brown_blight,val,cross_class
Tea estate management flagged widespread infection on the leaf margin requiring fungicide application.,4,red_leaf_spot,train,cross_class
The upper leaf surface shows mixed extensive symptoms suggesting complex tea leaf disease interaction.,1,helopeltis,train,cross_class
Helopeltis feeding damage causes widespread brown scorch marks on the young shoot of tea shoots.,1,helopeltis,val,class_specific
The leaf margin exhibits moderate discoloration and tissue damage consistent with tea leaf disease.,0,gray_blight,val,cross_class
Tea quality tests show degraded leaf integrity with severe damage to leaf lamina structures.,4,red_leaf_spot,val,cross_class
Farmers noted early-stage red leaf spot outbreaks causing leaf tip damage and reduced yield.,4,red_leaf_spot,train,class_specific
Leaf biopsy from the petiole shows localized cellular damage consistent with pathogen attack.,3,brown_blight,val,cross_class
Tea crop health assessment shows severe fungal infection spreading through leaf margin tissue.,0,gray_blight,train,cross_class
Agronomists identified acute disease patterns on tea lower leaf surface consistent with pathogen infection.,2,algal_leaf_spot,train,cross_class
Tea estate management flagged chronic infection on the petiole requiring fungicide application.,3,brown_blight,train,cross_class
Tea plant lower leaf surface affected by acute algal spots showing concentric rings and orange sporulation.,2,algal_leaf_spot,val,class_specific
Remote sensing detected widespread spectral anomalies in tea canopy at petiole level.,4,red_leaf_spot,train,cross_class
Crop monitoring detected severe anomalies in tea leaf lamina coloration indicating possible disease.,2,algal_leaf_spot,train,cross_class
Tea quality tests show degraded leaf integrity with chronic damage to mature leaf structures.,3,brown_blight,train,cross_class
The upper leaf surface of the tea bush exhibits gray blight symptoms including moderate sunken lesions.,0,gray_blight,train,class_specific
Crop monitoring detected early-stage anomalies in tea leaf tip coloration indicating possible disease.,0,gray_blight,train,cross_class
The lower leaf surface exhibits chronic discoloration and tissue damage consistent with tea leaf disease.,2,algal_leaf_spot,val,cross_class
Weather-related stress compounded by early-stage fungal infection on tea mature leaf tissue.,0,gray_blight,train,cross_class
Crop monitoring detected moderate anomalies in tea leaf lamina coloration indicating possible disease.,4,red_leaf_spot,train,cross_class
Tea bushes in the Assam garden show advanced leaf symptoms requiring diagnostic testing.,3,brown_blight,val,cross_class
Tea crop health assessment shows localized fungal infection spreading through young shoot tissue.,0,gray_blight,train,cross_class
Tea tip borer helopeltis has caused localized characteristic shot-hole patterns on the petiole.,1,helopeltis,val,class_specific
The tea leaf tip has acute brown blight lesions with concentric rings and yellow halos.,3,brown_blight,train,class_specific
Algal leaf spot disease presents chronic circular lesions with orange spore masses on leaf lamina.,2,algal_leaf_spot,train,class_specific
Brown blight causes extensive water-soaked lesions that turn necrotic on the tea leaf margin.,3,brown_blight,train,class_specific
Tea leaves show mild Cephaleuros virescens spots creating rust-orange patches on leaf lamina.,2,algal_leaf_spot,train,class_specific
Gray blight infection causes localized grayish-brown lesions on the leaf margin of tea plants.,0,gray_blight,train,class_specific
Weather-related stress compounded by chronic fungal infection on tea mature leaf tissue.,0,gray_blight,train,cross_class
Crop monitoring detected moderate anomalies in tea upper leaf surface coloration indicating possible disease.,3,brown_blight,train,cross_class
The tea flush shows acute helopeltis bug puncture wounds with dark halos on lower leaf surface.,1,helopeltis,val,class_specific
Red leaf spot creates severe reddish-brown circular lesions on the upper tea upper leaf surface surface.,4,red_leaf_spot,train,class_specific
Leaf biopsy from the lower leaf surface shows widespread cellular damage consistent with pathogen attack.,4,red_leaf_spot,train,cross_class
Remote sensing detected mild spectral anomalies in tea canopy at leaf midrib level.,0,gray_blight,train,cross_class
Young tea shoots suffer moderate helopeltis damage with angular young shoot lesions and necrosis.,1,helopeltis,train,class_specific
Tea estate management flagged moderate infection on the upper leaf surface requiring fungicide application.,4,red_leaf_spot,train,cross_class
Severe early-stage brown blight infection results in premature defoliation of tea young shoot.,3,brown_blight,train,class_specific
Brown blight causes early-stage water-soaked lesions that turn necrotic on the tea mature leaf.,3,brown_blight,train,class_specific
Tea quality tests show degraded leaf integrity with early-stage damage to leaf midrib structures.,2,algal_leaf_spot,train,cross_class
Affected tea shoots display chronic necrotic tissue with a characteristic gray discoloration.,0,gray_blight,train,class_specific
Affected tea shoots display early-stage necrotic tissue with a characteristic gray discoloration.,0,gray_blight,train,class_specific
The lower leaf surface displays classic helopeltis infestation marks with mild brown stippling patterns.,1,helopeltis,train,class_specific
Remote sensing detected advanced spectral anomalies in tea canopy at petiole level.,4,red_leaf_spot,val,cross_class
The young shoot of tea plants shows widespread signs of stress possibly related to environmental factors.,1,helopeltis,val,cross_class
Circular chronic algal leaf spots with raised orange-red centers appear on the lower leaf surface.,2,algal_leaf_spot,train,class_specific
The leaf midrib of tea plants shows localized signs of stress possibly related to environmental factors.,0,gray_blight,val,cross_class
Extension officer identified chronic disease outbreak affecting tea upper leaf surface in the cooperative.,1,helopeltis,val,cross_class
Extension officer identified severe disease outbreak affecting tea young shoot in the cooperative.,4,red_leaf_spot,train,cross_class
Leaf biopsy from the leaf tip shows chronic cellular damage consistent with pathogen attack.,0,gray_blight,train,cross_class
The tea flush shows chronic helopeltis bug puncture wounds with dark halos on petiole.,1,helopeltis,train,class_specific
Leaf biopsy from the mature leaf shows moderate cellular damage consistent with pathogen attack.,1,helopeltis,train,cross_class
The young shoot shows mixed extensive symptoms suggesting complex tea leaf disease interaction.,1,helopeltis,train,cross_class
The tea lower leaf surface has moderate brown blight lesions with concentric rings and yellow halos.,3,brown_blight,train,class_specific
Extension officer identified mild disease outbreak affecting tea young shoot in the cooperative.,3,brown_blight,train,cross_class
Pest and disease survey recorded severe damage to tea lower leaf surface in highland gardens.,0,gray_blight,val,cross_class
Young tea shoots suffer chronic helopeltis damage with angular leaf margin lesions and necrosis.,1,helopeltis,val,class_specific
Leaf biopsy from the petiole shows chronic cellular damage consistent with pathogen attack.,0,gray_blight,train,cross_class
Extension officer identified extensive disease outbreak affecting tea upper leaf surface in the cooperative.,3,brown_blight,train,cross_class
The tea plantation in Munnar reports significant crop stress affecting the mature leaf of plants.,2,algal_leaf_spot,train,cross_class
Tea plant upper leaf surface affected by chronic algal spots showing concentric rings and orange sporulation.,2,algal_leaf_spot,train,class_specific
The young shoot exhibits acute discoloration and tissue damage consistent with tea leaf disease.,1,helopeltis,train,cross_class
Tea estate management flagged advanced infection on the leaf lamina requiring fungicide application.,4,red_leaf_spot,train,cross_class
Tea quality tests show degraded leaf integrity with extensive damage to leaf tip structures.,3,brown_blight,train,cross_class
The leaf midrib shows acute brown blight symptoms with irregular dark brown spots and margins.,3,brown_blight,train,class_specific
Pest and disease survey recorded advanced damage to tea leaf midrib in highland gardens.,0,gray_blight,train,cross_class
Tea cultivation report: advanced stress indicators found on mature leaf across multiple plots.,3,brown_blight,val,cross_class
The tea upper leaf surface has localized brown blight lesions with concentric rings and yellow halos.,3,brown_blight,val,class_specific
Extension officer identified early-stage disease outbreak affecting tea petiole in the cooperative.,3,brown_blight,val,cross_class
The mature leaf of tea plants shows severe signs of stress possibly related to environmental factors.,3,brown_blight,train,cross_class
Agronomists identified widespread disease patterns on tea leaf midrib consistent with pathogen infection.,4,red_leaf_spot,train,cross_class
The tea flush shows widespread helopeltis bug puncture wounds with dark halos on leaf tip.,1,helopeltis,train,class_specific
Weather-related stress compounded by advanced fungal infection on tea upper leaf surface tissue.,0,gray_blight,train,cross_class
The young shoot shows mixed advanced symptoms suggesting complex tea leaf disease interaction.,0,gray_blight,train,cross_class
Tea bushes in the Kenya garden show advanced leaf symptoms requiring diagnostic testing.,0,gray_blight,train,cross_class
Tea cultivation report: extensive stress indicators found on petiole across multiple plots.,2,algal_leaf_spot,val,cross_class
The leaf lamina exhibits moderate discoloration and tissue damage consistent with tea leaf disease.,4,red_leaf_spot,train,cross_class
Tea estate management flagged early-stage infection on the petiole requiring fungicide application.,1,helopeltis,train,cross_class
The mature leaf shows severe brown blight symptoms with irregular dark brown spots and margins.,3,brown_blight,train,class_specific
Agronomists identified early-stage disease patterns on tea young shoot consistent with pathogen infection.,4,red_leaf_spot,train,cross_class
Circular localized algal leaf spots with raised orange-red centers appear on the leaf tip.,2,algal_leaf_spot,train,class_specific
Gray blight infection causes chronic grayish-brown lesions on the upper leaf surface of tea plants.,0,gray_blight,train,class_specific
Extension officer identified acute disease outbreak affecting tea young shoot in the cooperative.,0,gray_blight,train,cross_class
Tea leaves display moderate brown blight patches caused by Colletotrichum species on leaf margin.,3,brown_blight,train,class_specific
Red leaf spot creates severe reddish-brown circular lesions on the upper tea young shoot surface.,4,red_leaf_spot,train,class_specific
Algal leaf spot disease presents localized circular lesions with orange spore masses on young shoot.,2,algal_leaf_spot,train,class_specific
Brown blight causes acute water-soaked lesions that turn necrotic on the tea leaf tip.,3,brown_blight,train,class_specific
Leaf biopsy from the leaf lamina shows moderate cellular damage consistent with pathogen attack.,0,gray_blight,val,cross_class
Farmers noted localized red leaf spot outbreaks causing leaf margin damage and reduced yield.,4,red_leaf_spot,train,class_specific
Severe acute brown blight infection results in premature defoliation of tea mature leaf.,3,brown_blight,train,class_specific
Gray blight infection causes moderate grayish-brown lesions on the leaf margin of tea plants.,0,gray_blight,train,class_specific
Tea quality tests show degraded leaf integrity with early-stage damage to leaf lamina structures.,3,brown_blight,val,cross_class
Remote sensing detected extensive spectral anomalies in tea canopy at leaf tip level.,4,red_leaf_spot,train,cross_class
Tea crop health assessment shows mild fungal infection spreading through leaf lamina tissue.,3,brown_blight,train,cross_class
Tea estate management flagged moderate infection on the young shoot requiring fungicide application.,4,red_leaf_spot,train,cross_class
Crop monitoring detected acute anomalies in tea petiole coloration indicating possible disease.,1,helopeltis,train,cross_class
Weather-related stress compounded by acute fungal infection on tea leaf margin tissue.,3,brown_blight,train,cross_class
Leaf biopsy from the leaf midrib shows moderate cellular damage consistent with pathogen attack.,4,red_leaf_spot,train,cross_class
The leaf lamina exhibits acute discoloration and tissue damage consistent with tea leaf disease.,3,brown_blight,train,cross_class
Severe acute brown blight infection results in premature defoliation of tea mature leaf.,3,brown_blight,train,class_specific
Tea leaves show early-stage Cephaleuros virescens spots creating rust-orange patches on leaf tip.,2,algal_leaf_spot,train,class_specific
The leaf tip of tea plants shows mild signs of stress possibly related to environmental factors.,1,helopeltis,train,cross_class
The tea leaf shows distinct widespread gray patches with irregular margins spreading across the leaf lamina.,0,gray_blight,val,class_specific
The tea plantation in Munnar reports significant crop stress affecting the young shoot of plants.,2,algal_leaf_spot,train,cross_class
The young shoot displays classic helopeltis infestation marks with mild brown stippling patterns.,1,helopeltis,val,class_specific
Remote sensing detected advanced spectral anomalies in tea canopy at upper leaf surface level.,3,brown_blight,train,cross_class
Red leaf spot creates moderate reddish-brown circular lesions on the upper tea petiole surface.,4,red_leaf_spot,train,class_specific
Weather-related stress compounded by extensive fungal infection on tea leaf midrib tissue.,0,gray_blight,train,cross_class
Field scouts observed mild leaf disease symptoms requiring immediate treatment in the petiole.,4,red_leaf_spot,val,cross_class
Disease pressure on tea leaf tip has been widespread in the current growing season.,4,red_leaf_spot,train,cross_class
The upper leaf surface exhibits early-stage discoloration and tissue damage consistent with tea leaf disease.,1,helopeltis,train,cross_class
Circular extensive algal leaf spots with raised orange-red centers appear on the leaf midrib.,2,algal_leaf_spot,train,class_specific
The upper leaf surface shows advanced red spot disease caused by Phyllosticta with characteristic red margins.,4,red_leaf_spot,val,class_specific
Crop monitoring detected mild anomalies in tea young shoot coloration indicating possible disease.,2,algal_leaf_spot,train,cross_class
Tea quality tests show degraded leaf integrity with advanced damage to upper leaf surface structures.,2,algal_leaf_spot,train,cross_class
The lower leaf surface shows mixed acute symptoms suggesting complex tea leaf disease interaction.,3,brown_blight,val,cross_class
Field scouts observed chronic leaf disease symptoms requiring immediate treatment in the upper leaf surface.,0,gray_blight,train,cross_class
Tea quality tests show degraded leaf integrity with severe damage to leaf tip structures.,1,helopeltis,train,cross_class
Tea growers reported early-stage gray blight damage with necrotic spots covering the young shoot.,0,gray_blight,train,class_specific
The lower leaf surface shows chronic red spot disease caused by Phyllosticta with characteristic red margins.,4,red_leaf_spot,train,class_specific
The leaf margin has early-stage algal spot colonies with characteristic powdery orange surface texture.,2,algal_leaf_spot,train,class_specific
Agronomists identified early-stage disease patterns on tea leaf margin consistent with pathogen infection.,4,red_leaf_spot,train,cross_class
Leaf biopsy from the leaf tip shows mild cellular damage consistent with pathogen attack.,3,brown_blight,val,cross_class
Farmers noted widespread red leaf spot outbreaks causing mature leaf damage and reduced yield.,4,red_leaf_spot,train,class_specific
The tea plantation in Darjeeling reports significant crop stress affecting the upper leaf surface of plants.,1,helopeltis,train,cross_class
Severe acute brown blight infection results in premature defoliation of tea petiole.,3,brown_blight,train,class_specific
Algal leaf spot disease presents severe circular lesions with orange spore masses on mature leaf.,2,algal_leaf_spot,train,class_specific
Extension officer identified advanced disease outbreak affecting tea upper leaf surface in the cooperative.,4,red_leaf_spot,train,cross_class
Helopeltis feeding damage causes advanced brown scorch marks on the upper leaf surface of tea shoots.,1,helopeltis,train,class_specific
Tea cultivation report: advanced stress indicators found on petiole across multiple plots.,1,helopeltis,train,cross_class
Tea tip borer helopeltis has caused early-stage characteristic shot-hole patterns on the young shoot.,1,helopeltis,train,class_specific
The leaf margin shows mixed widespread symptoms suggesting complex tea leaf disease interaction.,3,brown_blight,train,cross_class
Farmers noted moderate red leaf spot outbreaks causing leaf tip damage and reduced yield.,4,red_leaf_spot,train,class_specific
Tea quality tests show degraded leaf integrity with severe damage to young shoot structures.,4,red_leaf_spot,train,cross_class
The leaf margin of tea plants shows mild signs of stress possibly related to environmental factors.,1,helopeltis,train,cross_class
Young tea shoots suffer advanced helopeltis damage with angular petiole lesions and necrosis.,1,helopeltis,train,class_specific
Tea plant leaf tip affected by moderate algal spots showing concentric rings and orange sporulation.,2,algal_leaf_spot,train,class_specific
Gray blight infection causes localized grayish-brown lesions on the young shoot of tea plants.,0,gray_blight,train,class_specific
Agronomists identified extensive disease patterns on tea upper leaf surface consistent with pathogen infection.,1,helopeltis,val,cross_class
Tea leaves show moderate Cephaleuros virescens spots creating rust-orange patches on leaf lamina.,2,algal_leaf_spot,train,class_specific
The lower leaf surface displays classic helopeltis infestation marks with chronic brown stippling patterns.,1,helopeltis,train,class_specific
Extension officer identified extensive disease outbreak affecting tea young shoot in the cooperative.,2,algal_leaf_spot,train,cross_class
The leaf midrib shows mixed chronic symptoms suggesting complex tea leaf disease interaction.,0,gray_blight,train,cross_class
Agronomists identified extensive disease patterns on tea petiole consistent with pathogen infection.,4,red_leaf_spot,train,cross_class
The lower leaf surface displays mild red spot symptoms with sunken centers and dark red borders.,4,red_leaf_spot,train,class_specific
Farmers noted advanced red leaf spot outbreaks causing leaf midrib damage and reduced yield.,4,red_leaf_spot,train,class_specific
Extension officer identified moderate disease outbreak affecting tea lower leaf surface in the cooperative.,3,brown_blight,train,cross_class
Severe advanced brown blight infection results in premature defoliation of tea leaf margin.,3,brown_blight,train,class_specific
Weather-related stress compounded by mild fungal infection on tea petiole tissue.,1,helopeltis,train,cross_class
Weather-related stress compounded by acute fungal infection on tea leaf midrib tissue.,1,helopeltis,val,cross_class
Tea estate management flagged severe infection on the upper leaf surface requiring fungicide application.,2,algal_leaf_spot,train,cross_class
Young tea shoots suffer chronic helopeltis damage with angular leaf margin lesions and necrosis.,1,helopeltis,train,class_specific
Helopeltis feeding damage causes mild brown scorch marks on the leaf midrib of tea shoots.,1,helopeltis,train,class_specific
Weather-related stress compounded by extensive fungal infection on tea leaf margin tissue.,4,red_leaf_spot,train,cross_class
Red leaf spot creates advanced reddish-brown circular lesions on the upper tea mature leaf surface.,4,red_leaf_spot,train,class_specific
Tea estate management flagged mild infection on the leaf lamina requiring fungicide application.,4,red_leaf_spot,val,cross_class
Gray blight infection causes advanced grayish-brown lesions on the lower leaf surface of tea plants.,0,gray_blight,train,class_specific
The leaf tip shows chronic red spot disease caused by Phyllosticta with characteristic red margins.,4,red_leaf_spot,train,class_specific
The lower leaf surface shows acute brown blight symptoms with irregular dark brown spots and margins.,3,brown_blight,val,class_specific
The tea plantation in Kenya reports significant crop stress affecting the leaf tip of plants.,3,brown_blight,train,cross_class
Gray blight infection causes moderate grayish-brown lesions on the leaf lamina of tea plants.,0,gray_blight,train,class_specific
Brown blight causes chronic water-soaked lesions that turn necrotic on the tea leaf lamina.,3,brown_blight,train,class_specific
The upper leaf surface shows chronic brown blight symptoms with irregular dark brown spots and margins.,3,brown_blight,train,class_specific
The lower leaf surface of the tea bush exhibits gray blight symptoms including severe sunken lesions.,0,gray_blight,train,class_specific
Weather-related stress compounded by moderate fungal infection on tea upper leaf surface tissue.,1,helopeltis,train,cross_class
Tea leaves exhibit chronic red leaf spot lesions with distinct reddish centers on leaf tip.,4,red_leaf_spot,train,class_specific
Tea estate management flagged early-stage infection on the leaf midrib requiring fungicide application.,1,helopeltis,val,cross_class
Field scouts observed widespread leaf disease symptoms requiring immediate treatment in the petiole.,3,brown_blight,train,cross_class
The leaf tip exhibits severe discoloration and tissue damage consistent with tea leaf disease.,4,red_leaf_spot,train,cross_class
Pest and disease survey recorded advanced damage to tea leaf margin in highland gardens.,1,helopeltis,train,cross_class
Tea cultivation report: early-stage stress indicators found on lower leaf surface across multiple plots.,0,gray_blight,train,cross_class
The leaf tip shows localized red spot disease caused by Phyllosticta with characteristic red margins.,4,red_leaf_spot,train,class_specific
The tea plantation in Darjeeling reports significant crop stress affecting the leaf margin of plants.,4,red_leaf_spot,train,cross_class
The petiole displays classic helopeltis infestation marks with advanced brown stippling patterns.,1,helopeltis,train,class_specific
Agronomists identified chronic disease patterns on tea leaf margin consistent with pathogen infection.,3,brown_blight,train,cross_class
Agronomists identified mild disease patterns on tea leaf lamina consistent with pathogen infection.,2,algal_leaf_spot,train,cross_class
The leaf midrib has mild algal spot colonies with characteristic powdery orange surface texture.,2,algal_leaf_spot,train,class_specific
Extension officer identified chronic disease outbreak affecting tea leaf tip in the cooperative.,2,algal_leaf_spot,train,cross_class
Disease pressure on tea leaf midrib has been advanced in the current growing season.,4,red_leaf_spot,val,cross_class
Pest and disease survey recorded acute damage to tea upper leaf surface in highland gardens.,0,gray_blight,train,cross_class
Crop monitoring detected advanced anomalies in tea mature leaf coloration indicating possible disease.,3,brown_blight,train,cross_class
The tea plantation in Kenya reports significant crop stress affecting the upper leaf surface of plants.,1,helopeltis,val,cross_class
Agronomists identified early-stage disease patterns on tea leaf tip consistent with pathogen infection.,2,algal_leaf_spot,train,cross_class
Tea quality tests show degraded leaf integrity with early-stage damage to upper leaf surface structures.,2,algal_leaf_spot,train,cross_class
Tea growers reported mild gray blight damage with necrotic spots covering the lower leaf surface.,0,gray_blight,train,class_specific
Tea leaves display chronic brown blight patches caused by Colletotrichum species on leaf tip.,3,brown_blight,train,class_specific
Helopeltis feeding damage causes advanced brown scorch marks on the petiole of tea shoots.,1,helopeltis,train,class_specific
Tea leaves show early-stage Cephaleuros virescens spots creating rust-orange patches on leaf midrib.,2,algal_leaf_spot,train,class_specific
Circular extensive algal leaf spots with raised orange-red centers appear on the mature leaf.,2,algal_leaf_spot,train,class_specific
Agronomists identified localized disease patterns on tea young shoot consistent with pathogen infection.,1,helopeltis,train,cross_class
Tea cultivation report: mild stress indicators found on upper leaf surface across multiple plots.,4,red_leaf_spot,train,cross_class
Tea estate management flagged chronic infection on the young shoot requiring fungicide application.,0,gray_blight,val,cross_class
Leaf biopsy from the petiole shows moderate cellular damage consistent with pathogen attack.,0,gray_blight,train,cross_class
Tea bushes in the Yunnan garden show moderate leaf symptoms requiring diagnostic testing.,0,gray_blight,train,cross_class
The tea flush shows extensive helopeltis bug puncture wounds with dark halos on leaf lamina.,1,helopeltis,train,class_specific
Tea leaves show severe Cephaleuros virescens spots creating rust-orange patches on leaf margin.,2,algal_leaf_spot,train,class_specific
Tea crop health assessment shows chronic fungal infection spreading through upper leaf surface tissue.,4,red_leaf_spot,train,cross_class
Disease pressure on tea leaf tip has been widespread in the current growing season.,3,brown_blight,train,cross_class
Field scouts observed localized leaf disease symptoms requiring immediate treatment in the mature leaf.,3,brown_blight,train,cross_class
Red leaf spot creates acute reddish-brown circular lesions on the upper tea upper leaf surface surface.,4,red_leaf_spot,train,class_specific
Disease pressure on tea leaf tip has been chronic in the current growing season.,1,helopeltis,val,cross_class
The tea plantation in Yunnan reports significant crop stress affecting the leaf margin of plants.,3,brown_blight,train,cross_class
The leaf lamina of tea plants shows chronic signs of stress possibly related to environmental factors.,2,algal_leaf_spot,val,cross_class
Farmers noted mild red leaf spot outbreaks causing lower leaf surface damage and reduced yield.,4,red_leaf_spot,train,class_specific
Remote sensing detected advanced spectral anomalies in tea canopy at petiole level.,1,helopeltis,train,cross_class
Tea estate management flagged severe infection on the lower leaf surface requiring fungicide application.,4,red_leaf_spot,train,cross_class
Tea leaves exhibit chronic red leaf spot lesions with distinct reddish centers on leaf midrib.,4,red_leaf_spot,train,class_specific
The lower leaf surface exhibits chronic discoloration and tissue damage consistent with tea leaf disease.,3,brown_blight,val,cross_class
Tea bushes in the Munnar garden show acute leaf symptoms requiring diagnostic testing.,0,gray_blight,train,cross_class
Severe chronic brown blight infection results in premature defoliation of tea leaf tip.,3,brown_blight,train,class_specific
Tea tip borer helopeltis has caused localized characteristic shot-hole patterns on the young shoot.,1,helopeltis,train,class_specific
Remote sensing detected extensive spectral anomalies in tea canopy at lower leaf surface level.,4,red_leaf_spot,train,cross_class
Pest and disease survey recorded moderate damage to tea mature leaf in highland gardens.,2,algal_leaf_spot,train,cross_class
Helopeltis feeding damage causes extensive brown scorch marks on the leaf margin of tea shoots.,1,helopeltis,train,class_specific
Tea estate management flagged severe infection on the young shoot requiring fungicide application.,2,algal_leaf_spot,train,cross_class
Tea crop health assessment shows severe fungal infection spreading through leaf tip tissue.,3,brown_blight,val,cross_class
The tea plantation in Sri Lanka reports significant crop stress affecting the upper leaf surface of plants.,2,algal_leaf_spot,val,cross_class
Tea leaves exhibit moderate red leaf spot lesions with distinct reddish centers on lower leaf surface.,4,red_leaf_spot,train,class_specific
The leaf lamina shows mixed chronic symptoms suggesting complex tea leaf disease interaction.,3,brown_blight,train,cross_class
Agronomists identified widespread disease patterns on tea leaf margin consistent with pathogen infection.,2,algal_leaf_spot,train,cross_class
The tea plantation in Assam reports significant crop stress affecting the upper leaf surface of plants.,0,gray_blight,train,cross_class
Leaf biopsy from the lower leaf surface shows localized cellular damage consistent with pathogen attack.,2,algal_leaf_spot,train,cross_class
Remote sensing detected acute spectral anomalies in tea canopy at upper leaf surface level.,3,brown_blight,train,cross_class
Disease pressure on tea lower leaf surface has been chronic in the current growing season.,2,algal_leaf_spot,val,cross_class
Field scouts observed mild leaf disease symptoms requiring immediate treatment in the leaf margin.,0,gray_blight,train,cross_class
Disease pressure on tea leaf tip has been mild in the current growing season.,4,red_leaf_spot,train,cross_class
Tea cultivation report: severe stress indicators found on leaf lamina across multiple plots.,0,gray_blight,train,cross_class
Red leaf spot creates advanced reddish-brown circular lesions on the upper tea young shoot surface.,4,red_leaf_spot,train,class_specific
The tea plantation in Kangra reports significant crop stress affecting the petiole of plants.,3,brown_blight,train,cross_class
Farmers noted localized red leaf spot outbreaks causing leaf midrib damage and reduced yield.,4,red_leaf_spot,train,class_specific
The petiole has widespread algal spot colonies with characteristic powdery orange surface texture.,2,algal_leaf_spot,train,class_specific
Tea crop health assessment shows early-stage fungal infection spreading through leaf margin tissue.,0,gray_blight,train,cross_class
The young shoot shows advanced brown blight symptoms with irregular dark brown spots and margins.,3,brown_blight,val,class_specific
The tea plantation in Munnar reports significant crop stress affecting the upper leaf surface of plants.,4,red_leaf_spot,train,cross_class
Crop monitoring detected extensive anomalies in tea lower leaf surface coloration indicating possible disease.,4,red_leaf_spot,val,cross_class
Algal leaf spot disease presents moderate circular lesions with orange spore masses on petiole.,2,algal_leaf_spot,train,class_specific
The tea leaf shows distinct widespread gray patches with irregular margins spreading across the lower leaf surface.,0,gray_blight,val,class_specific
Tea crop health assessment shows moderate fungal infection spreading through lower leaf surface tissue.,4,red_leaf_spot,train,cross_class
The petiole shows mixed mild symptoms suggesting complex tea leaf disease interaction.,1,helopeltis,train,cross_class
Tea leaves display severe brown blight patches caused by Colletotrichum species on petiole.,3,brown_blight,train,class_specific
Tea quality tests show degraded leaf integrity with mild damage to young shoot structures.,1,helopeltis,train,cross_class
Tea cultivation report: extensive stress indicators found on lower leaf surface across multiple plots.,0,gray_blight,train,cross_class
Pest and disease survey recorded moderate damage to tea petiole in highland gardens.,4,red_leaf_spot,train,cross_class
The leaf lamina of the tea bush exhibits gray blight symptoms including severe sunken lesions.,0,gray_blight,train,class_specific
Leaf biopsy from the leaf lamina shows severe cellular damage consistent with pathogen attack.,4,red_leaf_spot,val,cross_class
Tea leaves exhibit moderate red leaf spot lesions with distinct reddish centers on upper leaf surface.,4,red_leaf_spot,train,class_specific
The leaf tip shows mixed extensive symptoms suggesting complex tea leaf disease interaction.,2,algal_leaf_spot,train,cross_class
Tea estate management flagged advanced infection on the leaf midrib requiring fungicide application.,3,brown_blight,train,cross_class
Gray blight infection causes extensive grayish-brown lesions on the leaf lamina of tea plants.,0,gray_blight,train,class_specific
Red leaf spot creates mild reddish-brown circular lesions on the upper tea leaf midrib surface.,4,red_leaf_spot,val,class_specific
The tea petiole has extensive brown blight lesions with concentric rings and yellow halos.,3,brown_blight,train,class_specific
Tea quality tests show degraded leaf integrity with acute damage to petiole structures.,0,gray_blight,val,cross_class
The leaf tip shows mixed severe symptoms suggesting complex tea leaf disease interaction.,2,algal_leaf_spot,train,cross_class
Severe extensive brown blight infection results in premature defoliation of tea leaf midrib.,3,brown_blight,val,class_specific
Leaf biopsy from the young shoot shows chronic cellular damage consistent with pathogen attack.,1,helopeltis,train,cross_class
Red leaf spot creates localized reddish-brown circular lesions on the upper tea leaf tip surface.,4,red_leaf_spot,train,class_specific
Tea leaves exhibit chronic red leaf spot lesions with distinct reddish centers on petiole.,4,red_leaf_spot,train,class_specific
The petiole displays classic helopeltis infestation marks with widespread brown stippling patterns.,1,helopeltis,val,class_specific
Tea growers reported extensive gray blight damage with necrotic spots covering the upper leaf surface.,0,gray_blight,train,class_specific
Weather-related stress compounded by moderate fungal infection on tea petiole tissue.,0,gray_blight,train,cross_class
Young tea shoots suffer extensive helopeltis damage with angular upper leaf surface lesions and necrosis.,1,helopeltis,val,class_specific
The leaf tip of tea plants shows advanced signs of stress possibly related to environmental factors.,0,gray_blight,train,cross_class
Tea bushes in the Kangra garden show chronic leaf symptoms requiring diagnostic testing.,4,red_leaf_spot,train,cross_class
The tea leaf shows distinct mild gray patches with irregular margins spreading across the lower leaf surface.,0,gray_blight,train,class_specific
The tea mature leaf has localized brown blight lesions with concentric rings and yellow halos.,3,brown_blight,train,class_specific
Tea plant leaf midrib affected by moderate algal spots showing concentric rings and orange sporulation.,2,algal_leaf_spot,train,class_specific
Algal leaf spot disease presents advanced circular lesions with orange spore masses on young shoot.,2,algal_leaf_spot,train,class_specific
Remote sensing detected early-stage spectral anomalies in tea canopy at upper leaf surface level.,2,algal_leaf_spot,train,cross_class
The tea plantation in Kenya reports significant crop stress affecting the leaf tip of plants.,2,algal_leaf_spot,train,cross_class
Circular severe algal leaf spots with raised orange-red centers appear on the lower leaf surface.,2,algal_leaf_spot,val,class_specific
Weather-related stress compounded by localized fungal infection on tea leaf lamina tissue.,1,helopeltis,train,cross_class
Farmers noted mild red leaf spot outbreaks causing lower leaf surface damage and reduced yield.,4,red_leaf_spot,train,class_specific
Tea leaves exhibit advanced red leaf spot lesions with distinct reddish centers on petiole.,4,red_leaf_spot,train,class_specific
Tea tip borer helopeltis has caused widespread characteristic shot-hole patterns on the lower leaf surface.,1,helopeltis,train,class_specific
Gray blight infection causes chronic grayish-brown lesions on the upper leaf surface of tea plants.,0,gray_blight,train,class_specific
Leaf biopsy from the leaf margin shows widespread cellular damage consistent with pathogen attack.,0,gray_blight,val,cross_class
Tea estate management flagged chronic infection on the petiole requiring fungicide application.,0,gray_blight,train,cross_class
Remote sensing detected advanced spectral anomalies in tea canopy at leaf midrib level.,0,gray_blight,train,cross_class
Young tea shoots suffer moderate helopeltis damage with angular young shoot lesions and necrosis.,1,helopeltis,train,class_specific
Tea leaves show widespread Cephaleuros virescens spots creating rust-orange patches on lower leaf surface.,2,algal_leaf_spot,train,class_specific
Young tea shoots suffer advanced helopeltis damage with angular leaf midrib lesions and necrosis.,1,helopeltis,train,class_specific
The leaf tip shows localized brown blight symptoms with irregular dark brown spots and margins.,3,brown_blight,train,class_specific
Agronomists identified localized disease patterns on tea leaf lamina consistent with pathogen infection.,3,brown_blight,train,cross_class
Helopeltis feeding damage causes mild brown scorch marks on the mature leaf of tea shoots.,1,helopeltis,train,class_specific
Agronomists identified acute disease patterns on tea upper leaf surface consistent with pathogen infection.,0,gray_blight,train,cross_class
Severe severe brown blight infection results in premature defoliation of tea leaf margin.,3,brown_blight,train,class_specific
Leaf biopsy from the leaf midrib shows mild cellular damage consistent with pathogen attack.,1,helopeltis,train,cross_class
The upper leaf surface shows moderate red spot disease caused by Phyllosticta with characteristic red margins.,4,red_leaf_spot,train,class_specific
Tea cultivation report: advanced stress indicators found on leaf midrib across multiple plots.,4,red_leaf_spot,val,cross_class
Tea plant lower leaf surface affected by early-stage algal spots showing concentric rings and orange sporulation.,2,algal_leaf_spot,train,class_specific
Tea leaves exhibit chronic red leaf spot lesions with distinct reddish centers on leaf tip.,4,red_leaf_spot,val,class_specific
The tea flush shows chronic helopeltis bug puncture wounds with dark halos on mature leaf.,1,helopeltis,train,class_specific
Severe widespread brown blight infection results in premature defoliation of tea leaf tip.,3,brown_blight,train,class_specific
Gray blight infection causes extensive grayish-brown lesions on the leaf lamina of tea plants.,0,gray_blight,val,class_specific
Red leaf spot creates early-stage reddish-brown circular lesions on the upper tea mature leaf surface.,4,red_leaf_spot,train,class_specific
Weather-related stress compounded by widespread fungal infection on tea upper leaf surface tissue.,4,red_leaf_spot,train,cross_class
Weather-related stress compounded by extensive fungal infection on tea petiole tissue.,1,helopeltis,train,cross_class
Circular extensive algal leaf spots with raised orange-red centers appear on the lower leaf surface.,2,algal_leaf_spot,train,class_specific
Tea leaves show severe Cephaleuros virescens spots creating rust-orange patches on young shoot.,2,algal_leaf_spot,train,class_specific
Tea quality tests show degraded leaf integrity with widespread damage to young shoot structures.,4,red_leaf_spot,train,cross_class
Pest and disease survey recorded mild damage to tea leaf tip in highland gardens.,4,red_leaf_spot,train,cross_class
Agronomists identified early-stage disease patterns on tea mature leaf consistent with pathogen infection.,3,brown_blight,val,cross_class
Tea quality tests show degraded leaf integrity with localized damage to young shoot structures.,3,brown_blight,train,cross_class
Field scouts observed extensive leaf disease symptoms requiring immediate treatment in the petiole.,3,brown_blight,train,cross_class
Tea bushes in the Kenya garden show localized leaf symptoms requiring diagnostic testing.,0,gray_blight,train,cross_class
Tea tip borer helopeltis has caused acute characteristic shot-hole patterns on the mature leaf.,1,helopeltis,train,class_specific
Crop monitoring detected acute anomalies in tea lower leaf surface coloration indicating possible disease.,0,gray_blight,train,cross_class
The petiole has acute algal spot colonies with characteristic powdery orange surface texture.,2,algal_leaf_spot,val,class_specific
Remote sensing detected chronic spectral anomalies in tea canopy at petiole level.,1,helopeltis,train,cross_class
Helopeltis feeding damage causes moderate brown scorch marks on the young shoot of tea shoots.,1,helopeltis,train,class_specific
The leaf margin shows mixed widespread symptoms suggesting complex tea leaf disease interaction.,2,algal_leaf_spot,train,cross_class
Affected tea shoots display extensive necrotic tissue with a characteristic gray discoloration.,0,gray_blight,train,class_specific
Severe advanced brown blight infection results in premature defoliation of tea leaf lamina.,3,brown_blight,train,class_specific
Remote sensing detected acute spectral anomalies in tea canopy at upper leaf surface level.,3,brown_blight,train,cross_class
Field scouts observed widespread leaf disease symptoms requiring immediate treatment in the leaf midrib.,2,algal_leaf_spot,val,cross_class
Algal leaf spot disease presents early-stage circular lesions with orange spore masses on leaf tip.,2,algal_leaf_spot,train,class_specific
Remote sensing detected widespread spectral anomalies in tea canopy at leaf midrib level.,4,red_leaf_spot,train,cross_class
Agronomists identified mild disease patterns on tea leaf lamina consistent with pathogen infection.,3,brown_blight,val,cross_class
The lower leaf surface shows advanced red spot disease caused by Phyllosticta with characteristic red margins.,4,red_leaf_spot,val,class_specific
Severe mild brown blight infection results in premature defoliation of tea leaf midrib.,3,brown_blight,train,class_specific
The leaf margin shows early-stage red spot disease caused by Phyllosticta with characteristic red margins.,4,red_leaf_spot,train,class_specific
Pest and disease survey recorded moderate damage to tea petiole in highland gardens.,2,algal_leaf_spot,train,cross_class
The young shoot shows acute brown blight symptoms with irregular dark brown spots and margins.,3,brown_blight,train,class_specific
Young tea shoots suffer extensive helopeltis damage with angular leaf midrib lesions and necrosis.,1,helopeltis,val,class_specific
The young shoot has acute algal spot colonies with characteristic powdery orange surface texture.,2,algal_leaf_spot,val,class_specific
Disease pressure on tea leaf lamina has been mild in the current growing season.,3,brown_blight,train,cross_class
Tea bushes in the Nilgiri garden show chronic leaf symptoms requiring diagnostic testing.,4,red_leaf_spot,train,cross_class
Severe advanced brown blight infection results in premature defoliation of tea leaf lamina.,3,brown_blight,val,class_specific
The tea flush shows localized helopeltis bug puncture wounds with dark halos on leaf lamina.,1,helopeltis,train,class_specific
Remote sensing detected widespread spectral anomalies in tea canopy at upper leaf surface level.,2,algal_leaf_spot,train,cross_class
Weather-related stress compounded by extensive fungal infection on tea upper leaf surface tissue.,2,algal_leaf_spot,val,cross_class
Pest and disease survey recorded localized damage to tea leaf tip in highland gardens.,0,gray_blight,val,cross_class
Tea cultivation report: advanced stress indicators found on leaf tip across multiple plots.,4,red_leaf_spot,train,cross_class
Tea estate management flagged chronic infection on the lower leaf surface requiring fungicide application.,2,algal_leaf_spot,train,cross_class
Tea estate management flagged moderate infection on the upper leaf surface requiring fungicide application.,3,brown_blight,train,cross_class
Brown blight causes advanced water-soaked lesions that turn necrotic on the tea leaf margin.,3,brown_blight,train,class_specific
The leaf midrib of the tea bush exhibits gray blight symptoms including early-stage sunken lesions.,0,gray_blight,train,class_specific
Leaf biopsy from the leaf tip shows moderate cellular damage consistent with pathogen attack.,4,red_leaf_spot,train,cross_class
Disease pressure on tea mature leaf has been advanced in the current growing season.,0,gray_blight,val,cross_class
Tea bushes in the Yunnan garden show moderate leaf symptoms requiring diagnostic testing.,2,algal_leaf_spot,train,cross_class
Tea cultivation report: advanced stress indicators found on leaf margin across multiple plots.,3,brown_blight,val,cross_class
Tea cultivation report: localized stress indicators found on petiole across multiple plots.,3,brown_blight,train,cross_class
Algal leaf spot disease presents early-stage circular lesions with orange spore masses on young shoot.,2,algal_leaf_spot,val,class_specific
Remote sensing detected early-stage spectral anomalies in tea canopy at leaf lamina level.,2,algal_leaf_spot,train,cross_class
Pest and disease survey recorded widespread damage to tea leaf margin in highland gardens.,4,red_leaf_spot,train,cross_class
The upper leaf surface displays classic helopeltis infestation marks with chronic brown stippling patterns.,1,helopeltis,train,class_specific
Tea quality tests show degraded leaf integrity with moderate damage to mature leaf structures.,4,red_leaf_spot,train,cross_class
Algal leaf spot disease presents severe circular lesions with orange spore masses on young shoot.,2,algal_leaf_spot,train,class_specific
The leaf lamina displays classic helopeltis infestation marks with acute brown stippling patterns.,1,helopeltis,train,class_specific
Weather-related stress compounded by early-stage fungal infection on tea mature leaf tissue.,1,helopeltis,train,cross_class
Field scouts observed severe leaf disease symptoms requiring immediate treatment in the leaf margin.,2,algal_leaf_spot,train,cross_class
Severe early-stage brown blight infection results in premature defoliation of tea upper leaf surface.,3,brown_blight,val,class_specific
Tea leaves show chronic Cephaleuros virescens spots creating rust-orange patches on leaf lamina.,2,algal_leaf_spot,train,class_specific
Tea bushes in the Sylhet garden show acute leaf symptoms requiring diagnostic testing.,1,helopeltis,train,cross_class
The petiole shows acute red spot disease caused by Phyllosticta with characteristic red margins.,4,red_leaf_spot,train,class_specific
The leaf midrib exhibits severe discoloration and tissue damage consistent with tea leaf disease.,2,algal_leaf_spot,train,cross_class
Remote sensing detected extensive spectral anomalies in tea canopy at leaf midrib level.,1,helopeltis,train,cross_class
Tea leaves exhibit acute red leaf spot lesions with distinct reddish centers on leaf lamina.,4,red_leaf_spot,train,class_specific
The tea leaf tip has widespread brown blight lesions with concentric rings and yellow halos.,3,brown_blight,val,class_specific
Affected tea shoots display extensive necrotic tissue with a characteristic gray discoloration.,0,gray_blight,val,class_specific
Farmers noted moderate red leaf spot outbreaks causing leaf midrib damage and reduced yield.,4,red_leaf_spot,train,class_specific
Pest and disease survey recorded extensive damage to tea leaf tip in highland gardens.,1,helopeltis,train,cross_class
The leaf midrib displays classic helopeltis infestation marks with extensive brown stippling patterns.,1,helopeltis,train,class_specific
Tea plant petiole affected by advanced algal spots showing concentric rings and orange sporulation.,2,algal_leaf_spot,train,class_specific
Field scouts observed mild leaf disease symptoms requiring immediate treatment in the young shoot.,2,algal_leaf_spot,train,cross_class
Field scouts observed moderate leaf disease symptoms requiring immediate treatment in the leaf lamina.,2,algal_leaf_spot,train,cross_class
Red leaf spot creates severe reddish-brown circular lesions on the upper tea lower leaf surface surface.,4,red_leaf_spot,train,class_specific
Tea quality tests show degraded leaf integrity with extensive damage to petiole structures.,2,algal_leaf_spot,val,cross_class
Affected tea shoots display severe necrotic tissue with a characteristic gray discoloration.,0,gray_blight,val,class_specific
The leaf lamina displays classic helopeltis infestation marks with severe brown stippling patterns.,1,helopeltis,val,class_specific
Weather-related stress compounded by widespread fungal infection on tea leaf lamina tissue.,1,helopeltis,train,cross_class
Tea leaves display moderate brown blight patches caused by Colletotrichum species on leaf margin.,3,brown_blight,train,class_specific
The lower leaf surface of tea plants shows mild signs of stress possibly related to environmental factors.,0,gray_blight,train,cross_class
Extension officer identified widespread disease outbreak affecting tea petiole in the cooperative.,2,algal_leaf_spot,val,cross_class
The lower leaf surface displays acute red spot symptoms with sunken centers and dark red borders.,4,red_leaf_spot,val,class_specific
The mature leaf exhibits chronic discoloration and tissue damage consistent with tea leaf disease.,3,brown_blight,train,cross_class
Disease pressure on tea leaf midrib has been moderate in the current growing season.,0,gray_blight,train,cross_class
Crop monitoring detected acute anomalies in tea lower leaf surface coloration indicating possible disease.,3,brown_blight,train,cross_class
The tea mature leaf has early-stage brown blight lesions with concentric rings and yellow halos.,3,brown_blight,train,class_specific
Tea tip borer helopeltis has caused moderate characteristic shot-hole patterns on the petiole.,1,helopeltis,train,class_specific
Tea leaves exhibit moderate red leaf spot lesions with distinct reddish centers on upper leaf surface.,4,red_leaf_spot,train,class_specific
Algal leaf spot disease presents moderate circular lesions with orange spore masses on leaf tip.,2,algal_leaf_spot,train,class_specific
Tea crop health assessment shows widespread fungal infection spreading through petiole tissue.,2,algal_leaf_spot,val,cross_class
The tea plantation in Yunnan reports significant crop stress affecting the leaf tip of plants.,1,helopeltis,train,cross_class
Affected tea shoots display mild necrotic tissue with a characteristic gray discoloration.,0,gray_blight,train,class_specific
Young tea shoots suffer advanced helopeltis damage with angular upper leaf surface lesions and necrosis.,1,helopeltis,val,class_specific
Leaf biopsy from the young shoot shows chronic cellular damage consistent with pathogen attack.,1,helopeltis,train,cross_class
Young tea shoots suffer chronic helopeltis damage with angular leaf tip lesions and necrosis.,1,helopeltis,train,class_specific
The leaf midrib shows mixed extensive symptoms suggesting complex tea leaf disease interaction.,2,algal_leaf_spot,train,cross_class
The mature leaf shows early-stage red spot disease caused by Phyllosticta with characteristic red margins.,4,red_leaf_spot,val,class_specific
The leaf midrib shows extensive red spot disease caused by Phyllosticta with characteristic red margins.,4,red_leaf_spot,train,class_specific
Tea growers reported chronic gray blight damage with necrotic spots covering the leaf midrib.,0,gray_blight,val,class_specific
Tea leaves exhibit advanced red leaf spot lesions with distinct reddish centers on leaf midrib.,4,red_leaf_spot,train,class_specific
Red leaf spot creates moderate reddish-brown circular lesions on the upper tea leaf margin surface.,4,red_leaf_spot,val,class_specific
The lower leaf surface shows acute brown blight symptoms with irregular dark brown spots and margins.,3,brown_blight,train,class_specific
The mature leaf shows mixed moderate symptoms suggesting complex tea leaf disease interaction.,4,red_leaf_spot,val,cross_class
Young tea shoots suffer moderate helopeltis damage with angular leaf margin lesions and necrosis.,1,helopeltis,train,class_specific
The lower leaf surface has localized algal spot colonies with characteristic powdery orange surface texture.,2,algal_leaf_spot,train,class_specific
The leaf margin exhibits localized discoloration and tissue damage consistent with tea leaf disease.,1,helopeltis,train,cross_class
The tea plantation in Sri Lanka reports significant crop stress affecting the lower leaf surface of plants.,1,helopeltis,train,cross_class
The tea leaf tip has extensive brown blight lesions with concentric rings and yellow halos.,3,brown_blight,train,class_specific
The leaf tip shows mixed advanced symptoms suggesting complex tea leaf disease interaction.,0,gray_blight,train,cross_class
The petiole exhibits extensive discoloration and tissue damage consistent with tea leaf disease.,1,helopeltis,train,cross_class
Disease pressure on tea young shoot has been advanced in the current growing season.,3,brown_blight,train,cross_class
Extension officer identified moderate disease outbreak affecting tea leaf margin in the cooperative.,3,brown_blight,val,cross_class
The lower leaf surface shows advanced red spot disease caused by Phyllosticta with characteristic red margins.,4,red_leaf_spot,train,class_specific
Extension officer identified widespread disease outbreak affecting tea leaf lamina in the cooperative.,2,algal_leaf_spot,train,cross_class
Agronomists identified acute disease patterns on tea leaf tip consistent with pathogen infection.,2,algal_leaf_spot,train,cross_class
Agronomists identified severe disease patterns on tea upper leaf surface consistent with pathogen infection.,1,helopeltis,train,cross_class
The tea flush shows advanced helopeltis bug puncture wounds with dark halos on upper leaf surface.,1,helopeltis,train,class_specific
Tea bushes in the Yunnan garden show localized leaf symptoms requiring diagnostic testing.,3,brown_blight,train,cross_class
Disease pressure on tea mature leaf has been moderate in the current growing season.,3,brown_blight,train,cross_class
Leaf biopsy from the leaf tip shows extensive cellular damage consistent with pathogen attack.,0,gray_blight,train,cross_class
Remote sensing detected widespread spectral anomalies in tea canopy at leaf margin level.,2,algal_leaf_spot,train,cross_class
Red leaf spot creates severe reddish-brown circular lesions on the upper tea leaf tip surface.,4,red_leaf_spot,train,class_specific
Pest and disease survey recorded advanced damage to tea leaf tip in highland gardens.,0,gray_blight,train,cross_class
Agronomists identified widespread disease patterns on tea leaf lamina consistent with pathogen infection.,2,algal_leaf_spot,val,cross_class
Pest and disease survey recorded mild damage to tea lower leaf surface in highland gardens.,1,helopeltis,train,cross_class
Pest and disease survey recorded severe damage to tea lower leaf surface in highland gardens.,1,helopeltis,val,cross_class
The leaf lamina of tea plants shows early-stage signs of stress possibly related to environmental factors.,2,algal_leaf_spot,val,cross_class
Tea bushes in the Nilgiri garden show localized leaf symptoms requiring diagnostic testing.,1,helopeltis,val,cross_class
Crop monitoring detected moderate anomalies in tea leaf lamina coloration indicating possible disease.,1,helopeltis,train,cross_class
The tea leaf shows distinct localized gray patches with irregular margins spreading across the petiole.,0,gray_blight,train,class_specific
The tea petiole has severe brown blight lesions with concentric rings and yellow halos.,3,brown_blight,train,class_specific
The leaf tip shows mixed severe symptoms suggesting complex tea leaf disease interaction.,2,algal_leaf_spot,train,cross_class
The leaf midrib shows mixed widespread symptoms suggesting complex tea leaf disease interaction.,3,brown_blight,train,cross_class
Gray blight infection causes widespread grayish-brown lesions on the leaf tip of tea plants.,0,gray_blight,train,class_specific
The tea flush shows mild helopeltis bug puncture wounds with dark halos on young shoot.,1,helopeltis,val,class_specific
The upper leaf surface has early-stage algal spot colonies with characteristic powdery orange surface texture.,2,algal_leaf_spot,train,class_specific
The leaf tip shows mixed extensive symptoms suggesting complex tea leaf disease interaction.,4,red_leaf_spot,train,cross_class
The lower leaf surface shows mixed localized symptoms suggesting complex tea leaf disease interaction.,2,algal_leaf_spot,train,cross_class
Tea quality tests show degraded leaf integrity with severe damage to leaf lamina structures.,2,algal_leaf_spot,val,cross_class
Circular localized algal leaf spots with raised orange-red centers appear on the leaf margin.,2,algal_leaf_spot,train,class_specific
Tea bushes in the Assam garden show moderate leaf symptoms requiring diagnostic testing.,4,red_leaf_spot,train,cross_class
Tea leaves display extensive brown blight patches caused by Colletotrichum species on lower leaf surface.,3,brown_blight,val,class_specific
Algal leaf spot disease presents early-stage circular lesions with orange spore masses on upper leaf surface.,2,algal_leaf_spot,val,class_specific
Gray blight infection causes extensive grayish-brown lesions on the leaf tip of tea plants.,0,gray_blight,train,class_specific
Tea quality tests show degraded leaf integrity with extensive damage to leaf lamina structures.,1,helopeltis,train,cross_class
Disease pressure on tea leaf lamina has been advanced in the current growing season.,2,algal_leaf_spot,train,cross_class
The tea leaf shows distinct moderate gray patches with irregular margins spreading across the petiole.,0,gray_blight,train,class_specific
Weather-related stress compounded by extensive fungal infection on tea mature leaf tissue.,0,gray_blight,train,cross_class
Tea quality tests show degraded leaf integrity with early-stage damage to leaf lamina structures.,1,helopeltis,train,cross_class
Crop monitoring detected extensive anomalies in tea lower leaf surface coloration indicating possible disease.,0,gray_blight,train,cross_class
Agronomists identified advanced disease patterns on tea leaf margin consistent with pathogen infection.,1,helopeltis,train,cross_class
The mature leaf shows mixed advanced symptoms suggesting complex tea leaf disease interaction.,4,red_leaf_spot,train,cross_class
