text,label,label_name,source
a drought stressed plant with dry curling leaves and brown spots on the underside of the leaf,0,water_stress,blip_caption
a heat stressed plant with scorched brown leaf tips showing red spots,4,heat_stress,blip_caption
a drought stressed plant with dry curling leaves and brown spots on it,0,water_stress,blip_caption
a crop plant with heat damage wilted tips and brown spots on a leaf,4,heat_stress,blip_caption
an infected crop leaf with blight and lesions and a hand holding it,3,disease_risk,blip_caption
a wilting crop plant with drooping leaves showing signs of blemching,0,water_stress,blip_caption
a crop leaf with insect damage and feeding holes showing the size of the leaf,2,pest_risk,blip_caption
a wilting crop plant with drooping leaves showing brown spots,0,water_stress,blip_caption
a wilting crop plant with drooping leaves showing brown spots,0,water_stress,blip_caption
a plant leaf with yellowing chlorosis showing brown spots on it,1,nutrient_def,blip_caption
a heat stressed plant with scorched brown leaf tips showing red and black spots,4,heat_stress,blip_caption
a crop plant with heat damage wilted tips and brown spots on a leaf,4,heat_stress,blip_caption
a plant leaf with yellowing chlorosis showing on a gray surface,1,nutrient_def,blip_caption
a pale discoloured leaf with nutrient deficiency and bloating,1,nutrient_def,blip_caption
a crop plant with heat damage wilted tips and brown spots on a leaf,4,heat_stress,blip_caption
a heat stressed plant with scorched brown leaf tips showing red and green spots,4,heat_stress,blip_caption
a plant leaf with yellowing chlorosis showing the brown spots on it,1,nutrient_def,blip_caption
a drought stressed plant with dry curling leaves and brown spots,0,water_stress,blip_caption
a drought stressed plant with dry curling leaves and brown spots on the underside of the leaf,0,water_stress,blip_caption
a wilting crop plant with drooping leaves showing brown spots,0,water_stress,blip_caption
a pale discoloured leaf with nutrient deficiency and green veins,1,nutrient_def,blip_caption
a crop leaf with insect damage and feeding holes showing on the underside of the leaf,2,pest_risk,blip_caption
a heat stressed plant with scorched brown leaf tips showing red spots,4,heat_stress,blip_caption
a crop leaf with insect damage and feeding holes showing on the leaves,2,pest_risk,blip_caption
a diseased plant leaf with fungal spots showing brown and green leaves,3,disease_risk,blip_caption
a wilting crop plant with drooping leaves showing brown spots,0,water_stress,blip_caption
a crop plant with heat damage wilted tips and brown spots on a leaf,4,heat_stress,blip_caption
a heat stressed plant with scorched brown leaf tips showing red and green leaves,4,heat_stress,blip_caption
a plant damaged by pests with chewed edges and green leaves on a gray surface,2,pest_risk,blip_caption
a pale discoloured leaf with nutrient deficiency and mildness,1,nutrient_def,blip_caption
a plant damaged by pests with chewed edges and green leaves,2,pest_risk,blip_caption
a pale discoloured leaf with nutrient deficiency and blemching,1,nutrient_def,blip_caption
a crop plant with heat damage wilted tips and brown spots on a leaf,4,heat_stress,blip_caption
a diseased plant leaf with fungal spots showing signs of blemching,3,disease_risk,blip_caption
a plant damaged by pests with chewed edges and green leaves,2,pest_risk,blip_caption
a wilting crop plant with drooping leaves showing brown spots,0,water_stress,blip_caption
a plant leaf with yellowing chlorosis showing the damage of it ' s leaves,1,nutrient_def,blip_caption
a crop leaf with insect damage and feeding holes showing the size of the leaf,2,pest_risk,blip_caption
a diseased plant leaf with fungal spots showing brown spots on the leaves,3,disease_risk,blip_caption
a crop plant with heat damage wilted tips and brown spots on a leaf,4,heat_stress,blip_caption
a plant damaged by pests with chewed edges and green leaves on a purple surface,2,pest_risk,blip_caption
a plant leaf with yellowing chlorosis showing on the surface,1,nutrient_def,blip_caption
an infected crop leaf with blight and lesions and white spots on the leaves,3,disease_risk,blip_caption
a drought stressed plant with dry curling leaves and brown spots,0,water_stress,blip_caption
an infected crop leaf with blight and lesions and brown spots on the leaves,3,disease_risk,blip_caption
a heat stressed plant with scorched brown leaf tips showing red and green leaves,4,heat_stress,blip_caption
a crop leaf with insect damage and feeding holes showing the size of the leaves,2,pest_risk,blip_caption
a wilting crop plant with drooping leaves showing yellow and brown spots,0,water_stress,blip_caption
a wilting crop plant with drooping leaves showing yellow and brown spots,0,water_stress,blip_caption
an infected crop leaf with blight and lesions and brown spots on it,3,disease_risk,blip_caption
a plant leaf with yellowing chlorosis showing the growth of it ' s leaves,1,nutrient_def,blip_caption
a crop plant with heat damage wilted tips and red leaves,4,heat_stress,blip_caption
a wilting crop plant with drooping leaves showing brown spots on the leaf,0,water_stress,blip_caption
a crop leaf with insect damage and feeding holes showing the brown spots on the leaf,2,pest_risk,blip_caption
a drought stressed plant with dry curling leaves and yellow blotch on it,0,water_stress,blip_caption
a plant leaf with yellowing chlorosis showing the growth of the leaves,1,nutrient_def,blip_caption
a plant damaged by pests with chewed edges and green leaves,2,pest_risk,blip_caption
a pale discoloured leaf with nutrient deficiency and mildness on it,1,nutrient_def,blip_caption
a heat stressed plant with scorched brown leaf tips showing red and green spots,4,heat_stress,blip_caption
a crop plant with heat damage wilted tips and brown spots on a leaf,4,heat_stress,blip_caption
a heat stressed plant with scorched brown leaf tips showing red and green leaves,4,heat_stress,blip_caption
a plant leaf with yellowing chlorosis showing brown spots on the leaves,1,nutrient_def,blip_caption
a diseased plant leaf with fungal spots showing signs of growth,3,disease_risk,blip_caption
a heat stressed plant with scorched brown leaf tips showing red and black spots,4,heat_stress,blip_caption
a plant damaged by pests with chewed edges and green leaves,2,pest_risk,blip_caption
a pale discoloured leaf with nutrient deficiency and bloating,1,nutrient_def,blip_caption
a crop plant with heat damage wilted tips and green leaves,4,heat_stress,blip_caption
a drought stressed plant with dry curling leaves and brown spots,0,water_stress,blip_caption
a crop leaf with insect damage and feeding holes showing on the surface of the ground,2,pest_risk,blip_caption
a wilting crop plant with drooping leaves showing yellow and brown spots,0,water_stress,blip_caption
a pale discoloured leaf with nutrient deficiency and green pigment on it,1,nutrient_def,blip_caption
a heat stressed plant with scorched brown leaf tips showing red and yellow spots,4,heat_stress,blip_caption
a heat stressed plant with scorched brown leaf tips showing red and black spots,4,heat_stress,blip_caption
a wilting crop plant with drooping leaves showing brown spots,0,water_stress,blip_caption
a plant leaf with yellowing chlorosis showing green leaves,1,nutrient_def,blip_caption
an infected crop leaf with blight and lesions and brown spots on it,3,disease_risk,blip_caption
a heat stressed plant with scorched brown leaf tips showing rust and blotch,4,heat_stress,blip_caption
a pale discoloured leaf with nutrient deficiency and bloating,1,nutrient_def,blip_caption
a wilting crop plant with drooping leaves showing brown spots,0,water_stress,blip_caption
a pale discoloured leaf with nutrient deficiency and blemching,1,nutrient_def,blip_caption
an infected crop leaf with blight and lesions and brown spots on the leaves,3,disease_risk,blip_caption
a drought stressed plant with dry curling leaves and brown spots on the leaves,0,water_stress,blip_caption
a pale discoloured leaf with nutrient deficiency and blemching,1,nutrient_def,blip_caption
a plant leaf with yellowing chlorosis showing it ' s green color,1,nutrient_def,blip_caption
a heat stressed plant with scorched brown leaf tips showing red and green leaves,4,heat_stress,blip_caption
a drought stressed plant with dry curling leaves and brown spots,0,water_stress,blip_caption
a heat stressed plant with scorched brown leaf tips showing red and green leaves,4,heat_stress,blip_caption
a crop leaf with insect damage and feeding holes showing on the surface of the ground,2,pest_risk,blip_caption
a plant damaged by pests with chewed edges and green leaves,2,pest_risk,blip_caption
a diseased plant leaf with fungal spots showing the presence of pollen on the leaves,3,disease_risk,blip_caption
a pale discoloured leaf with nutrient deficiency and mildness,1,nutrient_def,blip_caption
a plant damaged by pests with chewed edges and green leaves,2,pest_risk,blip_caption
a heat stressed plant with scorched brown leaf tips showing red and green leaves,4,heat_stress,blip_caption
a drought stressed plant with dry curling leaves and wilt on it,0,water_stress,blip_caption
a crop leaf with insect damage and feeding holes showing the size of the leaves,2,pest_risk,blip_caption
a plant leaf with yellowing chlorosis showing the growth of it ' s leaves,1,nutrient_def,blip_caption
a pale discoloured leaf with nutrient deficiency and mildness,1,nutrient_def,blip_caption
a crop plant with heat damage wilted tips and green leaves,4,heat_stress,blip_caption
a pale discoloured leaf with nutrient deficiency and green pigment,1,nutrient_def,blip_caption
a wilting crop plant with drooping leaves showing brown spots,0,water_stress,blip_caption
a drought stressed plant with dry curling leaves and brown spots on it,0,water_stress,blip_caption
a diseased plant leaf with fungal spots showing signs of blemching,3,disease_risk,blip_caption
a plant damaged by pests with chewed edges and green leaves on a pink surface,2,pest_risk,blip_caption
a wilting crop plant with drooping leaves showing yellow and green,0,water_stress,blip_caption
an infected crop leaf with blight and lesions and brown spots on the leaves,3,disease_risk,blip_caption
a drought stressed plant with dry curling leaves and brown spots on it,0,water_stress,blip_caption
a wilting crop plant with drooping leaves showing brown spots,0,water_stress,blip_caption
a wilting crop plant with drooping leaves showing brown spots,0,water_stress,blip_caption
an infected crop leaf with blight and lesions and brown spots on the leaves,3,disease_risk,blip_caption
a heat stressed plant with scorched brown leaf tips showing rust on the leaves,4,heat_stress,blip_caption
a heat stressed plant with scorched brown leaf tips showing signs of blemching,4,heat_stress,blip_caption
a crop leaf with insect damage and feeding holes showing the size of the leaf,2,pest_risk,blip_caption
a crop plant with heat damage wilted tips and brown spots on a leaf,4,heat_stress,blip_caption
a crop leaf with insect damage and feeding holes showing the brown spots on the leaves,2,pest_risk,blip_caption
a pale discoloured leaf with nutrient deficiency and bloating,1,nutrient_def,blip_caption
a heat stressed plant with scorched brown leaf tips showing rust on the leaves,4,heat_stress,blip_caption
a drought stressed plant with dry curling leaves and brown spots,0,water_stress,blip_caption
a plant leaf with yellowing chlorosis showing the structure of it ' s leaves,1,nutrient_def,blip_caption
a drought stressed plant with dry curling leaves and brown spots,0,water_stress,blip_caption
a heat stressed plant with scorched brown leaf tips showing red and yellow spots,4,heat_stress,blip_caption
a crop leaf with insect damage and feeding holes showing the size of the leaf,2,pest_risk,blip_caption
a diseased plant leaf with fungal spots showing brown spots on the leaves,3,disease_risk,blip_caption
a pale discoloured leaf with nutrient deficiency and blemching,1,nutrient_def,blip_caption
an infected crop leaf with blight and lesions and brown spots on it,3,disease_risk,blip_caption
a heat stressed plant with scorched brown leaf tips showing black spots on the leaves,4,heat_stress,blip_caption
a diseased plant leaf with fungal spots showing the damage of it ' s leaves,3,disease_risk,blip_caption
a crop leaf with insect damage and feeding holes showing the growth of the leaves,2,pest_risk,blip_caption
a crop plant with heat damage wilted tips and brown spots on a leaf,4,heat_stress,blip_caption
a drought stressed plant with dry curling leaves and a black background,0,water_stress,blip_caption
a pale discoloured leaf with nutrient deficiency and green veins,1,nutrient_def,blip_caption
an infected crop leaf with blight and lesions and brown spots on the leaves,3,disease_risk,blip_caption
a crop plant with heat damage wilted tips and brown spots on a leaf,4,heat_stress,blip_caption
a plant damaged by pests with chewed edges and green leaves,2,pest_risk,blip_caption
a diseased plant leaf with fungal spots showing the damage of it ' s leaves,3,disease_risk,blip_caption
a crop leaf with insect damage and feeding holes showing the growth of the leaves,2,pest_risk,blip_caption
a diseased plant leaf with fungal spots showing brown and green leaves,3,disease_risk,blip_caption
an infected crop leaf with blight and lesions and brown spots on it,3,disease_risk,blip_caption
an infected crop leaf with blight and lesions and brown spots on the leaves,3,disease_risk,blip_caption
a drought stressed plant with dry curling leaves and brown spots,0,water_stress,blip_caption
a crop leaf with insect damage and feeding holes showing the brown spots on the leaves,2,pest_risk,blip_caption
a plant damaged by pests with chewed edges and green leaves,2,pest_risk,blip_caption
a pale discoloured leaf with nutrient deficiency and blemching on it,1,nutrient_def,blip_caption
a plant leaf with yellowing chlorosis showing on it,1,nutrient_def,blip_caption
a drought stressed plant with dry curling leaves and brown spots,0,water_stress,blip_caption
a drought stressed plant with dry curling leaves and brown spots on the underside of the leaf,0,water_stress,blip_caption
a drought stressed plant with dry curling leaves and brown spots on it,0,water_stress,blip_caption
a diseased plant leaf with fungal spots showing yellow and green leaves,3,disease_risk,blip_caption
a plant leaf with yellowing chlorosis showing brown spots,1,nutrient_def,blip_caption
a plant damaged by pests with chewed edges and green leaves,2,pest_risk,blip_caption
a heat stressed plant with scorched brown leaf tips showing signs of mildness,4,heat_stress,blip_caption
a crop leaf with insect damage and feeding holes showing the growth of the leaves,2,pest_risk,blip_caption
a diseased plant leaf with fungal spots showing signs of blemching,3,disease_risk,blip_caption
a wilting crop plant with drooping leaves showing brown spots,0,water_stress,blip_caption
a plant damaged by pests with chewed edges and green leaves,2,pest_risk,blip_caption
an infected crop leaf with blight and lesions and a shadow on the ground,3,disease_risk,blip_caption
an infected crop leaf with blight and lesions and brown spots,3,disease_risk,blip_caption
a plant leaf with yellowing chlorosis showing green leaves,1,nutrient_def,blip_caption
a heat stressed plant with scorched brown leaf tips showing red and green spots,4,heat_stress,blip_caption
a diseased plant leaf with fungal spots showing signs of blemching,3,disease_risk,blip_caption
a plant damaged by pests with chewed edges and green leaves,2,pest_risk,blip_caption
a heat stressed plant with scorched brown leaf tips showing red and green spots,4,heat_stress,blip_caption
a crop plant with heat damage wilted tips and brown spots on a leaf,4,heat_stress,blip_caption
a plant damaged by pests with chewed edges and green leaves,2,pest_risk,blip_caption
a plant damaged by pests with chewed edges and green leaves,2,pest_risk,blip_caption
a wilting crop plant with drooping leaves showing brown spots,0,water_stress,blip_caption
a crop plant with heat damage wilted tips and brown spots on a leaf,4,heat_stress,blip_caption
a pale discoloured leaf with nutrient deficiency and blemching,1,nutrient_def,blip_caption
a plant damaged by pests with chewed edges and green leaves,2,pest_risk,blip_caption
a wilting crop plant with drooping leaves showing brown spots,0,water_stress,blip_caption
a plant leaf with yellowing chlorosis showing the brown spots on it,1,nutrient_def,blip_caption
a pale discoloured leaf with nutrient deficiency and green leaves,1,nutrient_def,blip_caption
a drought stressed plant with dry curling leaves and brown spots,0,water_stress,blip_caption
a heat stressed plant with scorched brown leaf tips showing red and green spots,4,heat_stress,blip_caption
a drought stressed plant with dry curling leaves and brown spots on it,0,water_stress,blip_caption
an infected crop leaf with blight and lesions and a black background,3,disease_risk,blip_caption
a pale discoloured leaf with nutrient deficiency and mildness,1,nutrient_def,blip_caption
a diseased plant leaf with fungal spots showing signs of wilt,3,disease_risk,blip_caption
a wilting crop plant with drooping leaves showing the shape of a woman ' s torso,0,water_stress,blip_caption
a diseased plant leaf with fungal spots showing brown spots on the leaves,3,disease_risk,blip_caption
a heat stressed plant with scorched brown leaf tips showing brown spots on the leaves,4,heat_stress,blip_caption
a diseased plant leaf with fungal spots showing brown spots on the leaves,3,disease_risk,blip_caption
a pale discoloured leaf with nutrient deficiency and green pigment,1,nutrient_def,blip_caption
a heat stressed plant with scorched brown leaf tips showing brown spots on the leaves,4,heat_stress,blip_caption
a pale discoloured leaf with nutrient deficiency and green veins,1,nutrient_def,blip_caption
a heat stressed plant with scorched brown leaf tips showing red and green leaves,4,heat_stress,blip_caption
a heat stressed plant with scorched brown leaf tips showing black spots,4,heat_stress,blip_caption
a heat stressed plant with scorched brown leaf tips showing red and yellow spots,4,heat_stress,blip_caption
a plant damaged by pests with chewed edges and green leaves,2,pest_risk,blip_caption
a drought stressed plant with dry curling leaves and brown spots,0,water_stress,blip_caption
a plant leaf with yellowing chlorosis showing on the surface,1,nutrient_def,blip_caption
a plant damaged by pests with chewed edges and green leaves,2,pest_risk,blip_caption
an infected crop leaf with blight and lesions and white spots on the leaves,3,disease_risk,blip_caption
a crop plant with heat damage wilted tips and brown spots on a leaf,4,heat_stress,blip_caption
a crop leaf with insect damage and feeding holes showing the brown spots on the leaf,2,pest_risk,blip_caption
a pale discoloured leaf with nutrient deficiency and green veins,1,nutrient_def,blip_caption
a plant leaf with yellowing chlorosis showing the brown spots,1,nutrient_def,blip_caption
a crop plant with heat damage wilted tips and brown spots on a leaf,4,heat_stress,blip_caption
a plant damaged by pests with chewed edges and brown spots on the leaves,2,pest_risk,blip_caption
a wilting crop plant with drooping leaves showing the damage of it ' s leaves,0,water_stress,blip_caption
a wilting crop plant with drooping leaves showing brown and yellow spots,0,water_stress,blip_caption
a diseased plant leaf with fungal spots showing green and yellow,3,disease_risk,blip_caption
a heat stressed plant with scorched brown leaf tips showing red and green spots,4,heat_stress,blip_caption
a pale discoloured leaf with nutrient deficiency and mildness,1,nutrient_def,blip_caption
a crop plant with heat damage wilted tips and brown spots on a leaf,4,heat_stress,blip_caption
an infected crop leaf with blight and lesions and brown spots on it,3,disease_risk,blip_caption
a crop leaf with insect damage and feeding holes showing the growth of the leaves,2,pest_risk,blip_caption
a wilting crop plant with drooping leaves showing brown spots,0,water_stress,blip_caption
a heat stressed plant with scorched brown leaf tips showing brown spots on the leaves,4,heat_stress,blip_caption
a crop plant with heat damage wilted tips and brown spots on a leaf,4,heat_stress,blip_caption
a crop leaf with insect damage and feeding holes showing the growth of the leaves,2,pest_risk,blip_caption
a plant leaf with yellowing chlorosis showing the growth of it ' s leaves,1,nutrient_def,blip_caption
a crop plant with heat damage wilted tips and brown spots on a leaf,4,heat_stress,blip_caption
a diseased plant leaf with fungal spots showing green and yellow,3,disease_risk,blip_caption
a plant damaged by pests with chewed edges and green leaves on a gray surface,2,pest_risk,blip_caption
a pale discoloured leaf with nutrient deficiency and mildness,1,nutrient_def,blip_caption
a wilting crop plant with drooping leaves showing brown and green spots,0,water_stress,blip_caption
an infected crop leaf with blight and lesions and brown spots on the leaves,3,disease_risk,blip_caption
a diseased plant leaf with fungal spots showing signs of bloating,3,disease_risk,blip_caption
a drought stressed plant with dry curling leaves and brown spots on it,0,water_stress,blip_caption
a crop plant with heat damage wilted tips and brown spots,4,heat_stress,blip_caption
a plant leaf with yellowing chlorosis showing on it,1,nutrient_def,blip_caption
a diseased plant leaf with fungal spots showing brown spots on the leaves,3,disease_risk,blip_caption
a plant damaged by pests with chewed edges and green leaves,2,pest_risk,blip_caption
a pale discoloured leaf with nutrient deficiency and green color,1,nutrient_def,blip_caption
a crop leaf with insect damage and feeding holes showing the growth of the leaves,2,pest_risk,blip_caption
a diseased plant leaf with fungal spots showing brown spots on it,3,disease_risk,blip_caption
a crop plant with heat damage wilted tips and brown spots on a leaf,4,heat_stress,blip_caption
a pale discoloured leaf with nutrient deficiency and blemching,1,nutrient_def,blip_caption
a plant damaged by pests with chewed edges and green leaves on a pink surface,2,pest_risk,blip_caption
a plant leaf with yellowing chlorosis showing brown spots,1,nutrient_def,blip_caption
a pale discoloured leaf with nutrient deficiency and blemching,1,nutrient_def,blip_caption
a heat stressed plant with scorched brown leaf tips showing red and green spots,4,heat_stress,blip_caption
a crop leaf with insect damage and feeding holes showing the growth of the leaves,2,pest_risk,blip_caption
a plant damaged by pests with chewed edges and green leaves,2,pest_risk,blip_caption
a drought stressed plant with dry curling leaves and wilt on it,0,water_stress,blip_caption
a wilting crop plant with drooping leaves showing brown spots,0,water_stress,blip_caption
a pale discoloured leaf with nutrient deficiency and blemching on it,1,nutrient_def,blip_caption
a pale discoloured leaf with nutrient deficiency and mildness,1,nutrient_def,blip_caption
a wilting crop plant with drooping leaves showing brown spots,0,water_stress,blip_caption
a plant leaf with yellowing chlorosis showing on the surface,1,nutrient_def,blip_caption
a pale discoloured leaf with nutrient deficiency and bloating,1,nutrient_def,blip_caption
an infected crop leaf with blight and lesions and brown spots on the leaves,3,disease_risk,blip_caption
a diseased plant leaf with fungal spots showing the damage of it ' s leaves,3,disease_risk,blip_caption
a crop plant with heat damage wilted tips and brown spots on a leaf,4,heat_stress,blip_caption
a crop plant with heat damage wilted tips and brown spots on a leaf,4,heat_stress,blip_caption
a drought stressed plant with dry curling leaves and brown spots,0,water_stress,blip_caption
an infected crop leaf with blight and lesions and brown spots,3,disease_risk,blip_caption
a wilting crop plant with drooping leaves showing brown spots,0,water_stress,blip_caption
a diseased plant leaf with fungal spots showing signs of blight,3,disease_risk,blip_caption
a wilting crop plant with drooping leaves showing brown spots on the leaf,0,water_stress,blip_caption
a pale discoloured leaf with nutrient deficiency and mildness on it,1,nutrient_def,blip_caption
a drought stressed plant with dry curling leaves and brown spots,0,water_stress,blip_caption
a pale discoloured leaf with nutrient deficiency and mildness on it,1,nutrient_def,blip_caption
a heat stressed plant with scorched brown leaf tips showing brown spots on the leaves,4,heat_stress,blip_caption
a plant damaged by pests with chewed edges and green leaves,2,pest_risk,blip_caption
a heat stressed plant with scorched brown leaf tips showing mildness,4,heat_stress,blip_caption
an infected crop leaf with blight and lesions and brown spots on the leaves,3,disease_risk,blip_caption
a crop leaf with insect damage and feeding holes showing on the underside of the leaf,2,pest_risk,blip_caption
a crop plant with heat damage wilted tips and brown spots,4,heat_stress,blip_caption
a crop plant with heat damage wilted tips and green leaves,4,heat_stress,blip_caption
a drought stressed plant with dry curling leaves and brown spots on the leaves,0,water_stress,blip_caption
a wilting crop plant with drooping leaves showing brown spots,0,water_stress,blip_caption
a plant leaf with yellowing chlorosis showing on it ' s surface,1,nutrient_def,blip_caption
a plant damaged by pests with chewed edges and brown spots on the leaves,2,pest_risk,blip_caption
a pale discoloured leaf with nutrient deficiency and mildness,1,nutrient_def,blip_caption
an infected crop leaf with blight and lesions and brown spots on it,3,disease_risk,blip_caption
a heat stressed plant with scorched brown leaf tips showing red and green leaves,4,heat_stress,blip_caption
a crop plant with heat damage wilted tips and brown spots on a leaf,4,heat_stress,blip_caption
a crop plant with heat damage wilted tips and green leaves,4,heat_stress,blip_caption
an infected crop leaf with blight and lesions and a brown spot on the leaf,3,disease_risk,blip_caption
a drought stressed plant with dry curling leaves and brown spots on it,0,water_stress,blip_caption
a heat stressed plant with scorched brown leaf tips showing red and green spots,4,heat_stress,blip_caption
a crop leaf with insect damage and feeding holes showing the growth of the leaves,2,pest_risk,blip_caption
a diseased plant leaf with fungal spots showing brown spots on the leaves,3,disease_risk,blip_caption
a diseased plant leaf with fungal spots showing signs of blemching,3,disease_risk,blip_caption
a wilting crop plant with drooping leaves showing brown spots on the leaves,0,water_stress,blip_caption
a plant leaf with yellowing chlorosis showing green leaves,1,nutrient_def,blip_caption
a crop plant with heat damage wilted tips and brown spots,4,heat_stress,blip_caption
a crop leaf with insect damage and feeding holes showing the size of the leaves,2,pest_risk,blip_caption
a plant damaged by pests with chewed edges and green leaves,2,pest_risk,blip_caption
a diseased plant leaf with fungal spots showing brown spots on it,3,disease_risk,blip_caption
a pale discoloured leaf with nutrient deficiency and mildness,1,nutrient_def,blip_caption
a wilting crop plant with drooping leaves showing brown spots,0,water_stress,blip_caption
a diseased plant leaf with fungal spots showing signs of infection,3,disease_risk,blip_caption
a crop leaf with insect damage and feeding holes showing the size of the leaf,2,pest_risk,blip_caption
a wilting crop plant with drooping leaves showing brown spots,0,water_stress,blip_caption
a crop leaf with insect damage and feeding holes showing on the surface of the ground,2,pest_risk,blip_caption
a diseased plant leaf with fungal spots showing signs of blemching,3,disease_risk,blip_caption
a drought stressed plant with dry curling leaves and brown spots,0,water_stress,blip_caption
a pale discoloured leaf with nutrient deficiency and green pigment,1,nutrient_def,blip_caption
a diseased plant leaf with fungal spots showing the growth of the leaves,3,disease_risk,blip_caption
a plant leaf with yellowing chlorosis showing on the surface,1,nutrient_def,blip_caption
a drought stressed plant with dry curling leaves and brown spots on it,0,water_stress,blip_caption
an infected crop leaf with blight and lesions and wilt on it,3,disease_risk,blip_caption
a plant leaf with yellowing chlorosis showing the structure of the leaf,1,nutrient_def,blip_caption
a crop plant with heat damage wilted tips and green leaves,4,heat_stress,blip_caption
a wilting crop plant with drooping leaves showing yellow and brown markings,0,water_stress,blip_caption
a plant damaged by pests with chewed edges and green leaves,2,pest_risk,blip_caption
a crop leaf with insect damage and feeding holes showing on the surface,2,pest_risk,blip_caption
a wilting crop plant with drooping leaves showing brown spots,0,water_stress,blip_caption
a pale discoloured leaf with nutrient deficiency and green veins,1,nutrient_def,blip_caption
a wilting crop plant with drooping leaves showing the brown spot on the leaf,0,water_stress,blip_caption
a drought stressed plant with dry curling leaves and brown spots on the leaves,0,water_stress,blip_caption
a wilting crop plant with drooping leaves showing brown spots on the leaves,0,water_stress,blip_caption
a pale discoloured leaf with nutrient deficiency and blemching,1,nutrient_def,blip_caption
a plant damaged by pests with chewed edges and brown spots on a leaf,2,pest_risk,blip_caption
a wilting crop plant with drooping leaves showing brown spots,0,water_stress,blip_caption
a plant damaged by pests with chewed edges and green leaves on a gray surface,2,pest_risk,blip_caption
a plant leaf with yellowing chlorosis showing on it ' s surface,1,nutrient_def,blip_caption
a drought stressed plant with dry curling leaves and brown spots on it,0,water_stress,blip_caption
an infected crop leaf with blight and lesions and brown spots,3,disease_risk,blip_caption
a diseased plant leaf with fungal spots showing signs of blemching,3,disease_risk,blip_caption
a wilting crop plant with drooping leaves showing yellow and brown spots,0,water_stress,blip_caption
a heat stressed plant with scorched brown leaf tips showing red and green spots,4,heat_stress,blip_caption
a crop plant with heat damage wilted tips and green leaves,4,heat_stress,blip_caption
a crop leaf with insect damage and feeding holes showing the size of the leaves,2,pest_risk,blip_caption
a plant leaf with yellowing chlorosis showing on it,1,nutrient_def,blip_caption
an infected crop leaf with blight and lesions and brown spots,3,disease_risk,blip_caption
a drought stressed plant with dry curling leaves and brown spots on the underside of the leaf,0,water_stress,blip_caption
a crop plant with heat damage wilted tips and brown spots on a leaf,4,heat_stress,blip_caption
a heat stressed plant with scorched brown leaf tips showing brown spots on the leaves,4,heat_stress,blip_caption
a diseased plant leaf with fungal spots showing signs of blemching,3,disease_risk,blip_caption
a wilting crop plant with drooping leaves showing brown spots,0,water_stress,blip_caption
a crop plant with heat damage wilted tips and brown spots on a leaf,4,heat_stress,blip_caption
a pale discoloured leaf with nutrient deficiency and green veins,1,nutrient_def,blip_caption
a drought stressed plant with dry curling leaves and wilt on it,0,water_stress,blip_caption
a plant damaged by pests with chewed edges and green leaves,2,pest_risk,blip_caption
a plant leaf with yellowing chlorosis showing the green leaves,1,nutrient_def,blip_caption
a diseased plant leaf with fungal spots showing the damage of it ' s leaves,3,disease_risk,blip_caption
a plant leaf with yellowing chlorosis showing the growth of it ' s leaves,1,nutrient_def,blip_caption
a plant leaf with yellowing chlorosis showing the brown spots on it,1,nutrient_def,blip_caption
a plant leaf with yellowing chlorosis showing the structure of the leaves,1,nutrient_def,blip_caption
a drought stressed plant with dry curling leaves and rust on it,0,water_stress,blip_caption
a diseased plant leaf with fungal spots showing brown and green leaves,3,disease_risk,blip_caption
a crop plant with heat damage wilted tips and brown spots,4,heat_stress,blip_caption
a plant damaged by pests with chewed edges and green leaves,2,pest_risk,blip_caption
a wilting crop plant with drooping leaves showing brown spots,0,water_stress,blip_caption
a drought stressed plant with dry curling leaves and brown spots on the underside of the leaf,0,water_stress,blip_caption
a wilting crop plant with drooping leaves showing yellow and black spots,0,water_stress,blip_caption
a plant damaged by pests with chewed edges and green leaves,2,pest_risk,blip_caption
a plant damaged by pests with chewed edges and green leaves,2,pest_risk,blip_caption
a pale discoloured leaf with nutrient deficiency and blemching,1,nutrient_def,blip_caption
a drought stressed plant with dry curling leaves and brown spots on it,0,water_stress,blip_caption
a plant damaged by pests with chewed edges and green leaves,2,pest_risk,blip_caption
a plant damaged by pests with chewed edges and moldy leaves,2,pest_risk,blip_caption
a plant damaged by pests with chewed edges and green leaves,2,pest_risk,blip_caption
a crop plant with heat damage wilted tips and brown spots,4,heat_stress,blip_caption
a crop leaf with insect damage and feeding holes showing the growth of the leaves,2,pest_risk,blip_caption
a plant damaged by pests with chewed edges and green leaves,2,pest_risk,blip_caption
an infected crop leaf with blight and lesions and frost on it,3,disease_risk,blip_caption
a wilting crop plant with drooping leaves showing the brown spot on the leaf,0,water_stress,blip_caption
a drought stressed plant with dry curling leaves and brown spots on it,0,water_stress,blip_caption
a crop leaf with insect damage and feeding holes showing on the underside of the leaf,2,pest_risk,blip_caption
a wilting crop plant with drooping leaves showing brown and yellow spots,0,water_stress,blip_caption
a pale discoloured leaf with nutrient deficiency and bloating,1,nutrient_def,blip_caption
a heat stressed plant with scorched brown leaf tips showing signs of mildness,4,heat_stress,blip_caption
a drought stressed plant with dry curling leaves and brown spots on the leaves,0,water_stress,blip_caption
a heat stressed plant with scorched brown leaf tips showing black spots,4,heat_stress,blip_caption
a wilting crop plant with drooping leaves showing yellow and brown spots,0,water_stress,blip_caption
a diseased plant leaf with fungal spots showing signs of blemching,3,disease_risk,blip_caption
a heat stressed plant with scorched brown leaf tips showing rust and blotch,4,heat_stress,blip_caption
a plant damaged by pests with chewed edges and green leaves,2,pest_risk,blip_caption
a drought stressed plant with dry curling leaves and brown spots on it,0,water_stress,blip_caption
a wilting crop plant with drooping leaves showing brown spots,0,water_stress,blip_caption
a diseased plant leaf with fungal spots showing the growth of the leaves,3,disease_risk,blip_caption
a drought stressed plant with dry curling leaves and brown blotch on it,0,water_stress,blip_caption
a pale discoloured leaf with nutrient deficiency and mildness on lettuce,1,nutrient_def,blip_caption
a plant damaged by pests with chewed edges and brown spots on the leaves,2,pest_risk,blip_caption
a pale discoloured leaf with nutrient deficiency and blemching,1,nutrient_def,blip_caption
a heat stressed plant with scorched brown leaf tips showing red and green leaves,4,heat_stress,blip_caption
a drought stressed plant with dry curling leaves and water droplets on it,0,water_stress,blip_caption
a crop leaf with insect damage and feeding holes showing the growth of the leaves,2,pest_risk,blip_caption
a diseased plant leaf with fungal spots showing green and brown,3,disease_risk,blip_caption
a crop plant with heat damage wilted tips and brown spots on a leaf,4,heat_stress,blip_caption
a crop leaf with insect damage and feeding holes showing the growth of the leaves,2,pest_risk,blip_caption
a plant damaged by pests with chewed edges and brown spots on a leaf,2,pest_risk,blip_caption
a plant leaf with yellowing chlorosis showing the structure of the leaves,1,nutrient_def,blip_caption
a wilting crop plant with drooping leaves showing brown spots,0,water_stress,blip_caption
a plant damaged by pests with chewed edges and brown spots on a leaf,2,pest_risk,blip_caption
a crop plant with heat damage wilted tips and brown spots,4,heat_stress,blip_caption
a heat stressed plant with scorched brown leaf tips showing red and black spots,4,heat_stress,blip_caption
a pale discoloured leaf with nutrient deficiency and blemching,1,nutrient_def,blip_caption
a pale discoloured leaf with nutrient deficiency and blemching,1,nutrient_def,blip_caption
a diseased plant leaf with fungal spots showing brown spots on the leaves,3,disease_risk,blip_caption
a wilting crop plant with drooping leaves showing brown spots,0,water_stress,blip_caption
a wilting crop plant with drooping leaves showing signs of blemching,0,water_stress,blip_caption
a crop plant with heat damage wilted tips and a person holding a leaf,4,heat_stress,blip_caption
a wilting crop plant with drooping leaves showing brown spots on the leaves,0,water_stress,blip_caption
a plant leaf with yellowing chlorosis showing the brown spots on it,1,nutrient_def,blip_caption
a crop plant with heat damage wilted tips and brown spots,4,heat_stress,blip_caption
a drought stressed plant with dry curling leaves and brown spots,0,water_stress,blip_caption
a plant leaf with yellowing chlorosis showing the end of the leaf,1,nutrient_def,blip_caption
an infected crop leaf with blight and lesions and brown spots on the leaves,3,disease_risk,blip_caption
an infected crop leaf with blight and lesions and brown spots,3,disease_risk,blip_caption
an infected crop leaf with blight and lesions and brown spots,3,disease_risk,blip_caption
a plant damaged by pests with chewed edges and green leaves,2,pest_risk,blip_caption
an infected crop leaf with blight and lesions and brown spots on it,3,disease_risk,blip_caption
a crop plant with heat damage wilted tips and brown spots on a leaf,4,heat_stress,blip_caption
a crop leaf with insect damage and feeding holes showing on the underside of the leaf,2,pest_risk,blip_caption
a pale discoloured leaf with nutrient deficiency and mildness,1,nutrient_def,blip_caption
an infected crop leaf with blight and lesions and brown spots,3,disease_risk,blip_caption
a plant leaf with yellowing chlorosis showing on the surface,1,nutrient_def,blip_caption
a crop leaf with insect damage and feeding holes showing the brown spots on the leaves,2,pest_risk,blip_caption
a plant leaf with yellowing chlorosis showing the green color,1,nutrient_def,blip_caption
a plant leaf with yellowing chlorosis showing on the ground,1,nutrient_def,blip_caption
a wilting crop plant with drooping leaves showing signs of blight,0,water_stress,blip_caption
a wilting crop plant with drooping leaves showing yellow and brown spots,0,water_stress,blip_caption
a plant damaged by pests with chewed edges and green leaves,2,pest_risk,blip_caption
a diseased plant leaf with fungal spots showing signs of cold weather,3,disease_risk,blip_caption
a plant leaf with yellowing chlorosis showing on the stem,1,nutrient_def,blip_caption
a plant leaf with yellowing chlorosis showing the green color of the leaves,1,nutrient_def,blip_caption
a crop leaf with insect damage and feeding holes showing the size of the leaf,2,pest_risk,blip_caption
a plant leaf with yellowing chlorosis showing on the surface,1,nutrient_def,blip_caption
a pale discoloured leaf with nutrient deficiency and wilt on it,1,nutrient_def,blip_caption
a pale discoloured leaf with nutrient deficiency and blemching,1,nutrient_def,blip_caption
a drought stressed plant with dry curling leaves and brown spots,0,water_stress,blip_caption
a plant leaf with yellowing chlorosis showing the brown spots on it,1,nutrient_def,blip_caption
a plant leaf with yellowing chlorosis showing the structure of the leaves,1,nutrient_def,blip_caption
an infected crop leaf with blight and lesions and brown spots on it,3,disease_risk,blip_caption
a crop leaf with insect damage and feeding holes showing the size of the leaf,2,pest_risk,blip_caption
a plant damaged by pests with chewed edges and green leaves,2,pest_risk,blip_caption
a pale discoloured leaf with nutrient deficiency and blemching,1,nutrient_def,blip_caption
a wilting crop plant with drooping leaves showing the growth of the leaves,0,water_stress,blip_caption
a diseased plant leaf with fungal spots showing brown spots on the leaves,3,disease_risk,blip_caption
a pale discoloured leaf with nutrient deficiency and blemching,1,nutrient_def,blip_caption
a plant leaf with yellowing chlorosis showing the damage of it ' s leaves,1,nutrient_def,blip_caption
a wilting crop plant with drooping leaves showing brown spots,0,water_stress,blip_caption
a pale discoloured leaf with nutrient deficiency and mildness on it,1,nutrient_def,blip_caption
a pale discoloured leaf with nutrient deficiency and bloating,1,nutrient_def,blip_caption
a pale discoloured leaf with nutrient deficiency and green veining,1,nutrient_def,blip_caption
a pale discoloured leaf with nutrient deficiency and mildness on it,1,nutrient_def,blip_caption
a plant damaged by pests with chewed edges and green leaves,2,pest_risk,blip_caption
a diseased plant leaf with fungal spots showing the damage of it ' s leaves,3,disease_risk,blip_caption
a plant damaged by pests with chewed edges and green leaves,2,pest_risk,blip_caption
a pale discoloured leaf with nutrient deficiency and mildness,1,nutrient_def,blip_caption
a wilting crop plant with drooping leaves showing brown spots,0,water_stress,blip_caption
a heat stressed plant with scorched brown leaf tips showing red and green spots,4,heat_stress,blip_caption
a wilting crop plant with drooping leaves showing brown spots,0,water_stress,blip_caption
a plant leaf with yellowing chlorosis showing on the surface,1,nutrient_def,blip_caption
"a heat stressed plant with scorched brown leaf tips showing red, yellow and green leaves",4,heat_stress,blip_caption
a wilting crop plant with drooping leaves showing brown spots,0,water_stress,blip_caption
a plant damaged by pests with chewed edges and green leaves,2,pest_risk,blip_caption
a pale discoloured leaf with nutrient deficiency and blemching,1,nutrient_def,blip_caption
a pale discoloured leaf with nutrient deficiency and mildness,1,nutrient_def,blip_caption
a pale discoloured leaf with nutrient deficiency and green pigment on it,1,nutrient_def,blip_caption
a pale discoloured leaf with nutrient deficiency and mildness,1,nutrient_def,blip_caption
a wilting crop plant with drooping leaves showing brown spots,0,water_stress,blip_caption
a heat stressed plant with scorched brown leaf tips showing red and green leaves,4,heat_stress,blip_caption
a heat stressed plant with scorched brown leaf tips showing red and green spots,4,heat_stress,blip_caption
a wilting crop plant with drooping leaves showing a hole in the center of the leaf,0,water_stress,blip_caption
a wilting crop plant with drooping leaves showing brown spots,0,water_stress,blip_caption
an infected crop leaf with blight and lesions and brown spots on it,3,disease_risk,blip_caption
a plant damaged by pests with chewed edges and green leaves on a gray surface,2,pest_risk,blip_caption
a heat stressed plant with scorched brown leaf tips showing brown spots on the leaves,4,heat_stress,blip_caption
a wilting crop plant with drooping leaves showing brown spots,0,water_stress,blip_caption
a diseased plant leaf with fungal spots showing signs of insect damage,3,disease_risk,blip_caption
a crop leaf with insect damage and feeding holes showing the growth of the leaves,2,pest_risk,blip_caption
a pale discoloured leaf with nutrient deficiency and mildness,1,nutrient_def,blip_caption
a diseased plant leaf with fungal spots showing brown spots on the leaves,3,disease_risk,blip_caption
a wilting crop plant with drooping leaves showing growth,0,water_stress,blip_caption
a heat stressed plant with scorched brown leaf tips showing red and green spots,4,heat_stress,blip_caption
a heat stressed plant with scorched brown leaf tips showing red and green spots,4,heat_stress,blip_caption
a crop plant with heat damage wilted tips and green leaves,4,heat_stress,blip_caption
a pale discoloured leaf with nutrient deficiency and mildness on the leaves,1,nutrient_def,blip_caption
a crop plant with heat damage wilted tips and brown spots on a leaf,4,heat_stress,blip_caption
a diseased plant leaf with fungal spots showing the growth of the leaves,3,disease_risk,blip_caption
a drought stressed plant with dry curling leaves and brown spots on the leaves,0,water_stress,blip_caption
a plant damaged by pests with chewed edges and green leaves,2,pest_risk,blip_caption
an infected crop leaf with blight and lesions and brown spots on the leaves,3,disease_risk,blip_caption
a crop leaf with insect damage and feeding holes showing the growth of the leaves,2,pest_risk,blip_caption
a plant leaf with yellowing chlorosis showing growth,1,nutrient_def,blip_caption
a plant damaged by pests with chewed edges and green leaves,2,pest_risk,blip_caption
a wilting crop plant with drooping leaves showing brown spots,0,water_stress,blip_caption
a crop plant with heat damage wilted tips and brown spots,4,heat_stress,blip_caption
a plant leaf with yellowing chlorosis showing the brown spots,1,nutrient_def,blip_caption
a plant leaf with yellowing chlorosis showing the growth of it ' s leaves,1,nutrient_def,blip_caption
a pale discoloured leaf with nutrient deficiency and green veins,1,nutrient_def,blip_caption
a diseased plant leaf with fungal spots showing signs of blight,3,disease_risk,blip_caption
a heat stressed plant with scorched brown leaf tips showing red spots,4,heat_stress,blip_caption
a pale discoloured leaf with nutrient deficiency and mildness,1,nutrient_def,blip_caption
a crop plant with heat damage wilted tips and brown spots on a leaf,4,heat_stress,blip_caption
a wilting crop plant with drooping leaves showing brown spots on the leaf,0,water_stress,blip_caption
a pale discoloured leaf with nutrient deficiency and mildness,1,nutrient_def,blip_caption
a pale discoloured leaf with nutrient deficiency and mildness,1,nutrient_def,blip_caption
a heat stressed plant with scorched brown leaf tips showing red spots,4,heat_stress,blip_caption
a pale discoloured leaf with nutrient deficiency and green pigment,1,nutrient_def,blip_caption
a wilting crop plant with drooping leaves showing brown spots on the leaves,0,water_stress,blip_caption
a crop plant with heat damage wilted tips and brown spots,4,heat_stress,blip_caption
a wilting crop plant with drooping leaves showing brown spots,0,water_stress,blip_caption
a plant leaf with yellowing chlorosis showing the growth of it ' s leaves,1,nutrient_def,blip_caption
a plant leaf with yellowing chlorosis showing on it ' s surface,1,nutrient_def,blip_caption
a drought stressed plant with dry curling leaves and brown blotch,0,water_stress,blip_caption
a heat stressed plant with scorched brown leaf tips showing red and brown spots,4,heat_stress,blip_caption
a heat stressed plant with scorched brown leaf tips showing red and green spots,4,heat_stress,blip_caption
a crop leaf with insect damage and feeding holes showing the growth of the leaves,2,pest_risk,blip_caption
an infected crop leaf with blight and lesions and brown spots,3,disease_risk,blip_caption
a drought stressed plant with dry curling leaves and brown spots on it,0,water_stress,blip_caption
a plant leaf with yellowing chlorosis showing the growth of it ' s leaves,1,nutrient_def,blip_caption
a diseased plant leaf with fungal spots showing signs of blemching,3,disease_risk,blip_caption
a crop plant with heat damage wilted tips and brown spots on a leaf,4,heat_stress,blip_caption
a plant leaf with yellowing chlorosis showing the green veins,1,nutrient_def,blip_caption
a pale discoloured leaf with nutrient deficiency and mildness on it,1,nutrient_def,blip_caption
a pale discoloured leaf with nutrient deficiency and mildness,1,nutrient_def,blip_caption
a wilting crop plant with drooping leaves showing brown spots,0,water_stress,blip_caption
a pale discoloured leaf with nutrient deficiency and green pigment on it,1,nutrient_def,blip_caption
a diseased plant leaf with fungal spots showing signs of blemching,3,disease_risk,blip_caption
a heat stressed plant with scorched brown leaf tips showing red and brown spots,4,heat_stress,blip_caption
a diseased plant leaf with fungal spots showing the damage of the leaves,3,disease_risk,blip_caption
a plant leaf with yellowing chlorosis showing it ' s green color,1,nutrient_def,blip_caption
a heat stressed plant with scorched brown leaf tips showing red and green leaves,4,heat_stress,blip_caption
an infected crop leaf with blight and lesions and brown spots on it,3,disease_risk,blip_caption
a heat stressed plant with scorched brown leaf tips showing red and green leaves,4,heat_stress,blip_caption
a drought stressed plant with dry curling leaves and brown spots on it,0,water_stress,blip_caption
a diseased plant leaf with fungal spots showing brown spots on it,3,disease_risk,blip_caption
a plant leaf with yellowing chlorosis showing it ' s green leaves,1,nutrient_def,blip_caption
a crop leaf with insect damage and feeding holes showing the size of the leaves,2,pest_risk,blip_caption
a plant damaged by pests with chewed edges and green leaves,2,pest_risk,blip_caption
a wilting crop plant with drooping leaves showing brown spots,0,water_stress,blip_caption
a wilting crop plant with drooping leaves showing brown spots,0,water_stress,blip_caption
a wilting crop plant with drooping leaves showing brown spots on the leaf,0,water_stress,blip_caption
a diseased plant leaf with fungal spots showing brown and green leaves,3,disease_risk,blip_caption
a heat stressed plant with scorched brown leaf tips showing rust on the surface of the leaf,4,heat_stress,blip_caption
a drought stressed plant with dry curling leaves and brown spots on it,0,water_stress,blip_caption
a crop plant with heat damage wilted tips and green leaves,4,heat_stress,blip_caption
a plant damaged by pests with chewed edges and green leaves,2,pest_risk,blip_caption
a plant damaged by pests with chewed edges and green leaves on a gray surface,2,pest_risk,blip_caption
a diseased plant leaf with fungal spots showing signs of blemching,3,disease_risk,blip_caption
a crop leaf with insect damage and feeding holes showing the size of the leaf,2,pest_risk,blip_caption
a diseased plant leaf with fungal spots showing brown spots on the leaves,3,disease_risk,blip_caption
a wilting crop plant with drooping leaves showing brown and green pigment,0,water_stress,blip_caption
a heat stressed plant with scorched brown leaf tips showing black dots on a green leaf,4,heat_stress,blip_caption
a crop plant with heat damage wilted tips and green leaves,4,heat_stress,blip_caption
a plant damaged by pests with chewed edges and green leaves,2,pest_risk,blip_caption
a plant damaged by pests with chewed edges and green leaves,2,pest_risk,blip_caption
a drought stressed plant with dry curling leaves and brown spots on it,0,water_stress,blip_caption
a crop leaf with insect damage and feeding holes showing the brown spots on the leaves,2,pest_risk,blip_caption
a crop plant with heat damage wilted tips and brown spots on a leaf,4,heat_stress,blip_caption
a plant leaf with yellowing chlorosis showing on the surface of a table,1,nutrient_def,blip_caption
a diseased plant leaf with fungal spots showing brown spots on the leaves,3,disease_risk,blip_caption
an infected crop leaf with blight and lesions and brown spots on it,3,disease_risk,blip_caption
a crop leaf with insect damage and feeding holes showing the size of the leaf,2,pest_risk,blip_caption
a wilting crop plant with drooping leaves showing the damage of it ' s leaves,0,water_stress,blip_caption
a wilting crop plant with drooping leaves showing brown spots,0,water_stress,blip_caption
a plant leaf with yellowing chlorosis showing the green leaves,1,nutrient_def,blip_caption
a wilting crop plant with drooping leaves showing yellow and brown spots,0,water_stress,blip_caption
a plant leaf with yellowing chlorosis showing on the ground,1,nutrient_def,blip_caption
a crop plant with heat damage wilted tips and green leaves,4,heat_stress,blip_caption
a crop plant with heat damage wilted tips and brown spots,4,heat_stress,blip_caption
a plant leaf with yellowing chlorosis showing the damage of it ' s leaves,1,nutrient_def,blip_caption
a diseased plant leaf with fungal spots showing brown and green,3,disease_risk,blip_caption
a diseased plant leaf with fungal spots showing yellow and green leaves,3,disease_risk,blip_caption
a drought stressed plant with dry curling leaves and brown spots,0,water_stress,blip_caption
a crop leaf with insect damage and feeding holes showing the size of the leaf,2,pest_risk,blip_caption
a pale discoloured leaf with nutrient deficiency and mildness,1,nutrient_def,blip_caption
a drought stressed plant with dry curling leaves and brown spots on the leaves,0,water_stress,blip_caption
a diseased plant leaf with fungal spots showing signs of blemching,3,disease_risk,blip_caption
a pale discoloured leaf with nutrient deficiency and green algae,1,nutrient_def,blip_caption
a wilting crop plant with drooping leaves showing white spots on the leaves,0,water_stress,blip_caption
an infected crop leaf with blight and lesions and brown spots,3,disease_risk,blip_caption
a plant leaf with yellowing chlorosis showing green leaves on a gray surface,1,nutrient_def,blip_caption
a wilting crop plant with drooping leaves showing brown spots,0,water_stress,blip_caption
a drought stressed plant with dry curling leaves and brown spots,0,water_stress,blip_caption
a wilting crop plant with drooping leaves showing brown spots,0,water_stress,blip_caption
a plant leaf with yellowing chlorosis showing on it,1,nutrient_def,blip_caption
a crop plant with heat damage wilted tips and brown spots on a leaf,4,heat_stress,blip_caption
a heat stressed plant with scorched brown leaf tips showing rust on the leaves,4,heat_stress,blip_caption
a crop plant with heat damage wilted tips and brown spots,4,heat_stress,blip_caption
a crop leaf with insect damage and feeding holes showing the growth of the leaves,2,pest_risk,blip_caption
a diseased plant leaf with fungal spots showing signs of blemching,3,disease_risk,blip_caption
a plant damaged by pests with chewed edges and moldy leaves,2,pest_risk,blip_caption
a crop leaf with insect damage and feeding holes showing the size of the leaf,2,pest_risk,blip_caption
a diseased plant leaf with fungal spots showing signs of wilt,3,disease_risk,blip_caption
a crop plant with heat damage wilted tips and brown spots on the leaves,4,heat_stress,blip_caption
a wilting crop plant with drooping leaves showing brown spots,0,water_stress,blip_caption
a drought stressed plant with dry curling leaves and brown spots on the underside of the leaf,0,water_stress,blip_caption
a pale discoloured leaf with nutrient deficiency and blemching,1,nutrient_def,blip_caption
a plant leaf with yellowing chlorosis showing on it,1,nutrient_def,blip_caption
a wilting crop plant with drooping leaves showing brown spots,0,water_stress,blip_caption
a drought stressed plant with dry curling leaves and brown spots on it,0,water_stress,blip_caption
a crop plant with heat damage wilted tips and brown spots on a leaf,4,heat_stress,blip_caption
a diseased plant leaf with fungal spots showing the damage of the leaves,3,disease_risk,blip_caption
an infected crop leaf with blight and lesions and brown spots on it,3,disease_risk,blip_caption
a heat stressed plant with scorched brown leaf tips showing rust on the leaves,4,heat_stress,blip_caption
a crop plant with heat damage wilted tips and brown spots on a leaf,4,heat_stress,blip_caption
a plant leaf with yellowing chlorosis showing on a gray surface,1,nutrient_def,blip_caption
a crop plant with heat damage wilted tips and brown spots on the leaves,4,heat_stress,blip_caption
a plant damaged by pests with chewed edges and green leaves,2,pest_risk,blip_caption
a diseased plant leaf with fungal spots showing signs of blemching,3,disease_risk,blip_caption
a heat stressed plant with scorched brown leaf tips showing red and green spots,4,heat_stress,blip_caption
a wilting crop plant with drooping leaves showing yellow and brown spots,0,water_stress,blip_caption
a crop leaf with insect damage and feeding holes showing the growth of the leaves,2,pest_risk,blip_caption
a crop leaf with insect damage and feeding holes showing the growth of the leaves,2,pest_risk,blip_caption
a drought stressed plant with dry curling leaves and brown spots,0,water_stress,blip_caption
a heat stressed plant with scorched brown leaf tips showing red spots,4,heat_stress,blip_caption
a heat stressed plant with scorched brown leaf tips showing red and black spots,4,heat_stress,blip_caption
a pale discoloured leaf with nutrient deficiency and blemching,1,nutrient_def,blip_caption
a pale discoloured leaf with nutrient deficiency and bloating,1,nutrient_def,blip_caption
a diseased plant leaf with fungal spots showing signs of cancer,3,disease_risk,blip_caption
a pale discoloured leaf with nutrient deficiency and mildness,1,nutrient_def,blip_caption
a wilting crop plant with drooping leaves showing brown spots,0,water_stress,blip_caption
a wilting crop plant with drooping leaves showing brown spots,0,water_stress,blip_caption
a wilting crop plant with drooping leaves showing brown spots,0,water_stress,blip_caption
a plant damaged by pests with chewed edges and green leaves,2,pest_risk,blip_caption
a plant leaf with yellowing chlorosis showing the structure of the leaves,1,nutrient_def,blip_caption
a pale discoloured leaf with nutrient deficiency and blemching,1,nutrient_def,blip_caption
a crop leaf with insect damage and feeding holes showing on the underside of the leaf,2,pest_risk,blip_caption
a crop leaf with insect damage and feeding holes showing the growth of the leaves,2,pest_risk,blip_caption
a plant damaged by pests with chewed edges and green leaves,2,pest_risk,blip_caption
a drought stressed plant with dry curling leaves and brown spots on the underside of the leaf,0,water_stress,blip_caption
a diseased plant leaf with fungal spots showing brown spots on the leaves,3,disease_risk,blip_caption
an infected crop leaf with blight and lesions and brown spots,3,disease_risk,blip_caption
a plant damaged by pests with chewed edges and brown spots on a leaf,2,pest_risk,blip_caption
an infected crop leaf with blight and lesions and brown spots,3,disease_risk,blip_caption
a heat stressed plant with scorched brown leaf tips showing red and green spots,4,heat_stress,blip_caption
a heat stressed plant with scorched brown leaf tips showing red spots on the leaves,4,heat_stress,blip_caption
an infected crop leaf with blight and lesions and brown spots on the leaves,3,disease_risk,blip_caption
a diseased plant leaf with fungal spots showing brown spots on the leaves,3,disease_risk,blip_caption
a drought stressed plant with dry curling leaves and brown spots on it,0,water_stress,blip_caption
a crop leaf with insect damage and feeding holes showing the growth of the leaves,2,pest_risk,blip_caption
a crop leaf with insect damage and feeding holes showing the brown spots on the leaf,2,pest_risk,blip_caption
a diseased plant leaf with fungal spots showing signs of blemching,3,disease_risk,blip_caption
a plant damaged by pests with chewed edges and green leaves on a gray surface,2,pest_risk,blip_caption
a drought stressed plant with dry curling leaves and yellow blotch,0,water_stress,blip_caption
a plant leaf with yellowing chlorosis showing green leaves,1,nutrient_def,blip_caption
a plant leaf with yellowing chlorosis showing the brown spots on it,1,nutrient_def,blip_caption
a pale discoloured leaf with nutrient deficiency and mildness on it,1,nutrient_def,blip_caption
a plant leaf with yellowing chlorosis showing on a concrete surface,1,nutrient_def,blip_caption
a plant leaf with yellowing chlorosis showing the green veins on it,1,nutrient_def,blip_caption
a heat stressed plant with scorched brown leaf tips showing red and green spots,4,heat_stress,blip_caption
a drought stressed plant with dry curling leaves and brown blotch on it,0,water_stress,blip_caption
a wilting crop plant with drooping leaves showing brown spots,0,water_stress,blip_caption
a plant leaf with yellowing chlorosis showing on a gray surface,1,nutrient_def,blip_caption
a plant damaged by pests with chewed edges and green leaves,2,pest_risk,blip_caption
a crop leaf with insect damage and feeding holes showing the size of the leaf,2,pest_risk,blip_caption
a wilting crop plant with drooping leaves showing yellow and brown spots,0,water_stress,blip_caption
a heat stressed plant with scorched brown leaf tips showing red and green leaves,4,heat_stress,blip_caption
a drought stressed plant with dry curling leaves and brown spots,0,water_stress,blip_caption
a wilting crop plant with drooping leaves showing brown spots,0,water_stress,blip_caption
a heat stressed plant with scorched brown leaf tips showing rust and blotch,4,heat_stress,blip_caption
an infected crop leaf with blight and lesions and brown spots,3,disease_risk,blip_caption
a crop leaf with insect damage and feeding holes showing the size of the leaf,2,pest_risk,blip_caption
a plant damaged by pests with chewed edges and green leaves,2,pest_risk,blip_caption
an infected crop leaf with blight and lesions and brown spots on it,3,disease_risk,blip_caption
a plant leaf with yellowing chlorosis showing the brown spots on the leaves,1,nutrient_def,blip_caption
a plant leaf with yellowing chlorosis showing the green leaves,1,nutrient_def,blip_caption
a plant leaf with yellowing chlorosis showing on it ' s surface,1,nutrient_def,blip_caption
a diseased plant leaf with fungal spots showing signs of blemching,3,disease_risk,blip_caption
an infected crop leaf with blight and lesions and brown spots,3,disease_risk,blip_caption
a diseased plant leaf with fungal spots showing signs of blemching,3,disease_risk,blip_caption
a crop plant with heat damage wilted tips and green leaves,4,heat_stress,blip_caption
a drought stressed plant with dry curling leaves and brown spots,0,water_stress,blip_caption
a wilting crop plant with drooping leaves showing yellow and brown spots,0,water_stress,blip_caption
a drought stressed plant with dry curling leaves and wilt on black background,0,water_stress,blip_caption
a heat stressed plant with scorched brown leaf tips showing red and green leaves,4,heat_stress,blip_caption
a diseased plant leaf with fungal spots showing signs of blemching,3,disease_risk,blip_caption
a plant damaged by pests with chewed edges and brown spots on the leaves,2,pest_risk,blip_caption
a crop plant with heat damage wilted tips and leaves on a person ' s leg,4,heat_stress,blip_caption
a crop plant with heat damage wilted tips and green leaves,4,heat_stress,blip_caption
a crop plant with heat damage wilted tips and brown spots on a leaf,4,heat_stress,blip_caption
an infected crop leaf with blight and lesions and brown spots,3,disease_risk,blip_caption
a plant damaged by pests with chewed edges and green leaves,2,pest_risk,blip_caption
a diseased plant leaf with fungal spots showing signs of blemching,3,disease_risk,blip_caption
a crop plant with heat damage wilted tips and brown spots on a leaf,4,heat_stress,blip_caption
a plant leaf with yellowing chlorosis showing it ' s green color,1,nutrient_def,blip_caption
a plant damaged by pests with chewed edges and green leaves,2,pest_risk,blip_caption
a plant leaf with yellowing chlorosis showing on it,1,nutrient_def,blip_caption
a plant damaged by pests with chewed edges and green leaves,2,pest_risk,blip_caption
"a crop plant with heat damage wilted tips and red, yellow, and green leaves",4,heat_stress,blip_caption
a plant damaged by pests with chewed edges and green leaves on a gray surface,2,pest_risk,blip_caption
a plant damaged by pests with chewed edges and green leaves,2,pest_risk,blip_caption
a drought stressed plant with dry curling leaves and brown spots,0,water_stress,blip_caption
an infected crop leaf with blight and lesions and brown spots on it,3,disease_risk,blip_caption
a crop plant with heat damage wilted tips and brown spots on a leaf,4,heat_stress,blip_caption
a plant leaf with yellowing chlorosis showing on the surface,1,nutrient_def,blip_caption
"a heat stressed plant with scorched brown leaf tips showing red, yellow and green leaves",4,heat_stress,blip_caption
a heat stressed plant with scorched brown leaf tips showing red and yellow spots,4,heat_stress,blip_caption
a plant damaged by pests with chewed edges and green leaves,2,pest_risk,blip_caption
a crop leaf with insect damage and feeding holes showing the brown spots on the leaf,2,pest_risk,blip_caption
a plant leaf with yellowing chlorosis showing on it,1,nutrient_def,blip_caption
a plant leaf with yellowing chlorosis showing on it,1,nutrient_def,blip_caption
a diseased plant leaf with fungal spots showing the damage of it ' s leaves,3,disease_risk,blip_caption
an infected crop leaf with blight and lesions and brown spots,3,disease_risk,blip_caption
a crop leaf with insect damage and feeding holes showing the size of the leaf,2,pest_risk,blip_caption
a diseased plant leaf with fungal spots showing signs of blemching,3,disease_risk,blip_caption
a pale discoloured leaf with nutrient deficiency and green pigment on it,1,nutrient_def,blip_caption
a crop plant with heat damage wilted tips and brown spots on a leaf,4,heat_stress,blip_caption
a pale discoloured leaf with nutrient deficiency and green veins,1,nutrient_def,blip_caption
an infected crop leaf with blight and lesions and brown spots on it,3,disease_risk,blip_caption
a crop leaf with insect damage and feeding holes showing the growth of the leaves,2,pest_risk,blip_caption
a drought stressed plant with dry curling leaves and brown bark on it,0,water_stress,blip_caption
a plant leaf with yellowing chlorosis showing on a gray surface,1,nutrient_def,blip_caption
a crop leaf with insect damage and feeding holes showing the size of the leaf,2,pest_risk,blip_caption
a plant leaf with yellowing chlorosis showing on the surface,1,nutrient_def,blip_caption
a pale discoloured leaf with nutrient deficiency and mildness on it,1,nutrient_def,blip_caption
a heat stressed plant with scorched brown leaf tips showing rust on the leaves,4,heat_stress,blip_caption
a crop leaf with insect damage and feeding holes showing the brown spots on the leaf,2,pest_risk,blip_caption
a plant damaged by pests with chewed edges and green leaves on a purple surface,2,pest_risk,blip_caption
a wilting crop plant with drooping leaves showing brown spots,0,water_stress,blip_caption
a plant leaf with yellowing chlorosis showing the growth of it ' s leaves,1,nutrient_def,blip_caption
a heat stressed plant with scorched brown leaf tips showing rust on the leaves,4,heat_stress,blip_caption
a plant leaf with yellowing chlorosis showing the damage of it ' s leaves,1,nutrient_def,blip_caption
a plant leaf with yellowing chlorosis showing on the surface,1,nutrient_def,blip_caption
a heat stressed plant with scorched brown leaf tips showing red and green leaves,4,heat_stress,blip_caption
a crop plant with heat damage wilted tips and brown spots on a leaf,4,heat_stress,blip_caption
a diseased plant leaf with fungal spots showing the damage of the leaves,3,disease_risk,blip_caption
an infected crop leaf with blight and lesions and brown spots on the leaves,3,disease_risk,blip_caption
a pale discoloured leaf with nutrient deficiency and mildness,1,nutrient_def,blip_caption
a crop leaf with insect damage and feeding holes showing the brown spots on the leaf,2,pest_risk,blip_caption
a wilting crop plant with drooping leaves showing brown spots on the leaves,0,water_stress,blip_caption
a plant damaged by pests with chewed edges and green leaves on a gray surface,2,pest_risk,blip_caption
an infected crop leaf with blight and lesions and brown spots,3,disease_risk,blip_caption
a plant leaf with yellowing chlorosis showing the brown spots,1,nutrient_def,blip_caption
a crop leaf with insect damage and feeding holes showing on the underside of the leaf,2,pest_risk,blip_caption
a pale discoloured leaf with nutrient deficiency and blemching,1,nutrient_def,blip_caption
an infected crop leaf with blight and lesions and brown spots,3,disease_risk,blip_caption
an infected crop leaf with blight and lesions and brown spots on it,3,disease_risk,blip_caption
a pale discoloured leaf with nutrient deficiency and blemching,1,nutrient_def,blip_caption
an infected crop leaf with blight and lesions and brown spots on it,3,disease_risk,blip_caption
a plant damaged by pests with chewed edges and green leaves,2,pest_risk,blip_caption
a crop leaf with insect damage and feeding holes showing the size of the leaf,2,pest_risk,blip_caption
a wilting crop plant with drooping leaves showing brown spots on the leaves,0,water_stress,blip_caption
a plant damaged by pests with chewed edges and green leaves,2,pest_risk,blip_caption
an infected crop leaf with blight and lesions and white spots on it,3,disease_risk,blip_caption
a wilting crop plant with drooping leaves showing brown spots,0,water_stress,blip_caption
a pale discoloured leaf with nutrient deficiency and mildness on it,1,nutrient_def,blip_caption
a drought stressed plant with dry curling leaves and brown blotch on it,0,water_stress,blip_caption
a crop plant with heat damage wilted tips and brown spots,4,heat_stress,blip_caption
a plant damaged by pests with chewed edges and green leaves,2,pest_risk,blip_caption
a plant leaf with yellowing chlorosis showing on a gray surface,1,nutrient_def,blip_caption
a diseased plant leaf with fungal spots showing signs of blight,3,disease_risk,blip_caption
a drought stressed plant with dry curling leaves and brown spots,0,water_stress,blip_caption
a pale discoloured leaf with nutrient deficiency and blemching,1,nutrient_def,blip_caption
a diseased plant leaf with fungal spots showing brown spots on the leaves,3,disease_risk,blip_caption
a drought stressed plant with dry curling leaves and brown spots on it,0,water_stress,blip_caption
a crop leaf with insect damage and feeding holes showing the size of the leaf,2,pest_risk,blip_caption
a heat stressed plant with scorched brown leaf tips showing rust on the underside of the leaf,4,heat_stress,blip_caption
a plant damaged by pests with chewed edges and green leaves,2,pest_risk,blip_caption
a crop plant with heat damage wilted tips and brown spots,4,heat_stress,blip_caption
a crop leaf with insect damage and feeding holes showing the growth of the leaves,2,pest_risk,blip_caption
a crop leaf with insect damage and feeding holes showing the brown spots on the leaf,2,pest_risk,blip_caption
a wilting crop plant with drooping leaves showing brown spots,0,water_stress,blip_caption
a pale discoloured leaf with nutrient deficiency and blemching,1,nutrient_def,blip_caption
a drought stressed plant with dry curling leaves and brown spots,0,water_stress,blip_caption
a drought stressed plant with dry curling leaves and brown spots on it,0,water_stress,blip_caption
a diseased plant leaf with fungal spots showing the damage of the leaves,3,disease_risk,blip_caption
a plant damaged by pests with chewed edges and brown spots on a leaf,2,pest_risk,blip_caption
a plant damaged by pests with chewed edges and green leaves,2,pest_risk,blip_caption
a crop plant with heat damage wilted tips and brown spots on a leaf,4,heat_stress,blip_caption
an infected crop leaf with blight and lesions and brown spots,3,disease_risk,blip_caption
a plant damaged by pests with chewed edges and green leaves on a gray surface,2,pest_risk,blip_caption
a wilting crop plant with drooping leaves showing brown spots,0,water_stress,blip_caption
an infected crop leaf with blight and lesions and brown spots,3,disease_risk,blip_caption
a crop leaf with insect damage and feeding holes showing the growth of the leaves,2,pest_risk,blip_caption
an infected crop leaf with blight and lesions and brown spots on it,3,disease_risk,blip_caption
a wilting crop plant with drooping leaves showing brown spots,0,water_stress,blip_caption
a crop plant with heat damage wilted tips and green leaves,4,heat_stress,blip_caption
a plant leaf with yellowing chlorosis showing it ' s green color,1,nutrient_def,blip_caption
a plant leaf with yellowing chlorosis showing the green color,1,nutrient_def,blip_caption
a plant leaf with yellowing chlorosis showing it ' s green color,1,nutrient_def,blip_caption
a plant leaf with yellowing chlorosis showing on a gray surface,1,nutrient_def,blip_caption
a diseased plant leaf with fungal spots showing signs of blemching,3,disease_risk,blip_caption
a wilting crop plant with drooping leaves showing brown spots,0,water_stress,blip_caption
a crop leaf with insect damage and feeding holes showing the size of the leaf,2,pest_risk,blip_caption
a diseased plant leaf with fungal spots showing signs of blemching,3,disease_risk,blip_caption
a wilting crop plant with drooping leaves showing brown spots,0,water_stress,blip_caption
a crop leaf with insect damage and feeding holes showing the size of the leaves,2,pest_risk,blip_caption
a diseased plant leaf with fungal spots showing signs of blemching,3,disease_risk,blip_caption
an infected crop leaf with blight and lesions and brown spots on the leaves,3,disease_risk,blip_caption
an infected crop leaf with blight and lesions and brown spots on the leaves,3,disease_risk,blip_caption
a wilting crop plant with drooping leaves showing brown spots,0,water_stress,blip_caption
a crop leaf with insect damage and feeding holes showing the growth of the leaves,2,pest_risk,blip_caption
a crop leaf with insect damage and feeding holes showing the growth of the leaves,2,pest_risk,blip_caption
an infected crop leaf with blight and lesions and a brown spot on the leaf,3,disease_risk,blip_caption
a pale discoloured leaf with nutrient deficiency and blemching,1,nutrient_def,blip_caption
an infected crop leaf with blight and lesions and brown spots,3,disease_risk,blip_caption
a crop leaf with insect damage and feeding holes showing on the underside,2,pest_risk,blip_caption
a crop plant with heat damage wilted tips and brown spots,4,heat_stress,blip_caption
a drought stressed plant with dry curling leaves and brown spots,0,water_stress,blip_caption
a heat stressed plant with scorched brown leaf tips showing brown spots,4,heat_stress,blip_caption
a crop plant with heat damage wilted tips and brown spots on a strawberry leaf,4,heat_stress,blip_caption
an infected crop leaf with blight and lesions and brown spots on the leaves,3,disease_risk,blip_caption
a heat stressed plant with scorched brown leaf tips showing red and green leaves,4,heat_stress,blip_caption
a plant damaged by pests with chewed edges and green leaves,2,pest_risk,blip_caption
"a heat stressed plant with scorched brown leaf tips showing red, yellow and green leaves",4,heat_stress,blip_caption
a heat stressed plant with scorched brown leaf tips showing red and brown spots,4,heat_stress,blip_caption
a pale discoloured leaf with nutrient deficiency and mildness on the leaves,1,nutrient_def,blip_caption
a diseased plant leaf with fungal spots showing green and yellow,3,disease_risk,blip_caption
a heat stressed plant with scorched brown leaf tips showing red and green spots,4,heat_stress,blip_caption
a crop leaf with insect damage and feeding holes showing on the underside of the leaf,2,pest_risk,blip_caption
a pale discoloured leaf with nutrient deficiency and mildness on it,1,nutrient_def,blip_caption
a wilting crop plant with drooping leaves showing brown spots,0,water_stress,blip_caption
a drought stressed plant with dry curling leaves and brown spots,0,water_stress,blip_caption
a wilting crop plant with drooping leaves showing brown spots,0,water_stress,blip_caption
a plant damaged by pests with chewed edges and green leaves,2,pest_risk,blip_caption
a drought stressed plant with dry curling leaves and brown spots,0,water_stress,blip_caption
a crop leaf with insect damage and feeding holes showing the size of the leaf,2,pest_risk,blip_caption
a plant leaf with yellowing chlorosis showing on it,1,nutrient_def,blip_caption
a crop plant with heat damage wilted tips and brown spots on a leaf,4,heat_stress,blip_caption
a crop leaf with insect damage and feeding holes showing the growth of the leaves,2,pest_risk,blip_caption
a diseased plant leaf with fungal spots showing brown spots on it,3,disease_risk,blip_caption
a crop plant with heat damage wilted tips and brown spots on the leaves,4,heat_stress,blip_caption
a drought stressed plant with dry curling leaves and brown spots,0,water_stress,blip_caption
an infected crop leaf with blight and lesions and brown spots on it,3,disease_risk,blip_caption
a pale discoloured leaf with nutrient deficiency and wilt on it,1,nutrient_def,blip_caption
a drought stressed plant with dry curling leaves and brown spots on it,0,water_stress,blip_caption
a crop plant with heat damage wilted tips and brown spots on a leaf,4,heat_stress,blip_caption
a heat stressed plant with scorched brown leaf tips showing red and yellow spots,4,heat_stress,blip_caption
a plant leaf with yellowing chlorosis showing the structure of the leaves,1,nutrient_def,blip_caption
a diseased plant leaf with fungal spots showing green and brown,3,disease_risk,blip_caption
a drought stressed plant with dry curling leaves and brown spots on the leaf,0,water_stress,blip_caption
a plant leaf with yellowing chlorosis showing on a surface,1,nutrient_def,blip_caption
a pale discoloured leaf with nutrient deficiency and mildness,1,nutrient_def,blip_caption
a drought stressed plant with dry curling leaves and brown spots,0,water_stress,blip_caption
a drought stressed plant with dry curling leaves and brown spots on the underside of the leaf,0,water_stress,blip_caption
a crop leaf with insect damage and feeding holes showing the growth of the leaves,2,pest_risk,blip_caption
a drought stressed plant with dry curling leaves and brown spots,0,water_stress,blip_caption
a drought stressed plant with dry curling leaves and brown spots,0,water_stress,blip_caption
a crop leaf with insect damage and feeding holes showing the brown spots on the leaf,2,pest_risk,blip_caption
a wilting crop plant with drooping leaves showing yellow and green,0,water_stress,blip_caption
a plant damaged by pests with chewed edges and green leaves,2,pest_risk,blip_caption
a plant leaf with yellowing chlorosis showing on it,1,nutrient_def,blip_caption
a drought stressed plant with dry curling leaves and brown blotch on it,0,water_stress,blip_caption
a heat stressed plant with scorched brown leaf tips showing red and green leaves,4,heat_stress,blip_caption
a diseased plant leaf with fungal spots showing signs of blemching,3,disease_risk,blip_caption
a crop plant with heat damage wilted tips and brown spots on a leaf,4,heat_stress,blip_caption
a plant damaged by pests with chewed edges and green leaves,2,pest_risk,blip_caption
a crop leaf with insect damage and feeding holes showing the size of the leaf,2,pest_risk,blip_caption
a heat stressed plant with scorched brown leaf tips showing signs of spring,4,heat_stress,blip_caption
a crop leaf with insect damage and feeding holes showing the growth of the leaves,2,pest_risk,blip_caption
a crop plant with heat damage wilted tips and brown spots,4,heat_stress,blip_caption
an infected crop leaf with blight and lesions and brown spots on it,3,disease_risk,blip_caption
an infected crop leaf with blight and lesions and white spots on the leaves,3,disease_risk,blip_caption
a heat stressed plant with scorched brown leaf tips showing red and black spots,4,heat_stress,blip_caption
a diseased plant leaf with fungal spots showing brown spots on the leaves,3,disease_risk,blip_caption
a pale discoloured leaf with nutrient deficiency and mildness on the leaves,1,nutrient_def,blip_caption
a plant leaf with yellowing chlorosis showing on the outside of it,1,nutrient_def,blip_caption
a plant damaged by pests with chewed edges and green leaves,2,pest_risk,blip_caption
a pale discoloured leaf with nutrient deficiency and mildness on it,1,nutrient_def,blip_caption
a plant leaf with yellowing chlorosis showing growth on it,1,nutrient_def,blip_caption
a diseased plant leaf with fungal spots showing brown spots on the leaves,3,disease_risk,blip_caption
a crop leaf with insect damage and feeding holes showing the growth of the leaves,2,pest_risk,blip_caption
"a heat stressed plant with scorched brown leaf tips showing red, green, and yellow leaves",4,heat_stress,blip_caption
a drought stressed plant with dry curling leaves and brown spots on the leaves,0,water_stress,blip_caption
a plant damaged by pests with chewed edges and green leaves,2,pest_risk,blip_caption
a heat stressed plant with scorched brown leaf tips showing brown spots on the underside of the leaf,4,heat_stress,blip_caption
a pale discoloured leaf with nutrient deficiency and mildness,1,nutrient_def,blip_caption
a wilting crop plant with drooping leaves showing yellow and brown spots,0,water_stress,blip_caption
a heat stressed plant with scorched brown leaf tips showing red spots,4,heat_stress,blip_caption
a crop plant with heat damage wilted tips and brown spots,4,heat_stress,blip_caption
a crop plant with heat damage wilted tips and brown spots on a leaf,4,heat_stress,blip_caption
a plant leaf with yellowing chlorosis showing on it,1,nutrient_def,blip_caption
a heat stressed plant with scorched brown leaf tips showing rust on the underside of the leaf,4,heat_stress,blip_caption
a plant leaf with yellowing chlorosis showing on the surface,1,nutrient_def,blip_caption
a wilting crop plant with drooping leaves showing brown spots,0,water_stress,blip_caption
a pale discoloured leaf with nutrient deficiency and green leaves on the ground,1,nutrient_def,blip_caption
a plant damaged by pests with chewed edges and green leaves,2,pest_risk,blip_caption
a crop plant with heat damage wilted tips and brown spots on a leaf,4,heat_stress,blip_caption
a heat stressed plant with scorched brown leaf tips showing red and green leaves,4,heat_stress,blip_caption
a crop plant with heat damage wilted tips and brown spots,4,heat_stress,blip_caption
a pale discoloured leaf with nutrient deficiency and green veins,1,nutrient_def,blip_caption
a heat stressed plant with scorched brown leaf tips showing red and brown spots,4,heat_stress,blip_caption
a drought stressed plant with dry curling leaves and brown blotch,0,water_stress,blip_caption
a crop leaf with insect damage and feeding holes showing on the underside of the leaf,2,pest_risk,blip_caption
a plant damaged by pests with chewed edges and green leaves,2,pest_risk,blip_caption
a pale discoloured leaf with nutrient deficiency and mildness on it,1,nutrient_def,blip_caption
a crop plant with heat damage wilted tips and green leaves,4,heat_stress,blip_caption
a wilting crop plant with drooping leaves showing brown spots,0,water_stress,blip_caption
a wilting crop plant with drooping leaves showing brown spots,0,water_stress,blip_caption
a plant leaf with yellowing chlorosis showing the green color,1,nutrient_def,blip_caption
a heat stressed plant with scorched brown leaf tips showing red and green leaves,4,heat_stress,blip_caption
a diseased plant leaf with fungal spots showing signs of blemching,3,disease_risk,blip_caption
a diseased plant leaf with fungal spots showing the growth of the leaves,3,disease_risk,blip_caption
a diseased plant leaf with fungal spots showing signs of blight,3,disease_risk,blip_caption
a heat stressed plant with scorched brown leaf tips showing brown spots on the leaves,4,heat_stress,blip_caption
a drought stressed plant with dry curling leaves and brown blotch on the leaf,0,water_stress,blip_caption
a crop plant with heat damage wilted tips and brown spots on a leaf,4,heat_stress,blip_caption
a drought stressed plant with dry curling leaves and brown spots on the leaves,0,water_stress,blip_caption
an infected crop leaf with blight and lesions and brown spots on the leaves,3,disease_risk,blip_caption
a wilting crop plant with drooping leaves showing brown spots,0,water_stress,blip_caption
a diseased plant leaf with fungal spots showing the damage of the leaf,3,disease_risk,blip_caption
a crop leaf with insect damage and feeding holes showing the size of the leaves,2,pest_risk,blip_caption
a heat stressed plant with scorched brown leaf tips showing red and black spots,4,heat_stress,blip_caption
an infected crop leaf with blight and lesions and brown spots on the leaves,3,disease_risk,blip_caption
a plant leaf with yellowing chlorosis showing on a gray surface,1,nutrient_def,blip_caption
an infected crop leaf with blight and lesions and brown spots,3,disease_risk,blip_caption
a plant leaf with yellowing chlorosis showing the green leaves,1,nutrient_def,blip_caption
a heat stressed plant with scorched brown leaf tips showing red and green leaves,4,heat_stress,blip_caption
a drought stressed plant with dry curling leaves and brown spots,0,water_stress,blip_caption
a crop plant with heat damage wilted tips and green leaves,4,heat_stress,blip_caption
an infected crop leaf with blight and lesions and white spots on it,3,disease_risk,blip_caption
an infected crop leaf with blight and lesions and brown spots on it,3,disease_risk,blip_caption
a plant damaged by pests with chewed edges and green leaves,2,pest_risk,blip_caption
a drought stressed plant with dry curling leaves and brown spots,0,water_stress,blip_caption
a pale discoloured leaf with nutrient deficiency and mildness,1,nutrient_def,blip_caption
a wilting crop plant with drooping leaves showing brown spots on the leaf,0,water_stress,blip_caption
an infected crop leaf with blight and lesions and brown spots,3,disease_risk,blip_caption
a crop leaf with insect damage and feeding holes showing the brown spots on the leaf,2,pest_risk,blip_caption
a crop plant with heat damage wilted tips and brown spots on a leaf,4,heat_stress,blip_caption
a drought stressed plant with dry curling leaves and brown spots,0,water_stress,blip_caption
a plant leaf with yellowing chlorosis showing the leaves are green,1,nutrient_def,blip_caption
a wilting crop plant with drooping leaves showing brown spots,0,water_stress,blip_caption
a heat stressed plant with scorched brown leaf tips showing black spots on a green leaf,4,heat_stress,blip_caption
a plant damaged by pests with chewed edges and green leaves,2,pest_risk,blip_caption
a pale discoloured leaf with nutrient deficiency and bloating,1,nutrient_def,blip_caption
a drought stressed plant with dry curling leaves and brown blotch on it,0,water_stress,blip_caption
an infected crop leaf with blight and lesions and brown spots on the leaves,3,disease_risk,blip_caption
a drought stressed plant with dry curling leaves and brown spots on the leaves,0,water_stress,blip_caption
a pale discoloured leaf with nutrient deficiency and green veins,1,nutrient_def,blip_caption
a drought stressed plant with dry curling leaves and brown spots,0,water_stress,blip_caption
a pale discoloured leaf with nutrient deficiency and bleaching on it,1,nutrient_def,blip_caption
a pale discoloured leaf with nutrient deficiency and green veins,1,nutrient_def,blip_caption
a crop leaf with insect damage and feeding holes showing the growth of the leaves,2,pest_risk,blip_caption
a diseased plant leaf with fungal spots showing brown spots on the leaves,3,disease_risk,blip_caption
a pale discoloured leaf with nutrient deficiency and mildness on it,1,nutrient_def,blip_caption
a plant leaf with yellowing chlorosis showing on a gray surface,1,nutrient_def,blip_caption
a drought stressed plant with dry curling leaves and brown spots,0,water_stress,blip_caption
a heat stressed plant with scorched brown leaf tips showing red and black spots,4,heat_stress,blip_caption
a wilting crop plant with drooping leaves showing brown and yellow spots,0,water_stress,blip_caption
a crop plant with heat damage wilted tips and brown spots on a leaf,4,heat_stress,blip_caption
a drought stressed plant with dry curling leaves and brown spots on it,0,water_stress,blip_caption
a drought stressed plant with dry curling leaves and brown spots on the leaves,0,water_stress,blip_caption
a diseased plant leaf with fungal spots showing green and brown,3,disease_risk,blip_caption
a plant leaf with yellowing chlorosis showing the damage on it,1,nutrient_def,blip_caption
a heat stressed plant with scorched brown leaf tips showing black spots,4,heat_stress,blip_caption
a heat stressed plant with scorched brown leaf tips showing red and green leaves,4,heat_stress,blip_caption
a crop leaf with insect damage and feeding holes showing the brown spots on the leaf,2,pest_risk,blip_caption
a drought stressed plant with dry curling leaves and brown spots,0,water_stress,blip_caption
a plant leaf with yellowing chlorosis showing brown spots on it,1,nutrient_def,blip_caption
a wilting crop plant with drooping leaves showing brown spots,0,water_stress,blip_caption
a crop leaf with insect damage and feeding holes showing the growth of the leaves,2,pest_risk,blip_caption
a plant leaf with yellowing chlorosis showing the brown spots on it,1,nutrient_def,blip_caption
a diseased plant leaf with fungal spots showing green and brown,3,disease_risk,blip_caption
an infected crop leaf with blight and lesions and brown spots on it,3,disease_risk,blip_caption
a heat stressed plant with scorched brown leaf tips showing red and yellow spots,4,heat_stress,blip_caption
a plant damaged by pests with chewed edges and green leaves on a gray surface,2,pest_risk,blip_caption
an infected crop leaf with blight and lesions and brown spots,3,disease_risk,blip_caption
a crop plant with heat damage wilted tips and brown spots on a leaf,4,heat_stress,blip_caption
a drought stressed plant with dry curling leaves and brown spots on it,0,water_stress,blip_caption
a crop leaf with insect damage and feeding holes showing the size of the leaf,2,pest_risk,blip_caption
a diseased plant leaf with fungal spots showing signs of blemching,3,disease_risk,blip_caption
an infected crop leaf with blight and lesions and brown spots on the leaves,3,disease_risk,blip_caption
a wilting crop plant with drooping leaves showing brown spots on the leaf,0,water_stress,blip_caption
a pale discoloured leaf with nutrient deficiency and green pigment on it,1,nutrient_def,blip_caption
a crop leaf with insect damage and feeding holes showing the growth of the leaves,2,pest_risk,blip_caption
a crop leaf with insect damage and feeding holes showing on the underside of the leaf,2,pest_risk,blip_caption
a pale discoloured leaf with nutrient deficiency and green veins,1,nutrient_def,blip_caption
a plant leaf with yellowing chlorosis showing on a gray surface,1,nutrient_def,blip_caption
a drought stressed plant with dry curling leaves and brown spots on the leaves,0,water_stress,blip_caption
a diseased plant leaf with fungal spots showing brown spots on the underside of the leaf,3,disease_risk,blip_caption
a pale discoloured leaf with nutrient deficiency and green pigment,1,nutrient_def,blip_caption
a wilting crop plant with drooping leaves showing brown spots,0,water_stress,blip_caption
an infected crop leaf with blight and lesions and brown spots on the leaves,3,disease_risk,blip_caption
a drought stressed plant with dry curling leaves and brown spots on the underside of the leaf,0,water_stress,blip_caption
a plant damaged by pests with chewed edges and brown spots on the leaves,2,pest_risk,blip_caption
a plant damaged by pests with chewed edges and green leaves,2,pest_risk,blip_caption
a heat stressed plant with scorched brown leaf tips showing rust on the underside of the leaf,4,heat_stress,blip_caption
an infected crop leaf with blight and lesions and brown spots,3,disease_risk,blip_caption
a wilting crop plant with drooping leaves showing brown and green spots,0,water_stress,blip_caption
a crop plant with heat damage wilted tips and green leaves,4,heat_stress,blip_caption
a wilting crop plant with drooping leaves showing brown spots,0,water_stress,blip_caption
a plant leaf with yellowing chlorosis showing the green leaves,1,nutrient_def,blip_caption
a diseased plant leaf with fungal spots showing brown spots on the leaves,3,disease_risk,blip_caption
"a heat stressed plant with scorched brown leaf tips showing red, yellow and green leaves",4,heat_stress,blip_caption
a crop plant with heat damage wilted tips and brown spots on a leaf,4,heat_stress,blip_caption
an infected crop leaf with blight and lesions and brown spots,3,disease_risk,blip_caption
an infected crop leaf with blight and lesions and brown spots on it,3,disease_risk,blip_caption
a crop leaf with insect damage and feeding holes showing the brown spots on the leaf,2,pest_risk,blip_caption
a plant leaf with yellowing chlorosis showing the brown spots on it,1,nutrient_def,blip_caption
a wilting crop plant with drooping leaves showing brown spots,0,water_stress,blip_caption
a crop plant with heat damage wilted tips and brown spots on a leaf,4,heat_stress,blip_caption
a plant damaged by pests with chewed edges and green leaves,2,pest_risk,blip_caption
a crop leaf with insect damage and feeding holes showing the size of the leaf,2,pest_risk,blip_caption
a plant leaf with yellowing chlorosis showing the damage,1,nutrient_def,blip_caption
a crop leaf with insect damage and feeding holes showing the size of the leaf,2,pest_risk,blip_caption
a diseased plant leaf with fungal spots showing signs of blemching,3,disease_risk,blip_caption
an infected crop leaf with blight and lesions and a brown spot on the leaf,3,disease_risk,blip_caption
a plant damaged by pests with chewed edges and green leaves,2,pest_risk,blip_caption
a drought stressed plant with dry curling leaves and brown spots,0,water_stress,blip_caption
a crop leaf with insect damage and feeding holes showing the growth of the leaves,2,pest_risk,blip_caption
a crop plant with heat damage wilted tips and brown spots on a leaf,4,heat_stress,blip_caption
a wilting crop plant with drooping leaves showing brown spots on the leaf,0,water_stress,blip_caption
a crop plant with heat damage wilted tips and brown spots on a leaf,4,heat_stress,blip_caption
a drought stressed plant with dry curling leaves and brown spots on it,0,water_stress,blip_caption
an infected crop leaf with blight and lesions and white spots on it,3,disease_risk,blip_caption
a wilting crop plant with drooping leaves showing brown spots,0,water_stress,blip_caption
a plant damaged by pests with chewed edges and green leaves,2,pest_risk,blip_caption
an infected crop leaf with blight and lesions and brown spots on the leaves,3,disease_risk,blip_caption
a plant damaged by pests with chewed edges and green leaves,2,pest_risk,blip_caption
a plant damaged by pests with chewed edges and green leaves on a gray surface,2,pest_risk,blip_caption
a plant damaged by pests with chewed edges and green leaves,2,pest_risk,blip_caption
an infected crop leaf with blight and lesions and brown spots,3,disease_risk,blip_caption
a diseased plant leaf with fungal spots showing yellow and green,3,disease_risk,blip_caption
a heat stressed plant with scorched brown leaf tips showing red and green spots,4,heat_stress,blip_caption
a wilting crop plant with drooping leaves showing yellow and brown spots,0,water_stress,blip_caption
a crop plant with heat damage wilted tips and brown spots,4,heat_stress,blip_caption
a diseased plant leaf with fungal spots showing brown spots on the leaves,3,disease_risk,blip_caption
a drought stressed plant with dry curling leaves and brown spots,0,water_stress,blip_caption
a pale discoloured leaf with nutrient deficiency and mildness on it,1,nutrient_def,blip_caption
a drought stressed plant with dry curling leaves and brown spots on it,0,water_stress,blip_caption
a heat stressed plant with scorched brown leaf tips showing brown spots on the leaves,4,heat_stress,blip_caption
an infected crop leaf with blight and lesions and brown spots on the leaves,3,disease_risk,blip_caption
a pale discoloured leaf with nutrient deficiency and green veins,1,nutrient_def,blip_caption
a wilting crop plant with drooping leaves showing brown spots,0,water_stress,blip_caption
a wilting crop plant with drooping leaves showing brown spots,0,water_stress,blip_caption
a crop leaf with insect damage and feeding holes showing the growth of the leaves,2,pest_risk,blip_caption
a pale discoloured leaf with nutrient deficiency and mildness on the leaves,1,nutrient_def,blip_caption
a pale discoloured leaf with nutrient deficiency and mildness,1,nutrient_def,blip_caption
a drought stressed plant with dry curling leaves and brown spots on it,0,water_stress,blip_caption
a crop plant with heat damage wilted tips and brown spots on a leaf,4,heat_stress,blip_caption
a plant damaged by pests with chewed edges and green leaves,2,pest_risk,blip_caption
a diseased plant leaf with fungal spots showing signs of blemching,3,disease_risk,blip_caption
an infected crop leaf with blight and lesions and brown spots on it,3,disease_risk,blip_caption
a wilting crop plant with drooping leaves showing brown spots,0,water_stress,blip_caption
a plant damaged by pests with chewed edges and green leaves,2,pest_risk,blip_caption
a crop leaf with insect damage and feeding holes showing the growth of the leaves,2,pest_risk,blip_caption
a drought stressed plant with dry curling leaves and brown spots on it,0,water_stress,blip_caption
a crop leaf with insect damage and feeding holes showing the growth of the leaves,2,pest_risk,blip_caption
a diseased plant leaf with fungal spots showing the damage of it ' s leaves,3,disease_risk,blip_caption
a pale discoloured leaf with nutrient deficiency and mildness on it,1,nutrient_def,blip_caption
a drought stressed plant with dry curling leaves and brown spots on the underside of the leaf,0,water_stress,blip_caption
a crop plant with heat damage wilted tips and brown spots on a leaf,4,heat_stress,blip_caption
a crop plant with heat damage wilted tips and green leaves,4,heat_stress,blip_caption
a plant damaged by pests with chewed edges and green leaves,2,pest_risk,blip_caption
a pale discoloured leaf with nutrient deficiency and mildness on it,1,nutrient_def,blip_caption
a crop leaf with insect damage and feeding holes showing the size of the leaves,2,pest_risk,blip_caption
an infected crop leaf with blight and lesions and brown spots on the leaves,3,disease_risk,blip_caption
a plant damaged by pests with chewed edges and green leaves,2,pest_risk,blip_caption
a plant damaged by pests with chewed edges and brown spots on the leaves,2,pest_risk,blip_caption
a plant leaf with yellowing chlorosis showing green pigment on it,1,nutrient_def,blip_caption
a wilting crop plant with drooping leaves showing brown spots on the leaf,0,water_stress,blip_caption
an infected crop leaf with blight and lesions and white spots on the leaves,3,disease_risk,blip_caption
a pale discoloured leaf with nutrient deficiency and yellow spots on it,1,nutrient_def,blip_caption
a diseased plant leaf with fungal spots showing brown spots on it,3,disease_risk,blip_caption
a wilting crop plant with drooping leaves showing brown spots,0,water_stress,blip_caption
a plant damaged by pests with chewed edges and green leaves,2,pest_risk,blip_caption
a plant damaged by pests with chewed edges and green leaves,2,pest_risk,blip_caption
a crop plant with heat damage wilted tips and brown spots on a leaf,4,heat_stress,blip_caption
a drought stressed plant with dry curling leaves and brown spots on it,0,water_stress,blip_caption
a drought stressed plant with dry curling leaves and brown spots,0,water_stress,blip_caption
a wilting crop plant with drooping leaves showing brown spots,0,water_stress,blip_caption
a crop leaf with insect damage and feeding holes showing the growth of the leaves,2,pest_risk,blip_caption
a crop leaf with insect damage and feeding holes showing the growth of the leaves,2,pest_risk,blip_caption
an infected crop leaf with blight and lesions and brown spots,3,disease_risk,blip_caption
a diseased plant leaf with fungal spots showing the growth of the leaves,3,disease_risk,blip_caption
a plant leaf with yellowing chlorosis showing the green color,1,nutrient_def,blip_caption
a crop plant with heat damage wilted tips and brown spots on a leaf,4,heat_stress,blip_caption
a plant leaf with yellowing chlorosis showing green leaves,1,nutrient_def,blip_caption
a crop leaf with insect damage and feeding holes showing the growth of the leaves,2,pest_risk,blip_caption
a heat stressed plant with scorched brown leaf tips showing black spots,4,heat_stress,blip_caption
a diseased plant leaf with fungal spots showing brown spots on the leaves,3,disease_risk,blip_caption
a plant leaf with yellowing chlorosis showing on a gray surface,1,nutrient_def,blip_caption
a drought stressed plant with dry curling leaves and brown spots on it,0,water_stress,blip_caption
a wilting crop plant with drooping leaves showing brown spots,0,water_stress,blip_caption
a drought stressed plant with dry curling leaves and brown spots on the underside of the leaf,0,water_stress,blip_caption
"a heat stressed plant with scorched brown leaf tips showing red, yellow and green leaves",4,heat_stress,blip_caption
a heat stressed plant with scorched brown leaf tips showing rust on the leaves,4,heat_stress,blip_caption
a plant damaged by pests with chewed edges and green leaves,2,pest_risk,blip_caption
a drought stressed plant with dry curling leaves and brown spots,0,water_stress,blip_caption
a heat stressed plant with scorched brown leaf tips showing red and brown spots,4,heat_stress,blip_caption
a wilting crop plant with drooping leaves showing brown spots,0,water_stress,blip_caption
a diseased plant leaf with fungal spots showing signs of wilt,3,disease_risk,blip_caption
an infected crop leaf with blight and lesions and brown spots,3,disease_risk,blip_caption
a diseased plant leaf with fungal spots showing brown spots on the leaves,3,disease_risk,blip_caption
a pale discoloured leaf with nutrient deficiency and mildness on it,1,nutrient_def,blip_caption
a crop plant with heat damage wilted tips and brown spots,4,heat_stress,blip_caption
a plant damaged by pests with chewed edges and brown spots on a leaf,2,pest_risk,blip_caption
a pale discoloured leaf with nutrient deficiency and mildness on it,1,nutrient_def,blip_caption
an infected crop leaf with blight and lesions and brown spots,3,disease_risk,blip_caption
a crop leaf with insect damage and feeding holes showing on the underside of the leaf,2,pest_risk,blip_caption
a crop leaf with insect damage and feeding holes showing the size of the leaf,2,pest_risk,blip_caption
a crop leaf with insect damage and feeding holes showing the brown spots on the leaf,2,pest_risk,blip_caption
an infected crop leaf with blight and lesions and brown spots,3,disease_risk,blip_caption
a wilting crop plant with drooping leaves showing brown spots on the leaf,0,water_stress,blip_caption
a heat stressed plant with scorched brown leaf tips showing brown spots,4,heat_stress,blip_caption
a crop plant with heat damage wilted tips and brown spots on a leaf,4,heat_stress,blip_caption
a diseased plant leaf with fungal spots showing signs of infection,3,disease_risk,blip_caption
"a heat stressed plant with scorched brown leaf tips showing red, yellow and green spots",4,heat_stress,blip_caption
a plant damaged by pests with chewed edges and green leaves,2,pest_risk,blip_caption
a wilting crop plant with drooping leaves showing brown spots,0,water_stress,blip_caption
a heat stressed plant with scorched brown leaf tips showing growth,4,heat_stress,blip_caption
a drought stressed plant with dry curling leaves and brown spots on the leaves,0,water_stress,blip_caption
a wilting crop plant with drooping leaves showing brown spots,0,water_stress,blip_caption
a crop leaf with insect damage and feeding holes showing the growth of the leaves,2,pest_risk,blip_caption
a diseased plant leaf with fungal spots showing brown spots on it,3,disease_risk,blip_caption
a crop plant with heat damage wilted tips and brown spots on a leaf,4,heat_stress,blip_caption
a pale discoloured leaf with nutrient deficiency and mildness on it,1,nutrient_def,blip_caption
a wilting crop plant with drooping leaves showing signs of blemching,0,water_stress,blip_caption
a plant leaf with yellowing chlorosis showing brown spots on it,1,nutrient_def,blip_caption
a diseased plant leaf with fungal spots showing signs of blemching,3,disease_risk,blip_caption
a crop plant with heat damage wilted tips and brown spots on a leaf,4,heat_stress,blip_caption
a plant leaf with yellowing chlorosis showing on a brown surface,1,nutrient_def,blip_caption
a drought stressed plant with dry curling leaves and brown blotch on it,0,water_stress,blip_caption
a crop plant with heat damage wilted tips and brown spots,4,heat_stress,blip_caption
a plant leaf with yellowing chlorosis showing growth,1,nutrient_def,blip_caption
a drought stressed plant with dry curling leaves and brown spots on it,0,water_stress,blip_caption
a diseased plant leaf with fungal spots showing the damage of the leaves,3,disease_risk,blip_caption
a wilting crop plant with drooping leaves showing brown spots,0,water_stress,blip_caption
a plant damaged by pests with chewed edges and green leaves,2,pest_risk,blip_caption
a plant damaged by pests with chewed edges and green leaves on a gray surface,2,pest_risk,blip_caption
a crop leaf with insect damage and feeding holes showing the growth of the leaves,2,pest_risk,blip_caption
a diseased plant leaf with fungal spots showing brown spots on the underside of the leaf,3,disease_risk,blip_caption
a plant leaf with yellowing chlorosis showing the structure of the leaf,1,nutrient_def,blip_caption
a crop leaf with insect damage and feeding holes showing on the underside of the leaf,2,pest_risk,blip_caption
a drought stressed plant with dry curling leaves and dirt on the ground,0,water_stress,blip_caption
a plant damaged by pests with chewed edges and green leaves,2,pest_risk,blip_caption
a plant leaf with yellowing chlorosis showing the damage,1,nutrient_def,blip_caption
a crop leaf with insect damage and feeding holes showing the growth of the leaves,2,pest_risk,blip_caption
a plant damaged by pests with chewed edges and green leaves,2,pest_risk,blip_caption
a drought stressed plant with dry curling leaves and brown spots on the leaves,0,water_stress,blip_caption
a plant damaged by pests with chewed edges and green leaves,2,pest_risk,blip_caption
a crop plant with heat damage wilted tips and brown spots on a leaf,4,heat_stress,blip_caption
a pale discoloured leaf with nutrient deficiency and mildness on it,1,nutrient_def,blip_caption
a crop leaf with insect damage and feeding holes showing the size of the leaves,2,pest_risk,blip_caption
a drought stressed plant with dry curling leaves and brown spots on it,0,water_stress,blip_caption
a drought stressed plant with dry curling leaves and brown spots on the leaves,0,water_stress,blip_caption
a heat stressed plant with scorched brown leaf tips showing red and brown spots,4,heat_stress,blip_caption
a plant damaged by pests with chewed edges and green leaves,2,pest_risk,blip_caption
a crop plant with heat damage wilted tips and brown spots,4,heat_stress,blip_caption
a plant leaf with yellowing chlorosis showing on the surface of a table,1,nutrient_def,blip_caption
a pale discoloured leaf with nutrient deficiency and mildness on it,1,nutrient_def,blip_caption
a wilting crop plant with drooping leaves showing brown spots,0,water_stress,blip_caption
a pale discoloured leaf with nutrient deficiency and green veins,1,nutrient_def,blip_caption
a plant leaf with yellowing chlorosis showing on a gray surface,1,nutrient_def,blip_caption
a heat stressed plant with scorched brown leaf tips showing brown spots on the leaves,4,heat_stress,blip_caption
a drought stressed plant with dry curling leaves and brown spots,0,water_stress,blip_caption
a plant damaged by pests with chewed edges and green leaves,2,pest_risk,blip_caption
a plant damaged by pests with chewed edges and green leaves,2,pest_risk,blip_caption
a pale discoloured leaf with nutrient deficiency and green algae on a gray surface,1,nutrient_def,blip_caption
a crop plant with heat damage wilted tips and brown spots on a leaf,4,heat_stress,blip_caption
a crop leaf with insect damage and feeding holes showing the size of the leaf,2,pest_risk,blip_caption
a pale discoloured leaf with nutrient deficiency and bloating,1,nutrient_def,blip_caption
a plant leaf with yellowing chlorosis showing green leaves on a gray surface,1,nutrient_def,blip_caption
a crop leaf with insect damage and feeding holes showing the growth of the leaves,2,pest_risk,blip_caption
a pale discoloured leaf with nutrient deficiency and green veins,1,nutrient_def,blip_caption
a crop plant with heat damage wilted tips and brown spots,4,heat_stress,blip_caption
a diseased plant leaf with fungal spots showing signs of wilt,3,disease_risk,blip_caption
a plant damaged by pests with chewed edges and brown spots on a leaf,2,pest_risk,blip_caption
a diseased plant leaf with fungal spots showing brown spots on it,3,disease_risk,blip_caption
a diseased plant leaf with fungal spots showing the damage of the leaves,3,disease_risk,blip_caption
a plant leaf with yellowing chlorosis showing on a surface,1,nutrient_def,blip_caption
a crop plant with heat damage wilted tips and leaves on the ground,4,heat_stress,blip_caption
an infected crop leaf with blight and lesions and white spots on the leaves,3,disease_risk,blip_caption
a diseased plant leaf with fungal spots showing the damage of it ' s leaves,3,disease_risk,blip_caption
a crop plant with heat damage wilted tips and brown spots on a leaf,4,heat_stress,blip_caption
a crop leaf with insect damage and feeding holes showing the growth of the leaves,2,pest_risk,blip_caption
an infected crop leaf with blight and lesions and brown spots on the leaves,3,disease_risk,blip_caption
a plant damaged by pests with chewed edges and green leaves,2,pest_risk,blip_caption
a plant leaf with yellowing chlorosis showing the green leaves,1,nutrient_def,blip_caption
an infected crop leaf with blight and lesions and a brown spot on the leaf,3,disease_risk,blip_caption
a plant damaged by pests with chewed edges and green leaves,2,pest_risk,blip_caption
an infected crop leaf with blight and lesions and a brown stem,3,disease_risk,blip_caption
a diseased plant leaf with fungal spots showing signs of blemching,3,disease_risk,blip_caption
a pale discoloured leaf with nutrient deficiency and blemching,1,nutrient_def,blip_caption
a diseased plant leaf with fungal spots showing brown and green leaves,3,disease_risk,blip_caption
a pale discoloured leaf with nutrient deficiency and wilt on it,1,nutrient_def,blip_caption
a crop plant with heat damage wilted tips and green leaves,4,heat_stress,blip_caption
an infected crop leaf with blight and lesions and brown spots on it,3,disease_risk,blip_caption
a crop leaf with insect damage and feeding holes showing the growth of the leaves,2,pest_risk,blip_caption
a plant leaf with yellowing chlorosis showing the damage of it ' s leaves,1,nutrient_def,blip_caption
a plant leaf with yellowing chlorosis showing brown spots on it,1,nutrient_def,blip_caption
a heat stressed plant with scorched brown leaf tips showing red spots on the leaves,4,heat_stress,blip_caption
a plant leaf with yellowing chlorosis showing the structure of the leaves,1,nutrient_def,blip_caption
an infected crop leaf with blight and lesions and brown spots on it,3,disease_risk,blip_caption
a crop leaf with insect damage and feeding holes showing the size of the leaf,2,pest_risk,blip_caption
a plant leaf with yellowing chlorosis showing the growth of it ' s leaves,1,nutrient_def,blip_caption
a pale discoloured leaf with nutrient deficiency and mildness,1,nutrient_def,blip_caption
a crop plant with heat damage wilted tips and brown spots on a leaf,4,heat_stress,blip_caption
a wilting crop plant with drooping leaves showing brown spots,0,water_stress,blip_caption
a crop plant with heat damage wilted tips and brown spots,4,heat_stress,blip_caption
a wilting crop plant with drooping leaves showing brown spots,0,water_stress,blip_caption
a crop plant with heat damage wilted tips and brown spots,4,heat_stress,blip_caption
a diseased plant leaf with fungal spots showing signs of blemching,3,disease_risk,blip_caption
a crop plant with heat damage wilted tips and brown spots on a leaf,4,heat_stress,blip_caption
a crop plant with heat damage wilted tips and brown spots on a leaf,4,heat_stress,blip_caption
a drought stressed plant with dry curling leaves and brown spots on the leaves,0,water_stress,blip_caption
a plant damaged by pests with chewed edges and green leaves,2,pest_risk,blip_caption
a heat stressed plant with scorched brown leaf tips showing black spots,4,heat_stress,blip_caption
a plant leaf with yellowing chlorosis showing on a brown surface,1,nutrient_def,blip_caption
a diseased plant leaf with fungal spots showing signs of blemching,3,disease_risk,blip_caption
a crop plant with heat damage wilted tips and brown spots on a leaf,4,heat_stress,blip_caption
a plant damaged by pests with chewed edges and brown spots on the leaves,2,pest_risk,blip_caption
a plant damaged by pests with chewed edges and green leaves,2,pest_risk,blip_caption
a drought stressed plant with dry curling leaves and brown spots on it,0,water_stress,blip_caption
a plant damaged by pests with chewed edges and green leaves,2,pest_risk,blip_caption
a heat stressed plant with scorched brown leaf tips showing red and green leaves,4,heat_stress,blip_caption
a crop plant with heat damage wilted tips and brown spots on a leaf,4,heat_stress,blip_caption
a plant leaf with yellowing chlorosis showing green leaves,1,nutrient_def,blip_caption
a plant leaf with yellowing chlorosis showing the damage of it ' s leaves,1,nutrient_def,blip_caption
a wilting crop plant with drooping leaves showing brown spots,0,water_stress,blip_caption
an infected crop leaf with blight and lesions and white spots on it,3,disease_risk,blip_caption
a plant damaged by pests with chewed edges and green leaves on a gray surface,2,pest_risk,blip_caption
a diseased plant leaf with fungal spots showing signs of blight,3,disease_risk,blip_caption
an infected crop leaf with blight and lesions and brown spots on it,3,disease_risk,blip_caption
a crop plant with heat damage wilted tips and leaves growing out of the base of a grave,4,heat_stress,blip_caption
a crop leaf with insect damage and feeding holes showing on the underside of the leaf,2,pest_risk,blip_caption
a crop plant with heat damage wilted tips and brown spots on a leaf,4,heat_stress,blip_caption
a wilting crop plant with drooping leaves showing green and yellow,0,water_stress,blip_caption
a crop leaf with insect damage and feeding holes showing the growth of the leaves,2,pest_risk,blip_caption
a drought stressed plant with dry curling leaves and brown spots,0,water_stress,blip_caption
a crop plant with heat damage wilted tips and brown spots on a leaf,4,heat_stress,blip_caption
a heat stressed plant with scorched brown leaf tips showing red and green leaves,4,heat_stress,blip_caption
an infected crop leaf with blight and lesions and brown spots on the leaves,3,disease_risk,blip_caption
a drought stressed plant with dry curling leaves and brown spots on the leaves,0,water_stress,blip_caption
a crop plant with heat damage wilted tips and brown spots,4,heat_stress,blip_caption
a plant damaged by pests with chewed edges and green leaves,2,pest_risk,blip_caption
a crop leaf with insect damage and feeding holes showing on the surface of the ground,2,pest_risk,blip_caption
a crop plant with heat damage wilted tips and brown spots on a leaf,4,heat_stress,blip_caption
an infected crop leaf with blight and lesions and brown spots on the leaves,3,disease_risk,blip_caption
a plant leaf with yellowing chlorosis showing on the surface of the ground,1,nutrient_def,blip_caption
a wilting crop plant with drooping leaves showing brown spots,0,water_stress,blip_caption
a crop leaf with insect damage and feeding holes showing the growth of the leaves,2,pest_risk,blip_caption
a drought stressed plant with dry curling leaves and wilt on it,0,water_stress,blip_caption
a wilting crop plant with drooping leaves showing brown spots,0,water_stress,blip_caption
a drought stressed plant with dry curling leaves and brown spots,0,water_stress,blip_caption
a wilting crop plant with drooping leaves showing brown spots,0,water_stress,blip_caption
a pale discoloured leaf with nutrient deficiency and mildness,1,nutrient_def,blip_caption
a plant leaf with yellowing chlorosis showing brown spots on it,1,nutrient_def,blip_caption
a heat stressed plant with scorched brown leaf tips showing brown spots on the leaf,4,heat_stress,blip_caption
a crop leaf with insect damage and feeding holes showing the size of the leaf,2,pest_risk,blip_caption
a wilting crop plant with drooping leaves showing brown spots,0,water_stress,blip_caption
a diseased plant leaf with fungal spots showing signs of blemching,3,disease_risk,blip_caption
a plant leaf with yellowing chlorosis showing on a gray surface,1,nutrient_def,blip_caption
a diseased plant leaf with fungal spots showing brown spots on the leaves,3,disease_risk,blip_caption
a plant damaged by pests with chewed edges and green leaves,2,pest_risk,blip_caption
a crop plant with heat damage wilted tips and green leaves,4,heat_stress,blip_caption
a crop leaf with insect damage and feeding holes showing the brown spots on the leaves,2,pest_risk,blip_caption
a drought stressed plant with dry curling leaves and brown spots on it,0,water_stress,blip_caption
a plant damaged by pests with chewed edges and green leaves,2,pest_risk,blip_caption
a crop plant with heat damage wilted tips and brown spots on a leaf,4,heat_stress,blip_caption
a crop leaf with insect damage and feeding holes showing on the underside of the leaf,2,pest_risk,blip_caption
a heat stressed plant with scorched brown leaf tips showing signs of blemching,4,heat_stress,blip_caption
a pale discoloured leaf with nutrient deficiency and antioxutants,1,nutrient_def,blip_caption
a crop plant with heat damage wilted tips and brown spots,4,heat_stress,blip_caption
a wilting crop plant with drooping leaves showing brown spots,0,water_stress,blip_caption
a wilting crop plant with drooping leaves showing brown spots,0,water_stress,blip_caption
a plant leaf with yellowing chlorosis showing on the surface,1,nutrient_def,blip_caption
a plant leaf with yellowing chlorosis showing brown spots on it,1,nutrient_def,blip_caption
a diseased plant leaf with fungal spots showing the damage of the leaves,3,disease_risk,blip_caption
a plant leaf with yellowing chlorosis showing green leaves,1,nutrient_def,blip_caption
a heat stressed plant with scorched brown leaf tips showing red and black spots,4,heat_stress,blip_caption
a wilting crop plant with drooping leaves showing brown spots,0,water_stress,blip_caption
a crop leaf with insect damage and feeding holes showing the size of the leaf,2,pest_risk,blip_caption
an infected crop leaf with blight and lesions and brown spots on it,3,disease_risk,blip_caption
a crop leaf with insect damage and feeding holes showing the size of the leaves,2,pest_risk,blip_caption
a drought stressed plant with dry curling leaves and brown spots,0,water_stress,blip_caption
a drought stressed plant with dry curling leaves and brown spots,0,water_stress,blip_caption
a crop plant with heat damage wilted tips and brown spots on the leaves,4,heat_stress,blip_caption
a drought stressed plant with dry curling leaves and brown spots,0,water_stress,blip_caption
a plant leaf with yellowing chlorosis showing on a gray surface,1,nutrient_def,blip_caption
a wilting crop plant with drooping leaves showing the damage of it ' s leaves,0,water_stress,blip_caption
a wilting crop plant with drooping leaves showing brown blotch,0,water_stress,blip_caption
an infected crop leaf with blight and lesions and brown spots on it,3,disease_risk,blip_caption
a pale discoloured leaf with nutrient deficiency and mildness,1,nutrient_def,blip_caption
a pale discoloured leaf with nutrient deficiency and green veins,1,nutrient_def,blip_caption
a crop plant with heat damage wilted tips and brown spots,4,heat_stress,blip_caption
a plant damaged by pests with chewed edges and green leaves,2,pest_risk,blip_caption
a plant leaf with yellowing chlorosis showing on it,1,nutrient_def,blip_caption
a drought stressed plant with dry curling leaves and brown spots,0,water_stress,blip_caption
a heat stressed plant with scorched brown leaf tips showing red and green spots,4,heat_stress,blip_caption
a crop plant with heat damage wilted tips and green leaves,4,heat_stress,blip_caption
a pale discoloured leaf with nutrient deficiency and mildness on it,1,nutrient_def,blip_caption
a heat stressed plant with scorched brown leaf tips showing red and green leaves,4,heat_stress,blip_caption
an infected crop leaf with blight and lesions and brown spots on it,3,disease_risk,blip_caption
an infected crop leaf with blight and lesions and brown spots,3,disease_risk,blip_caption
a heat stressed plant with scorched brown leaf tips showing black spots,4,heat_stress,blip_caption
a crop plant with heat damage wilted tips and green leaves,4,heat_stress,blip_caption
an infected crop leaf with blight and lesions and brown spots on the leaves,3,disease_risk,blip_caption
a crop leaf with insect damage and feeding holes showing the growth of the leaves,2,pest_risk,blip_caption
a pale discoloured leaf with nutrient deficiency and bleaching,1,nutrient_def,blip_caption
a crop plant with heat damage wilted tips and brown spots,4,heat_stress,blip_caption
a plant damaged by pests with chewed edges and green leaves,2,pest_risk,blip_caption
a plant leaf with yellowing chlorosis showing on the surface of a carpet,1,nutrient_def,blip_caption
a plant damaged by pests with chewed edges and green leaves,2,pest_risk,blip_caption
a crop plant with heat damage wilted tips and brown spots on a leaf,4,heat_stress,blip_caption
a crop leaf with insect damage and feeding holes showing the growth of the leaves,2,pest_risk,blip_caption
a plant damaged by pests with chewed edges and green leaves,2,pest_risk,blip_caption
a plant damaged by pests with chewed edges and green leaves,2,pest_risk,blip_caption
a wilting crop plant with drooping leaves showing brown spots,0,water_stress,blip_caption
a plant leaf with yellowing chlorosis showing the structure of the leaves,1,nutrient_def,blip_caption
an infected crop leaf with blight and lesions and brown spots,3,disease_risk,blip_caption
"a drought stressed plant with dry curling leaves and brown, yellow, and green markings",0,water_stress,blip_caption
an infected crop leaf with blight and lesions and brown spots on it,3,disease_risk,blip_caption
a drought stressed plant with dry curling leaves and brown spots on the underside of the leaf,0,water_stress,blip_caption
a drought stressed plant with dry curling leaves and brown spots,0,water_stress,blip_caption
a plant damaged by pests with chewed edges and brown spots on the leaves,2,pest_risk,blip_caption
a pale discoloured leaf with nutrient deficiency and antioxutant,1,nutrient_def,blip_caption
a crop leaf with insect damage and feeding holes showing the growth of the leaves,2,pest_risk,blip_caption
a crop plant with heat damage wilted tips and brown spots on a leaf,4,heat_stress,blip_caption
a pale discoloured leaf with nutrient deficiency and wilt on it,1,nutrient_def,blip_caption
a plant damaged by pests with chewed edges and green leaves,2,pest_risk,blip_caption
a wilting crop plant with drooping leaves showing brown spots,0,water_stress,blip_caption
a diseased plant leaf with fungal spots showing signs of blemching,3,disease_risk,blip_caption
a drought stressed plant with dry curling leaves and brown spots,0,water_stress,blip_caption
a drought stressed plant with dry curling leaves and brown spots,0,water_stress,blip_caption
a heat stressed plant with scorched brown leaf tips showing red and black spots,4,heat_stress,blip_caption
a crop leaf with insect damage and feeding holes showing the brown spots on the leaves,2,pest_risk,blip_caption
a wilting crop plant with drooping leaves showing brown spots,0,water_stress,blip_caption
a crop leaf with insect damage and feeding holes showing the growth of the leaves,2,pest_risk,blip_caption
a crop leaf with insect damage and feeding holes showing the growth of the leaves,2,pest_risk,blip_caption
an infected crop leaf with blight and lesions and brown spots,3,disease_risk,blip_caption
a crop leaf with insect damage and feeding holes showing the size of the leaves,2,pest_risk,blip_caption
a drought stressed plant with dry curling leaves and brown spots,0,water_stress,blip_caption
a diseased plant leaf with fungal spots showing the growth of it ' s leaves,3,disease_risk,blip_caption
a heat stressed plant with scorched brown leaf tips showing red and green leaves,4,heat_stress,blip_caption
a crop plant with heat damage wilted tips and brown spots on a leaf,4,heat_stress,blip_caption
a pale discoloured leaf with nutrient deficiency and mildness on it,1,nutrient_def,blip_caption
a crop leaf with insect damage and feeding holes showing the growth of the leaves,2,pest_risk,blip_caption
a crop plant with heat damage wilted tips and brown spots on a leaf,4,heat_stress,blip_caption
a plant damaged by pests with chewed edges and green leaves,2,pest_risk,blip_caption
a wilting crop plant with drooping leaves showing brown spots on the leaf,0,water_stress,blip_caption
a crop plant with heat damage wilted tips and brown spots on the leaves,4,heat_stress,blip_caption
a plant leaf with yellowing chlorosis showing the green color,1,nutrient_def,blip_caption
a plant leaf with yellowing chlorosis showing it ' s green leaves,1,nutrient_def,blip_caption
a drought stressed plant with dry curling leaves and brown spots on the underside of the leaf,0,water_stress,blip_caption
a heat stressed plant with scorched brown leaf tips showing red and green spots,4,heat_stress,blip_caption
a wilting crop plant with drooping leaves showing brown spots,0,water_stress,blip_caption
a crop leaf with insect damage and feeding holes showing the size of the leaf,2,pest_risk,blip_caption
a plant damaged by pests with chewed edges and green leaves,2,pest_risk,blip_caption
a diseased plant leaf with fungal spots showing signs of blemching,3,disease_risk,blip_caption
a plant damaged by pests with chewed edges and green leaves,2,pest_risk,blip_caption
a wilting crop plant with drooping leaves showing brown spots,0,water_stress,blip_caption
a heat stressed plant with scorched brown leaf tips showing brown spots on the leaves,4,heat_stress,blip_caption
an infected crop leaf with blight and lesions and brown spots,3,disease_risk,blip_caption
an infected crop leaf with blight and lesions and brown spots on the leaves,3,disease_risk,blip_caption
an infected crop leaf with blight and lesions and brown spots on it,3,disease_risk,blip_caption
a drought stressed plant with dry curling leaves and brown spots on it,0,water_stress,blip_caption
a pale discoloured leaf with nutrient deficiency and green veins,1,nutrient_def,blip_caption
a diseased plant leaf with fungal spots showing brown spots on the leaves,3,disease_risk,blip_caption
a heat stressed plant with scorched brown leaf tips showing rust on the leaves,4,heat_stress,blip_caption
an infected crop leaf with blight and lesions and brown spots on it,3,disease_risk,blip_caption
a drought stressed plant with dry curling leaves and brown spots on the underside of the leaf,0,water_stress,blip_caption
a pale discoloured leaf with nutrient deficiency and mildness,1,nutrient_def,blip_caption
a pale discoloured leaf with nutrient deficiency and mildness,1,nutrient_def,blip_caption
a drought stressed plant with dry curling leaves and rust on the underside of the leaf,0,water_stress,blip_caption
a pale discoloured leaf with nutrient deficiency and mildness on it,1,nutrient_def,blip_caption
a wilting crop plant with drooping leaves showing brown spots on the leaf,0,water_stress,blip_caption
a pale discoloured leaf with nutrient deficiency and mildness on the surface of the leaf,1,nutrient_def,blip_caption
a wilting crop plant with drooping leaves showing brown spots on the leaf,0,water_stress,blip_caption
a diseased plant leaf with fungal spots showing brown and white spots,3,disease_risk,blip_caption
a crop plant with heat damage wilted tips and brown spots on a leaf,4,heat_stress,blip_caption
a heat stressed plant with scorched brown leaf tips showing black spots on the leaves,4,heat_stress,blip_caption
a drought stressed plant with dry curling leaves and brown spots on it,0,water_stress,blip_caption
a pale discoloured leaf with nutrient deficiency and mildness,1,nutrient_def,blip_caption
a heat stressed plant with scorched brown leaf tips showing signs of wilt,4,heat_stress,blip_caption
a crop plant with heat damage wilted tips and brown spots on a leaf,4,heat_stress,blip_caption
a plant leaf with yellowing chlorosis showing on the surface of the ground,1,nutrient_def,blip_caption
a crop leaf with insect damage and feeding holes showing the size of the leaf,2,pest_risk,blip_caption
a heat stressed plant with scorched brown leaf tips showing black spots,4,heat_stress,blip_caption
a wilting crop plant with drooping leaves showing brown spots,0,water_stress,blip_caption
a pale discoloured leaf with nutrient deficiency and green veins,1,nutrient_def,blip_caption
a plant damaged by pests with chewed edges and brown spots on the leaves,2,pest_risk,blip_caption
a plant damaged by pests with chewed edges and green leaves,2,pest_risk,blip_caption
a plant damaged by pests with chewed edges and green leaves,2,pest_risk,blip_caption
a crop leaf with insect damage and feeding holes showing the size of the leaf,2,pest_risk,blip_caption
a plant leaf with yellowing chlorosis showing on the surface,1,nutrient_def,blip_caption
a crop plant with heat damage wilted tips and brown spots on a leaf,4,heat_stress,blip_caption
a wilting crop plant with drooping leaves showing brown spots,0,water_stress,blip_caption
a plant leaf with yellowing chlorosis showing it ' s green leaves,1,nutrient_def,blip_caption
a wilting crop plant with drooping leaves showing brown spots,0,water_stress,blip_caption
a plant damaged by pests with chewed edges and green leaves,2,pest_risk,blip_caption
a crop leaf with insect damage and feeding holes showing the growth of the leaves,2,pest_risk,blip_caption
a plant leaf with yellowing chlorosis showing on the surface,1,nutrient_def,blip_caption
a diseased plant leaf with fungal spots showing brown spots on the leaves,3,disease_risk,blip_caption
a plant damaged by pests with chewed edges and green leaves,2,pest_risk,blip_caption
a crop leaf with insect damage and feeding holes showing the growth of the leaves,2,pest_risk,blip_caption
an infected crop leaf with blight and lesions and brown spots on it,3,disease_risk,blip_caption
a wilting crop plant with drooping leaves showing brown spots,0,water_stress,blip_caption
a pale discoloured leaf with nutrient deficiency and mildness,1,nutrient_def,blip_caption
a plant damaged by pests with chewed edges and green leaves,2,pest_risk,blip_caption
a heat stressed plant with scorched brown leaf tips showing signs of growth,4,heat_stress,blip_caption
a diseased plant leaf with fungal spots showing signs of blemching,3,disease_risk,blip_caption
a plant damaged by pests with chewed edges and green leaves,2,pest_risk,blip_caption
a diseased plant leaf with fungal spots showing the damage of it ' s leaves,3,disease_risk,blip_caption
an infected crop leaf with blight and lesions and brown spots on the leaves,3,disease_risk,blip_caption
a crop leaf with insect damage and feeding holes showing on the surface of the sand,2,pest_risk,blip_caption
a crop plant with heat damage wilted tips and brown spots,4,heat_stress,blip_caption
a plant leaf with yellowing chlorosis showing on a gray surface,1,nutrient_def,blip_caption
a heat stressed plant with scorched brown leaf tips showing red and green leaves,4,heat_stress,blip_caption
a wilting crop plant with drooping leaves showing yellow and brown spots,0,water_stress,blip_caption
a wilting crop plant with drooping leaves showing signs of blemching,0,water_stress,blip_caption
an infected crop leaf with blight and lesions and white spots on it,3,disease_risk,blip_caption
a crop plant with heat damage wilted tips and green leaves,4,heat_stress,blip_caption
a diseased plant leaf with fungal spots showing brown spots on the leaves,3,disease_risk,blip_caption
a crop leaf with insect damage and feeding holes showing on the underside of the leaf,2,pest_risk,blip_caption
a diseased plant leaf with fungal spots showing brown spots on it,3,disease_risk,blip_caption
a plant damaged by pests with chewed edges and green leaves,2,pest_risk,blip_caption
a heat stressed plant with scorched brown leaf tips showing red and green leaves,4,heat_stress,blip_caption
a crop plant with heat damage wilted tips and brown spots on a leaf,4,heat_stress,blip_caption
an infected crop leaf with blight and lesions and mildness on the leaves,3,disease_risk,blip_caption
a diseased plant leaf with fungal spots showing signs of blight,3,disease_risk,blip_caption
a plant damaged by pests with chewed edges and green leaves,2,pest_risk,blip_caption
a diseased plant leaf with fungal spots showing the damage of the leaves,3,disease_risk,blip_caption
a crop plant with heat damage wilted tips and green leaves,4,heat_stress,blip_caption
a crop leaf with insect damage and feeding holes showing on the underside of the leaf,2,pest_risk,blip_caption
a crop plant with heat damage wilted tips and brown spots,4,heat_stress,blip_caption
an infected crop leaf with blight and lesions and brown spots on the leaves,3,disease_risk,blip_caption
a crop leaf with insect damage and feeding holes showing the size of the leaf,2,pest_risk,blip_caption
a heat stressed plant with scorched brown leaf tips showing red and green spots,4,heat_stress,blip_caption
a plant leaf with yellowing chlorosis showing green leaves and brown spots,1,nutrient_def,blip_caption
a drought stressed plant with dry curling leaves and brown spots on the leaves,0,water_stress,blip_caption
a pale discoloured leaf with nutrient deficiency and mildness on lettuce,1,nutrient_def,blip_caption
a crop plant with heat damage wilted tips and brown spots,4,heat_stress,blip_caption
a crop plant with heat damage wilted tips and brown spots on a leaf,4,heat_stress,blip_caption
a plant damaged by pests with chewed edges and green leaves,2,pest_risk,blip_caption
a pale discoloured leaf with nutrient deficiency and brown spots,1,nutrient_def,blip_caption
a diseased plant leaf with fungal spots showing signs of blemching,3,disease_risk,blip_caption
a heat stressed plant with scorched brown leaf tips showing brown spots on the leaves,4,heat_stress,blip_caption
a wilting crop plant with drooping leaves showing brown spots on the leaves,0,water_stress,blip_caption
a plant leaf with yellowing chlorosis showing on the surface,1,nutrient_def,blip_caption
a crop plant with heat damage wilted tips and brown spots on a leaf,4,heat_stress,blip_caption
a plant leaf with yellowing chlorosis showing on a gray surface,1,nutrient_def,blip_caption
a crop leaf with insect damage and feeding holes showing the growth of the leaves,2,pest_risk,blip_caption
an infected crop leaf with blight and lesions and brown spots on it,3,disease_risk,blip_caption
a drought stressed plant with dry curling leaves and brown spots,0,water_stress,blip_caption
a crop plant with heat damage wilted tips and brown spots,4,heat_stress,blip_caption
an infected crop leaf with blight and lesions and brown spots,3,disease_risk,blip_caption
a diseased plant leaf with fungal spots showing signs of blight,3,disease_risk,blip_caption
a pale discoloured leaf with nutrient deficiency and mildness,1,nutrient_def,blip_caption
a drought stressed plant with dry curling leaves and brown spots on it,0,water_stress,blip_caption
a drought stressed plant with dry curling leaves and brown spots on it,0,water_stress,blip_caption
an infected crop leaf with blight and lesions and brown spots on it,3,disease_risk,blip_caption
a plant leaf with yellowing chlorosis showing the green leaves,1,nutrient_def,blip_caption
a diseased plant leaf with fungal spots showing the growth of the leaves,3,disease_risk,blip_caption
a heat stressed plant with scorched brown leaf tips showing signs of blemching,4,heat_stress,blip_caption
a drought stressed plant with dry curling leaves and brown spots,0,water_stress,blip_caption
a pale discoloured leaf with nutrient deficiency and mildness on it,1,nutrient_def,blip_caption
a drought stressed plant with dry curling leaves and brown spots,0,water_stress,blip_caption
a diseased plant leaf with fungal spots showing the damage of the leaves,3,disease_risk,blip_caption
a diseased plant leaf with fungal spots showing brown and green leaves,3,disease_risk,blip_caption
a drought stressed plant with dry curling leaves and brown spots on it,0,water_stress,blip_caption
a wilting crop plant with drooping leaves showing brown spots,0,water_stress,blip_caption
a diseased plant leaf with fungal spots showing signs of blemching,3,disease_risk,blip_caption
a crop plant with heat damage wilted tips and brown spots on a leaf,4,heat_stress,blip_caption
a crop leaf with insect damage and feeding holes showing the size of the leaf,2,pest_risk,blip_caption
a plant leaf with yellowing chlorosis showing on the surface,1,nutrient_def,blip_caption
a pale discoloured leaf with nutrient deficiency and brown spots on it,1,nutrient_def,blip_caption
a pale discoloured leaf with nutrient deficiency and green veins,1,nutrient_def,blip_caption
a wilting crop plant with drooping leaves showing brown spots on the leaf,0,water_stress,blip_caption
a heat stressed plant with scorched brown leaf tips showing red and green spots,4,heat_stress,blip_caption
a pale discoloured leaf with nutrient deficiency and green pigment on it,1,nutrient_def,blip_caption
a crop plant with heat damage wilted tips and brown spots on a leaf,4,heat_stress,blip_caption
an infected crop leaf with blight and lesions and brown spots on the leaves,3,disease_risk,blip_caption
a heat stressed plant with scorched brown leaf tips showing red and green leaves,4,heat_stress,blip_caption
a plant leaf with yellowing chlorosis showing the damage of it ' s leaves,1,nutrient_def,blip_caption
an infected crop leaf with blight and lesions and brown spots,3,disease_risk,blip_caption
an infected crop leaf with blight and lesions and brown spots on it,3,disease_risk,blip_caption
an infected crop leaf with blight and lesions and white spots on the leaves,3,disease_risk,blip_caption
an infected crop leaf with blight and lesions and brown spots on the leaves,3,disease_risk,blip_caption
a pale discoloured leaf with nutrient deficiency and bloating,1,nutrient_def,blip_caption
a pale discoloured leaf with nutrient deficiency and green veins,1,nutrient_def,blip_caption
a heat stressed plant with scorched brown leaf tips showing red and green leaves,4,heat_stress,blip_caption
an infected crop leaf with blight and lesions and brown spots on it,3,disease_risk,blip_caption
a plant leaf with yellowing chlorosis showing the structure of the leaves,1,nutrient_def,blip_caption
a drought stressed plant with dry curling leaves and brown spots,0,water_stress,blip_caption
a crop plant with heat damage wilted tips and brown spots on a leaf,4,heat_stress,blip_caption
an infected crop leaf with blight and lesions and brown spots on the leaves,3,disease_risk,blip_caption
an infected crop leaf with blight and lesions and brown spots,3,disease_risk,blip_caption
a wilting crop plant with drooping leaves showing brown spots,0,water_stress,blip_caption
a crop plant with heat damage wilted tips and green leaves,4,heat_stress,blip_caption
a crop leaf with insect damage and feeding holes showing the size of the leaf,2,pest_risk,blip_caption
a heat stressed plant with scorched brown leaf tips showing rust on the leaves,4,heat_stress,blip_caption
a plant leaf with yellowing chlorosis showing growth,1,nutrient_def,blip_caption
a pale discoloured leaf with nutrient deficiency and mildness on the leaves,1,nutrient_def,blip_caption
a crop plant with heat damage wilted tips and brown spots on a leaf,4,heat_stress,blip_caption
a drought stressed plant with dry curling leaves and brown spots on the leaf,0,water_stress,blip_caption
a diseased plant leaf with fungal spots showing brown spots on the leaves,3,disease_risk,blip_caption
a crop plant with heat damage wilted tips and green leaves,4,heat_stress,blip_caption
a crop plant with heat damage wilted tips and brown spots on a leaf,4,heat_stress,blip_caption
a crop leaf with insect damage and feeding holes showing on the underside of the leaf,2,pest_risk,blip_caption
an infected crop leaf with blight and lesions and brown spots on it,3,disease_risk,blip_caption
an infected crop leaf with blight and lesions and brown spots,3,disease_risk,blip_caption
an infected crop leaf with blight and lesions and white spots on it,3,disease_risk,blip_caption
a heat stressed plant with scorched brown leaf tips showing red and green leaves,4,heat_stress,blip_caption
a plant leaf with yellowing chlorosis showing on it ' s surface,1,nutrient_def,blip_caption
a drought stressed plant with dry curling leaves and brown spots on it,0,water_stress,blip_caption
a wilting crop plant with drooping leaves showing yellow and brown spots,0,water_stress,blip_caption
a heat stressed plant with scorched brown leaf tips showing red and green spots,4,heat_stress,blip_caption
an infected crop leaf with blight and lesions and brown spots on the leaves,3,disease_risk,blip_caption
a plant leaf with yellowing chlorosis showing on a gray surface,1,nutrient_def,blip_caption
a plant leaf with yellowing chlorosis showing on a gray surface,1,nutrient_def,blip_caption
a diseased plant leaf with fungal spots showing brown spots on the leaves,3,disease_risk,blip_caption
a crop leaf with insect damage and feeding holes showing the size of the leaf,2,pest_risk,blip_caption
a plant damaged by pests with chewed edges and green leaves on a purple surface,2,pest_risk,blip_caption
a crop leaf with insect damage and feeding holes showing the brown spots on the leaf,2,pest_risk,blip_caption
a plant damaged by pests with chewed edges and brown spots on a leaf,2,pest_risk,blip_caption
a heat stressed plant with scorched brown leaf tips showing rust and blotch,4,heat_stress,blip_caption
a crop leaf with insect damage and feeding holes showing the size of the leaves,2,pest_risk,blip_caption
a plant leaf with yellowing chlorosis showing on a gray surface,1,nutrient_def,blip_caption
an infected crop leaf with blight and lesions and brown spots on the leaves,3,disease_risk,blip_caption
a crop leaf with insect damage and feeding holes showing the size of the leaf,2,pest_risk,blip_caption
a plant leaf with yellowing chlorosis showing on a table,1,nutrient_def,blip_caption
a pale discoloured leaf with nutrient deficiency and blemching,1,nutrient_def,blip_caption
a crop leaf with insect damage and feeding holes showing on the leaves,2,pest_risk,blip_caption
a wilting crop plant with drooping leaves showing brown spots on the leaf,0,water_stress,blip_caption
a pale discoloured leaf with nutrient deficiency and mildness,1,nutrient_def,blip_caption
a plant damaged by pests with chewed edges and green leaves,2,pest_risk,blip_caption
a plant leaf with yellowing chlorosis showing the brown spots on it,1,nutrient_def,blip_caption
an infected crop leaf with blight and lesions and brown spots,3,disease_risk,blip_caption
a diseased plant leaf with fungal spots showing signs of blemching,3,disease_risk,blip_caption
a wilting crop plant with drooping leaves showing brown spots on the leaf,0,water_stress,blip_caption
a plant damaged by pests with chewed edges and brown spots on a green leaf,2,pest_risk,blip_caption
a crop leaf with insect damage and feeding holes showing the size of the leaf,2,pest_risk,blip_caption
a wilting crop plant with drooping leaves showing brown and yellow spots,0,water_stress,blip_caption
a plant damaged by pests with chewed edges and green leaves,2,pest_risk,blip_caption
a heat stressed plant with scorched brown leaf tips showing red and green leaves,4,heat_stress,blip_caption
an infected crop leaf with blight and lesions and brown spots,3,disease_risk,blip_caption
a pale discoloured leaf with nutrient deficiency and yellow spots,1,nutrient_def,blip_caption
a plant leaf with yellowing chlorosis showing on a gray surface,1,nutrient_def,blip_caption
a plant damaged by pests with chewed edges and green leaves,2,pest_risk,blip_caption
a crop leaf with insect damage and feeding holes showing the growth of the leaves,2,pest_risk,blip_caption
a crop plant with heat damage wilted tips and brown spots on a leaf,4,heat_stress,blip_caption
an infected crop leaf with blight and lesions and brown spots on it,3,disease_risk,blip_caption
a heat stressed plant with scorched brown leaf tips showing red and yellow spots,4,heat_stress,blip_caption
a diseased plant leaf with fungal spots showing brown and green leaves,3,disease_risk,blip_caption
a plant damaged by pests with chewed edges and yellow spots on a leaf,2,pest_risk,blip_caption
a plant damaged by pests with chewed edges and green leaves,2,pest_risk,blip_caption
a plant leaf with yellowing chlorosis showing on it ' s surface,1,nutrient_def,blip_caption
an infected crop leaf with blight and lesions and brown spots on it,3,disease_risk,blip_caption
a crop plant with heat damage wilted tips and brown spots,4,heat_stress,blip_caption
a crop leaf with insect damage and feeding holes showing the growth of the leaves,2,pest_risk,blip_caption
a plant leaf with yellowing chlorosis showing the brown spots on it,1,nutrient_def,blip_caption
a pale discoloured leaf with nutrient deficiency and brown spots on it,1,nutrient_def,blip_caption
a drought stressed plant with dry curling leaves and brown spots on it,0,water_stress,blip_caption
a drought stressed plant with dry curling leaves and wilt on it,0,water_stress,blip_caption
a wilting crop plant with drooping leaves showing brown spots,0,water_stress,blip_caption
a crop leaf with insect damage and feeding holes showing on the underside of the leaf,2,pest_risk,blip_caption
a plant damaged by pests with chewed edges and green leaves,2,pest_risk,blip_caption
a plant damaged by pests with chewed edges and green leaves,2,pest_risk,blip_caption
a crop leaf with insect damage and feeding holes showing the brown spots on the leaves,2,pest_risk,blip_caption
a wilting crop plant with drooping leaves showing brown spots,0,water_stress,blip_caption
a plant leaf with yellowing chlorosis showing brown spots on it,1,nutrient_def,blip_caption
a pale discoloured leaf with nutrient deficiency and blemching,1,nutrient_def,blip_caption
a crop leaf with insect damage and feeding holes showing the growth of the leaves,2,pest_risk,blip_caption
a heat stressed plant with scorched brown leaf tips showing brown spots on the leaves,4,heat_stress,blip_caption
an infected crop leaf with blight and lesions and brown spots on it,3,disease_risk,blip_caption
a pale discoloured leaf with nutrient deficiency and antioxutant,1,nutrient_def,blip_caption
a wilting crop plant with drooping leaves showing brown spots on the underside of the leaf,0,water_stress,blip_caption
a crop plant with heat damage wilted tips and green leaves,4,heat_stress,blip_caption
a heat stressed plant with scorched brown leaf tips showing brown spots on the leaves,4,heat_stress,blip_caption
a plant damaged by pests with chewed edges and green leaves,2,pest_risk,blip_caption
a diseased plant leaf with fungal spots showing the damage of the leaves,3,disease_risk,blip_caption
a diseased plant leaf with fungal spots showing the damage of it ' s leaves,3,disease_risk,blip_caption
a plant leaf with yellowing chlorosis showing on the surface,1,nutrient_def,blip_caption
a heat stressed plant with scorched brown leaf tips showing red and black blotches,4,heat_stress,blip_caption
a crop plant with heat damage wilted tips and brown spots on a leaf,4,heat_stress,blip_caption
an infected crop leaf with blight and lesions and brown spots on it,3,disease_risk,blip_caption
an infected crop leaf with blight and lesions and brown spots on it,3,disease_risk,blip_caption
a wilting crop plant with drooping leaves showing brown spots on the leaves,0,water_stress,blip_caption
a crop leaf with insect damage and feeding holes showing the growth of the leaves,2,pest_risk,blip_caption
a drought stressed plant with dry curling leaves and brown spots on it,0,water_stress,blip_caption
a crop leaf with insect damage and feeding holes showing the size of the leaf,2,pest_risk,blip_caption
a drought stressed plant with dry curling leaves and brown spots on it,0,water_stress,blip_caption
a crop leaf with insect damage and feeding holes showing the size of the leaves,2,pest_risk,blip_caption
a plant damaged by pests with chewed edges and moldy leaves,2,pest_risk,blip_caption
a diseased plant leaf with fungal spots showing brown spots on it,3,disease_risk,blip_caption
a plant damaged by pests with chewed edges and green leaves,2,pest_risk,blip_caption
a drought stressed plant with dry curling leaves and brown spots on it,0,water_stress,blip_caption
a heat stressed plant with scorched brown leaf tips showing red and green leaves,4,heat_stress,blip_caption
a heat stressed plant with scorched brown leaf tips showing red and green spots,4,heat_stress,blip_caption
a diseased plant leaf with fungal spots showing signs of blemching,3,disease_risk,blip_caption
an infected crop leaf with blight and lesions and brown spots,3,disease_risk,blip_caption
a crop plant with heat damage wilted tips and brown spots on a leaf,4,heat_stress,blip_caption
a diseased plant leaf with fungal spots showing signs of cancer,3,disease_risk,blip_caption
a crop leaf with insect damage and feeding holes showing the shape of a leaf,2,pest_risk,blip_caption
a crop leaf with insect damage and feeding holes showing the size of the leaves,2,pest_risk,blip_caption
a diseased plant leaf with fungal spots showing signs of blemching,3,disease_risk,blip_caption
an infected crop leaf with blight and lesions and brown spots,3,disease_risk,blip_caption
a crop leaf with insect damage and feeding holes showing the size of the leaf,2,pest_risk,blip_caption
a pale discoloured leaf with nutrient deficiency and mildness on it,1,nutrient_def,blip_caption
a heat stressed plant with scorched brown leaf tips showing red and green leaves,4,heat_stress,blip_caption
a plant damaged by pests with chewed edges and green leaves,2,pest_risk,blip_caption
a plant leaf with yellowing chlorosis showing the brown spots on it,1,nutrient_def,blip_caption
a drought stressed plant with dry curling leaves and brown spots on it,0,water_stress,blip_caption
a wilting crop plant with drooping leaves showing brown and yellow blotches,0,water_stress,blip_caption
a heat stressed plant with scorched brown leaf tips showing growth,4,heat_stress,blip_caption
a diseased plant leaf with fungal spots showing green and brown,3,disease_risk,blip_caption
a pale discoloured leaf with nutrient deficiency and mildness on it,1,nutrient_def,blip_caption
a plant damaged by pests with chewed edges and green leaves,2,pest_risk,blip_caption
a plant leaf with yellowing chlorosis showing the damage,1,nutrient_def,blip_caption
a pale discoloured leaf with nutrient deficiency and mildness on it,1,nutrient_def,blip_caption
a heat stressed plant with scorched brown leaf tips showing brown spots on the leaves,4,heat_stress,blip_caption
a heat stressed plant with scorched brown leaf tips showing red and green leaves,4,heat_stress,blip_caption
a plant leaf with yellowing chlorosis showing it ' s green color,1,nutrient_def,blip_caption
a diseased plant leaf with fungal spots showing the growth of the leaves,3,disease_risk,blip_caption
a drought stressed plant with dry curling leaves and brown spots,0,water_stress,blip_caption
a crop leaf with insect damage and feeding holes showing the brown spots on the leaf,2,pest_risk,blip_caption
a drought stressed plant with dry curling leaves and brown spots on it,0,water_stress,blip_caption
a drought stressed plant with dry curling leaves and brown spots,0,water_stress,blip_caption
a plant damaged by pests with chewed edges and green leaves,2,pest_risk,blip_caption
a crop leaf with insect damage and feeding holes showing the growth of the leaves,2,pest_risk,blip_caption
a plant damaged by pests with chewed edges and green leaves,2,pest_risk,blip_caption
a diseased plant leaf with fungal spots showing brown spots on the leaves,3,disease_risk,blip_caption
an infected crop leaf with blight and lesions and brown spots on it,3,disease_risk,blip_caption
a diseased plant leaf with fungal spots showing brown spots on the leaves,3,disease_risk,blip_caption
a heat stressed plant with scorched brown leaf tips showing red spots,4,heat_stress,blip_caption
a heat stressed plant with scorched brown leaf tips showing red and black spots,4,heat_stress,blip_caption
a pale discoloured leaf with nutrient deficiency and mildness,1,nutrient_def,blip_caption
a crop leaf with insect damage and feeding holes showing the growth of the leaves,2,pest_risk,blip_caption
a plant damaged by pests with chewed edges and green leaves,2,pest_risk,blip_caption
a wilting crop plant with drooping leaves showing brown spots,0,water_stress,blip_caption
a pale discoloured leaf with nutrient deficiency and bloating,1,nutrient_def,blip_caption
a wilting crop plant with drooping leaves showing brown spots,0,water_stress,blip_caption
a pale discoloured leaf with nutrient deficiency and mildness,1,nutrient_def,blip_caption
a drought stressed plant with dry curling leaves and brown spots on the underside of the leaf,0,water_stress,blip_caption
a heat stressed plant with scorched brown leaf tips showing rust and blotch,4,heat_stress,blip_caption
a crop plant with heat damage wilted tips and brown spots on a leaf,4,heat_stress,blip_caption
a plant damaged by pests with chewed edges and green leaves on a gray surface,2,pest_risk,blip_caption
a crop plant with heat damage wilted tips and brown spots on a leaf,4,heat_stress,blip_caption
a diseased plant leaf with fungal spots showing brown and green,3,disease_risk,blip_caption
a crop plant with heat damage wilted tips and green leaves,4,heat_stress,blip_caption
a wilting crop plant with drooping leaves showing brown spots on the leaves,0,water_stress,blip_caption
an infected crop leaf with blight and lesions and brown spots on it,3,disease_risk,blip_caption
a crop plant with heat damage wilted tips and green leaves,4,heat_stress,blip_caption
an infected crop leaf with blight and lesions and brown spots on the leaves,3,disease_risk,blip_caption
a crop plant with heat damage wilted tips and brown spots on a leaf,4,heat_stress,blip_caption
a pale discoloured leaf with nutrient deficiency and brown spots on it,1,nutrient_def,blip_caption
a heat stressed plant with scorched brown leaf tips showing red and green leaves,4,heat_stress,blip_caption
a diseased plant leaf with fungal spots showing signs of growth,3,disease_risk,blip_caption
a plant damaged by pests with chewed edges and green leaves,2,pest_risk,blip_caption
a heat stressed plant with scorched brown leaf tips showing brown spots on the leaves,4,heat_stress,blip_caption
a crop plant with heat damage wilted tips and brown spots on a leaf,4,heat_stress,blip_caption
a crop leaf with insect damage and feeding holes showing the size of the leaf,2,pest_risk,blip_caption
a plant damaged by pests with chewed edges and green leaves,2,pest_risk,blip_caption
a crop leaf with insect damage and feeding holes showing the size of the leaf,2,pest_risk,blip_caption
a drought stressed plant with dry curling leaves and brown spots,0,water_stress,blip_caption
a drought stressed plant with dry curling leaves and wilt on it,0,water_stress,blip_caption
a crop leaf with insect damage and feeding holes showing on the underside of the leaf,2,pest_risk,blip_caption
a drought stressed plant with dry curling leaves and brown spots,0,water_stress,blip_caption
a plant leaf with yellowing chlorosis showing on it,1,nutrient_def,blip_caption
a pale discoloured leaf with nutrient deficiency and bloating,1,nutrient_def,blip_caption
a drought stressed plant with dry curling leaves and brown blotch,0,water_stress,blip_caption
a wilting crop plant with drooping leaves showing brown spots on the leaf,0,water_stress,blip_caption
a diseased plant leaf with fungal spots showing brown spots on the leaves,3,disease_risk,blip_caption
a crop leaf with insect damage and feeding holes showing the growth of the leaves,2,pest_risk,blip_caption
a crop leaf with insect damage and feeding holes showing the size of the leaf,2,pest_risk,blip_caption
a plant leaf with yellowing chlorosis showing the brown spots on it,1,nutrient_def,blip_caption
a drought stressed plant with dry curling leaves and brown spots on it,0,water_stress,blip_caption
a heat stressed plant with scorched brown leaf tips showing signs of mildness,4,heat_stress,blip_caption
a wilting crop plant with drooping leaves showing yellow and brown spots,0,water_stress,blip_caption
a drought stressed plant with dry curling leaves and brown spots,0,water_stress,blip_caption
a plant damaged by pests with chewed edges and green leaves,2,pest_risk,blip_caption
a crop leaf with insect damage and feeding holes showing on the underside of the leaf,2,pest_risk,blip_caption
a plant damaged by pests with chewed edges and green leaves,2,pest_risk,blip_caption
a pale discoloured leaf with nutrient deficiency and blemching,1,nutrient_def,blip_caption
a heat stressed plant with scorched brown leaf tips showing rust on the leaves,4,heat_stress,blip_caption
a plant damaged by pests with chewed edges and green leaves,2,pest_risk,blip_caption
a diseased plant leaf with fungal spots showing signs of blemching,3,disease_risk,blip_caption
a plant leaf with yellowing chlorosis showing on the outside of it,1,nutrient_def,blip_caption
an infected crop leaf with blight and lesions and brown spots on it,3,disease_risk,blip_caption
a crop leaf with insect damage and feeding holes showing on the underside of the leaf,2,pest_risk,blip_caption
a heat stressed plant with scorched brown leaf tips showing red and green spots,4,heat_stress,blip_caption
a pale discoloured leaf with nutrient deficiency and green veins,1,nutrient_def,blip_caption
a pale discoloured leaf with nutrient deficiency and green leaves,1,nutrient_def,blip_caption
a crop leaf with insect damage and feeding holes showing the brown spots on the leaves,2,pest_risk,blip_caption
a crop plant with heat damage wilted tips and brown spots on a leaf,4,heat_stress,blip_caption
a crop plant with heat damage wilted tips and brown spots,4,heat_stress,blip_caption
a crop plant with heat damage wilted tips and brown spots on a leaf,4,heat_stress,blip_caption
a plant damaged by pests with chewed edges and green leaves,2,pest_risk,blip_caption
a heat stressed plant with scorched brown leaf tips showing red and green spots,4,heat_stress,blip_caption
a drought stressed plant with dry curling leaves and brown spots on it,0,water_stress,blip_caption
a drought stressed plant with dry curling leaves and brown spots,0,water_stress,blip_caption
a plant leaf with yellowing chlorosis showing on it,1,nutrient_def,blip_caption
a drought stressed plant with dry curling leaves and brown spots,0,water_stress,blip_caption
a crop leaf with insect damage and feeding holes showing the growth of the leaves,2,pest_risk,blip_caption
a drought stressed plant with dry curling leaves and brown blotch on it,0,water_stress,blip_caption
a pale discoloured leaf with nutrient deficiency and mildness,1,nutrient_def,blip_caption
a crop plant with heat damage wilted tips and brown spots on a leaf,4,heat_stress,blip_caption
a crop plant with heat damage wilted tips and brown spots on a leaf,4,heat_stress,blip_caption
a plant damaged by pests with chewed edges and green leaves,2,pest_risk,blip_caption
a crop plant with heat damage wilted tips and brown spots on a leaf,4,heat_stress,blip_caption
a diseased plant leaf with fungal spots showing signs of blemching,3,disease_risk,blip_caption
a pale discoloured leaf with nutrient deficiency and blemching,1,nutrient_def,blip_caption
a plant damaged by pests with chewed edges and green leaves,2,pest_risk,blip_caption
a drought stressed plant with dry curling leaves and brown spots on the leaves,0,water_stress,blip_caption
a drought stressed plant with dry curling leaves and brown spots on the leaves,0,water_stress,blip_caption
a drought stressed plant with dry curling leaves and brown spots,0,water_stress,blip_caption
a pale discoloured leaf with nutrient deficiency and green veins,1,nutrient_def,blip_caption
a crop leaf with insect damage and feeding holes showing the size of the leaf,2,pest_risk,blip_caption
a drought stressed plant with dry curling leaves and brown spots on the underside of the leaf,0,water_stress,blip_caption
a pale discoloured leaf with nutrient deficiency and blemch on it,1,nutrient_def,blip_caption
a crop leaf with insect damage and feeding holes showing the size of the leaves,2,pest_risk,blip_caption
a heat stressed plant with scorched brown leaf tips showing red and black spots,4,heat_stress,blip_caption
a crop leaf with insect damage and feeding holes showing the growth of the leaves,2,pest_risk,blip_caption
a pale discoloured leaf with nutrient deficiency and high levels of antioxitulants,1,nutrient_def,blip_caption
a diseased plant leaf with fungal spots showing signs of blemching,3,disease_risk,blip_caption
a diseased plant leaf with fungal spots showing brown spots on the underside of the leaf,3,disease_risk,blip_caption
a plant damaged by pests with chewed edges and green leaves,2,pest_risk,blip_caption
a plant leaf with yellowing chlorosis showing the green leaves,1,nutrient_def,blip_caption
a pale discoloured leaf with nutrient deficiency and mildness on it,1,nutrient_def,blip_caption
a plant leaf with yellowing chlorosis showing on it,1,nutrient_def,blip_caption
a diseased plant leaf with fungal spots showing brown spots on the underside of the leaf,3,disease_risk,blip_caption
a heat stressed plant with scorched brown leaf tips showing red and green leaves,4,heat_stress,blip_caption
a drought stressed plant with dry curling leaves and rust on it,0,water_stress,blip_caption
a diseased plant leaf with fungal spots showing signs of blemching,3,disease_risk,blip_caption
a wilting crop plant with drooping leaves showing yellow and brown spots,0,water_stress,blip_caption
a crop plant with heat damage wilted tips and brown spots on a leaf,4,heat_stress,blip_caption
a crop plant with heat damage wilted tips and brown spots on a leaf,4,heat_stress,blip_caption
a plant leaf with yellowing chlorosis showing on a purple surface,1,nutrient_def,blip_caption
an infected crop leaf with blight and lesions and brown spots on it,3,disease_risk,blip_caption
a plant leaf with yellowing chlorosis showing on the surface of the ground,1,nutrient_def,blip_caption
a drought stressed plant with dry curling leaves and brown spots,0,water_stress,blip_caption
a wilting crop plant with drooping leaves showing brown spots on the leaf,0,water_stress,blip_caption
a plant damaged by pests with chewed edges and green leaves,2,pest_risk,blip_caption
an infected crop leaf with blight and lesions and brown spots on it,3,disease_risk,blip_caption
a crop leaf with insect damage and feeding holes showing the brown spots on the leaf,2,pest_risk,blip_caption
a crop leaf with insect damage and feeding holes showing the size of the leaf,2,pest_risk,blip_caption
a plant damaged by pests with chewed edges and green leaves,2,pest_risk,blip_caption
a plant damaged by pests with chewed edges and green leaves,2,pest_risk,blip_caption
an infected crop leaf with blight and lesions and brown spots,3,disease_risk,blip_caption
a plant damaged by pests with chewed edges and green leaves,2,pest_risk,blip_caption
an infected crop leaf with blight and lesions and white spots on the leaves,3,disease_risk,blip_caption
an infected crop leaf with blight and lesions and brown spots,3,disease_risk,blip_caption
an infected crop leaf with blight and lesions and brown spots,3,disease_risk,blip_caption
a heat stressed plant with scorched brown leaf tips showing brown spots on the leaves,4,heat_stress,blip_caption
a diseased plant leaf with fungal spots showing brown spots on the leaves,3,disease_risk,blip_caption
a plant damaged by pests with chewed edges and brown spots on a leaf,2,pest_risk,blip_caption
a crop leaf with insect damage and feeding holes showing the growth of the leaves,2,pest_risk,blip_caption
a crop leaf with insect damage and feeding holes showing the growth of the leaves,2,pest_risk,blip_caption
an infected crop leaf with blight and lesions and brown spots on it,3,disease_risk,blip_caption
a pale discoloured leaf with nutrient deficiency and mildness on it,1,nutrient_def,blip_caption
a diseased plant leaf with fungal spots showing signs of blemching,3,disease_risk,blip_caption
a pale discoloured leaf with nutrient deficiency and antioxutants,1,nutrient_def,blip_caption
a plant leaf with yellowing chlorosis showing growth,1,nutrient_def,blip_caption
a crop plant with heat damage wilted tips and green leaves,4,heat_stress,blip_caption
a pale discoloured leaf with nutrient deficiency and bloating on the leaves,1,nutrient_def,blip_caption
a diseased plant leaf with fungal spots showing the damage of it ' s leaves,3,disease_risk,blip_caption
a heat stressed plant with scorched brown leaf tips showing red and green leaves,4,heat_stress,blip_caption
an infected crop leaf with blight and lesions and brown spots,3,disease_risk,blip_caption
a wilting crop plant with drooping leaves showing brown spots on the leaves,0,water_stress,blip_caption
a plant damaged by pests with chewed edges and green leaves,2,pest_risk,blip_caption
a pale discoloured leaf with nutrient deficiency and blemching,1,nutrient_def,blip_caption
a heat stressed plant with scorched brown leaf tips showing red and green leaves,4,heat_stress,blip_caption
a plant leaf with yellowing chlorosis showing on it,1,nutrient_def,blip_caption
a crop leaf with insect damage and feeding holes showing the brown spots on the leaves,2,pest_risk,blip_caption
a diseased plant leaf with fungal spots showing brown spots on the leaves,3,disease_risk,blip_caption
a plant leaf with yellowing chlorosis showing the structure of the leaves,1,nutrient_def,blip_caption
a crop leaf with insect damage and feeding holes showing the growth of the leaves,2,pest_risk,blip_caption
a crop leaf with insect damage and feeding holes showing the growth of the leaves,2,pest_risk,blip_caption
an infected crop leaf with blight and lesions and brown spots on the leaves,3,disease_risk,blip_caption
a pale discoloured leaf with nutrient deficiency and mildness on it,1,nutrient_def,blip_caption
a pale discoloured leaf with nutrient deficiency and blemching,1,nutrient_def,blip_caption
a crop plant with heat damage wilted tips and brown spots on a leaf,4,heat_stress,blip_caption
a wilting crop plant with drooping leaves showing brown spots,0,water_stress,blip_caption
a pale discoloured leaf with nutrient deficiency and blemching,1,nutrient_def,blip_caption
a plant damaged by pests with chewed edges and green leaves,2,pest_risk,blip_caption
a drought stressed plant with dry curling leaves and brown spots on it,0,water_stress,blip_caption
an infected crop leaf with blight and lesions and brown spots,3,disease_risk,blip_caption
a plant damaged by pests with chewed edges and green leaves,2,pest_risk,blip_caption
a crop leaf with insect damage and feeding holes showing the growth of the leaves,2,pest_risk,blip_caption
a drought stressed plant with dry curling leaves and brown spots,0,water_stress,blip_caption
a crop plant with heat damage wilted tips and green leaves,4,heat_stress,blip_caption
a plant damaged by pests with chewed edges and green leaves on a gray surface,2,pest_risk,blip_caption
a heat stressed plant with scorched brown leaf tips showing red and green leaves,4,heat_stress,blip_caption
a diseased plant leaf with fungal spots showing brown spots on it,3,disease_risk,blip_caption
a crop leaf with insect damage and feeding holes showing the size of the leaf,2,pest_risk,blip_caption
a plant leaf with yellowing chlorosis showing on it,1,nutrient_def,blip_caption
a heat stressed plant with scorched brown leaf tips showing red and green spots,4,heat_stress,blip_caption
a crop plant with heat damage wilted tips and brown spots on a leaf,4,heat_stress,blip_caption
a plant damaged by pests with chewed edges and green leaves,2,pest_risk,blip_caption
a crop leaf with insect damage and feeding holes showing the growth of the leaves,2,pest_risk,blip_caption
a pale discoloured leaf with nutrient deficiency and mildness on it,1,nutrient_def,blip_caption
a crop plant with heat damage wilted tips and brown spots on a leaf,4,heat_stress,blip_caption
a plant damaged by pests with chewed edges and brown spots on a leaf,2,pest_risk,blip_caption
a plant damaged by pests with chewed edges and green leaves on a gray surface,2,pest_risk,blip_caption
a pale discoloured leaf with nutrient deficiency and mildness,1,nutrient_def,blip_caption
a drought stressed plant with dry curling leaves and brown spots,0,water_stress,blip_caption
a heat stressed plant with scorched brown leaf tips showing rusts on the leaves,4,heat_stress,blip_caption
a wilting crop plant with drooping leaves showing yellow and brown spots,0,water_stress,blip_caption
a drought stressed plant with dry curling leaves and brown spots,0,water_stress,blip_caption
a wilting crop plant with drooping leaves showing brown spots,0,water_stress,blip_caption
a diseased plant leaf with fungal spots showing signs of blemching,3,disease_risk,blip_caption
a drought stressed plant with dry curling leaves and brown spots on it,0,water_stress,blip_caption
a plant damaged by pests with chewed edges and green leaves,2,pest_risk,blip_caption
a heat stressed plant with scorched brown leaf tips showing red and green leaves,4,heat_stress,blip_caption
a crop plant with heat damage wilted tips and green leaves,4,heat_stress,blip_caption
an infected crop leaf with blight and lesions and brown spots on it,3,disease_risk,blip_caption
a heat stressed plant with scorched brown leaf tips showing red and yellow spots,4,heat_stress,blip_caption
a crop leaf with insect damage and feeding holes showing the size of the leaf,2,pest_risk,blip_caption
"a drought stressed plant with dry curling leaves and yellow, red, and green leaves",0,water_stress,blip_caption
a drought stressed plant with dry curling leaves and brown spots,0,water_stress,blip_caption
a plant damaged by pests with chewed edges and green leaves,2,pest_risk,blip_caption
a plant damaged by pests with chewed edges and green leaves,2,pest_risk,blip_caption
an infected crop leaf with blight and lesions and brown spots on it,3,disease_risk,blip_caption
an infected crop leaf with blight and lesions and brown spots,3,disease_risk,blip_caption
a diseased plant leaf with fungal spots showing signs of blight,3,disease_risk,blip_caption
a drought stressed plant with dry curling leaves and brown spots,0,water_stress,blip_caption
a crop plant with heat damage wilted tips and green leaves,4,heat_stress,blip_caption
a wilting crop plant with drooping leaves showing brown spots,0,water_stress,blip_caption
a diseased plant leaf with fungal spots showing green and yellow,3,disease_risk,blip_caption
a crop plant with heat damage wilted tips and brown spots on a leaf,4,heat_stress,blip_caption
a drought stressed plant with dry curling leaves and brown spots on it,0,water_stress,blip_caption
an infected crop leaf with blight and lesions and brown spots on it,3,disease_risk,blip_caption
a pale discoloured leaf with nutrient deficiency and blemching,1,nutrient_def,blip_caption
a heat stressed plant with scorched brown leaf tips showing brown spots on the leaves,4,heat_stress,blip_caption
a crop plant with heat damage wilted tips and brown spots on a leaf,4,heat_stress,blip_caption
a wilting crop plant with drooping leaves showing growth,0,water_stress,blip_caption
a heat stressed plant with scorched brown leaf tips showing red and green leaves,4,heat_stress,blip_caption
a diseased plant leaf with fungal spots showing signs of blight,3,disease_risk,blip_caption
a drought stressed plant with dry curling leaves and brown spots on it,0,water_stress,blip_caption
a plant leaf with yellowing chlorosis showing on a gray surface,1,nutrient_def,blip_caption
a pale discoloured leaf with nutrient deficiency and mildness,1,nutrient_def,blip_caption
a diseased plant leaf with fungal spots showing brown spots on the leaves,3,disease_risk,blip_caption
a heat stressed plant with scorched brown leaf tips showing red and green spots,4,heat_stress,blip_caption
an infected crop leaf with blight and lesions and brown spots on the leaves,3,disease_risk,blip_caption
a heat stressed plant with scorched brown leaf tips showing black spots on the leaves,4,heat_stress,blip_caption
an infected crop leaf with blight and lesions and brown spots on the leaves,3,disease_risk,blip_caption
a wilting crop plant with drooping leaves showing brown spots,0,water_stress,blip_caption
a heat stressed plant with scorched brown leaf tips showing brown spots on the leaves,4,heat_stress,blip_caption
a crop leaf with insect damage and feeding holes showing the growth of the leaves,2,pest_risk,blip_caption
a plant leaf with yellowing chlorosis showing the damage on it,1,nutrient_def,blip_caption
a plant leaf with yellowing chlorosis showing on the surface,1,nutrient_def,blip_caption
a plant leaf with yellowing chlorosis showing on the surface,1,nutrient_def,blip_caption
a diseased plant leaf with fungal spots showing the damage of the leaf,3,disease_risk,blip_caption
a diseased plant leaf with fungal spots showing brown spots on it,3,disease_risk,blip_caption
an infected crop leaf with blight and lesions and brown spots on the leaves,3,disease_risk,blip_caption
a plant leaf with yellowing chlorosis showing the damage of it,1,nutrient_def,blip_caption
a crop plant with heat damage wilted tips and brown spots,4,heat_stress,blip_caption
an infected crop leaf with blight and lesions and brown spots on it,3,disease_risk,blip_caption
a wilting crop plant with drooping leaves showing brown spots,0,water_stress,blip_caption
a plant damaged by pests with chewed edges and green leaves,2,pest_risk,blip_caption
a diseased plant leaf with fungal spots showing brown and white spots,3,disease_risk,blip_caption
a plant damaged by pests with chewed edges and green leaves,2,pest_risk,blip_caption
a heat stressed plant with scorched brown leaf tips showing rust on the underside of the leaf,4,heat_stress,blip_caption
a crop plant with heat damage wilted tips and green leaves,4,heat_stress,blip_caption
a drought stressed plant with dry curling leaves and brown spots on it,0,water_stress,blip_caption
a diseased plant leaf with fungal spots showing brown spots on the leaves,3,disease_risk,blip_caption
a plant leaf with yellowing chlorosis showing the growth of it ' s leaves,1,nutrient_def,blip_caption
an infected crop leaf with blight and lesions and a sprout of pollen,3,disease_risk,blip_caption
a diseased plant leaf with fungal spots showing brown and white spots on the leaves,3,disease_risk,blip_caption
a plant leaf with yellowing chlorosis showing it ' s green leaves,1,nutrient_def,blip_caption
a plant leaf with yellowing chlorosis showing on a gray surface,1,nutrient_def,blip_caption
a crop plant with heat damage wilted tips and green leaves,4,heat_stress,blip_caption
an infected crop leaf with blight and lesions and brown spots on it,3,disease_risk,blip_caption
a crop leaf with insect damage and feeding holes showing the brown spots on the leaf,2,pest_risk,blip_caption
a diseased plant leaf with fungal spots showing signs of infection,3,disease_risk,blip_caption
a plant leaf with yellowing chlorosis showing on the ground,1,nutrient_def,blip_caption
a plant damaged by pests with chewed edges and green leaves,2,pest_risk,blip_caption
a diseased plant leaf with fungal spots showing brown spots on the leaves,3,disease_risk,blip_caption
a crop plant with heat damage wilted tips and brown spots on a leaf,4,heat_stress,blip_caption
a heat stressed plant with scorched brown leaf tips showing red and yellow spots,4,heat_stress,blip_caption
a crop plant with heat damage wilted tips and brown spots on a leaf,4,heat_stress,blip_caption
a pale discoloured leaf with nutrient deficiency and mildness,1,nutrient_def,blip_caption
a plant leaf with yellowing chlorosis showing on a gray surface,1,nutrient_def,blip_caption
a heat stressed plant with scorched brown leaf tips showing brown spots on the leaves,4,heat_stress,blip_caption
a heat stressed plant with scorched brown leaf tips showing red and green leaves,4,heat_stress,blip_caption
a pale discoloured leaf with nutrient deficiency and mildness,1,nutrient_def,blip_caption
a pale discoloured leaf with nutrient deficiency and blemching,1,nutrient_def,blip_caption
a wilting crop plant with drooping leaves showing brown spots on the leaves,0,water_stress,blip_caption
a crop leaf with insect damage and feeding holes showing the size of the leaf,2,pest_risk,blip_caption
a crop leaf with insect damage and feeding holes showing the brown spots on the leaf,2,pest_risk,blip_caption
a drought stressed plant with dry curling leaves and brown spots on the underside of the leaf,0,water_stress,blip_caption
a plant leaf with yellowing chlorosis showing on the surface,1,nutrient_def,blip_caption
a pale discoloured leaf with nutrient deficiency and green pigment on it,1,nutrient_def,blip_caption
an infected crop leaf with blight and lesions and brown spots,3,disease_risk,blip_caption
a crop plant with heat damage wilted tips and brown spots on a leaf,4,heat_stress,blip_caption
a diseased plant leaf with fungal spots showing brown spots on it,3,disease_risk,blip_caption
a diseased plant leaf with fungal spots showing brown spots on the leaves,3,disease_risk,blip_caption
a diseased plant leaf with fungal spots showing signs of blemching,3,disease_risk,blip_caption
a plant damaged by pests with chewed edges and green leaves,2,pest_risk,blip_caption
a plant damaged by pests with chewed edges and green leaves,2,pest_risk,blip_caption
a drought stressed plant with dry curling leaves and brown spots,0,water_stress,blip_caption
a diseased plant leaf with fungal spots showing brown spots on the leaves,3,disease_risk,blip_caption
a drought stressed plant with dry curling leaves and brown spots on it,0,water_stress,blip_caption
a heat stressed plant with scorched brown leaf tips showing black spots,4,heat_stress,blip_caption
a plant damaged by pests with chewed edges and brown spots,2,pest_risk,blip_caption
an infected crop leaf with blight and lesions and brown spots,3,disease_risk,blip_caption
a crop leaf with insect damage and feeding holes showing the growth of the leaves,2,pest_risk,blip_caption
a diseased plant leaf with fungal spots showing yellow and green leaves,3,disease_risk,blip_caption
a plant damaged by pests with chewed edges and green leaves,2,pest_risk,blip_caption
a plant leaf with yellowing chlorosis showing on the surface,1,nutrient_def,blip_caption
an infected crop leaf with blight and lesions and a man ' s hand holding it,3,disease_risk,blip_caption
a plant damaged by pests with chewed edges and green leaves,2,pest_risk,blip_caption
a wilting crop plant with drooping leaves showing yellow and brown spots,0,water_stress,blip_caption
a heat stressed plant with scorched brown leaf tips showing red and black spots,4,heat_stress,blip_caption
a crop plant with heat damage wilted tips and green leaves,4,heat_stress,blip_caption
an infected crop leaf with blight and lesions and a hand holding it,3,disease_risk,blip_caption
a crop leaf with insect damage and feeding holes showing the brown spots on the leaves,2,pest_risk,blip_caption
a pale discoloured leaf with nutrient deficiency and blemching,1,nutrient_def,blip_caption
a plant leaf with yellowing chlorosis showing the damage of it ' s leaves,1,nutrient_def,blip_caption
a crop leaf with insect damage and feeding holes showing the growth of the leaves,2,pest_risk,blip_caption
a plant leaf with yellowing chlorosis showing on it,1,nutrient_def,blip_caption
a diseased plant leaf with fungal spots showing brown spots on it,3,disease_risk,blip_caption
a wilting crop plant with drooping leaves showing growth,0,water_stress,blip_caption
a diseased plant leaf with fungal spots showing signs of blistes,3,disease_risk,blip_caption
a plant leaf with yellowing chlorosis showing on it,1,nutrient_def,blip_caption
a diseased plant leaf with fungal spots showing brown spots on the leaves,3,disease_risk,blip_caption
a drought stressed plant with dry curling leaves and wilt on it,0,water_stress,blip_caption
an infected crop leaf with blight and lesions and brown spots,3,disease_risk,blip_caption
a crop leaf with insect damage and feeding holes showing the size of the leaves,2,pest_risk,blip_caption
a diseased plant leaf with fungal spots showing signs of blemching,3,disease_risk,blip_caption
a plant damaged by pests with chewed edges and green leaves,2,pest_risk,blip_caption
a wilting crop plant with drooping leaves showing brown spots,0,water_stress,blip_caption
a pale discoloured leaf with nutrient deficiency and blemching on it,1,nutrient_def,blip_caption
an infected crop leaf with blight and lesions and brown spots on it,3,disease_risk,blip_caption
a pale discoloured leaf with nutrient deficiency and mildness,1,nutrient_def,blip_caption
a plant leaf with yellowing chlorosis showing on it,1,nutrient_def,blip_caption
a diseased plant leaf with fungal spots showing signs of blight,3,disease_risk,blip_caption
a pale discoloured leaf with nutrient deficiency and green pigment,1,nutrient_def,blip_caption
a crop leaf with insect damage and feeding holes showing the size of the leaves,2,pest_risk,blip_caption
a plant leaf with yellowing chlorosis showing on the surface of a concrete surface,1,nutrient_def,blip_caption
a wilting crop plant with drooping leaves showing yellow and green,0,water_stress,blip_caption
a pale discoloured leaf with nutrient deficiency and mildness,1,nutrient_def,blip_caption
a crop plant with heat damage wilted tips and brown spots on a leaf,4,heat_stress,blip_caption
a pale discoloured leaf with nutrient deficiency and blemching,1,nutrient_def,blip_caption
a pale discoloured leaf with nutrient deficiency and blemching,1,nutrient_def,blip_caption
a drought stressed plant with dry curling leaves and brown spots on it,0,water_stress,blip_caption
a diseased plant leaf with fungal spots showing brown and green leaves,3,disease_risk,blip_caption
a plant leaf with yellowing chlorosis showing the brown spots on it,1,nutrient_def,blip_caption
a wilting crop plant with drooping leaves showing brown and yellow spots,0,water_stress,blip_caption
a pale discoloured leaf with nutrient deficiency and mildness on the leaves,1,nutrient_def,blip_caption
an infected crop leaf with blight and lesions and brown spots on it,3,disease_risk,blip_caption
a plant damaged by pests with chewed edges and green leaves,2,pest_risk,blip_caption
a plant leaf with yellowing chlorosis showing the structure of the leaves,1,nutrient_def,blip_caption
a heat stressed plant with scorched brown leaf tips showing red and black spots,4,heat_stress,blip_caption
a pale discoloured leaf with nutrient deficiency and green veins,1,nutrient_def,blip_caption
a wilting crop plant with drooping leaves showing the damage of the leaf,0,water_stress,blip_caption
an infected crop leaf with blight and lesions and brown spots on the leaves,3,disease_risk,blip_caption
a crop plant with heat damage wilted tips and green leaves,4,heat_stress,blip_caption
a wilting crop plant with drooping leaves showing brown spots,0,water_stress,blip_caption
a wilting crop plant with drooping leaves showing brown spots,0,water_stress,blip_caption
a plant damaged by pests with chewed edges and brown spots on a leaf,2,pest_risk,blip_caption
a pale discoloured leaf with nutrient deficiency and mildness on it,1,nutrient_def,blip_caption
a pale discoloured leaf with nutrient deficiency and green veins,1,nutrient_def,blip_caption
a crop plant with heat damage wilted tips and brown spots,4,heat_stress,blip_caption
a crop plant with heat damage wilted tips and red spots,4,heat_stress,blip_caption
a drought stressed plant with dry curling leaves and brown blotch on it,0,water_stress,blip_caption
a drought stressed plant with dry curling leaves and brown spots on it,0,water_stress,blip_caption
a pale discoloured leaf with nutrient deficiency and bloating,1,nutrient_def,blip_caption
a crop plant with heat damage wilted tips and brown spots on a leaf,4,heat_stress,blip_caption
a diseased plant leaf with fungal spots showing signs of blemching,3,disease_risk,blip_caption
a pale discoloured leaf with nutrient deficiency and mildness on it,1,nutrient_def,blip_caption
a crop leaf with insect damage and feeding holes showing the growth of the leaves,2,pest_risk,blip_caption
an infected crop leaf with blight and lesions and brown spots on the leaves,3,disease_risk,blip_caption
a heat stressed plant with scorched brown leaf tips showing brown spots on the leaves,4,heat_stress,blip_caption
a crop plant with heat damage wilted tips and brown spots on a leaf,4,heat_stress,blip_caption
a diseased plant leaf with fungal spots showing signs of blemching,3,disease_risk,blip_caption
a crop leaf with insect damage and feeding holes showing the size of the leaves,2,pest_risk,blip_caption
a pale discoloured leaf with nutrient deficiency and mildness on the leaves,1,nutrient_def,blip_caption
a diseased plant leaf with fungal spots showing signs of blemching,3,disease_risk,blip_caption
a plant damaged by pests with chewed edges and brown spots on the leaves,2,pest_risk,blip_caption
a wilting crop plant with drooping leaves showing brown spots,0,water_stress,blip_caption
a drought stressed plant with dry curling leaves and brown spots,0,water_stress,blip_caption
an infected crop leaf with blight and lesions and white spots on the leaves,3,disease_risk,blip_caption
a pale discoloured leaf with nutrient deficiency and mildness on it,1,nutrient_def,blip_caption
a drought stressed plant with dry curling leaves and brown spots,0,water_stress,blip_caption
a heat stressed plant with scorched brown leaf tips showing red and green spots,4,heat_stress,blip_caption
a diseased plant leaf with fungal spots showing brown spots on the leaves,3,disease_risk,blip_caption
an infected crop leaf with blight and lesions and a man ' s hand holding it,3,disease_risk,blip_caption
a diseased plant leaf with fungal spots showing signs of blemching,3,disease_risk,blip_caption
a crop leaf with insect damage and feeding holes showing the size of the leaf,2,pest_risk,blip_caption
a crop plant with heat damage wilted tips and brown spots on a leaf,4,heat_stress,blip_caption
a diseased plant leaf with fungal spots showing brown and green,3,disease_risk,blip_caption
a plant leaf with yellowing chlorosis showing on the ground,1,nutrient_def,blip_caption
a wilting crop plant with drooping leaves showing brown spots,0,water_stress,blip_caption
a plant leaf with yellowing chlorosis showing on the surface,1,nutrient_def,blip_caption
an infected crop leaf with blight and lesions and brown spots on it,3,disease_risk,blip_caption
a wilting crop plant with drooping leaves showing brown spots,0,water_stress,blip_caption
a plant damaged by pests with chewed edges and green leaves,2,pest_risk,blip_caption
a pale discoloured leaf with nutrient deficiency and bloating,1,nutrient_def,blip_caption
an infected crop leaf with blight and lesions and white spots on it,3,disease_risk,blip_caption
a plant leaf with yellowing chlorosis showing the brown spots on it,1,nutrient_def,blip_caption
a crop leaf with insect damage and feeding holes showing the size of the leaf,2,pest_risk,blip_caption
a crop plant with heat damage wilted tips and brown spots,4,heat_stress,blip_caption
a crop leaf with insect damage and feeding holes showing on the surface,2,pest_risk,blip_caption
a diseased plant leaf with fungal spots showing signs of blemching,3,disease_risk,blip_caption
a crop plant with heat damage wilted tips and brown spots on a leaf,4,heat_stress,blip_caption
a plant damaged by pests with chewed edges and green leaves,2,pest_risk,blip_caption
a drought stressed plant with dry curling leaves and brown spots on it,0,water_stress,blip_caption
a plant damaged by pests with chewed edges and brown spots on a leaf,2,pest_risk,blip_caption
a crop leaf with insect damage and feeding holes showing the size of the leaf,2,pest_risk,blip_caption
a heat stressed plant with scorched brown leaf tips showing red and black spots,4,heat_stress,blip_caption
a wilting crop plant with drooping leaves showing brown spots on the leaf,0,water_stress,blip_caption
a crop leaf with insect damage and feeding holes showing the size of the leaf,2,pest_risk,blip_caption
a crop plant with heat damage wilted tips and brown spots on a leaf,4,heat_stress,blip_caption
a crop leaf with insect damage and feeding holes showing on the underside of the leaf,2,pest_risk,blip_caption
a diseased plant leaf with fungal spots showing signs of infection,3,disease_risk,blip_caption
a wilting crop plant with drooping leaves showing brown spots,0,water_stress,blip_caption
a diseased plant leaf with fungal spots showing the damage of it ' s leaves,3,disease_risk,blip_caption
a heat stressed plant with scorched brown leaf tips showing red and green leaves,4,heat_stress,blip_caption
an infected crop leaf with blight and lesions and brown spots on the leaves,3,disease_risk,blip_caption
a crop leaf with insect damage and feeding holes showing the size of the leaf,2,pest_risk,blip_caption
a crop plant with heat damage wilted tips and brown spots on a leaf,4,heat_stress,blip_caption
an infected crop leaf with blight and lesions and brown spots on it,3,disease_risk,blip_caption
a pale discoloured leaf with nutrient deficiency and mildness on it,1,nutrient_def,blip_caption
a diseased plant leaf with fungal spots showing the damage of it ' s leaves,3,disease_risk,blip_caption
a drought stressed plant with dry curling leaves and brown spots,0,water_stress,blip_caption
a diseased plant leaf with fungal spots showing signs of blemching,3,disease_risk,blip_caption
a crop plant with heat damage wilted tips and brown spots,4,heat_stress,blip_caption
a heat stressed plant with scorched brown leaf tips showing rust on the underside of the leaf,4,heat_stress,blip_caption
a crop leaf with insect damage and feeding holes showing the growth of the leaves,2,pest_risk,blip_caption
a heat stressed plant with scorched brown leaf tips showing rust on the leaves,4,heat_stress,blip_caption
a pale discoloured leaf with nutrient deficiency and mildness,1,nutrient_def,blip_caption
a wilting crop plant with drooping leaves showing brown spots,0,water_stress,blip_caption
an infected crop leaf with blight and lesions and a hand holding it,3,disease_risk,blip_caption
an infected crop leaf with blight and lesions and brown spots,3,disease_risk,blip_caption
a plant leaf with yellowing chlorosis showing on a purple surface,1,nutrient_def,blip_caption
a plant leaf with yellowing chlorosis showing the brown spots on it,1,nutrient_def,blip_caption
a crop leaf with insect damage and feeding holes showing on the surface of the ground,2,pest_risk,blip_caption
a crop leaf with insect damage and feeding holes showing on the underside of the leaf,2,pest_risk,blip_caption
a crop leaf with insect damage and feeding holes showing the growth of the leaves,2,pest_risk,blip_caption
"a diseased plant leaf with fungal spots showing brown, green and brown spots",3,disease_risk,blip_caption
a wilting crop plant with drooping leaves showing brown spots,0,water_stress,blip_caption
a drought stressed plant with dry curling leaves and brown spots on it,0,water_stress,blip_caption
a crop leaf with insect damage and feeding holes showing the size of the leaf,2,pest_risk,blip_caption
a plant leaf with yellowing chlorosis showing on the surface,1,nutrient_def,blip_caption
a plant damaged by pests with chewed edges and green leaves,2,pest_risk,blip_caption
a wilting crop plant with drooping leaves showing brown spots on the leaf,0,water_stress,blip_caption
a pale discoloured leaf with nutrient deficiency and brown spots on it,1,nutrient_def,blip_caption
an infected crop leaf with blight and lesions and brown spots on it,3,disease_risk,blip_caption
a wilting crop plant with drooping leaves showing brown spots on the leaf,0,water_stress,blip_caption
an infected crop leaf with blight and lesions and brown spots,3,disease_risk,blip_caption
an infected crop leaf with blight and lesions and white spots on the leaves,3,disease_risk,blip_caption
"a heat stressed plant with scorched brown leaf tips showing red, yellow and green leaves",4,heat_stress,blip_caption
a pale discoloured leaf with nutrient deficiency and blemching,1,nutrient_def,blip_caption
a pale discoloured leaf with nutrient deficiency and bloating,1,nutrient_def,blip_caption
an infected crop leaf with blight and lesions and brown spots on it,3,disease_risk,blip_caption
a diseased plant leaf with fungal spots showing signs of blight,3,disease_risk,blip_caption
a plant leaf with yellowing chlorosis showing the growth of it ' s leaves,1,nutrient_def,blip_caption
a wilting crop plant with drooping leaves showing yellow and brown spots,0,water_stress,blip_caption
an infected crop leaf with blight and lesions and brown spots on the leaves,3,disease_risk,blip_caption
a crop leaf with insect damage and feeding holes showing the brown spots on the leaf,2,pest_risk,blip_caption
a plant leaf with yellowing chlorosis showing it ' s green color,1,nutrient_def,blip_caption
an infected crop leaf with blight and lesions and brown spots on it,3,disease_risk,blip_caption
a heat stressed plant with scorched brown leaf tips showing red and green leaves,4,heat_stress,blip_caption
a crop leaf with insect damage and feeding holes showing the size of the leaves,2,pest_risk,blip_caption
a diseased plant leaf with fungal spots showing signs of blemching,3,disease_risk,blip_caption
a plant damaged by pests with chewed edges and green leaves on a purple surface,2,pest_risk,blip_caption
a plant damaged by pests with chewed edges and green leaves,2,pest_risk,blip_caption
a wilting crop plant with drooping leaves showing brown spots,0,water_stress,blip_caption
a drought stressed plant with dry curling leaves and brown spots on the leaves,0,water_stress,blip_caption
a plant damaged by pests with chewed edges and green leaves,2,pest_risk,blip_caption
a diseased plant leaf with fungal spots showing signs of blemching,3,disease_risk,blip_caption
a wilting crop plant with drooping leaves showing brown spots on the leaf,0,water_stress,blip_caption
an infected crop leaf with blight and lesions and brown spots on it,3,disease_risk,blip_caption
a pale discoloured leaf with nutrient deficiency and mildness,1,nutrient_def,blip_caption
an infected crop leaf with blight and lesions and brown spots,3,disease_risk,blip_caption
a plant damaged by pests with chewed edges and brown spots on a leaf,2,pest_risk,blip_caption
a plant leaf with yellowing chlorosis showing the brown spots on it,1,nutrient_def,blip_caption
a crop leaf with insect damage and feeding holes showing the growth of the leaves,2,pest_risk,blip_caption
a plant leaf with yellowing chlorosis showing brown spots on it,1,nutrient_def,blip_caption
a plant damaged by pests with chewed edges and green leaves,2,pest_risk,blip_caption
a wilting crop plant with drooping leaves showing brown spots,0,water_stress,blip_caption
a diseased plant leaf with fungal spots showing signs of blemching,3,disease_risk,blip_caption
a diseased plant leaf with fungal spots showing brown spots on it,3,disease_risk,blip_caption
an infected crop leaf with blight and lesions and brown spots,3,disease_risk,blip_caption
a plant leaf with yellowing chlorosis showing the growth of it ' s leaves,1,nutrient_def,blip_caption
a pale discoloured leaf with nutrient deficiency and mildness on the leaves,1,nutrient_def,blip_caption
a heat stressed plant with scorched brown leaf tips showing black spots,4,heat_stress,blip_caption
a heat stressed plant with scorched brown leaf tips showing red and black spots,4,heat_stress,blip_caption
a diseased plant leaf with fungal spots showing the damage of it ' s leaves,3,disease_risk,blip_caption
a drought stressed plant with dry curling leaves and brown spots,0,water_stress,blip_caption
an infected crop leaf with blight and lesions and white spots on it,3,disease_risk,blip_caption
a drought stressed plant with dry curling leaves and brown blotch on it,0,water_stress,blip_caption
a pale discoloured leaf with nutrient deficiency and mildness,1,nutrient_def,blip_caption
a wilting crop plant with drooping leaves showing brown spots,0,water_stress,blip_caption
a diseased plant leaf with fungal spots showing brown spots on the leaves,3,disease_risk,blip_caption
a diseased plant leaf with fungal spots showing the growth of the leaves,3,disease_risk,blip_caption
a plant damaged by pests with chewed edges and green leaves,2,pest_risk,blip_caption
a crop leaf with insect damage and feeding holes showing the size of the leaf,2,pest_risk,blip_caption
a pale discoloured leaf with nutrient deficiency and mildness on it,1,nutrient_def,blip_caption
a pale discoloured leaf with nutrient deficiency and wilt on it,1,nutrient_def,blip_caption
a pale discoloured leaf with nutrient deficiency and blemching,1,nutrient_def,blip_caption
a drought stressed plant with dry curling leaves and brown blotch on it,0,water_stress,blip_caption
a crop leaf with insect damage and feeding holes showing the size of the leaf,2,pest_risk,blip_caption
a crop plant with heat damage wilted tips and brown spots on the leaves,4,heat_stress,blip_caption
a diseased plant leaf with fungal spots showing signs of blight,3,disease_risk,blip_caption
a heat stressed plant with scorched brown leaf tips showing red and green spots,4,heat_stress,blip_caption
a crop plant with heat damage wilted tips and brown spots,4,heat_stress,blip_caption
a heat stressed plant with scorched brown leaf tips showing red and green spots,4,heat_stress,blip_caption
a crop leaf with insect damage and feeding holes showing the size of the leaf,2,pest_risk,blip_caption
a wilting crop plant with drooping leaves showing brown spots,0,water_stress,blip_caption
a crop leaf with insect damage and feeding holes showing the growth of the leaves,2,pest_risk,blip_caption
a plant damaged by pests with chewed edges and green leaves,2,pest_risk,blip_caption
a plant leaf with yellowing chlorosis showing the damage of it ' s leaves,1,nutrient_def,blip_caption
a wilting crop plant with drooping leaves showing brown spots on the leaves,0,water_stress,blip_caption
a pale discoloured leaf with nutrient deficiency and blemching,1,nutrient_def,blip_caption
a heat stressed plant with scorched brown leaf tips showing red and green spots,4,heat_stress,blip_caption
a drought stressed plant with dry curling leaves and wilt on it,0,water_stress,blip_caption
a crop plant with heat damage wilted tips and brown spots on a leaf,4,heat_stress,blip_caption
a drought stressed plant with dry curling leaves and brown spots on the leaves,0,water_stress,blip_caption
a crop leaf with insect damage and feeding holes showing the size of the leaf,2,pest_risk,blip_caption
a crop plant with heat damage wilted tips and green leaves,4,heat_stress,blip_caption
a wilting crop plant with drooping leaves showing brown spots,0,water_stress,blip_caption
a drought stressed plant with dry curling leaves and wilt on it,0,water_stress,blip_caption
a diseased plant leaf with fungal spots showing signs of blemching,3,disease_risk,blip_caption
an infected crop leaf with blight and lesions and brown spots on it,3,disease_risk,blip_caption
a wilting crop plant with drooping leaves showing brown spots,0,water_stress,blip_caption
a drought stressed plant with dry curling leaves and brown spots on the leaves,0,water_stress,blip_caption
a crop leaf with insect damage and feeding holes showing the size of the leaf,2,pest_risk,blip_caption
an infected crop leaf with blight and lesions and brown spots on it,3,disease_risk,blip_caption
a drought stressed plant with dry curling leaves and brown spots on the leaves,0,water_stress,blip_caption
a pale discoloured leaf with nutrient deficiency and mildness,1,nutrient_def,blip_caption
a plant damaged by pests with chewed edges and green leaves,2,pest_risk,blip_caption
a diseased plant leaf with fungal spots showing the damage of it ' s leaves,3,disease_risk,blip_caption
a plant leaf with yellowing chlorosis showing the green veins,1,nutrient_def,blip_caption
a wilting crop plant with drooping leaves showing brown spots,0,water_stress,blip_caption
a plant leaf with yellowing chlorosis showing on a concrete surface,1,nutrient_def,blip_caption
a plant leaf with yellowing chlorosis showing on it,1,nutrient_def,blip_caption
a drought stressed plant with dry curling leaves and brown spots,0,water_stress,blip_caption
an infected crop leaf with blight and lesions and brown spots,3,disease_risk,blip_caption
a drought stressed plant with dry curling leaves and brown spots,0,water_stress,blip_caption
a plant damaged by pests with chewed edges and green leaves,2,pest_risk,blip_caption
a heat stressed plant with scorched brown leaf tips showing red and green leaves,4,heat_stress,blip_caption
a wilting crop plant with drooping leaves showing brown spots,0,water_stress,blip_caption
a plant damaged by pests with chewed edges and green leaves,2,pest_risk,blip_caption
a drought stressed plant with dry curling leaves and brown spots,0,water_stress,blip_caption
a heat stressed plant with scorched brown leaf tips showing red and green leaves,4,heat_stress,blip_caption
a diseased plant leaf with fungal spots showing signs of blight,3,disease_risk,blip_caption
an infected crop leaf with blight and lesions and brown spots on the leaves,3,disease_risk,blip_caption
a diseased plant leaf with fungal spots showing signs of blight,3,disease_risk,blip_caption
a diseased plant leaf with fungal spots showing green and yellow,3,disease_risk,blip_caption
a crop leaf with insect damage and feeding holes showing on the underside of the leaf,2,pest_risk,blip_caption
a crop leaf with insect damage and feeding holes showing the growth of the leaves,2,pest_risk,blip_caption
a diseased plant leaf with fungal spots showing signs of bloating,3,disease_risk,blip_caption
a plant damaged by pests with chewed edges and green leaves,2,pest_risk,blip_caption
a drought stressed plant with dry curling leaves and brown spots,0,water_stress,blip_caption
a crop plant with heat damage wilted tips and green leaves,4,heat_stress,blip_caption
a crop plant with heat damage wilted tips and brown spots on a leaf,4,heat_stress,blip_caption
a crop leaf with insect damage and feeding holes showing the growth of the leaves,2,pest_risk,blip_caption
a drought stressed plant with dry curling leaves and brown spots on it,0,water_stress,blip_caption
a crop plant with heat damage wilted tips and a leaf on a piece of paper,4,heat_stress,blip_caption
a wilting crop plant with drooping leaves showing brown spots,0,water_stress,blip_caption
a heat stressed plant with scorched brown leaf tips showing red and green leaves,4,heat_stress,blip_caption
a heat stressed plant with scorched brown leaf tips showing rust on the leaves,4,heat_stress,blip_caption
a pale discoloured leaf with nutrient deficiency and green pigment,1,nutrient_def,blip_caption
a drought stressed plant with dry curling leaves and brown spots on it,0,water_stress,blip_caption
a heat stressed plant with scorched brown leaf tips showing red and green spots,4,heat_stress,blip_caption
a wilting crop plant with drooping leaves showing brown spots on the leaves,0,water_stress,blip_caption
a wilting crop plant with drooping leaves showing on a gray surface,0,water_stress,blip_caption
a plant damaged by pests with chewed edges and green leaves,2,pest_risk,blip_caption
a heat stressed plant with scorched brown leaf tips showing brown spots,4,heat_stress,blip_caption
a plant damaged by pests with chewed edges and green leaves,2,pest_risk,blip_caption
a crop leaf with insect damage and feeding holes showing the brown spots on the leaf,2,pest_risk,blip_caption
a heat stressed plant with scorched brown leaf tips showing signs of wilt,4,heat_stress,blip_caption
a crop plant with heat damage wilted tips and brown spots on a leaf,4,heat_stress,blip_caption
a diseased plant leaf with fungal spots showing brown and green leaves,3,disease_risk,blip_caption
a crop plant with heat damage wilted tips and brown spots on a leaf,4,heat_stress,blip_caption
a crop leaf with insect damage and feeding holes showing the size of the leaves,2,pest_risk,blip_caption
a diseased plant leaf with fungal spots showing signs of blemching,3,disease_risk,blip_caption
an infected crop leaf with blight and lesions and brown spots on it,3,disease_risk,blip_caption
a plant damaged by pests with chewed edges and green leaves,2,pest_risk,blip_caption
a plant leaf with yellowing chlorosis showing growth,1,nutrient_def,blip_caption
a plant damaged by pests with chewed edges and green leaves,2,pest_risk,blip_caption
a drought stressed plant with dry curling leaves and brown spots,0,water_stress,blip_caption
a crop plant with heat damage wilted tips and green leaves,4,heat_stress,blip_caption
a pale discoloured leaf with nutrient deficiency and green veins,1,nutrient_def,blip_caption
a diseased plant leaf with fungal spots showing brown spots on the leaves,3,disease_risk,blip_caption
a wilting crop plant with drooping leaves showing brown spots on the leaf,0,water_stress,blip_caption
a drought stressed plant with dry curling leaves and brown spots on the leaves,0,water_stress,blip_caption
an infected crop leaf with blight and lesions and brown spots,3,disease_risk,blip_caption
a diseased plant leaf with fungal spots showing brown spots on it,3,disease_risk,blip_caption
a plant damaged by pests with chewed edges and green leaves,2,pest_risk,blip_caption
a heat stressed plant with scorched brown leaf tips showing red and green leaves,4,heat_stress,blip_caption
a plant damaged by pests with chewed edges and green leaves,2,pest_risk,blip_caption
a diseased plant leaf with fungal spots showing brown and green leaves,3,disease_risk,blip_caption
a pale discoloured leaf with nutrient deficiency and green veins,1,nutrient_def,blip_caption
an infected crop leaf with blight and lesions and brown spots on it,3,disease_risk,blip_caption
"a heat stressed plant with scorched brown leaf tips showing red, yellow and green leaves",4,heat_stress,blip_caption
a plant damaged by pests with chewed edges and green leaves,2,pest_risk,blip_caption
a crop plant with heat damage wilted tips and brown spots on a leaf,4,heat_stress,blip_caption
a pale discoloured leaf with nutrient deficiency and mildness on it,1,nutrient_def,blip_caption
a plant damaged by pests with chewed edges and green leaves on a gray surface,2,pest_risk,blip_caption
a wilting crop plant with drooping leaves showing brown spots,0,water_stress,blip_caption
a wilting crop plant with drooping leaves showing brown spots,0,water_stress,blip_caption
a plant leaf with yellowing chlorosis showing the brown spots on it,1,nutrient_def,blip_caption
a wilting crop plant with drooping leaves showing brown spots,0,water_stress,blip_caption
a drought stressed plant with dry curling leaves and brown spots,0,water_stress,blip_caption
a crop plant with heat damage wilted tips and green leaves,4,heat_stress,blip_caption
a diseased plant leaf with fungal spots showing brown spots on it,3,disease_risk,blip_caption
a crop plant with heat damage wilted tips and brown spots on a leaf,4,heat_stress,blip_caption
a crop plant with heat damage wilted tips and green leaves,4,heat_stress,blip_caption
a diseased plant leaf with fungal spots showing brown spots on the leaves,3,disease_risk,blip_caption
a plant damaged by pests with chewed edges and brown spots on a leaf,2,pest_risk,blip_caption
a crop leaf with insect damage and feeding holes showing on the underside of the leaf,2,pest_risk,blip_caption
an infected crop leaf with blight and lesions and brown spots on it,3,disease_risk,blip_caption
a pale discoloured leaf with nutrient deficiency and blemching on it,1,nutrient_def,blip_caption
a drought stressed plant with dry curling leaves and brown spots on it,0,water_stress,blip_caption
a wilting crop plant with drooping leaves showing yellow and brown spots,0,water_stress,blip_caption
a pale discoloured leaf with nutrient deficiency and mildness on it,1,nutrient_def,blip_caption
a diseased plant leaf with fungal spots showing the damage of the leaves,3,disease_risk,blip_caption
a crop leaf with insect damage and feeding holes showing the size of the leaf,2,pest_risk,blip_caption
a heat stressed plant with scorched brown leaf tips showing red and green leaves,4,heat_stress,blip_caption
a wilting crop plant with drooping leaves showing brown spots,0,water_stress,blip_caption
an infected crop leaf with blight and lesions and brown spots on it,3,disease_risk,blip_caption
a crop leaf with insect damage and feeding holes showing the growth of the leaves,2,pest_risk,blip_caption
a plant leaf with yellowing chlorosis showing green leaves on a gray surface,1,nutrient_def,blip_caption
a drought stressed plant with dry curling leaves and wilt on it,0,water_stress,blip_caption
a drought stressed plant with dry curling leaves and brown spots on it,0,water_stress,blip_caption
a crop plant with heat damage wilted tips and brown spots,4,heat_stress,blip_caption
a diseased plant leaf with fungal spots showing brown spots on the leaves,3,disease_risk,blip_caption
a plant leaf with yellowing chlorosis showing on it,1,nutrient_def,blip_caption
a plant damaged by pests with chewed edges and green leaves on a gray surface,2,pest_risk,blip_caption
a crop plant with heat damage wilted tips and green leaves,4,heat_stress,blip_caption
a crop leaf with insect damage and feeding holes showing the growth of the leaves,2,pest_risk,blip_caption
a crop plant with heat damage wilted tips and green leaves,4,heat_stress,blip_caption
a drought stressed plant with dry curling leaves and brown spots,0,water_stress,blip_caption
a crop plant with heat damage wilted tips and brown spots on a leaf,4,heat_stress,blip_caption
a crop leaf with insect damage and feeding holes showing the growth of the leaves,2,pest_risk,blip_caption
a diseased plant leaf with fungal spots showing the presence of pollen on the leaves,3,disease_risk,blip_caption
a plant damaged by pests with chewed edges and green leaves,2,pest_risk,blip_caption
a pale discoloured leaf with nutrient deficiency and green veining,1,nutrient_def,blip_caption
a pale discoloured leaf with nutrient deficiency and nourishing,1,nutrient_def,blip_caption
an infected crop leaf with blight and lesions and brown spots on it,3,disease_risk,blip_caption
an infected crop leaf with blight and lesions and brown spots on it,3,disease_risk,blip_caption
a wilting crop plant with drooping leaves showing brown and yellow spots,0,water_stress,blip_caption
an infected crop leaf with blight and lesions and brown spots on the leaves,3,disease_risk,blip_caption
a wilting crop plant with drooping leaves showing brown spots,0,water_stress,blip_caption
a plant damaged by pests with chewed edges and green leaves,2,pest_risk,blip_caption
a pale discoloured leaf with nutrient deficiency and bloating,1,nutrient_def,blip_caption
a plant leaf with yellowing chlorosis showing on a gray surface,1,nutrient_def,blip_caption
a crop leaf with insect damage and feeding holes showing the growth of the leaves,2,pest_risk,blip_caption
a diseased plant leaf with fungal spots showing signs of blemching,3,disease_risk,blip_caption
a plant leaf with yellowing chlorosis showing the green leaves,1,nutrient_def,blip_caption
a diseased plant leaf with fungal spots showing brown spots on it,3,disease_risk,blip_caption
a plant leaf with yellowing chlorosis showing on the surface,1,nutrient_def,blip_caption
a diseased plant leaf with fungal spots showing signs of blemching,3,disease_risk,blip_caption
an infected crop leaf with blight and lesions and brown spots,3,disease_risk,blip_caption
a heat stressed plant with scorched brown leaf tips showing red and green leaves,4,heat_stress,blip_caption
a drought stressed plant with dry curling leaves and brown spots,0,water_stress,blip_caption
a pale discoloured leaf with nutrient deficiency and blemching,1,nutrient_def,blip_caption
an infected crop leaf with blight and lesions and brown spots on it,3,disease_risk,blip_caption
a heat stressed plant with scorched brown leaf tips showing red and black spots,4,heat_stress,blip_caption
a plant damaged by pests with chewed edges and green leaves,2,pest_risk,blip_caption
a plant leaf with yellowing chlorosis showing the growth of it ' s leaves,1,nutrient_def,blip_caption
a plant damaged by pests with chewed edges and green leaves,2,pest_risk,blip_caption
an infected crop leaf with blight and lesions and brown spots on the leaves,3,disease_risk,blip_caption
a plant leaf with yellowing chlorosis showing it ' s growth,1,nutrient_def,blip_caption
a diseased plant leaf with fungal spots showing green and yellow,3,disease_risk,blip_caption
an infected crop leaf with blight and lesions and brown spots on the leaves,3,disease_risk,blip_caption
a drought stressed plant with dry curling leaves and brown spots on the underside of the leaf,0,water_stress,blip_caption
a diseased plant leaf with fungal spots showing signs of blemching,3,disease_risk,blip_caption
a drought stressed plant with dry curling leaves and brown spots on the leaf,0,water_stress,blip_caption
a heat stressed plant with scorched brown leaf tips showing red and green leaves,4,heat_stress,blip_caption
an infected crop leaf with blight and lesions and brown spots,3,disease_risk,blip_caption
a crop plant with heat damage wilted tips and brown spots on a leaf,4,heat_stress,blip_caption
a plant leaf with yellowing chlorosis showing green leaves,1,nutrient_def,blip_caption
a plant leaf with yellowing chlorosis showing it ' s growth,1,nutrient_def,blip_caption
a diseased plant leaf with fungal spots showing green and yellow,3,disease_risk,blip_caption
a crop plant with heat damage wilted tips and brown spots on a leaf,4,heat_stress,blip_caption
a pale discoloured leaf with nutrient deficiency and blemching,1,nutrient_def,blip_caption
a drought stressed plant with dry curling leaves and yellow blotch,0,water_stress,blip_caption
an infected crop leaf with blight and lesions and a hole in the center,3,disease_risk,blip_caption
a heat stressed plant with scorched brown leaf tips showing red and green spots,4,heat_stress,blip_caption
a wilting crop plant with drooping leaves showing brown spots,0,water_stress,blip_caption
a plant leaf with yellowing chlorosis showing the green veins,1,nutrient_def,blip_caption
a plant damaged by pests with chewed edges and green leaves,2,pest_risk,blip_caption
a pale discoloured leaf with nutrient deficiency and mildness on it,1,nutrient_def,blip_caption
a drought stressed plant with dry curling leaves and brown spots,0,water_stress,blip_caption
a pale discoloured leaf with nutrient deficiency and bloating,1,nutrient_def,blip_caption
a plant leaf with yellowing chlorosis showing on it,1,nutrient_def,blip_caption
a heat stressed plant with scorched brown leaf tips showing brown spots on the leaves,4,heat_stress,blip_caption
a plant damaged by pests with chewed edges and green leaves,2,pest_risk,blip_caption
a drought stressed plant with dry curling leaves and brown spots on it,0,water_stress,blip_caption
a pale discoloured leaf with nutrient deficiency and brown spots on it,1,nutrient_def,blip_caption
a plant leaf with yellowing chlorosis showing green leaves on a gray surface,1,nutrient_def,blip_caption
a drought stressed plant with dry curling leaves and brown blotch,0,water_stress,blip_caption
a drought stressed plant with dry curling leaves and brown spots on it,0,water_stress,blip_caption
a crop plant with heat damage wilted tips and brown spots on a leaf,4,heat_stress,blip_caption
an infected crop leaf with blight and lesions and brown spots,3,disease_risk,blip_caption
a plant damaged by pests with chewed edges and green leaves,2,pest_risk,blip_caption
an infected crop leaf with blight and lesions and brown spots on the leaves,3,disease_risk,blip_caption
a diseased plant leaf with fungal spots showing signs of blemching,3,disease_risk,blip_caption
a crop leaf with insect damage and feeding holes showing the size of the leaves,2,pest_risk,blip_caption
a heat stressed plant with scorched brown leaf tips showing red and green leaves,4,heat_stress,blip_caption
a pale discoloured leaf with nutrient deficiency and blemching,1,nutrient_def,blip_caption
a crop leaf with insect damage and feeding holes showing the size of the leaves,2,pest_risk,blip_caption
a wilting crop plant with drooping leaves showing brown spots on the leaves,0,water_stress,blip_caption
a pale discoloured leaf with nutrient deficiency and mildness on it,1,nutrient_def,blip_caption
a plant damaged by pests with chewed edges and green leaves,2,pest_risk,blip_caption
a drought stressed plant with dry curling leaves and brown spots on it,0,water_stress,blip_caption
a plant damaged by pests with chewed edges and brown spots on the leaves,2,pest_risk,blip_caption
an infected crop leaf with blight and lesions and brown spots,3,disease_risk,blip_caption
a drought stressed plant with dry curling leaves and brown spots,0,water_stress,blip_caption
a plant leaf with yellowing chlorosis showing on the surface,1,nutrient_def,blip_caption
a heat stressed plant with scorched brown leaf tips showing brown spots on the leaves,4,heat_stress,blip_caption
a drought stressed plant with dry curling leaves and brown spots,0,water_stress,blip_caption
a heat stressed plant with scorched brown leaf tips showing brown spots on the leaves,4,heat_stress,blip_caption
a diseased plant leaf with fungal spots showing white spots on the leaves,3,disease_risk,blip_caption
a heat stressed plant with scorched brown leaf tips showing brown spots on the leaves,4,heat_stress,blip_caption
a heat stressed plant with scorched brown leaf tips showing red spots,4,heat_stress,blip_caption
a diseased plant leaf with fungal spots showing brown and green leaves,3,disease_risk,blip_caption
a plant leaf with yellowing chlorosis showing the brown spots on it,1,nutrient_def,blip_caption
a crop leaf with insect damage and feeding holes showing the size of the leaf,2,pest_risk,blip_caption
an infected crop leaf with blight and lesions and brown spots on it,3,disease_risk,blip_caption
a crop plant with heat damage wilted tips and green leaves,4,heat_stress,blip_caption
a crop plant with heat damage wilted tips and brown spots on a leaf,4,heat_stress,blip_caption
a diseased plant leaf with fungal spots showing signs of blemching,3,disease_risk,blip_caption
a pale discoloured leaf with nutrient deficiency and green veins,1,nutrient_def,blip_caption
a heat stressed plant with scorched brown leaf tips showing rust on the underside of the leaf,4,heat_stress,blip_caption
a diseased plant leaf with fungal spots showing signs of blemching,3,disease_risk,blip_caption
an infected crop leaf with blight and lesions and brown spots on it,3,disease_risk,blip_caption
a plant damaged by pests with chewed edges and brown spots on a leaf,2,pest_risk,blip_caption
a crop leaf with insect damage and feeding holes showing the growth of the leaves,2,pest_risk,blip_caption
a pale discoloured leaf with nutrient deficiency and green veins,1,nutrient_def,blip_caption
"a heat stressed plant with scorched brown leaf tips showing red, yellow, and green leaves",4,heat_stress,blip_caption
a plant damaged by pests with chewed edges and green leaves,2,pest_risk,blip_caption
an infected crop leaf with blight and lesions and brown spots on the leaves,3,disease_risk,blip_caption
a plant damaged by pests with chewed edges and green leaves,2,pest_risk,blip_caption
a heat stressed plant with scorched brown leaf tips showing brown spots on the leaves,4,heat_stress,blip_caption
a plant leaf with yellowing chlorosis showing the brown spots on it,1,nutrient_def,blip_caption
a heat stressed plant with scorched brown leaf tips showing red and green leaves,4,heat_stress,blip_caption
a crop plant with heat damage wilted tips and brown spots on a leaf,4,heat_stress,blip_caption
a crop plant with heat damage wilted tips and green leaves,4,heat_stress,blip_caption
a crop leaf with insect damage and feeding holes showing the growth of the leaves,2,pest_risk,blip_caption
a crop plant with heat damage wilted tips and brown spots on a leaf,4,heat_stress,blip_caption
a drought stressed plant with dry curling leaves and brown spots on the leaf,0,water_stress,blip_caption
a plant leaf with yellowing chlorosis showing the brown spots on it,1,nutrient_def,blip_caption
a diseased plant leaf with fungal spots showing the damage of the leaves,3,disease_risk,blip_caption
a plant leaf with yellowing chlorosis showing on the surface,1,nutrient_def,blip_caption
a pale discoloured leaf with nutrient deficiency and blemching,1,nutrient_def,blip_caption
a wilting crop plant with drooping leaves showing brown spots,0,water_stress,blip_caption
a plant leaf with yellowing chlorosis showing the brown spots on it,1,nutrient_def,blip_caption
a plant leaf with yellowing chlorosis showing growth,1,nutrient_def,blip_caption
a diseased plant leaf with fungal spots showing signs of infection,3,disease_risk,blip_caption
a pale discoloured leaf with nutrient deficiency and green algae on it,1,nutrient_def,blip_caption
a pale discoloured leaf with nutrient deficiency and mildness on the leaves,1,nutrient_def,blip_caption
a wilting crop plant with drooping leaves showing yellow and brown spots,0,water_stress,blip_caption
a pale discoloured leaf with nutrient deficiency and bloating,1,nutrient_def,blip_caption
a diseased plant leaf with fungal spots showing signs of blemching,3,disease_risk,blip_caption
a wilting crop plant with drooping leaves showing brown spots,0,water_stress,blip_caption
a pale discoloured leaf with nutrient deficiency and bleaching,1,nutrient_def,blip_caption
a plant damaged by pests with chewed edges and green leaves,2,pest_risk,blip_caption
a heat stressed plant with scorched brown leaf tips showing brown spots on the leaves,4,heat_stress,blip_caption
a diseased plant leaf with fungal spots showing brown spots on the leaves,3,disease_risk,blip_caption
a diseased plant leaf with fungal spots showing the damage of it ' s leaves,3,disease_risk,blip_caption
a crop leaf with insect damage and feeding holes showing the brown spots on the leaf,2,pest_risk,blip_caption
a pale discoloured leaf with nutrient deficiency and green algae on it,1,nutrient_def,blip_caption
a pale discoloured leaf with nutrient deficiency and blemching,1,nutrient_def,blip_caption
a crop leaf with insect damage and feeding holes showing the size of the leaf,2,pest_risk,blip_caption
a drought stressed plant with dry curling leaves and brown spots on the leaves,0,water_stress,blip_caption
a plant damaged by pests with chewed edges and green leaves,2,pest_risk,blip_caption
a plant leaf with yellowing chlorosis showing growth,1,nutrient_def,blip_caption
a drought stressed plant with dry curling leaves and brown spots on the leaf,0,water_stress,blip_caption
a wilting crop plant with drooping leaves showing brown and yellow spots,0,water_stress,blip_caption
a wilting crop plant with drooping leaves showing brown spots,0,water_stress,blip_caption
a heat stressed plant with scorched brown leaf tips showing red and green spots,4,heat_stress,blip_caption
a heat stressed plant with scorched brown leaf tips showing red and black spots,4,heat_stress,blip_caption
a plant leaf with yellowing chlorosis showing on a gray surface,1,nutrient_def,blip_caption
a diseased plant leaf with fungal spots showing brown and green leaves,3,disease_risk,blip_caption
a pale discoloured leaf with nutrient deficiency and blemching,1,nutrient_def,blip_caption
a crop leaf with insect damage and feeding holes showing the size of the leaf,2,pest_risk,blip_caption
a crop leaf with insect damage and feeding holes showing the growth of the leaves,2,pest_risk,blip_caption
a plant leaf with yellowing chlorosis showing on the surface,1,nutrient_def,blip_caption
a pale discoloured leaf with nutrient deficiency and blemching,1,nutrient_def,blip_caption
a crop plant with heat damage wilted tips and brown spots on a leaf,4,heat_stress,blip_caption
a wilting crop plant with drooping leaves showing brown spots on the leaf,0,water_stress,blip_caption
a crop plant with heat damage wilted tips and brown spots,4,heat_stress,blip_caption
a crop leaf with insect damage and feeding holes showing the size of the leaf,2,pest_risk,blip_caption
an infected crop leaf with blight and lesions and brown spots on the leaves,3,disease_risk,blip_caption
a diseased plant leaf with fungal spots showing brown spots on the leaves,3,disease_risk,blip_caption
a heat stressed plant with scorched brown leaf tips showing red and green leaves,4,heat_stress,blip_caption
a plant leaf with yellowing chlorosis showing on the surface,1,nutrient_def,blip_caption
a heat stressed plant with scorched brown leaf tips showing red and green leaves,4,heat_stress,blip_caption
a pale discoloured leaf with nutrient deficiency and mildness,1,nutrient_def,blip_caption
a heat stressed plant with scorched brown leaf tips showing red and green leaves,4,heat_stress,blip_caption
an infected crop leaf with blight and lesions and brown spots on it,3,disease_risk,blip_caption
a crop leaf with insect damage and feeding holes showing the size of the leaf,2,pest_risk,blip_caption
a pale discoloured leaf with nutrient deficiency and mildness on it,1,nutrient_def,blip_caption
a drought stressed plant with dry curling leaves and rust on it,0,water_stress,blip_caption
a plant damaged by pests with chewed edges and green leaves,2,pest_risk,blip_caption
a crop leaf with insect damage and feeding holes showing the growth of the leaves,2,pest_risk,blip_caption
a plant leaf with yellowing chlorosis showing the growth of it ' s leaves,1,nutrient_def,blip_caption
a diseased plant leaf with fungal spots showing signs of infection,3,disease_risk,blip_caption
a pale discoloured leaf with nutrient deficiency and mildness,1,nutrient_def,blip_caption
a pale discoloured leaf with nutrient deficiency and green algae on it,1,nutrient_def,blip_caption
a plant leaf with yellowing chlorosis showing the brown spots on it,1,nutrient_def,blip_caption
a diseased plant leaf with fungal spots showing brown spots on the leaves,3,disease_risk,blip_caption
a diseased plant leaf with fungal spots showing yellow and brown,3,disease_risk,blip_caption
a plant damaged by pests with chewed edges and green leaves on a gray surface,2,pest_risk,blip_caption
an infected crop leaf with blight and lesions and brown spots on it,3,disease_risk,blip_caption
a crop plant with heat damage wilted tips and green leaves,4,heat_stress,blip_caption
a plant damaged by pests with chewed edges and green leaves,2,pest_risk,blip_caption
a plant leaf with yellowing chlorosis showing on the surface,1,nutrient_def,blip_caption
a wilting crop plant with drooping leaves showing brown spots,0,water_stress,blip_caption
a crop plant with heat damage wilted tips and a person ' s hand holding a piece of paper,4,heat_stress,blip_caption
a drought stressed plant with dry curling leaves and brown spots,0,water_stress,blip_caption
a drought stressed plant with dry curling leaves and brown spots,0,water_stress,blip_caption
a wilting crop plant with drooping leaves showing brown spots,0,water_stress,blip_caption
a crop plant with heat damage wilted tips and brown spots on a leaf,4,heat_stress,blip_caption
a wilting crop plant with drooping leaves showing brown spots,0,water_stress,blip_caption
a diseased plant leaf with fungal spots showing the growth of the leaves,3,disease_risk,blip_caption
a plant damaged by pests with chewed edges and green leaves on a gray surface,2,pest_risk,blip_caption
a crop plant with heat damage wilted tips and brown spots,4,heat_stress,blip_caption
a plant leaf with yellowing chlorosis showing on it,1,nutrient_def,blip_caption
a plant damaged by pests with chewed edges and green leaves,2,pest_risk,blip_caption
a heat stressed plant with scorched brown leaf tips showing red and green leaves,4,heat_stress,blip_caption
a wilting crop plant with drooping leaves showing brown spots,0,water_stress,blip_caption
a diseased plant leaf with fungal spots showing brown spots on it,3,disease_risk,blip_caption
a wilting crop plant with drooping leaves showing brown spots,0,water_stress,blip_caption
an infected crop leaf with blight and lesions and brown spots on it,3,disease_risk,blip_caption
a crop leaf with insect damage and feeding holes showing the size of the leaf,2,pest_risk,blip_caption
a wilting crop plant with drooping leaves showing brown spots,0,water_stress,blip_caption
a drought stressed plant with dry curling leaves and brown spots on it,0,water_stress,blip_caption
a crop plant with heat damage wilted tips and brown spots on a leaf,4,heat_stress,blip_caption
a wilting crop plant with drooping leaves showing brown spots on the leaves,0,water_stress,blip_caption
a crop plant with heat damage wilted tips and green leaves,4,heat_stress,blip_caption
a drought stressed plant with dry curling leaves and brown spots,0,water_stress,blip_caption
a plant damaged by pests with chewed edges and green leaves,2,pest_risk,blip_caption
a heat stressed plant with scorched brown leaf tips showing brown spots on the leaves,4,heat_stress,blip_caption
an infected crop leaf with blight and lesions and brown spots on it,3,disease_risk,blip_caption
a plant leaf with yellowing chlorosis showing on the surface,1,nutrient_def,blip_caption
a crop leaf with insect damage and feeding holes showing the size of the leaves,2,pest_risk,blip_caption
a heat stressed plant with scorched brown leaf tips showing red and green spots,4,heat_stress,blip_caption
a crop plant with heat damage wilted tips and brown spots,4,heat_stress,blip_caption
a crop leaf with insect damage and feeding holes showing the growth of the leaves,2,pest_risk,blip_caption
an infected crop leaf with blight and lesions and brown spots,3,disease_risk,blip_caption
a wilting crop plant with drooping leaves showing brown and green spots,0,water_stress,blip_caption
a drought stressed plant with dry curling leaves and brown spots on it,0,water_stress,blip_caption
a drought stressed plant with dry curling leaves and brown spots on the leaves,0,water_stress,blip_caption
a wilting crop plant with drooping leaves showing yellow and brown spots,0,water_stress,blip_caption
a plant leaf with yellowing chlorosis showing the growth of the leaves,1,nutrient_def,blip_caption
a pale discoloured leaf with nutrient deficiency and blemching,1,nutrient_def,blip_caption
a crop plant with heat damage wilted tips and brown spots on a leaf,4,heat_stress,blip_caption
a wilting crop plant with drooping leaves showing brown spots,0,water_stress,blip_caption
a heat stressed plant with scorched brown leaf tips showing red and black spots,4,heat_stress,blip_caption
a diseased plant leaf with fungal spots showing the growth of the leaves,3,disease_risk,blip_caption
a heat stressed plant with scorched brown leaf tips showing red and green spots,4,heat_stress,blip_caption
a wilting crop plant with drooping leaves showing brown spots,0,water_stress,blip_caption
a wilting crop plant with drooping leaves showing brown spots,0,water_stress,blip_caption
a plant leaf with yellowing chlorosis showing on it,1,nutrient_def,blip_caption
a diseased plant leaf with fungal spots showing the damage of the leaves,3,disease_risk,blip_caption
a plant leaf with yellowing chlorosis showing through the center,1,nutrient_def,blip_caption
a crop plant with heat damage wilted tips and green leaves,4,heat_stress,blip_caption
a plant leaf with yellowing chlorosis showing the growth of it ' s leaves,1,nutrient_def,blip_caption
a crop plant with heat damage wilted tips and green leaves,4,heat_stress,blip_caption
a drought stressed plant with dry curling leaves and brown spots,0,water_stress,blip_caption
a pale discoloured leaf with nutrient deficiency and mildness,1,nutrient_def,blip_caption
a drought stressed plant with dry curling leaves and brown spots,0,water_stress,blip_caption
a plant leaf with yellowing chlorosis showing it ' s green color,1,nutrient_def,blip_caption
a diseased plant leaf with fungal spots showing a hole in the leaf,3,disease_risk,blip_caption
a diseased plant leaf with fungal spots showing brown and green leaves,3,disease_risk,blip_caption
a diseased plant leaf with fungal spots showing brown spots on it,3,disease_risk,blip_caption
a drought stressed plant with dry curling leaves and brown spots on it,0,water_stress,blip_caption
a plant leaf with yellowing chlorosis showing on the surface,1,nutrient_def,blip_caption
a pale discoloured leaf with nutrient deficiency and vitamins on it,1,nutrient_def,blip_caption
a wilting crop plant with drooping leaves showing brown spots on the leaves,0,water_stress,blip_caption
a drought stressed plant with dry curling leaves and brown spots on it,0,water_stress,blip_caption
a wilting crop plant with drooping leaves showing brown spots,0,water_stress,blip_caption
a wilting crop plant with drooping leaves showing brown spots,0,water_stress,blip_caption
a heat stressed plant with scorched brown leaf tips showing brown spots on the leaves,4,heat_stress,blip_caption
a crop leaf with insect damage and feeding holes showing on it,2,pest_risk,blip_caption
"a heat stressed plant with scorched brown leaf tips showing red, yellow and green leaves",4,heat_stress,blip_caption
a drought stressed plant with dry curling leaves and brown spots on it,0,water_stress,blip_caption
a plant leaf with yellowing chlorosis showing on a brown surface,1,nutrient_def,blip_caption
a diseased plant leaf with fungal spots showing brown and green leaves,3,disease_risk,blip_caption
a heat stressed plant with scorched brown leaf tips showing brown spots on the leaves,4,heat_stress,blip_caption
a pale discoloured leaf with nutrient deficiency and mildness on the leaves,1,nutrient_def,blip_caption
a crop plant with heat damage wilted tips and brown spots on a leaf,4,heat_stress,blip_caption
a heat stressed plant with scorched brown leaf tips showing red spots,4,heat_stress,blip_caption
a plant leaf with yellowing chlorosis showing on a gray surface,1,nutrient_def,blip_caption
a pale discoloured leaf with nutrient deficiency and mildness on it,1,nutrient_def,blip_caption
a diseased plant leaf with fungal spots showing the damage of it ' s leaves,3,disease_risk,blip_caption
a diseased plant leaf with fungal spots showing the damage of the leaves,3,disease_risk,blip_caption
a pale discoloured leaf with nutrient deficiency and green veins,1,nutrient_def,blip_caption
a crop leaf with insect damage and feeding holes showing the size of the leaf,2,pest_risk,blip_caption
a heat stressed plant with scorched brown leaf tips showing rust and blotch,4,heat_stress,blip_caption
a wilting crop plant with drooping leaves showing yellow and green,0,water_stress,blip_caption
a wilting crop plant with drooping leaves showing brown spots on the leaves,0,water_stress,blip_caption
a pale discoloured leaf with nutrient deficiency and mildness on it,1,nutrient_def,blip_caption
a heat stressed plant with scorched brown leaf tips showing red and green leaves,4,heat_stress,blip_caption
a crop plant with heat damage wilted tips and green leaves,4,heat_stress,blip_caption
a diseased plant leaf with fungal spots showing brown spots on the leaves,3,disease_risk,blip_caption
a heat stressed plant with scorched brown leaf tips showing rusts and blotches,4,heat_stress,blip_caption
a diseased plant leaf with fungal spots showing the growth of the leaves,3,disease_risk,blip_caption
a plant damaged by pests with chewed edges and green leaves,2,pest_risk,blip_caption
a wilting crop plant with drooping leaves showing brown spots on the leaves,0,water_stress,blip_caption
an infected crop leaf with blight and lesions and brown spots on the leaves,3,disease_risk,blip_caption
a wilting crop plant with drooping leaves showing brown spots,0,water_stress,blip_caption
a wilting crop plant with drooping leaves showing brown spots,0,water_stress,blip_caption
a diseased plant leaf with fungal spots showing signs of blemching,3,disease_risk,blip_caption
a crop plant with heat damage wilted tips and green leaves,4,heat_stress,blip_caption
an infected crop leaf with blight and lesions and brown spots on it,3,disease_risk,blip_caption
a diseased plant leaf with fungal spots showing green and yellow,3,disease_risk,blip_caption
a diseased plant leaf with fungal spots showing signs of blemching,3,disease_risk,blip_caption
a diseased plant leaf with fungal spots showing green and yellow,3,disease_risk,blip_caption
a diseased plant leaf with fungal spots showing brown spots on the leaves,3,disease_risk,blip_caption
an infected crop leaf with blight and lesions and brown spots on it,3,disease_risk,blip_caption
an infected crop leaf with blight and lesions and brown spots on the leaves,3,disease_risk,blip_caption
a heat stressed plant with scorched brown leaf tips showing red and green spots,4,heat_stress,blip_caption
a plant leaf with yellowing chlorosis showing the brown spots,1,nutrient_def,blip_caption
a crop plant with heat damage wilted tips and green leaves,4,heat_stress,blip_caption
a plant damaged by pests with chewed edges and moldy leaves,2,pest_risk,blip_caption
a pale discoloured leaf with nutrient deficiency and mildness,1,nutrient_def,blip_caption
a heat stressed plant with scorched brown leaf tips showing red and green leaves,4,heat_stress,blip_caption
a plant damaged by pests with chewed edges and green leaves,2,pest_risk,blip_caption
a drought stressed plant with dry curling leaves and brown spots on it,0,water_stress,blip_caption
an infected crop leaf with blight and lesions and brown spots on it,3,disease_risk,blip_caption
a heat stressed plant with scorched brown leaf tips showing red and black spots,4,heat_stress,blip_caption
a crop leaf with insect damage and feeding holes showing on the underside of the leaf,2,pest_risk,blip_caption
a heat stressed plant with scorched brown leaf tips showing red and green leaves,4,heat_stress,blip_caption
a heat stressed plant with scorched brown leaf tips showing red spots,4,heat_stress,blip_caption
an infected crop leaf with blight and lesions and brown spots,3,disease_risk,blip_caption
an infected crop leaf with blight and lesions and a red spot on the leaf,3,disease_risk,blip_caption
a drought stressed plant with dry curling leaves and brown spots on it,0,water_stress,blip_caption
a drought stressed plant with dry curling leaves and brown spots on it,0,water_stress,blip_caption
a diseased plant leaf with fungal spots showing brown and white spots,3,disease_risk,blip_caption
a wilting crop plant with drooping leaves showing brown spots,0,water_stress,blip_caption
a pale discoloured leaf with nutrient deficiency and mildness on it,1,nutrient_def,blip_caption
an infected crop leaf with blight and lesions and white spots on it,3,disease_risk,blip_caption
a crop plant with heat damage wilted tips and brown spots on a leaf,4,heat_stress,blip_caption
"a heat stressed plant with scorched brown leaf tips showing red, yellow and green spots",4,heat_stress,blip_caption
a plant damaged by pests with chewed edges and green leaves,2,pest_risk,blip_caption
a diseased plant leaf with fungal spots showing brown and green leaves,3,disease_risk,blip_caption
a wilting crop plant with drooping leaves showing the damage of the leaf,0,water_stress,blip_caption
a wilting crop plant with drooping leaves showing brown spots,0,water_stress,blip_caption
a diseased plant leaf with fungal spots showing brown spots on it,3,disease_risk,blip_caption
a heat stressed plant with scorched brown leaf tips showing red and green leaves,4,heat_stress,blip_caption
a drought stressed plant with dry curling leaves and brown spots on it,0,water_stress,blip_caption
a pale discoloured leaf with nutrient deficiency and mildness,1,nutrient_def,blip_caption
a crop leaf with insect damage and feeding holes showing the size of the leaf,2,pest_risk,blip_caption
a heat stressed plant with scorched brown leaf tips showing red and black spots,4,heat_stress,blip_caption
a pale discoloured leaf with nutrient deficiency and green veins,1,nutrient_def,blip_caption
a drought stressed plant with dry curling leaves and brown spots on it,0,water_stress,blip_caption
a crop leaf with insect damage and feeding holes showing the growth of the leaves,2,pest_risk,blip_caption
a drought stressed plant with dry curling leaves and brown spots on it,0,water_stress,blip_caption
a plant damaged by pests with chewed edges and green leaves,2,pest_risk,blip_caption
a crop plant with heat damage wilted tips and brown spots on a leaf,4,heat_stress,blip_caption
a plant damaged by pests with chewed edges and green leaves,2,pest_risk,blip_caption
a drought stressed plant with dry curling leaves and brown spots,0,water_stress,blip_caption
a wilting crop plant with drooping leaves showing yellow and brown spots,0,water_stress,blip_caption
a drought stressed plant with dry curling leaves and wilt on it,0,water_stress,blip_caption
an infected crop leaf with blight and lesions and brown spots on it,3,disease_risk,blip_caption
a heat stressed plant with scorched brown leaf tips showing red and black spots,4,heat_stress,blip_caption
a diseased plant leaf with fungal spots showing brown spots on it,3,disease_risk,blip_caption
a crop leaf with insect damage and feeding holes showing the size of the leaf,2,pest_risk,blip_caption
a drought stressed plant with dry curling leaves and brown spots,0,water_stress,blip_caption
a pale discoloured leaf with nutrient deficiency and mildness,1,nutrient_def,blip_caption
a crop leaf with insect damage and feeding holes showing on the underside of the leaf,2,pest_risk,blip_caption
an infected crop leaf with blight and lesions and brown spots on it,3,disease_risk,blip_caption
an infected crop leaf with blight and lesions and brown spots on it,3,disease_risk,blip_caption
a pale discoloured leaf with nutrient deficiency and mildness,1,nutrient_def,blip_caption
a plant damaged by pests with chewed edges and green leaves,2,pest_risk,blip_caption
a plant damaged by pests with chewed edges and green leaves,2,pest_risk,blip_caption
an infected crop leaf with blight and lesions and brown spots on it,3,disease_risk,blip_caption
a crop plant with heat damage wilted tips and green leaves,4,heat_stress,blip_caption
a heat stressed plant with scorched brown leaf tips showing brown spots on the underside of the leaf,4,heat_stress,blip_caption
a drought stressed plant with dry curling leaves and brown spots,0,water_stress,blip_caption
a plant damaged by pests with chewed edges and brown spots on a leaf,2,pest_risk,blip_caption
a pale discoloured leaf with nutrient deficiency and mildness,1,nutrient_def,blip_caption
a heat stressed plant with scorched brown leaf tips showing red and green leaves,4,heat_stress,blip_caption
a pale discoloured leaf with nutrient deficiency and mildness,1,nutrient_def,blip_caption
a wilting crop plant with drooping leaves showing brown spots,0,water_stress,blip_caption
a drought stressed plant with dry curling leaves and brown spots on it,0,water_stress,blip_caption
a drought stressed plant with dry curling leaves and brown spots,0,water_stress,blip_caption
a heat stressed plant with scorched brown leaf tips showing rust and blotch,4,heat_stress,blip_caption
a plant damaged by pests with chewed edges and green leaves,2,pest_risk,blip_caption
a drought stressed plant with dry curling leaves and brown spots on the leaves,0,water_stress,blip_caption
a pale discoloured leaf with nutrient deficiency and high choles,1,nutrient_def,blip_caption
a pale discoloured leaf with nutrient deficiency and green pigment,1,nutrient_def,blip_caption
a diseased plant leaf with fungal spots showing brown spots on the leaves,3,disease_risk,blip_caption
a heat stressed plant with scorched brown leaf tips showing red and green spots,4,heat_stress,blip_caption
a crop plant with heat damage wilted tips and green leaves,4,heat_stress,blip_caption
a plant leaf with yellowing chlorosis showing the damage on it,1,nutrient_def,blip_caption
a heat stressed plant with scorched brown leaf tips showing red and green spots,4,heat_stress,blip_caption
a pale discoloured leaf with nutrient deficiency and bloating,1,nutrient_def,blip_caption
an infected crop leaf with blight and lesions and brown spots,3,disease_risk,blip_caption
a crop plant with heat damage wilted tips and brown spots on a leaf,4,heat_stress,blip_caption
a plant damaged by pests with chewed edges and green leaves,2,pest_risk,blip_caption
an infected crop leaf with blight and lesions and brown spots on it,3,disease_risk,blip_caption
a heat stressed plant with scorched brown leaf tips showing black spots on the underside of the leaf,4,heat_stress,blip_caption
an infected crop leaf with blight and lesions and brown spots,3,disease_risk,blip_caption
a drought stressed plant with dry curling leaves and brown spots on it,0,water_stress,blip_caption
a heat stressed plant with scorched brown leaf tips showing signs of wilt,4,heat_stress,blip_caption
a drought stressed plant with dry curling leaves and brown spots,0,water_stress,blip_caption
a crop leaf with insect damage and feeding holes showing the size of the leaves,2,pest_risk,blip_caption
a diseased plant leaf with fungal spots showing brown and green leaves,3,disease_risk,blip_caption
a drought stressed plant with dry curling leaves and brown spots on it,0,water_stress,blip_caption
a wilting crop plant with drooping leaves showing brown spots,0,water_stress,blip_caption
a pale discoloured leaf with nutrient deficiency and green veins,1,nutrient_def,blip_caption
a heat stressed plant with scorched brown leaf tips showing brown spots on the leaves,4,heat_stress,blip_caption
a plant leaf with yellowing chlorosis showing on it,1,nutrient_def,blip_caption
a crop plant with heat damage wilted tips and brown spots,4,heat_stress,blip_caption
a crop plant with heat damage wilted tips and green leaves,4,heat_stress,blip_caption
a drought stressed plant with dry curling leaves and brown spots,0,water_stress,blip_caption
a wilting crop plant with drooping leaves showing brown spots on the leaves,0,water_stress,blip_caption
a plant damaged by pests with chewed edges and green leaves,2,pest_risk,blip_caption
a plant damaged by pests with chewed edges and green leaves,2,pest_risk,blip_caption
a plant leaf with yellowing chlorosis showing on it,1,nutrient_def,blip_caption
a plant leaf with yellowing chlorosis showing on a gray surface,1,nutrient_def,blip_caption
a plant leaf with yellowing chlorosis showing on a gray surface,1,nutrient_def,blip_caption
a diseased plant leaf with fungal spots showing signs of blemching,3,disease_risk,blip_caption
a wilting crop plant with drooping leaves showing the damage,0,water_stress,blip_caption
a wilting crop plant with drooping leaves showing yellow and brown spots,0,water_stress,blip_caption
a pale discoloured leaf with nutrient deficiency and blemching,1,nutrient_def,blip_caption
a drought stressed plant with dry curling leaves and brown spots on the leaves,0,water_stress,blip_caption
a diseased plant leaf with fungal spots showing signs of blemching,3,disease_risk,blip_caption
a pale discoloured leaf with nutrient deficiency and mildness,1,nutrient_def,blip_caption
a plant leaf with yellowing chlorosis showing on it,1,nutrient_def,blip_caption
a crop plant with heat damage wilted tips and brown spots on a leaf,4,heat_stress,blip_caption
a pale discoloured leaf with nutrient deficiency and blemching,1,nutrient_def,blip_caption
a wilting crop plant with drooping leaves showing brown spots,0,water_stress,blip_caption
a crop leaf with insect damage and feeding holes showing the growth of the leaves,2,pest_risk,blip_caption
a diseased plant leaf with fungal spots showing white spots on the leaves,3,disease_risk,blip_caption
a heat stressed plant with scorched brown leaf tips showing red and green spots,4,heat_stress,blip_caption
a plant damaged by pests with chewed edges and green leaves,2,pest_risk,blip_caption
a crop leaf with insect damage and feeding holes showing on the underside of the leaf,2,pest_risk,blip_caption
a wilting crop plant with drooping leaves showing brown spots,0,water_stress,blip_caption
a plant leaf with yellowing chlorosis showing the damage of it ' s leaves,1,nutrient_def,blip_caption
a pale discoloured leaf with nutrient deficiency and mildness on it,1,nutrient_def,blip_caption
an infected crop leaf with blight and lesions and brown spots on it,3,disease_risk,blip_caption
a diseased plant leaf with fungal spots showing the damage of it ' s leaves,3,disease_risk,blip_caption
a plant damaged by pests with chewed edges and green leaves,2,pest_risk,blip_caption
a plant damaged by pests with chewed edges and green leaves,2,pest_risk,blip_caption
a crop plant with heat damage wilted tips and brown spots on a leaf,4,heat_stress,blip_caption
a pale discoloured leaf with nutrient deficiency and green pigment,1,nutrient_def,blip_caption
a drought stressed plant with dry curling leaves and brown spots on it,0,water_stress,blip_caption
a drought stressed plant with dry curling leaves and brown spots on it,0,water_stress,blip_caption
a wilting crop plant with drooping leaves showing brown and green pigment,0,water_stress,blip_caption
a crop leaf with insect damage and feeding holes showing the size of the leaf,2,pest_risk,blip_caption
a heat stressed plant with scorched brown leaf tips showing red spots on the leaves,4,heat_stress,blip_caption
an infected crop leaf with blight and lesions and brown spots on the underside of the leaf,3,disease_risk,blip_caption
a crop leaf with insect damage and feeding holes showing the size of the leaves,2,pest_risk,blip_caption
a plant damaged by pests with chewed edges and green leaves,2,pest_risk,blip_caption
a crop plant with heat damage wilted tips and brown spots,4,heat_stress,blip_caption
a plant leaf with yellowing chlorosis showing on the surface,1,nutrient_def,blip_caption
an infected crop leaf with blight and lesions and brown spots on the leaves,3,disease_risk,blip_caption
a crop plant with heat damage wilted tips and green leaves,4,heat_stress,blip_caption
a pale discoloured leaf with nutrient deficiency and mildness on the leaves,1,nutrient_def,blip_caption
a drought stressed plant with dry curling leaves and brown spots on the leaves,0,water_stress,blip_caption
a heat stressed plant with scorched brown leaf tips showing red spots,4,heat_stress,blip_caption
a wilting crop plant with drooping leaves showing yellow and green,0,water_stress,blip_caption
a crop plant with heat damage wilted tips and green leaves,4,heat_stress,blip_caption
a drought stressed plant with dry curling leaves and brown spots on it,0,water_stress,blip_caption
a plant damaged by pests with chewed edges and green leaves,2,pest_risk,blip_caption
a plant damaged by pests with chewed edges and brown spots on the leaves,2,pest_risk,blip_caption
a drought stressed plant with dry curling leaves and brown spots on the leaves,0,water_stress,blip_caption
a plant leaf with yellowing chlorosis showing on the ground,1,nutrient_def,blip_caption
an infected crop leaf with blight and lesions and brown spots on it,3,disease_risk,blip_caption
a plant damaged by pests with chewed edges and green leaves,2,pest_risk,blip_caption
a plant leaf with yellowing chlorosis showing the damage of it,1,nutrient_def,blip_caption
a crop plant with heat damage wilted tips and brown spots,4,heat_stress,blip_caption
a diseased plant leaf with fungal spots showing signs of blight,3,disease_risk,blip_caption
a wilting crop plant with drooping leaves showing brown spots,0,water_stress,blip_caption
a diseased plant leaf with fungal spots showing the growth of the leaves,3,disease_risk,blip_caption
a pale discoloured leaf with nutrient deficiency and blemching,1,nutrient_def,blip_caption
a crop leaf with insect damage and feeding holes showing on the surface,2,pest_risk,blip_caption
a plant leaf with yellowing chlorosis showing growth,1,nutrient_def,blip_caption
an infected crop leaf with blight and lesions and brown spots on it,3,disease_risk,blip_caption
a wilting crop plant with drooping leaves showing brown spots,0,water_stress,blip_caption
a wilting crop plant with drooping leaves showing on the ground,0,water_stress,blip_caption
an infected crop leaf with blight and lesions and brown spots,3,disease_risk,blip_caption
a plant leaf with yellowing chlorosis showing on it,1,nutrient_def,blip_caption
a plant leaf with yellowing chlorosis showing the growth of the leaves,1,nutrient_def,blip_caption
a plant leaf with yellowing chlorosis showing the damage of it ' s leaves,1,nutrient_def,blip_caption
a heat stressed plant with scorched brown leaf tips showing red and green spots,4,heat_stress,blip_caption
a plant damaged by pests with chewed edges and green leaves,2,pest_risk,blip_caption
a drought stressed plant with dry curling leaves and brown blotch on the leaf,0,water_stress,blip_caption
a plant leaf with yellowing chlorosis showing on a sidewalk,1,nutrient_def,blip_caption
a crop plant with heat damage wilted tips and brown spots,4,heat_stress,blip_caption
a heat stressed plant with scorched brown leaf tips showing red spots,4,heat_stress,blip_caption
an infected crop leaf with blight and lesions and holes in the center,3,disease_risk,blip_caption
a crop plant with heat damage wilted tips and brown spots,4,heat_stress,blip_caption
a crop leaf with insect damage and feeding holes showing the growth of the leaves,2,pest_risk,blip_caption
a crop plant with heat damage wilted tips and a person holding a piece of paper,4,heat_stress,blip_caption
a pale discoloured leaf with nutrient deficiency and brown spots on it,1,nutrient_def,blip_caption
a crop leaf with insect damage and feeding holes showing the brown spots on the leaves,2,pest_risk,blip_caption
a wilting crop plant with drooping leaves showing brown spots,0,water_stress,blip_caption
a crop plant with heat damage wilted tips and brown spots on a leaf,4,heat_stress,blip_caption
a diseased plant leaf with fungal spots showing brown and green,3,disease_risk,blip_caption
a diseased plant leaf with fungal spots showing signs of blemching,3,disease_risk,blip_caption
an infected crop leaf with blight and lesions and brown spots on it,3,disease_risk,blip_caption
a plant leaf with yellowing chlorosis showing the structure of the leaves,1,nutrient_def,blip_caption
a heat stressed plant with scorched brown leaf tips showing red and green spots,4,heat_stress,blip_caption
a plant leaf with yellowing chlorosis showing on a gray surface,1,nutrient_def,blip_caption
a plant damaged by pests with chewed edges and green leaves,2,pest_risk,blip_caption
a heat stressed plant with scorched brown leaf tips showing black spots,4,heat_stress,blip_caption
a crop plant with heat damage wilted tips and brown spots on a leaf,4,heat_stress,blip_caption
a wilting crop plant with drooping leaves showing brown spots,0,water_stress,blip_caption
an infected crop leaf with blight and lesions and brown spots,3,disease_risk,blip_caption
a heat stressed plant with scorched brown leaf tips showing red and green leaves,4,heat_stress,blip_caption
an infected crop leaf with blight and lesions and brown spots on it,3,disease_risk,blip_caption
a plant damaged by pests with chewed edges and green leaves,2,pest_risk,blip_caption
a heat stressed plant with scorched brown leaf tips showing red and green leaves,4,heat_stress,blip_caption
a plant leaf with yellowing chlorosis showing on a brown surface,1,nutrient_def,blip_caption
a heat stressed plant with scorched brown leaf tips showing red and yellow spots,4,heat_stress,blip_caption
a plant damaged by pests with chewed edges and green leaves,2,pest_risk,blip_caption
a crop plant with heat damage wilted tips and brown spots,4,heat_stress,blip_caption
a pale discoloured leaf with nutrient deficiency and brown spots on it,1,nutrient_def,blip_caption
a crop leaf with insect damage and feeding holes showing the growth of the leaves,2,pest_risk,blip_caption
a plant leaf with yellowing chlorosis showing on a sandy surface,1,nutrient_def,blip_caption
a diseased plant leaf with fungal spots showing brown spots on it,3,disease_risk,blip_caption
a drought stressed plant with dry curling leaves and brown spots on it,0,water_stress,blip_caption
a crop leaf with insect damage and feeding holes showing on the underside of the leaf,2,pest_risk,blip_caption
a heat stressed plant with scorched brown leaf tips showing brown spots on the leaves,4,heat_stress,blip_caption
a diseased plant leaf with fungal spots showing the damage of it ' s leaves,3,disease_risk,blip_caption
a crop leaf with insect damage and feeding holes showing the brown spots on the leaves,2,pest_risk,blip_caption
a heat stressed plant with scorched brown leaf tips showing red and green leaves,4,heat_stress,blip_caption
a crop leaf with insect damage and feeding holes showing on the surface of the ground,2,pest_risk,blip_caption
a pale discoloured leaf with nutrient deficiency and green leaves,1,nutrient_def,blip_caption
an infected crop leaf with blight and lesions and brown spots on it,3,disease_risk,blip_caption
a plant leaf with yellowing chlorosis showing brown spots on it,1,nutrient_def,blip_caption
a crop leaf with insect damage and feeding holes showing the growth of the leaves,2,pest_risk,blip_caption
an infected crop leaf with blight and lesions and brown spots on it,3,disease_risk,blip_caption
a wilting crop plant with drooping leaves showing signs of blemching,0,water_stress,blip_caption
a diseased plant leaf with fungal spots showing the damage of the leaf,3,disease_risk,blip_caption
a pale discoloured leaf with nutrient deficiency and blemching,1,nutrient_def,blip_caption
a wilting crop plant with drooping leaves showing brown spots,0,water_stress,blip_caption
a plant leaf with yellowing chlorosis showing on it,1,nutrient_def,blip_caption
a crop leaf with insect damage and feeding holes showing on the underside of the leaf,2,pest_risk,blip_caption
a plant leaf with yellowing chlorosis showing on a gray surface,1,nutrient_def,blip_caption
a plant damaged by pests with chewed edges and green leaves,2,pest_risk,blip_caption
a heat stressed plant with scorched brown leaf tips showing red and black spots,4,heat_stress,blip_caption
a diseased plant leaf with fungal spots showing brown spots on the leaves,3,disease_risk,blip_caption
a wilting crop plant with drooping leaves showing brown spots,0,water_stress,blip_caption
a plant damaged by pests with chewed edges and brown spots on a leaf,2,pest_risk,blip_caption
a wilting crop plant with drooping leaves showing brown spots,0,water_stress,blip_caption
a diseased plant leaf with fungal spots showing signs of blemching,3,disease_risk,blip_caption
a heat stressed plant with scorched brown leaf tips showing red and green spots,4,heat_stress,blip_caption
a drought stressed plant with dry curling leaves and brown spots on it,0,water_stress,blip_caption
an infected crop leaf with blight and lesions and brown spots on it,3,disease_risk,blip_caption
a crop plant with heat damage wilted tips and brown spots,4,heat_stress,blip_caption
a wilting crop plant with drooping leaves showing brown spots,0,water_stress,blip_caption
a heat stressed plant with scorched brown leaf tips showing red and green spots,4,heat_stress,blip_caption
a plant damaged by pests with chewed edges and green leaves,2,pest_risk,blip_caption
a crop leaf with insect damage and feeding holes showing the growth of the leaves,2,pest_risk,blip_caption
a drought stressed plant with dry curling leaves and brown spots,0,water_stress,blip_caption
a crop plant with heat damage wilted tips and brown spots on a leaf,4,heat_stress,blip_caption
a diseased plant leaf with fungal spots showing the damage of the leaves,3,disease_risk,blip_caption
a wilting crop plant with drooping leaves showing brown spots,0,water_stress,blip_caption
a wilting crop plant with drooping leaves showing brown spots,0,water_stress,blip_caption
a plant damaged by pests with chewed edges and green leaves on a purple surface,2,pest_risk,blip_caption
an infected crop leaf with blight and lesions and brown spots on it,3,disease_risk,blip_caption
a crop plant with heat damage wilted tips and green leaves,4,heat_stress,blip_caption
a plant damaged by pests with chewed edges and green leaves,2,pest_risk,blip_caption
a crop leaf with insect damage and feeding holes showing the size of the leaf,2,pest_risk,blip_caption
an infected crop leaf with blight and lesions and brown spots on the leaves,3,disease_risk,blip_caption
an infected crop leaf with blight and lesions and brown spots on it,3,disease_risk,blip_caption
a crop leaf with insect damage and feeding holes showing the growth of the leaves,2,pest_risk,blip_caption
a heat stressed plant with scorched brown leaf tips showing red and green spots,4,heat_stress,blip_caption
a crop leaf with insect damage and feeding holes showing the growth of the leaves,2,pest_risk,blip_caption
a crop leaf with insect damage and feeding holes showing the size of the leaf,2,pest_risk,blip_caption
a drought stressed plant with dry curling leaves and brown spots on it,0,water_stress,blip_caption
a crop leaf with insect damage and feeding holes showing the growth of the leaves,2,pest_risk,blip_caption
a diseased plant leaf with fungal spots showing the growth of the leaves,3,disease_risk,blip_caption
a plant damaged by pests with chewed edges and green leaves,2,pest_risk,blip_caption
a pale discoloured leaf with nutrient deficiency and mildness on it,1,nutrient_def,blip_caption
a crop plant with heat damage wilted tips and brown spots on a leaf,4,heat_stress,blip_caption
a plant leaf with yellowing chlorosis showing the growth of it,1,nutrient_def,blip_caption
a plant leaf with yellowing chlorosis showing the green leaves,1,nutrient_def,blip_caption
a diseased plant leaf with fungal spots showing brown spots on the leaves,3,disease_risk,blip_caption
a plant damaged by pests with chewed edges and green leaves,2,pest_risk,blip_caption
a drought stressed plant with dry curling leaves and brown spots,0,water_stress,blip_caption
a plant leaf with yellowing chlorosis showing on the surface,1,nutrient_def,blip_caption
an infected crop leaf with blight and lesions and a bug on it,3,disease_risk,blip_caption
a drought stressed plant with dry curling leaves and brown spots,0,water_stress,blip_caption
a plant damaged by pests with chewed edges and green leaves,2,pest_risk,blip_caption
an infected crop leaf with blight and lesions and brown spots,3,disease_risk,blip_caption
a crop leaf with insect damage and feeding holes showing the growth of the leaves,2,pest_risk,blip_caption
a crop plant with heat damage wilted tips and brown spots on a leaf,4,heat_stress,blip_caption
a pale discoloured leaf with nutrient deficiency and bloating,1,nutrient_def,blip_caption
a diseased plant leaf with fungal spots showing the damage of it ' s leaves,3,disease_risk,blip_caption
a pale discoloured leaf with nutrient deficiency and green algae,1,nutrient_def,blip_caption
a diseased plant leaf with fungal spots showing brown spots on the leaves,3,disease_risk,blip_caption
a diseased plant leaf with fungal spots showing brown spots on it,3,disease_risk,blip_caption
a crop leaf with insect damage and feeding holes showing the growth of the leaves,2,pest_risk,blip_caption
a crop plant with heat damage wilted tips and brown spots on a leaf,4,heat_stress,blip_caption
a crop leaf with insect damage and feeding holes showing on the underside of the leaf,2,pest_risk,blip_caption
a plant damaged by pests with chewed edges and brown spots on the leaves,2,pest_risk,blip_caption
a plant leaf with yellowing chlorosis showing green leaves,1,nutrient_def,blip_caption
a crop leaf with insect damage and feeding holes showing the growth of the leaves,2,pest_risk,blip_caption
a crop plant with heat damage wilted tips and a wooden sign that says ' 9 year old ',4,heat_stress,blip_caption
a pale discoloured leaf with nutrient deficiency and blemching,1,nutrient_def,blip_caption
a heat stressed plant with scorched brown leaf tips showing red spots,4,heat_stress,blip_caption
a diseased plant leaf with fungal spots showing brown spots on the leaves,3,disease_risk,blip_caption
a heat stressed plant with scorched brown leaf tips showing red blotches,4,heat_stress,blip_caption
a plant damaged by pests with chewed edges and brown spots on the leaves,2,pest_risk,blip_caption
a heat stressed plant with scorched brown leaf tips showing red and green spots,4,heat_stress,blip_caption
a plant leaf with yellowing chlorosis showing green leaves and brown spots,1,nutrient_def,blip_caption
a crop leaf with insect damage and feeding holes showing the size of the leaf,2,pest_risk,blip_caption
a diseased plant leaf with fungal spots showing signs of blemching,3,disease_risk,blip_caption
a drought stressed plant with dry curling leaves and brown spots on the leaves,0,water_stress,blip_caption
a pale discoloured leaf with nutrient deficiency and mildness,1,nutrient_def,blip_caption
a crop plant with heat damage wilted tips and brown spots on a leaf,4,heat_stress,blip_caption
a crop plant with heat damage wilted tips and brown spots,4,heat_stress,blip_caption
a crop plant with heat damage wilted tips and brown spots,4,heat_stress,blip_caption
a plant damaged by pests with chewed edges and green leaves,2,pest_risk,blip_caption
a heat stressed plant with scorched brown leaf tips showing red and green leaves,4,heat_stress,blip_caption
a crop leaf with insect damage and feeding holes showing on the underside of the leaf,2,pest_risk,blip_caption
a crop plant with heat damage wilted tips and brown spots on a leaf,4,heat_stress,blip_caption
a wilting crop plant with drooping leaves showing yellow and black spots,0,water_stress,blip_caption
an infected crop leaf with blight and lesions and brown spots on it,3,disease_risk,blip_caption
a wilting crop plant with drooping leaves showing brown spots,0,water_stress,blip_caption
a plant damaged by pests with chewed edges and green leaves,2,pest_risk,blip_caption
a drought stressed plant with dry curling leaves and brown spots,0,water_stress,blip_caption
a pale discoloured leaf with nutrient deficiency and mildness,1,nutrient_def,blip_caption
a crop leaf with insect damage and feeding holes showing the growth of the leaves,2,pest_risk,blip_caption
a crop plant with heat damage wilted tips and green leaves,4,heat_stress,blip_caption
an infected crop leaf with blight and lesions and brown spots,3,disease_risk,blip_caption
a heat stressed plant with scorched brown leaf tips showing rust on the leaves,4,heat_stress,blip_caption
a pale discoloured leaf with nutrient deficiency and green veins,1,nutrient_def,blip_caption
a crop leaf with insect damage and feeding holes showing the size of the leaf,2,pest_risk,blip_caption
a pale discoloured leaf with nutrient deficiency and mildness on it,1,nutrient_def,blip_caption
a diseased plant leaf with fungal spots showing signs of blemching,3,disease_risk,blip_caption
a crop plant with heat damage wilted tips and brown spots,4,heat_stress,blip_caption
a heat stressed plant with scorched brown leaf tips showing red and green spots,4,heat_stress,blip_caption
a crop plant with heat damage wilted tips and brown spots on the leaves,4,heat_stress,blip_caption
a wilting crop plant with drooping leaves showing yellow spots,0,water_stress,blip_caption
a crop leaf with insect damage and feeding holes showing the growth of the leaves,2,pest_risk,blip_caption
a wilting crop plant with drooping leaves showing brown spots,0,water_stress,blip_caption
an infected crop leaf with blight and lesions and brown spots on it,3,disease_risk,blip_caption
a crop plant with heat damage wilted tips and brown spots on a leaf,4,heat_stress,blip_caption
a plant damaged by pests with chewed edges and green leaves,2,pest_risk,blip_caption
a crop leaf with insect damage and feeding holes showing on the underside of the leaf,2,pest_risk,blip_caption
a plant leaf with yellowing chlorosis showing the damage of it ' s leaves,1,nutrient_def,blip_caption
a crop plant with heat damage wilted tips and brown spots,4,heat_stress,blip_caption
a crop leaf with insect damage and feeding holes showing the size of the leaf,2,pest_risk,blip_caption
an infected crop leaf with blight and lesions and brown spots on it,3,disease_risk,blip_caption
a plant damaged by pests with chewed edges and green leaves,2,pest_risk,blip_caption
a heat stressed plant with scorched brown leaf tips showing brown spots on the leaf,4,heat_stress,blip_caption
a pale discoloured leaf with nutrient deficiency and bloating,1,nutrient_def,blip_caption
a wilting crop plant with drooping leaves showing brown spots,0,water_stress,blip_caption
a crop leaf with insect damage and feeding holes showing the size of the leaf,2,pest_risk,blip_caption
a heat stressed plant with scorched brown leaf tips showing red and yellow spots,4,heat_stress,blip_caption
a plant damaged by pests with chewed edges and green leaves,2,pest_risk,blip_caption
a plant damaged by pests with chewed edges and green leaves,2,pest_risk,blip_caption
a crop leaf with insect damage and feeding holes showing the size of the leaf,2,pest_risk,blip_caption
a crop leaf with insect damage and feeding holes showing the growth of the leaves,2,pest_risk,blip_caption
a wilting crop plant with drooping leaves showing green and brown spots,0,water_stress,blip_caption
an infected crop leaf with blight and lesions and brown spots on the leaves,3,disease_risk,blip_caption
a plant damaged by pests with chewed edges and brown spots on a leaf,2,pest_risk,blip_caption
a drought stressed plant with dry curling leaves and brown spots,0,water_stress,blip_caption
a plant leaf with yellowing chlorosis showing on it,1,nutrient_def,blip_caption
a plant damaged by pests with chewed edges and brown spots on the leaves,2,pest_risk,blip_caption
a plant damaged by pests with chewed edges and green leaves,2,pest_risk,blip_caption
a wilting crop plant with drooping leaves showing yellow and brown spots,0,water_stress,blip_caption
a crop leaf with insect damage and feeding holes showing the growth of the leaves,2,pest_risk,blip_caption
a crop leaf with insect damage and feeding holes showing the growth of the leaves,2,pest_risk,blip_caption
a pale discoloured leaf with nutrient deficiency and mildness on it,1,nutrient_def,blip_caption
a wilting crop plant with drooping leaves showing brown spots,0,water_stress,blip_caption
a drought stressed plant with dry curling leaves and brown blotch,0,water_stress,blip_caption
a plant damaged by pests with chewed edges and green leaves,2,pest_risk,blip_caption
an infected crop leaf with blight and lesions and brown spots on it,3,disease_risk,blip_caption
a drought stressed plant with dry curling leaves and brown spots,0,water_stress,blip_caption
a plant damaged by pests with chewed edges and green leaves,2,pest_risk,blip_caption
a wilting crop plant with drooping leaves showing brown spots,0,water_stress,blip_caption
a drought stressed plant with dry curling leaves and brown spots on the underside of the leaf,0,water_stress,blip_caption
a wilting crop plant with drooping leaves showing brown spots,0,water_stress,blip_caption
a drought stressed plant with dry curling leaves and brown spots on it,0,water_stress,blip_caption
a heat stressed plant with scorched brown leaf tips showing red and green leaves,4,heat_stress,blip_caption
a crop plant with heat damage wilted tips and brown spots,4,heat_stress,blip_caption
a pale discoloured leaf with nutrient deficiency and blemch on it,1,nutrient_def,blip_caption
a plant damaged by pests with chewed edges and brown spots on the leaves,2,pest_risk,blip_caption
an infected crop leaf with blight and lesions and brown spots on it,3,disease_risk,blip_caption
a crop plant with heat damage wilted tips and brown spots on a leaf,4,heat_stress,blip_caption
a pale discoloured leaf with nutrient deficiency and mildness,1,nutrient_def,blip_caption
a heat stressed plant with scorched brown leaf tips showing red and green spots,4,heat_stress,blip_caption
a diseased plant leaf with fungal spots showing the damage of the leaf,3,disease_risk,blip_caption
a plant leaf with yellowing chlorosis showing on it ' s surface,1,nutrient_def,blip_caption
a wilting crop plant with drooping leaves showing brown and green spots,0,water_stress,blip_caption
a pale discoloured leaf with nutrient deficiency and bloating,1,nutrient_def,blip_caption
a diseased plant leaf with fungal spots showing signs of blemching,3,disease_risk,blip_caption
a plant leaf with yellowing chlorosis showing the damage of it ' s leaves,1,nutrient_def,blip_caption
a plant damaged by pests with chewed edges and green leaves,2,pest_risk,blip_caption
a diseased plant leaf with fungal spots showing the damage of it ' s leaves,3,disease_risk,blip_caption
a crop leaf with insect damage and feeding holes showing the growth of the leaves,2,pest_risk,blip_caption
a wilting crop plant with drooping leaves showing yellow and brown spots,0,water_stress,blip_caption
a drought stressed plant with dry curling leaves and rust on it,0,water_stress,blip_caption
a crop leaf with insect damage and feeding holes showing the growth of the leaves,2,pest_risk,blip_caption
a wilting crop plant with drooping leaves showing brown spots,0,water_stress,blip_caption
a wilting crop plant with drooping leaves showing brown spots,0,water_stress,blip_caption
a crop leaf with insect damage and feeding holes showing the brown spots on the leaf,2,pest_risk,blip_caption
a drought stressed plant with dry curling leaves and brown spots,0,water_stress,blip_caption
a wilting crop plant with drooping leaves showing brown spots,0,water_stress,blip_caption
a pale discoloured leaf with nutrient deficiency and mildness on it,1,nutrient_def,blip_caption
a plant leaf with yellowing chlorosis showing on it,1,nutrient_def,blip_caption
a diseased plant leaf with fungal spots showing green and yellow,3,disease_risk,blip_caption
a wilting crop plant with drooping leaves showing brown spots,0,water_stress,blip_caption
a plant leaf with yellowing chlorosis showing growth,1,nutrient_def,blip_caption
a diseased plant leaf with fungal spots showing the damage of it ' s leaves,3,disease_risk,blip_caption
a wilting crop plant with drooping leaves showing brown spots,0,water_stress,blip_caption
a heat stressed plant with scorched brown leaf tips showing red and green leaves,4,heat_stress,blip_caption
a plant leaf with yellowing chlorosis showing on it,1,nutrient_def,blip_caption
an infected crop leaf with blight and lesions and brown spots on it,3,disease_risk,blip_caption
a heat stressed plant with scorched brown leaf tips showing brown spots on the leaves,4,heat_stress,blip_caption
a heat stressed plant with scorched brown leaf tips showing black spots on the leaves,4,heat_stress,blip_caption
a diseased plant leaf with fungal spots showing signs of blemching,3,disease_risk,blip_caption
a diseased plant leaf with fungal spots showing the damage of it ' s leaves,3,disease_risk,blip_caption
a pale discoloured leaf with nutrient deficiency and green pigment,1,nutrient_def,blip_caption
a crop leaf with insect damage and feeding holes showing the size of the leaf,2,pest_risk,blip_caption
a crop plant with heat damage wilted tips and green leaves,4,heat_stress,blip_caption
a crop plant with heat damage wilted tips and brown spots on a leaf,4,heat_stress,blip_caption
a diseased plant leaf with fungal spots showing brown spots on it,3,disease_risk,blip_caption
a heat stressed plant with scorched brown leaf tips showing red and green spots,4,heat_stress,blip_caption
a crop plant with heat damage wilted tips and brown spots on a leaf,4,heat_stress,blip_caption
a crop leaf with insect damage and feeding holes showing growth,2,pest_risk,blip_caption
a heat stressed plant with scorched brown leaf tips showing red and yellow spots,4,heat_stress,blip_caption
a plant damaged by pests with chewed edges and green leaves,2,pest_risk,blip_caption
a crop leaf with insect damage and feeding holes showing on the surface of a parking lot,2,pest_risk,blip_caption
a crop leaf with insect damage and feeding holes showing,2,pest_risk,blip_caption
a pale discoloured leaf with nutrient deficiency and bloating,1,nutrient_def,blip_caption
a diseased plant leaf with fungal spots showing signs of blight,3,disease_risk,blip_caption
a pale discoloured leaf with nutrient deficiency and green veins,1,nutrient_def,blip_caption
"a heat stressed plant with scorched brown leaf tips showing red, yellow, and green leaves",4,heat_stress,blip_caption
a diseased plant leaf with fungal spots showing brown spots on the leaves,3,disease_risk,blip_caption
a diseased plant leaf with fungal spots showing signs of blight,3,disease_risk,blip_caption
a diseased plant leaf with fungal spots showing brown spots on the leaves,3,disease_risk,blip_caption
a drought stressed plant with dry curling leaves and brown spots on it,0,water_stress,blip_caption
an infected crop leaf with blight and lesions and brown spots on it,3,disease_risk,blip_caption
a pale discoloured leaf with nutrient deficiency and bloating,1,nutrient_def,blip_caption
a wilting crop plant with drooping leaves showing brown spots on the leaves,0,water_stress,blip_caption
a plant damaged by pests with chewed edges and green leaves,2,pest_risk,blip_caption
an infected crop leaf with blight and lesions and brown spots on it,3,disease_risk,blip_caption
a plant leaf with yellowing chlorosis showing growth,1,nutrient_def,blip_caption
a heat stressed plant with scorched brown leaf tips showing red blotch,4,heat_stress,blip_caption
a wilting crop plant with drooping leaves showing brown spots,0,water_stress,blip_caption
a wilting crop plant with drooping leaves showing brown spots,0,water_stress,blip_caption
a crop plant with heat damage wilted tips and brown spots on a leaf,4,heat_stress,blip_caption
a plant damaged by pests with chewed edges and green leaves,2,pest_risk,blip_caption
a plant damaged by pests with chewed edges and green leaves,2,pest_risk,blip_caption
a drought stressed plant with dry curling leaves and brown blotch on it,0,water_stress,blip_caption
an infected crop leaf with blight and lesions and brown spots,3,disease_risk,blip_caption
a wilting crop plant with drooping leaves showing brown spots,0,water_stress,blip_caption
a plant damaged by pests with chewed edges and green leaves,2,pest_risk,blip_caption
a pale discoloured leaf with nutrient deficiency and mildness,1,nutrient_def,blip_caption
a heat stressed plant with scorched brown leaf tips showing red and brown spots,4,heat_stress,blip_caption
a crop leaf with insect damage and feeding holes showing the growth of the leaves,2,pest_risk,blip_caption
"a heat stressed plant with scorched brown leaf tips showing red, yellow and green spots",4,heat_stress,blip_caption
an infected crop leaf with blight and lesions and brown spots on it,3,disease_risk,blip_caption
a plant damaged by pests with chewed edges and green leaves,2,pest_risk,blip_caption
a drought stressed plant with dry curling leaves and brown spots,0,water_stress,blip_caption
a crop leaf with insect damage and feeding holes showing on the underside of the leaf,2,pest_risk,blip_caption
a crop plant with heat damage wilted tips and brown spots on a leaf,4,heat_stress,blip_caption
a crop plant with heat damage wilted tips and brown spots,4,heat_stress,blip_caption
a heat stressed plant with scorched brown leaf tips showing red and black spots,4,heat_stress,blip_caption
an infected crop leaf with blight and lesions and brown spots on the leaves,3,disease_risk,blip_caption
a crop plant with heat damage wilted tips and brown spots on a leaf,4,heat_stress,blip_caption
a crop leaf with insect damage and feeding holes showing the brown spots on the leaf,2,pest_risk,blip_caption
a diseased plant leaf with fungal spots showing brown spots on the leaves,3,disease_risk,blip_caption
a heat stressed plant with scorched brown leaf tips showing red and green spots,4,heat_stress,blip_caption
a plant leaf with yellowing chlorosis showing on it ' s surface,1,nutrient_def,blip_caption
a crop leaf with insect damage and feeding holes showing the growth of the leaves,2,pest_risk,blip_caption
a plant leaf with yellowing chlorosis showing growth on it,1,nutrient_def,blip_caption
a plant leaf with yellowing chlorosis showing growth,1,nutrient_def,blip_caption
a plant leaf with yellowing chlorosis showing on a surface,1,nutrient_def,blip_caption
a pale discoloured leaf with nutrient deficiency and blemching on it,1,nutrient_def,blip_caption
a diseased plant leaf with fungal spots showing brown spots on the leaves,3,disease_risk,blip_caption
an infected crop leaf with blight and lesions and brown spots on it,3,disease_risk,blip_caption
a diseased plant leaf with fungal spots showing signs of blemching,3,disease_risk,blip_caption
a wilting crop plant with drooping leaves showing brown spots,0,water_stress,blip_caption
a plant damaged by pests with chewed edges and green leaves,2,pest_risk,blip_caption
a wilting crop plant with drooping leaves showing brown spots,0,water_stress,blip_caption
a drought stressed plant with dry curling leaves and brown spots,0,water_stress,blip_caption
a drought stressed plant with dry curling leaves and brown spots,0,water_stress,blip_caption
a drought stressed plant with dry curling leaves and brown spots on it,0,water_stress,blip_caption
a wilting crop plant with drooping leaves showing brown and green spots,0,water_stress,blip_caption
a drought stressed plant with dry curling leaves and brown spots on it,0,water_stress,blip_caption
a wilting crop plant with drooping leaves showing brown spots on the leaf,0,water_stress,blip_caption
a diseased plant leaf with fungal spots showing green and yellow,3,disease_risk,blip_caption
a heat stressed plant with scorched brown leaf tips showing brown spots,4,heat_stress,blip_caption
a pale discoloured leaf with nutrient deficiency and mildness on it,1,nutrient_def,blip_caption
a heat stressed plant with scorched brown leaf tips showing red and green leaves,4,heat_stress,blip_caption
a drought stressed plant with dry curling leaves and brown spots,0,water_stress,blip_caption
a plant damaged by pests with chewed edges and green leaves on a gray surface,2,pest_risk,blip_caption
a pale discoloured leaf with nutrient deficiency and blemching,1,nutrient_def,blip_caption
an infected crop leaf with blight and lesions and brown spots,3,disease_risk,blip_caption
a plant leaf with yellowing chlorosis showing on it ' s surface,1,nutrient_def,blip_caption
a wilting crop plant with drooping leaves showing brown spots,0,water_stress,blip_caption
a wilting crop plant with drooping leaves showing brown spots on the underside of the leaf,0,water_stress,blip_caption
an infected crop leaf with blight and lesions and brown spots,3,disease_risk,blip_caption
a wilting crop plant with drooping leaves showing brown spots,0,water_stress,blip_caption
a plant damaged by pests with chewed edges and green leaves,2,pest_risk,blip_caption
a plant leaf with yellowing chlorosis showing the brown spots on it,1,nutrient_def,blip_caption
a plant damaged by pests with chewed edges and green leaves,2,pest_risk,blip_caption
a plant damaged by pests with chewed edges and green leaves,2,pest_risk,blip_caption
a plant leaf with yellowing chlorosis showing on a purple surface,1,nutrient_def,blip_caption
an infected crop leaf with blight and lesions and brown spots on it,3,disease_risk,blip_caption
a plant damaged by pests with chewed edges and green leaves,2,pest_risk,blip_caption
an infected crop leaf with blight and lesions and brown spots on it,3,disease_risk,blip_caption
a crop leaf with insect damage and feeding holes showing the growth of the leaves,2,pest_risk,blip_caption
a crop leaf with insect damage and feeding holes showing the growth of the leaves,2,pest_risk,blip_caption
a plant leaf with yellowing chlorosis showing the brown spots on it,1,nutrient_def,blip_caption
a crop leaf with insect damage and feeding holes showing the size of the leaf,2,pest_risk,blip_caption
an infected crop leaf with blight and lesions and brown spots on it,3,disease_risk,blip_caption
a crop plant with heat damage wilted tips and brown spots on a leaf,4,heat_stress,blip_caption
a drought stressed plant with dry curling leaves and brown blotch,0,water_stress,blip_caption
a plant damaged by pests with chewed edges and green leaves,2,pest_risk,blip_caption
a diseased plant leaf with fungal spots showing signs of blemching,3,disease_risk,blip_caption
an infected crop leaf with blight and lesions and brown spots on the leaves,3,disease_risk,blip_caption
a pale discoloured leaf with nutrient deficiency and mildness on lettuce,1,nutrient_def,blip_caption
a diseased plant leaf with fungal spots showing brown spots on the leaves,3,disease_risk,blip_caption
a heat stressed plant with scorched brown leaf tips showing red and green spots,4,heat_stress,blip_caption
a drought stressed plant with dry curling leaves and brown spots,0,water_stress,blip_caption
a pale discoloured leaf with nutrient deficiency and mildness on it,1,nutrient_def,blip_caption
an infected crop leaf with blight and lesions and brown spots,3,disease_risk,blip_caption
"a heat stressed plant with scorched brown leaf tips showing red, yellow, and green leaves",4,heat_stress,blip_caption
a wilting crop plant with drooping leaves showing brown spots,0,water_stress,blip_caption
a crop plant with heat damage wilted tips and brown spots,4,heat_stress,blip_caption
a drought stressed plant with dry curling leaves and brown spots,0,water_stress,blip_caption
a wilting crop plant with drooping leaves showing brown spots,0,water_stress,blip_caption
a drought stressed plant with dry curling leaves and brown spots,0,water_stress,blip_caption
a crop leaf with insect damage and feeding holes showing the brown spots on the leaf,2,pest_risk,blip_caption
a wilting crop plant with drooping leaves showing brown spots on the leaves,0,water_stress,blip_caption
a crop leaf with insect damage and feeding holes showing the size of the leaf,2,pest_risk,blip_caption
an infected crop leaf with blight and lesions and brown spots,3,disease_risk,blip_caption
a wilting crop plant with drooping leaves showing brown spots,0,water_stress,blip_caption
a plant leaf with yellowing chlorosis showing growth,1,nutrient_def,blip_caption
a crop leaf with insect damage and feeding holes showing the size of the leaf,2,pest_risk,blip_caption
a crop leaf with insect damage and feeding holes showing the growth of the leaves,2,pest_risk,blip_caption
a crop plant with heat damage wilted tips and brown spots,4,heat_stress,blip_caption
an infected crop leaf with blight and lesions and brown spots on the leaves,3,disease_risk,blip_caption
a drought stressed plant with dry curling leaves and brown spots,0,water_stress,blip_caption
a plant damaged by pests with chewed edges and green leaves,2,pest_risk,blip_caption
a heat stressed plant with scorched brown leaf tips showing red and black spots,4,heat_stress,blip_caption
a wilting crop plant with drooping leaves showing brown spots,0,water_stress,blip_caption
a plant damaged by pests with chewed edges and brown spots on the leaves,2,pest_risk,blip_caption
a wilting crop plant with drooping leaves showing brown spots,0,water_stress,blip_caption
a pale discoloured leaf with nutrient deficiency and mildness on the leaves of lettuce,1,nutrient_def,blip_caption
a plant damaged by pests with chewed edges and green leaves,2,pest_risk,blip_caption
a diseased plant leaf with fungal spots showing brown spots on it,3,disease_risk,blip_caption
a wilting crop plant with drooping leaves showing brown spots,0,water_stress,blip_caption
a crop leaf with insect damage and feeding holes showing the size of the leaf,2,pest_risk,blip_caption
an infected crop leaf with blight and lesions and brown spots on it,3,disease_risk,blip_caption
a crop plant with heat damage wilted tips and green leaves,4,heat_stress,blip_caption
a plant damaged by pests with chewed edges and green leaves,2,pest_risk,blip_caption
a wilting crop plant with drooping leaves showing brown spots,0,water_stress,blip_caption
an infected crop leaf with blight and lesions and brown spots on it,3,disease_risk,blip_caption
a drought stressed plant with dry curling leaves and brown spots on the underside of the leaf,0,water_stress,blip_caption
a plant damaged by pests with chewed edges and green leaves,2,pest_risk,blip_caption
a plant damaged by pests with chewed edges and green leaves,2,pest_risk,blip_caption
a drought stressed plant with dry curling leaves and brown spots on the leaves,0,water_stress,blip_caption
a drought stressed plant with dry curling leaves and brown spots,0,water_stress,blip_caption
a plant leaf with yellowing chlorosis showing on the surface,1,nutrient_def,blip_caption
an infected crop leaf with blight and lesions and brown spots on it,3,disease_risk,blip_caption
a wilting crop plant with drooping leaves showing the damage of it ' s leaves,0,water_stress,blip_caption
a wilting crop plant with drooping leaves showing brown spots,0,water_stress,blip_caption
a pale discoloured leaf with nutrient deficiency and brown spots,1,nutrient_def,blip_caption
a plant damaged by pests with chewed edges and green leaves,2,pest_risk,blip_caption
a drought stressed plant with dry curling leaves and brown spots on it,0,water_stress,blip_caption
a diseased plant leaf with fungal spots showing signs of bloating,3,disease_risk,blip_caption
an infected crop leaf with blight and lesions and brown spots,3,disease_risk,blip_caption
a pale discoloured leaf with nutrient deficiency and mildness,1,nutrient_def,blip_caption
an infected crop leaf with blight and lesions and brown spots on it,3,disease_risk,blip_caption
a plant damaged by pests with chewed edges and green leaves,2,pest_risk,blip_caption
a pale discoloured leaf with nutrient deficiency and blemching,1,nutrient_def,blip_caption
a crop plant with heat damage wilted tips and brown spots on a leaf,4,heat_stress,blip_caption
a diseased plant leaf with fungal spots showing brown spots on it,3,disease_risk,blip_caption
a crop plant with heat damage wilted tips and green leaves,4,heat_stress,blip_caption
a plant damaged by pests with chewed edges and green leaves,2,pest_risk,blip_caption
a drought stressed plant with dry curling leaves and brown spots,0,water_stress,blip_caption
a plant damaged by pests with chewed edges and green leaves,2,pest_risk,blip_caption
a drought stressed plant with dry curling leaves and brown spots on the leaf,0,water_stress,blip_caption
an infected crop leaf with blight and lesions and white spots on the leaves,3,disease_risk,blip_caption
an infected crop leaf with blight and lesions and brown spots on the leaves,3,disease_risk,blip_caption
an infected crop leaf with blight and lesions and brown spots on it,3,disease_risk,blip_caption
a crop plant with heat damage wilted tips and brown spots on a leaf,4,heat_stress,blip_caption
a crop plant with heat damage wilted tips and green leaves,4,heat_stress,blip_caption
a diseased plant leaf with fungal spots showing green and brown,3,disease_risk,blip_caption
a crop leaf with insect damage and feeding holes showing the size of the leaves,2,pest_risk,blip_caption
a drought stressed plant with dry curling leaves and brown spots,0,water_stress,blip_caption
an infected crop leaf with blight and lesions and brown spots,3,disease_risk,blip_caption
a wilting crop plant with drooping leaves showing brown spots,0,water_stress,blip_caption
a wilting crop plant with drooping leaves showing brown spots,0,water_stress,blip_caption
a heat stressed plant with scorched brown leaf tips showing red and black spots,4,heat_stress,blip_caption
a crop leaf with insect damage and feeding holes showing the growth of the leaves,2,pest_risk,blip_caption
a wilting crop plant with drooping leaves showing brown spots,0,water_stress,blip_caption
a drought stressed plant with dry curling leaves and brown spots on the leaves,0,water_stress,blip_caption
a plant damaged by pests with chewed edges and green leaves,2,pest_risk,blip_caption
a drought stressed plant with dry curling leaves and brown spots on it,0,water_stress,blip_caption
a drought stressed plant with dry curling leaves and brown spots on it,0,water_stress,blip_caption
a wilting crop plant with drooping leaves showing brown spots on the leaf,0,water_stress,blip_caption
a plant damaged by pests with chewed edges and green leaves,2,pest_risk,blip_caption
a pale discoloured leaf with nutrient deficiency and blemching,1,nutrient_def,blip_caption
a plant damaged by pests with chewed edges and brown spots on a leaf,2,pest_risk,blip_caption
a plant damaged by pests with chewed edges and green leaves,2,pest_risk,blip_caption
a heat stressed plant with scorched brown leaf tips showing rust on the leaves,4,heat_stress,blip_caption
a heat stressed plant with scorched brown leaf tips showing brown spots on the leaves,4,heat_stress,blip_caption
a crop plant with heat damage wilted tips and brown spots,4,heat_stress,blip_caption
a drought stressed plant with dry curling leaves and brown spots on the underside of the leaf,0,water_stress,blip_caption
a pale discoloured leaf with nutrient deficiency and bloating,1,nutrient_def,blip_caption
a drought stressed plant with dry curling leaves and brown spots on it,0,water_stress,blip_caption
an infected crop leaf with blight and lesions and brown spots on it,3,disease_risk,blip_caption
a heat stressed plant with scorched brown leaf tips showing red and green leaves,4,heat_stress,blip_caption
a plant damaged by pests with chewed edges and green leaves,2,pest_risk,blip_caption
a crop leaf with insect damage and feeding holes showing the size of the leaf,2,pest_risk,blip_caption
a heat stressed plant with scorched brown leaf tips showing red and green leaves,4,heat_stress,blip_caption
a plant leaf with yellowing chlorosis showing on a gray surface,1,nutrient_def,blip_caption
a wilting crop plant with drooping leaves showing brown spots,0,water_stress,blip_caption
a heat stressed plant with scorched brown leaf tips showing red and green leaves,4,heat_stress,blip_caption
a diseased plant leaf with fungal spots showing brown spots on it,3,disease_risk,blip_caption
an infected crop leaf with blight and lesions and brown spots on the leaves,3,disease_risk,blip_caption
a pale discoloured leaf with nutrient deficiency and mildness on it,1,nutrient_def,blip_caption
an infected crop leaf with blight and lesions and brown spots,3,disease_risk,blip_caption
a crop leaf with insect damage and feeding holes showing the growth of the leaves,2,pest_risk,blip_caption
a crop leaf with insect damage and feeding holes showing the size of the leaf,2,pest_risk,blip_caption
a diseased plant leaf with fungal spots showing brown and white spots,3,disease_risk,blip_caption
a plant damaged by pests with chewed edges and green leaves,2,pest_risk,blip_caption
a drought stressed plant with dry curling leaves and brown spots on the underside of the leaf,0,water_stress,blip_caption
a drought stressed plant with dry curling leaves and brown spots on it,0,water_stress,blip_caption
a heat stressed plant with scorched brown leaf tips showing red and black spots,4,heat_stress,blip_caption
a drought stressed plant with dry curling leaves and brown spots,0,water_stress,blip_caption
a wilting crop plant with drooping leaves showing brown spots,0,water_stress,blip_caption
a heat stressed plant with scorched brown leaf tips showing red and green spots,4,heat_stress,blip_caption
a plant damaged by pests with chewed edges and brown spots on a leaf,2,pest_risk,blip_caption
a crop leaf with insect damage and feeding holes showing the size of the leaf,2,pest_risk,blip_caption
a crop plant with heat damage wilted tips and brown spots on a leaf,4,heat_stress,blip_caption
a drought stressed plant with dry curling leaves and brown spots,0,water_stress,blip_caption
"a heat stressed plant with scorched brown leaf tips showing red, yellow and green leaves",4,heat_stress,blip_caption
an infected crop leaf with blight and lesions and brown spots,3,disease_risk,blip_caption
a pale discoloured leaf with nutrient deficiency and blemching,1,nutrient_def,blip_caption
a wilting crop plant with drooping leaves showing yellow and green,0,water_stress,blip_caption
a plant leaf with yellowing chlorosis showing on it,1,nutrient_def,blip_caption
a crop plant with heat damage wilted tips and brown spots on a leaf,4,heat_stress,blip_caption
"a heat stressed plant with scorched brown leaf tips showing red, yellow, and green leaves",4,heat_stress,blip_caption
a pale discoloured leaf with nutrient deficiency and mildness,1,nutrient_def,blip_caption
a wilting crop plant with drooping leaves showing brown spots,0,water_stress,blip_caption
a plant damaged by pests with chewed edges and green leaves,2,pest_risk,blip_caption
a wilting crop plant with drooping leaves showing brown spots on the leaves,0,water_stress,blip_caption
a crop leaf with insect damage and feeding holes showing on the underside of the leaf,2,pest_risk,blip_caption
a heat stressed plant with scorched brown leaf tips showing red and black spots,4,heat_stress,blip_caption
a crop plant with heat damage wilted tips and green leaves,4,heat_stress,blip_caption
a heat stressed plant with scorched brown leaf tips showing red and black spots,4,heat_stress,blip_caption
a heat stressed plant with scorched brown leaf tips showing red spots on the leaves,4,heat_stress,blip_caption
an infected crop leaf with blight and lesions and brown spots on it,3,disease_risk,blip_caption
a wilting crop plant with drooping leaves showing brown spots,0,water_stress,blip_caption
a diseased plant leaf with fungal spots showing signs of wilt,3,disease_risk,blip_caption
a crop leaf with insect damage and feeding holes showing the size of the leaves,2,pest_risk,blip_caption
a crop leaf with insect damage and feeding holes showing the brown spots on the leaf,2,pest_risk,blip_caption
a drought stressed plant with dry curling leaves and brown spots,0,water_stress,blip_caption
a wilting crop plant with drooping leaves showing brown spots,0,water_stress,blip_caption
an infected crop leaf with blight and lesions and brown spots on it,3,disease_risk,blip_caption
a crop leaf with insect damage and feeding holes showing the growth of the leaves,2,pest_risk,blip_caption
a wilting crop plant with drooping leaves showing brown spots,0,water_stress,blip_caption
a pale discoloured leaf with nutrient deficiency and mildness on the surface of a surface,1,nutrient_def,blip_caption
an infected crop leaf with blight and lesions and white spots on it,3,disease_risk,blip_caption
a plant leaf with yellowing chlorosis showing on the underside of it,1,nutrient_def,blip_caption
a crop plant with heat damage wilted tips and brown spots,4,heat_stress,blip_caption
an infected crop leaf with blight and lesions and brown spots on the leaves,3,disease_risk,blip_caption
a diseased plant leaf with fungal spots showing brown spots on the leaves,3,disease_risk,blip_caption
a plant damaged by pests with chewed edges and green leaves,2,pest_risk,blip_caption
an infected crop leaf with blight and lesions and brown spots,3,disease_risk,blip_caption
a pale discoloured leaf with nutrient deficiency and blemching,1,nutrient_def,blip_caption
an infected crop leaf with blight and lesions and brown spots on the leaves,3,disease_risk,blip_caption
a diseased plant leaf with fungal spots showing signs of blemching,3,disease_risk,blip_caption
a crop leaf with insect damage and feeding holes showing the size of the leaves,2,pest_risk,blip_caption
a drought stressed plant with dry curling leaves and brown spots,0,water_stress,blip_caption
a wilting crop plant with drooping leaves showing brown spots,0,water_stress,blip_caption
a plant leaf with yellowing chlorosis showing on a gray surface,1,nutrient_def,blip_caption
a diseased plant leaf with fungal spots showing the damage of it ' s leaves,3,disease_risk,blip_caption
a drought stressed plant with dry curling leaves and brown spots on it,0,water_stress,blip_caption
a diseased plant leaf with fungal spots showing brown spots on the leaves,3,disease_risk,blip_caption
a heat stressed plant with scorched brown leaf tips showing red and green leaves,4,heat_stress,blip_caption
a diseased plant leaf with fungal spots showing brown spots on the leaves,3,disease_risk,blip_caption
a pale discoloured leaf with nutrient deficiency and mildness,1,nutrient_def,blip_caption
a plant leaf with yellowing chlorosis showing on a gray surface,1,nutrient_def,blip_caption
a plant leaf with yellowing chlorosis showing on the outside of it,1,nutrient_def,blip_caption
a wilting crop plant with drooping leaves showing brown spots,0,water_stress,blip_caption
a drought stressed plant with dry curling leaves and brown spots,0,water_stress,blip_caption
an infected crop leaf with blight and lesions and brown spots,3,disease_risk,blip_caption
a wilting crop plant with drooping leaves showing brown and yellow spots,0,water_stress,blip_caption
a plant leaf with yellowing chlorosis showing on it,1,nutrient_def,blip_caption
an infected crop leaf with blight and lesions and brown spots on it,3,disease_risk,blip_caption
a diseased plant leaf with fungal spots showing teeth and eyes,3,disease_risk,blip_caption
a pale discoloured leaf with nutrient deficiency and mildness on the leaves,1,nutrient_def,blip_caption
a plant leaf with yellowing chlorosis showing the structure of the leaves,1,nutrient_def,blip_caption
an infected crop leaf with blight and lesions and white spots on the leaves,3,disease_risk,blip_caption
a drought stressed plant with dry curling leaves and wilt on it,0,water_stress,blip_caption
a heat stressed plant with scorched brown leaf tips showing black spots,4,heat_stress,blip_caption
a pale discoloured leaf with nutrient deficiency and mildness on it,1,nutrient_def,blip_caption
a crop plant with heat damage wilted tips and brown spots on a leaf,4,heat_stress,blip_caption
a pale discoloured leaf with nutrient deficiency and mildness,1,nutrient_def,blip_caption
a pale discoloured leaf with nutrient deficiency and bloating,1,nutrient_def,blip_caption
a plant damaged by pests with chewed edges and green leaves,2,pest_risk,blip_caption
a pale discoloured leaf with nutrient deficiency and blemching,1,nutrient_def,blip_caption
"a heat stressed plant with scorched brown leaf tips showing red, yellow, and green leaves",4,heat_stress,blip_caption
a pale discoloured leaf with nutrient deficiency and mildness on it,1,nutrient_def,blip_caption
a crop leaf with insect damage and feeding holes showing the brown spots on the leaf,2,pest_risk,blip_caption
a pale discoloured leaf with nutrient deficiency and mildness,1,nutrient_def,blip_caption
a crop plant with heat damage wilted tips and brown spots on a leaf,4,heat_stress,blip_caption
a crop plant with heat damage wilted tips and brown spots,4,heat_stress,blip_caption
an infected crop leaf with blight and lesions and a hand reaching for it,3,disease_risk,blip_caption
a wilting crop plant with drooping leaves showing brown spots,0,water_stress,blip_caption
a plant leaf with yellowing chlorosis showing growth,1,nutrient_def,blip_caption
a plant leaf with yellowing chlorosis showing on the surface of the ground,1,nutrient_def,blip_caption
a crop leaf with insect damage and feeding holes showing the size of the leaf,2,pest_risk,blip_caption
a plant damaged by pests with chewed edges and green leaves,2,pest_risk,blip_caption
a diseased plant leaf with fungal spots showing signs of blemching,3,disease_risk,blip_caption
a heat stressed plant with scorched brown leaf tips showing red and green spots,4,heat_stress,blip_caption
a plant damaged by pests with chewed edges and brown spots on the leaves,2,pest_risk,blip_caption
a wilting crop plant with drooping leaves showing brown spots,0,water_stress,blip_caption
a plant leaf with yellowing chlorosis showing on it,1,nutrient_def,blip_caption
a plant leaf with yellowing chlorosis showing on the surface,1,nutrient_def,blip_caption
a plant leaf with yellowing chlorosis showing on it,1,nutrient_def,blip_caption
a plant leaf with yellowing chlorosis showing on it,1,nutrient_def,blip_caption
a pale discoloured leaf with nutrient deficiency and wilt on it,1,nutrient_def,blip_caption
a pale discoloured leaf with nutrient deficiency and mildness,1,nutrient_def,blip_caption
a drought stressed plant with dry curling leaves and brown spots on it,0,water_stress,blip_caption
a crop plant with heat damage wilted tips and brown spots on a leaf,4,heat_stress,blip_caption
a plant damaged by pests with chewed edges and green leaves,2,pest_risk,blip_caption
a crop leaf with insect damage and feeding holes showing on the underside of the leaf,2,pest_risk,blip_caption
a diseased plant leaf with fungal spots showing brown spots on the leaves,3,disease_risk,blip_caption
an infected crop leaf with blight and lesions and brown spots on it,3,disease_risk,blip_caption
a crop leaf with insect damage and feeding holes showing on the underside of the leaf,2,pest_risk,blip_caption
a pale discoloured leaf with nutrient deficiency and blemch on it,1,nutrient_def,blip_caption
a plant leaf with yellowing chlorosis showing on a gray surface,1,nutrient_def,blip_caption
a plant leaf with yellowing chlorosis showing on a gray surface,1,nutrient_def,blip_caption
a crop plant with heat damage wilted tips and green leaves,4,heat_stress,blip_caption
a diseased plant leaf with fungal spots showing brown spots on the leaves,3,disease_risk,blip_caption
a crop leaf with insect damage and feeding holes showing the size of the leaves,2,pest_risk,blip_caption
a heat stressed plant with scorched brown leaf tips showing the temperature of the plant,4,heat_stress,blip_caption
a crop plant with heat damage wilted tips and brown spots on a leaf,4,heat_stress,blip_caption
a heat stressed plant with scorched brown leaf tips showing black spots,4,heat_stress,blip_caption
a drought stressed plant with dry curling leaves and brown spots on it,0,water_stress,blip_caption
a wilting crop plant with drooping leaves showing brown spots,0,water_stress,blip_caption
an infected crop leaf with blight and lesions and brown spots on it,3,disease_risk,blip_caption
a wilting crop plant with drooping leaves showing brown spots,0,water_stress,blip_caption
a crop plant with heat damage wilted tips and leaves on a piece of paper,4,heat_stress,blip_caption
a drought stressed plant with dry curling leaves and brown spots,0,water_stress,blip_caption
a wilting crop plant with drooping leaves showing brown spots,0,water_stress,blip_caption
a crop plant with heat damage wilted tips and brown spots on a leaf,4,heat_stress,blip_caption
a pale discoloured leaf with nutrient deficiency and green pigment,1,nutrient_def,blip_caption
an infected crop leaf with blight and lesions and brown spots on it,3,disease_risk,blip_caption
a heat stressed plant with scorched brown leaf tips showing brown spots on the surface of the leaf,4,heat_stress,blip_caption
a heat stressed plant with scorched brown leaf tips showing red and green spots,4,heat_stress,blip_caption
an infected crop leaf with blight and lesions and brown spots on it,3,disease_risk,blip_caption
a crop leaf with insect damage and feeding holes showing the size of the leaves,2,pest_risk,blip_caption
a plant leaf with yellowing chlorosis showing the damage of it ' s leaves,1,nutrient_def,blip_caption
a pale discoloured leaf with nutrient deficiency and mildness on it,1,nutrient_def,blip_caption
a wilting crop plant with drooping leaves showing brown and green spots,0,water_stress,blip_caption
a drought stressed plant with dry curling leaves and brown spots on the leaves,0,water_stress,blip_caption
a crop leaf with insect damage and feeding holes showing the size of the leaf,2,pest_risk,blip_caption
a drought stressed plant with dry curling leaves and brown spots,0,water_stress,blip_caption
a heat stressed plant with scorched brown leaf tips showing red and black spots,4,heat_stress,blip_caption
a crop leaf with insect damage and feeding holes showing the size of the leaf,2,pest_risk,blip_caption
a pale discoloured leaf with nutrient deficiency and mildness,1,nutrient_def,blip_caption
a pale discoloured leaf with nutrient deficiency and mildness on the leaves,1,nutrient_def,blip_caption
a plant damaged by pests with chewed edges and green leaves,2,pest_risk,blip_caption
a crop plant with heat damage wilted tips and brown spots,4,heat_stress,blip_caption
a plant damaged by pests with chewed edges and green leaves,2,pest_risk,blip_caption
a pale discoloured leaf with nutrient deficiency and mildness,1,nutrient_def,blip_caption
a pale discoloured leaf with nutrient deficiency and green veins,1,nutrient_def,blip_caption
a diseased plant leaf with fungal spots showing signs of blemching,3,disease_risk,blip_caption
a crop plant with heat damage wilted tips and brown spots on a leaf,4,heat_stress,blip_caption
an infected crop leaf with blight and lesions and brown spots,3,disease_risk,blip_caption
a pale discoloured leaf with nutrient deficiency and mildness,1,nutrient_def,blip_caption
a plant damaged by pests with chewed edges and green leaves,2,pest_risk,blip_caption
a crop plant with heat damage wilted tips and brown spots,4,heat_stress,blip_caption
a crop leaf with insect damage and feeding holes showing the growth of the leaves,2,pest_risk,blip_caption
a plant leaf with yellowing chlorosis showing on it ' s surface,1,nutrient_def,blip_caption
a pale discoloured leaf with nutrient deficiency and mildness on it,1,nutrient_def,blip_caption
an infected crop leaf with blight and lesions and white spots on it,3,disease_risk,blip_caption
a diseased plant leaf with fungal spots showing the end of the leaf,3,disease_risk,blip_caption
a plant leaf with yellowing chlorosis showing on it,1,nutrient_def,blip_caption
an infected crop leaf with blight and lesions and brown spots on it,3,disease_risk,blip_caption
an infected crop leaf with blight and lesions and brown spots on it,3,disease_risk,blip_caption
a diseased plant leaf with fungal spots showing the damage of it ' s leaves,3,disease_risk,blip_caption
a drought stressed plant with dry curling leaves and brown spots,0,water_stress,blip_caption
a diseased plant leaf with fungal spots showing signs of blemching,3,disease_risk,blip_caption
a wilting crop plant with drooping leaves showing brown spots,0,water_stress,blip_caption
a drought stressed plant with dry curling leaves and yellow spots,0,water_stress,blip_caption
a crop plant with heat damage wilted tips and red leaves,4,heat_stress,blip_caption
a crop plant with heat damage wilted tips and green leaves,4,heat_stress,blip_caption
a plant leaf with yellowing chlorosis showing on the ground,1,nutrient_def,blip_caption
a heat stressed plant with scorched brown leaf tips showing red and black spots,4,heat_stress,blip_caption
a diseased plant leaf with fungal spots showing signs of blemching,3,disease_risk,blip_caption
an infected crop leaf with blight and lesions and brown spots on it,3,disease_risk,blip_caption
a pale discoloured leaf with nutrient deficiency and bloating,1,nutrient_def,blip_caption
a plant leaf with yellowing chlorosis showing the structure of the leaf,1,nutrient_def,blip_caption
a plant damaged by pests with chewed edges and green leaves,2,pest_risk,blip_caption
a plant leaf with yellowing chlorosis showing on a gray surface,1,nutrient_def,blip_caption
a diseased plant leaf with fungal spots showing brown and white,3,disease_risk,blip_caption
a plant leaf with yellowing chlorosis showing on a gray surface,1,nutrient_def,blip_caption
a heat stressed plant with scorched brown leaf tips showing red and green leaves,4,heat_stress,blip_caption
a pale discoloured leaf with nutrient deficiency and green pigment,1,nutrient_def,blip_caption
an infected crop leaf with blight and lesions and brown spots,3,disease_risk,blip_caption
an infected crop leaf with blight and lesions and brown spots on the leaves,3,disease_risk,blip_caption
an infected crop leaf with blight and lesions and brown spots on it,3,disease_risk,blip_caption
a heat stressed plant with scorched brown leaf tips showing red and black spots,4,heat_stress,blip_caption
a heat stressed plant with scorched brown leaf tips showing red and green spots,4,heat_stress,blip_caption
an infected crop leaf with blight and lesions and brown spots,3,disease_risk,blip_caption
a plant leaf with yellowing chlorosis showing growth,1,nutrient_def,blip_caption
a wilting crop plant with drooping leaves showing brown spots on the leaf,0,water_stress,blip_caption
a crop plant with heat damage wilted tips and brown spots on a leaf,4,heat_stress,blip_caption
a plant leaf with yellowing chlorosis showing on a black surface,1,nutrient_def,blip_caption
a diseased plant leaf with fungal spots showing brown spots on the leaves,3,disease_risk,blip_caption
a drought stressed plant with dry curling leaves and brown spots on it,0,water_stress,blip_caption
a crop plant with heat damage wilted tips and brown spots on a leaf,4,heat_stress,blip_caption
a diseased plant leaf with fungal spots showing signs of blemching,3,disease_risk,blip_caption
a wilting crop plant with drooping leaves showing brown spots,0,water_stress,blip_caption
a wilting crop plant with drooping leaves showing brown spots on the leaves,0,water_stress,blip_caption
a diseased plant leaf with fungal spots showing signs of blemching,3,disease_risk,blip_caption
a wilting crop plant with drooping leaves showing brown spots,0,water_stress,blip_caption
a heat stressed plant with scorched brown leaf tips showing red and green leaves,4,heat_stress,blip_caption
a plant damaged by pests with chewed edges and green leaves,2,pest_risk,blip_caption
an infected crop leaf with blight and lesions and brown spots,3,disease_risk,blip_caption
a crop plant with heat damage wilted tips and green leaves,4,heat_stress,blip_caption
a wilting crop plant with drooping leaves showing brown spots on the leaves,0,water_stress,blip_caption
a pale discoloured leaf with nutrient deficiency and bloating,1,nutrient_def,blip_caption
a heat stressed plant with scorched brown leaf tips showing red and green leaves,4,heat_stress,blip_caption
a crop leaf with insect damage and feeding holes showing the size of the leaf,2,pest_risk,blip_caption
a drought stressed plant with dry curling leaves and brown spots on the underside of the leaf,0,water_stress,blip_caption
a plant damaged by pests with chewed edges and green leaves,2,pest_risk,blip_caption
a pale discoloured leaf with nutrient deficiency and mildness on it,1,nutrient_def,blip_caption
a crop leaf with insect damage and feeding holes showing the growth of the leaves,2,pest_risk,blip_caption
a plant leaf with yellowing chlorosis showing growth,1,nutrient_def,blip_caption
a heat stressed plant with scorched brown leaf tips showing red and black spots,4,heat_stress,blip_caption
a crop plant with heat damage wilted tips and brown spots on a leaf,4,heat_stress,blip_caption
a plant damaged by pests with chewed edges and brown spots on a leaf,2,pest_risk,blip_caption
a pale discoloured leaf with nutrient deficiency and blemching,1,nutrient_def,blip_caption
a wilting crop plant with drooping leaves showing brown spots,0,water_stress,blip_caption
a heat stressed plant with scorched brown leaf tips showing red and green leaves,4,heat_stress,blip_caption
a diseased plant leaf with fungal spots showing white spots on the leaves,3,disease_risk,blip_caption
a heat stressed plant with scorched brown leaf tips showing red and green leaves,4,heat_stress,blip_caption
a plant damaged by pests with chewed edges and green leaves,2,pest_risk,blip_caption
a heat stressed plant with scorched brown leaf tips showing red and green spots,4,heat_stress,blip_caption
a plant leaf with yellowing chlorosis showing on the surface of a carpet,1,nutrient_def,blip_caption
a pale discoloured leaf with nutrient deficiency and mildness on lettuce,1,nutrient_def,blip_caption
a plant leaf with yellowing chlorosis showing green leaves,1,nutrient_def,blip_caption
a diseased plant leaf with fungal spots showing the growth of the leaves,3,disease_risk,blip_caption
a plant damaged by pests with chewed edges and green leaves,2,pest_risk,blip_caption
an infected crop leaf with blight and lesions and frost on it,3,disease_risk,blip_caption
a diseased plant leaf with fungal spots showing signs of wilt,3,disease_risk,blip_caption
a crop leaf with insect damage and feeding holes showing the growth of the leaves,2,pest_risk,blip_caption
a drought stressed plant with dry curling leaves and brown spots,0,water_stress,blip_caption
an infected crop leaf with blight and lesions and brown spots on it,3,disease_risk,blip_caption
an infected crop leaf with blight and lesions and brown spots on it,3,disease_risk,blip_caption
a drought stressed plant with dry curling leaves and brown spots,0,water_stress,blip_caption
a drought stressed plant with dry curling leaves and brown spots on the leaves,0,water_stress,blip_caption
an infected crop leaf with blight and lesions and brown spots,3,disease_risk,blip_caption
a pale discoloured leaf with nutrient deficiency and bloating,1,nutrient_def,blip_caption
a crop leaf with insect damage and feeding holes showing the size of the leaf,2,pest_risk,blip_caption
a plant leaf with yellowing chlorosis showing on it,1,nutrient_def,blip_caption
a heat stressed plant with scorched brown leaf tips showing brown spots on the leaves,4,heat_stress,blip_caption
a drought stressed plant with dry curling leaves and brown spots,0,water_stress,blip_caption
a wilting crop plant with drooping leaves showing brown and yellow spots,0,water_stress,blip_caption
a drought stressed plant with dry curling leaves and wilt on it,0,water_stress,blip_caption
an infected crop leaf with blight and lesions and brown spots on the leaves,3,disease_risk,blip_caption
a crop leaf with insect damage and feeding holes showing on the surface,2,pest_risk,blip_caption
an infected crop leaf with blight and lesions and white spots on it,3,disease_risk,blip_caption
a diseased plant leaf with fungal spots showing signs of blemching,3,disease_risk,blip_caption
a crop plant with heat damage wilted tips and brown spots,4,heat_stress,blip_caption
a wilting crop plant with drooping leaves showing brown spots,0,water_stress,blip_caption
an infected crop leaf with blight and lesions and brown spots,3,disease_risk,blip_caption
a heat stressed plant with scorched brown leaf tips showing red and black spots,4,heat_stress,blip_caption
a plant damaged by pests with chewed edges and green leaves,2,pest_risk,blip_caption
a drought stressed plant with dry curling leaves and brown spots,0,water_stress,blip_caption
a diseased plant leaf with fungal spots showing brown spots on the leaves,3,disease_risk,blip_caption
a heat stressed plant with scorched brown leaf tips showing brown spots,4,heat_stress,blip_caption
a crop leaf with insect damage and feeding holes showing the size of the leaves,2,pest_risk,blip_caption
a wilting crop plant with drooping leaves showing yellow and brown spots,0,water_stress,blip_caption
a diseased plant leaf with fungal spots showing signs of blemching,3,disease_risk,blip_caption
a wilting crop plant with drooping leaves showing brown spots on the leaf,0,water_stress,blip_caption
a plant leaf with yellowing chlorosis showing on a gray surface,1,nutrient_def,blip_caption
a plant leaf with yellowing chlorosis showing on a white surface,1,nutrient_def,blip_caption
a pale discoloured leaf with nutrient deficiency and blemching,1,nutrient_def,blip_caption
a crop plant with heat damage wilted tips and leaves,4,heat_stress,blip_caption
a crop plant with heat damage wilted tips and green leaves,4,heat_stress,blip_caption
a diseased plant leaf with fungal spots showing the damage of it ' s leaves,3,disease_risk,blip_caption
a crop plant with heat damage wilted tips and brown spots,4,heat_stress,blip_caption
a pale discoloured leaf with nutrient deficiency and bloating,1,nutrient_def,blip_caption
a diseased plant leaf with fungal spots showing the damage of it ' s leaves,3,disease_risk,blip_caption
a diseased plant leaf with fungal spots showing the growth of the leaves,3,disease_risk,blip_caption
a heat stressed plant with scorched brown leaf tips showing red and green spots,4,heat_stress,blip_caption
a crop leaf with insect damage and feeding holes showing the growth of the leaves,2,pest_risk,blip_caption
a plant leaf with yellowing chlorosis showing on it,1,nutrient_def,blip_caption
a plant damaged by pests with chewed edges and green leaves,2,pest_risk,blip_caption
a plant leaf with yellowing chlorosis showing on the surface,1,nutrient_def,blip_caption
a drought stressed plant with dry curling leaves and brown spots,0,water_stress,blip_caption
a plant damaged by pests with chewed edges and green leaves,2,pest_risk,blip_caption
a crop leaf with insect damage and feeding holes showing the size of the leaf,2,pest_risk,blip_caption
a wilting crop plant with drooping leaves showing brown spots,0,water_stress,blip_caption
an infected crop leaf with blight and lesions and brown spots on it,3,disease_risk,blip_caption
an infected crop leaf with blight and lesions and brown spots,3,disease_risk,blip_caption
a drought stressed plant with dry curling leaves and brown spots on it,0,water_stress,blip_caption
a pale discoloured leaf with nutrient deficiency and green veins,1,nutrient_def,blip_caption
a plant leaf with yellowing chlorosis showing on the surface,1,nutrient_def,blip_caption
an infected crop leaf with blight and lesions and brown spots on it,3,disease_risk,blip_caption
a crop plant with heat damage wilted tips and brown spots,4,heat_stress,blip_caption
a crop plant with heat damage wilted tips and brown spots on a leaf,4,heat_stress,blip_caption
an infected crop leaf with blight and lesions and brown spots on it,3,disease_risk,blip_caption
"a heat stressed plant with scorched brown leaf tips showing red, yellow and green leaves",4,heat_stress,blip_caption
a heat stressed plant with scorched brown leaf tips showing red and green spots,4,heat_stress,blip_caption
a crop plant with heat damage wilted tips and brown spots on a leaf,4,heat_stress,blip_caption
a crop plant with heat damage wilted tips and brown spots,4,heat_stress,blip_caption
a crop leaf with insect damage and feeding holes showing on the underside of the leaf,2,pest_risk,blip_caption
a diseased plant leaf with fungal spots showing brown spots on it,3,disease_risk,blip_caption
a crop leaf with insect damage and feeding holes showing the brown spots on the leaves,2,pest_risk,blip_caption
a plant damaged by pests with chewed edges and green leaves,2,pest_risk,blip_caption
a wilting crop plant with drooping leaves showing brown spots,0,water_stress,blip_caption
a crop plant with heat damage wilted tips and brown spots,4,heat_stress,blip_caption
a heat stressed plant with scorched brown leaf tips showing red and yellow spots,4,heat_stress,blip_caption
a pale discoloured leaf with nutrient deficiency and mildness on the leaves,1,nutrient_def,blip_caption
a crop leaf with insect damage and feeding holes showing the size of the leaf,2,pest_risk,blip_caption
a drought stressed plant with dry curling leaves and brown spots,0,water_stress,blip_caption
a plant damaged by pests with chewed edges and green leaves,2,pest_risk,blip_caption
a diseased plant leaf with fungal spots showing signs of blemching,3,disease_risk,blip_caption
a diseased plant leaf with fungal spots showing signs of wilt,3,disease_risk,blip_caption
a plant damaged by pests with chewed edges and green leaves,2,pest_risk,blip_caption
an infected crop leaf with blight and lesions and brown spots on it,3,disease_risk,blip_caption
a pale discoloured leaf with nutrient deficiency and mildness on it,1,nutrient_def,blip_caption
a heat stressed plant with scorched brown leaf tips showing brown spots on the leaves,4,heat_stress,blip_caption
an infected crop leaf with blight and lesions and brown spots on the leaves,3,disease_risk,blip_caption
a plant leaf with yellowing chlorosis showing on it,1,nutrient_def,blip_caption
a crop leaf with insect damage and feeding holes showing on the surface of a surface,2,pest_risk,blip_caption
a plant damaged by pests with chewed edges and green leaves,2,pest_risk,blip_caption
a plant leaf with yellowing chlorosis showing the damage of it,1,nutrient_def,blip_caption
an infected crop leaf with blight and lesions and a hand holding it,3,disease_risk,blip_caption
a plant leaf with yellowing chlorosis showing on a purple surface,1,nutrient_def,blip_caption
a heat stressed plant with scorched brown leaf tips showing brown spots on the underside of the leaf,4,heat_stress,blip_caption
a heat stressed plant with scorched brown leaf tips showing growth,4,heat_stress,blip_caption
a diseased plant leaf with fungal spots showing brown and white spots,3,disease_risk,blip_caption
a crop plant with heat damage wilted tips and green leaves,4,heat_stress,blip_caption
a plant leaf with yellowing chlorosis showing it ' s green leaves,1,nutrient_def,blip_caption
a crop leaf with insect damage and feeding holes showing the brown spots on the leaves,2,pest_risk,blip_caption
a wilting crop plant with drooping leaves showing brown spots,0,water_stress,blip_caption
an infected crop leaf with blight and lesions and brown spots on it,3,disease_risk,blip_caption
a crop plant with heat damage wilted tips and brown spots,4,heat_stress,blip_caption
an infected crop leaf with blight and lesions and brown spots on it,3,disease_risk,blip_caption
an infected crop leaf with blight and lesions and white spots on the leaves,3,disease_risk,blip_caption
a drought stressed plant with dry curling leaves and brown spots,0,water_stress,blip_caption
a pale discoloured leaf with nutrient deficiency and blemching on it,1,nutrient_def,blip_caption
a drought stressed plant with dry curling leaves and brown spots,0,water_stress,blip_caption
a pale discoloured leaf with nutrient deficiency and blemching,1,nutrient_def,blip_caption
a heat stressed plant with scorched brown leaf tips showing black spots,4,heat_stress,blip_caption
a plant leaf with yellowing chlorosis showing it ' s green color,1,nutrient_def,blip_caption
a heat stressed plant with scorched brown leaf tips showing the damage of rust,4,heat_stress,blip_caption
a drought stressed plant with dry curling leaves and brown styrofoam on it,0,water_stress,blip_caption
a drought stressed plant with dry curling leaves and brown spots on the leaves,0,water_stress,blip_caption
a plant leaf with yellowing chlorosis showing the structure of the leaves,1,nutrient_def,blip_caption
a plant leaf with yellowing chlorosis showing the green leaves,1,nutrient_def,blip_caption
an infected crop leaf with blight and lesions and brown spots on it,3,disease_risk,blip_caption
a drought stressed plant with dry curling leaves and brown spots,0,water_stress,blip_caption
a drought stressed plant with dry curling leaves and brown spots,0,water_stress,blip_caption
a heat stressed plant with scorched brown leaf tips showing red and green spots,4,heat_stress,blip_caption
a crop leaf with insect damage and feeding holes showing the growth of the leaves,2,pest_risk,blip_caption
a plant leaf with yellowing chlorosis showing the growth of it ' s leaves,1,nutrient_def,blip_caption
a crop leaf with insect damage and feeding holes showing on the underside of the leaf,2,pest_risk,blip_caption
a plant leaf with yellowing chlorosis showing on a gray surface,1,nutrient_def,blip_caption
an infected crop leaf with blight and lesions and brown spots,3,disease_risk,blip_caption
a crop plant with heat damage wilted tips and brown spots,4,heat_stress,blip_caption
a wilting crop plant with drooping leaves showing green and white,0,water_stress,blip_caption
a drought stressed plant with dry curling leaves and wilt on it,0,water_stress,blip_caption
a crop plant with heat damage wilted tips and green leaves,4,heat_stress,blip_caption
a crop leaf with insect damage and feeding holes showing the size of the leaf,2,pest_risk,blip_caption
a plant leaf with yellowing chlorosis showing growth,1,nutrient_def,blip_caption
a crop leaf with insect damage and feeding holes showing the growth of the leaves,2,pest_risk,blip_caption
a plant leaf with yellowing chlorosis showing on it,1,nutrient_def,blip_caption
a wilting crop plant with drooping leaves showing brown spots,0,water_stress,blip_caption
a drought stressed plant with dry curling leaves and brown spots on it,0,water_stress,blip_caption
a crop plant with heat damage wilted tips and brown spots on a leaf,4,heat_stress,blip_caption
a crop plant with heat damage wilted tips and brown spots on a leaf,4,heat_stress,blip_caption
a crop plant with heat damage wilted tips and green leaves,4,heat_stress,blip_caption
a drought stressed plant with dry curling leaves and brown spots on it,0,water_stress,blip_caption
a wilting crop plant with drooping leaves showing brown spots,0,water_stress,blip_caption
a wilting crop plant with drooping leaves showing brown blotch,0,water_stress,blip_caption
a diseased plant leaf with fungal spots showing green and brown,3,disease_risk,blip_caption
an infected crop leaf with blight and lesions and brown spots,3,disease_risk,blip_caption
an infected crop leaf with blight and lesions and white spots on the leaves,3,disease_risk,blip_caption
an infected crop leaf with blight and lesions and brown spots on it,3,disease_risk,blip_caption
a wilting crop plant with drooping leaves showing yellow and brown spots,0,water_stress,blip_caption
a heat stressed plant with scorched brown leaf tips showing red spots on the leaves,4,heat_stress,blip_caption
a crop plant with heat damage wilted tips and green leaves,4,heat_stress,blip_caption
a plant leaf with yellowing chlorosis showing on a gray surface,1,nutrient_def,blip_caption
a plant leaf with yellowing chlorosis showing the damage,1,nutrient_def,blip_caption
a drought stressed plant with dry curling leaves and brown spots on it,0,water_stress,blip_caption
a pale discoloured leaf with nutrient deficiency and mildness on it,1,nutrient_def,blip_caption
a plant leaf with yellowing chlorosis showing on a brown surface,1,nutrient_def,blip_caption
a wilting crop plant with drooping leaves showing brown spots,0,water_stress,blip_caption
an infected crop leaf with blight and lesions and brown spots,3,disease_risk,blip_caption
a pale discoloured leaf with nutrient deficiency and nourishing,1,nutrient_def,blip_caption
an infected crop leaf with blight and lesions and brown spots,3,disease_risk,blip_caption
a plant damaged by pests with chewed edges and green leaves,2,pest_risk,blip_caption
an infected crop leaf with blight and lesions and brown spots on the leaves,3,disease_risk,blip_caption
a crop plant with heat damage wilted tips and brown spots on a leaf,4,heat_stress,blip_caption
a diseased plant leaf with fungal spots showing brown spots on it,3,disease_risk,blip_caption
an infected crop leaf with blight and lesions and brown spots on it,3,disease_risk,blip_caption
a plant leaf with yellowing chlorosis showing on the outside of it,1,nutrient_def,blip_caption
a plant leaf with yellowing chlorosis showing green leaves,1,nutrient_def,blip_caption
a drought stressed plant with dry curling leaves and brown spots,0,water_stress,blip_caption
a crop leaf with insect damage and feeding holes showing the brown spots on the leaf,2,pest_risk,blip_caption
a plant damaged by pests with chewed edges and green leaves,2,pest_risk,blip_caption
a heat stressed plant with scorched brown leaf tips showing red and green leaves,4,heat_stress,blip_caption
a diseased plant leaf with fungal spots showing signs of blemching,3,disease_risk,blip_caption
a plant damaged by pests with chewed edges and green leaves,2,pest_risk,blip_caption
a plant damaged by pests with chewed edges and green leaves,2,pest_risk,blip_caption
a plant leaf with yellowing chlorosis showing the growth of it ' s leaves,1,nutrient_def,blip_caption
a heat stressed plant with scorched brown leaf tips showing red and black spots,4,heat_stress,blip_caption
a drought stressed plant with dry curling leaves and brown spots,0,water_stress,blip_caption
a wilting crop plant with drooping leaves showing brown spots,0,water_stress,blip_caption
a plant leaf with yellowing chlorosis showing brown spots on it,1,nutrient_def,blip_caption
a crop leaf with insect damage and feeding holes showing the brown spots on the leaves,2,pest_risk,blip_caption
a diseased plant leaf with fungal spots showing signs of blemching,3,disease_risk,blip_caption
a crop leaf with insect damage and feeding holes showing the size of the leaf,2,pest_risk,blip_caption
a plant leaf with yellowing chlorosis showing the growth of the leaves,1,nutrient_def,blip_caption
a heat stressed plant with scorched brown leaf tips showing rust on the underside of the leaf,4,heat_stress,blip_caption
a plant leaf with yellowing chlorosis showing on it,1,nutrient_def,blip_caption
a plant leaf with yellowing chlorosis showing the damage on it,1,nutrient_def,blip_caption
a diseased plant leaf with fungal spots showing brown spots on the leaves,3,disease_risk,blip_caption
a crop leaf with insect damage and feeding holes showing the brown spots on the leaf,2,pest_risk,blip_caption
a plant leaf with yellowing chlorosis showing green leaves,1,nutrient_def,blip_caption
a diseased plant leaf with fungal spots showing brown spots on the leaves,3,disease_risk,blip_caption
a wilting crop plant with drooping leaves showing brown spots,0,water_stress,blip_caption
a diseased plant leaf with fungal spots showing brown and green leaves,3,disease_risk,blip_caption
a plant damaged by pests with chewed edges and green leaves on a gray surface,2,pest_risk,blip_caption
a wilting crop plant with drooping leaves showing yellow and brown spots,0,water_stress,blip_caption
a drought stressed plant with dry curling leaves and brown spots on it,0,water_stress,blip_caption
a wilting crop plant with drooping leaves showing brown spots on the underside of the leaf,0,water_stress,blip_caption
an infected crop leaf with blight and lesions and brown spots on it,3,disease_risk,blip_caption
a crop plant with heat damage wilted tips and brown spots on a leaf,4,heat_stress,blip_caption
an infected crop leaf with blight and lesions and brown spots on it,3,disease_risk,blip_caption
a drought stressed plant with dry curling leaves and brown spots on it,0,water_stress,blip_caption
a diseased plant leaf with fungal spots showing brown spots on the leaves,3,disease_risk,blip_caption
a plant leaf with yellowing chlorosis showing the growth of the leaves,1,nutrient_def,blip_caption
a crop leaf with insect damage and feeding holes showing the growth of the leaves,2,pest_risk,blip_caption
a crop leaf with insect damage and feeding holes showing the growth of the leaves,2,pest_risk,blip_caption
a drought stressed plant with dry curling leaves and brown spots on it,0,water_stress,blip_caption
an infected crop leaf with blight and lesions and brown spots on the leaves,3,disease_risk,blip_caption
a crop leaf with insect damage and feeding holes showing the brown spots on the leaves,2,pest_risk,blip_caption
a crop plant with heat damage wilted tips and a person ' s hand holding a piece of paper,4,heat_stress,blip_caption
an infected crop leaf with blight and lesions and white spots on the leaves,3,disease_risk,blip_caption
a heat stressed plant with scorched brown leaf tips showing red and green blotches,4,heat_stress,blip_caption
a wilting crop plant with drooping leaves showing brown spots on the leaves,0,water_stress,blip_caption
a heat stressed plant with scorched brown leaf tips showing brown spots on the leaves,4,heat_stress,blip_caption
an infected crop leaf with blight and lesions and a hand holding it,3,disease_risk,blip_caption
a drought stressed plant with dry curling leaves and brown spots on a leaf,0,water_stress,blip_caption
a pale discoloured leaf with nutrient deficiency and mildness,1,nutrient_def,blip_caption
a diseased plant leaf with fungal spots showing signs of infection,3,disease_risk,blip_caption
a wilting crop plant with drooping leaves showing brown spots,0,water_stress,blip_caption
an infected crop leaf with blight and lesions and white spots on it,3,disease_risk,blip_caption
a crop leaf with insect damage and feeding holes showing the size of the leaf,2,pest_risk,blip_caption
an infected crop leaf with blight and lesions and brown spots on the leaves,3,disease_risk,blip_caption
a heat stressed plant with scorched brown leaf tips showing red and green leaves,4,heat_stress,blip_caption
a drought stressed plant with dry curling leaves and brown spots on a leaf,0,water_stress,blip_caption
a diseased plant leaf with fungal spots showing brown spots on the leaves,3,disease_risk,blip_caption
a crop plant with heat damage wilted tips and brown spots on a leaf,4,heat_stress,blip_caption
a pale discoloured leaf with nutrient deficiency and mildness on it,1,nutrient_def,blip_caption
a drought stressed plant with dry curling leaves and brown spots on it,0,water_stress,blip_caption
a crop plant with heat damage wilted tips and brown spots on a leaf,4,heat_stress,blip_caption
a crop leaf with insect damage and feeding holes showing the size of the leaf,2,pest_risk,blip_caption
a crop leaf with insect damage and feeding holes showing the brown spots on the leaf,2,pest_risk,blip_caption
a plant damaged by pests with chewed edges and green leaves on a gray surface,2,pest_risk,blip_caption
a wilting crop plant with drooping leaves showing yellow and brown spots,0,water_stress,blip_caption
a heat stressed plant with scorched brown leaf tips showing black spots,4,heat_stress,blip_caption
a heat stressed plant with scorched brown leaf tips showing red and green leaves,4,heat_stress,blip_caption
a crop plant with heat damage wilted tips and green leaves,4,heat_stress,blip_caption
a plant damaged by pests with chewed edges and green leaves,2,pest_risk,blip_caption
an infected crop leaf with blight and lesions and white spots on it,3,disease_risk,blip_caption
a plant leaf with yellowing chlorosis showing on the ground,1,nutrient_def,blip_caption
a crop plant with heat damage wilted tips and brown spots on a leaf,4,heat_stress,blip_caption
a wilting crop plant with drooping leaves showing brown spots on the leaves,0,water_stress,blip_caption
a plant leaf with yellowing chlorosis showing on the surface,1,nutrient_def,blip_caption
a plant leaf with yellowing chlorosis showing green leaves,1,nutrient_def,blip_caption
a drought stressed plant with dry curling leaves and brown spots,0,water_stress,blip_caption
a crop plant with heat damage wilted tips and brown spots,4,heat_stress,blip_caption
a drought stressed plant with dry curling leaves and brown spots,0,water_stress,blip_caption
a wilting crop plant with drooping leaves showing brown spots,0,water_stress,blip_caption
a wilting crop plant with drooping leaves showing brown spots on the leaves,0,water_stress,blip_caption
a diseased plant leaf with fungal spots showing signs of moldy leaves,3,disease_risk,blip_caption
a crop plant with heat damage wilted tips and brown spots,4,heat_stress,blip_caption
a crop plant with heat damage wilted tips and brown spots on a leaf,4,heat_stress,blip_caption
a plant leaf with yellowing chlorosis showing on it,1,nutrient_def,blip_caption
a crop plant with heat damage wilted tips and green leaves,4,heat_stress,blip_caption
a crop plant with heat damage wilted tips and brown spots,4,heat_stress,blip_caption
a diseased plant leaf with fungal spots showing brown spots on it,3,disease_risk,blip_caption
a crop plant with heat damage wilted tips and brown spots,4,heat_stress,blip_caption
a plant leaf with yellowing chlorosis showing the green leaves,1,nutrient_def,blip_caption
a diseased plant leaf with fungal spots showing signs of blemching,3,disease_risk,blip_caption
a plant damaged by pests with chewed edges and green leaves,2,pest_risk,blip_caption
a pale discoloured leaf with nutrient deficiency and blemching,1,nutrient_def,blip_caption
a heat stressed plant with scorched brown leaf tips showing red and green spots,4,heat_stress,blip_caption
a wilting crop plant with drooping leaves showing brown spots on the leaves,0,water_stress,blip_caption
an infected crop leaf with blight and lesions and brown spots on the leaves,3,disease_risk,blip_caption
a crop plant with heat damage wilted tips and green leaves,4,heat_stress,blip_caption
a drought stressed plant with dry curling leaves and brown spots,0,water_stress,blip_caption
a drought stressed plant with dry curling leaves and brown spots on it,0,water_stress,blip_caption
a heat stressed plant with scorched brown leaf tips showing red and green leaves,4,heat_stress,blip_caption
an infected crop leaf with blight and lesions and brown spots on it,3,disease_risk,blip_caption
a crop plant with heat damage wilted tips and brown spots on a leaf,4,heat_stress,blip_caption
a pale discoloured leaf with nutrient deficiency and blemching,1,nutrient_def,blip_caption
a plant leaf with yellowing chlorosis showing on a gray surface,1,nutrient_def,blip_caption
an infected crop leaf with blight and lesions and brown spots,3,disease_risk,blip_caption
a plant damaged by pests with chewed edges and green leaves,2,pest_risk,blip_caption
a drought stressed plant with dry curling leaves and brown spots,0,water_stress,blip_caption
a heat stressed plant with scorched brown leaf tips showing red and green leaves,4,heat_stress,blip_caption
a wilting crop plant with drooping leaves showing brown spots,0,water_stress,blip_caption
a plant damaged by pests with chewed edges and green leaves,2,pest_risk,blip_caption
a heat stressed plant with scorched brown leaf tips showing red and black spots,4,heat_stress,blip_caption
a crop leaf with insect damage and feeding holes showing the brown spots on the leaf,2,pest_risk,blip_caption
a diseased plant leaf with fungal spots showing signs of blemching,3,disease_risk,blip_caption
a crop plant with heat damage wilted tips and brown spots,4,heat_stress,blip_caption
a heat stressed plant with scorched brown leaf tips showing brown spots on the leaves,4,heat_stress,blip_caption
a plant damaged by pests with chewed edges and brown spots on a leaf,2,pest_risk,blip_caption
a plant damaged by pests with chewed edges and green leaves,2,pest_risk,blip_caption
a crop leaf with insect damage and feeding holes showing on the underside of the leaf,2,pest_risk,blip_caption
a diseased plant leaf with fungal spots showing brown spots on the leaves,3,disease_risk,blip_caption
a plant leaf with yellowing chlorosis showing on a surface,1,nutrient_def,blip_caption
a heat stressed plant with scorched brown leaf tips showing red and yellow spots,4,heat_stress,blip_caption
a drought stressed plant with dry curling leaves and brown spots,0,water_stress,blip_caption
a plant leaf with yellowing chlorosis showing on a white surface,1,nutrient_def,blip_caption
a crop plant with heat damage wilted tips and brown spots,4,heat_stress,blip_caption
a diseased plant leaf with fungal spots showing the damage of the leaves,3,disease_risk,blip_caption
a crop plant with heat damage wilted tips and green leaves,4,heat_stress,blip_caption
a drought stressed plant with dry curling leaves and brown spots on it,0,water_stress,blip_caption
a crop plant with heat damage wilted tips and green leaves,4,heat_stress,blip_caption
a pale discoloured leaf with nutrient deficiency and green leaves,1,nutrient_def,blip_caption
a plant leaf with yellowing chlorosis showing on a gray surface,1,nutrient_def,blip_caption
a pale discoloured leaf with nutrient deficiency and mildness on it,1,nutrient_def,blip_caption
a crop plant with heat damage wilted tips and brown spots,4,heat_stress,blip_caption
a pale discoloured leaf with nutrient deficiency and mildness,1,nutrient_def,blip_caption
a crop plant with heat damage wilted tips and brown spots on a leaf,4,heat_stress,blip_caption
a pale discoloured leaf with nutrient deficiency and blemching,1,nutrient_def,blip_caption
a crop plant with heat damage wilted tips and brown spots on a leaf,4,heat_stress,blip_caption
an infected crop leaf with blight and lesions and brown spots on it,3,disease_risk,blip_caption
a crop leaf with insect damage and feeding holes showing the size of the leaf,2,pest_risk,blip_caption
a wilting crop plant with drooping leaves showing the damage of it ' s leaves,0,water_stress,blip_caption
a crop leaf with insect damage and feeding holes showing the brown spots on the leaves,2,pest_risk,blip_caption
a plant leaf with yellowing chlorosis showing on a surface,1,nutrient_def,blip_caption
a heat stressed plant with scorched brown leaf tips showing brown spots on the leaves,4,heat_stress,blip_caption
an infected crop leaf with blight and lesions and brown spots on it,3,disease_risk,blip_caption
a crop plant with heat damage wilted tips and brown spots on a leaf,4,heat_stress,blip_caption
a plant leaf with yellowing chlorosis showing on the outside of it,1,nutrient_def,blip_caption
a crop leaf with insect damage and feeding holes showing the size of the leaf,2,pest_risk,blip_caption
an infected crop leaf with blight and lesions and brown spots on it,3,disease_risk,blip_caption
a crop leaf with insect damage and feeding holes showing the brown spots on the leaf,2,pest_risk,blip_caption
a plant damaged by pests with chewed edges and green leaves on a gray surface,2,pest_risk,blip_caption
a wilting crop plant with drooping leaves showing brown spots on the leaves,0,water_stress,blip_caption
a crop plant with heat damage wilted tips and green leaves,4,heat_stress,blip_caption
a diseased plant leaf with fungal spots showing signs of blight,3,disease_risk,blip_caption
an infected crop leaf with blight and lesions and a hole in the middle,3,disease_risk,blip_caption
a heat stressed plant with scorched brown leaf tips showing red and green spots,4,heat_stress,blip_caption
a wilting crop plant with drooping leaves showing brown spots,0,water_stress,blip_caption
a wilting crop plant with drooping leaves showing the damage on the leaf,0,water_stress,blip_caption
a pale discoloured leaf with nutrient deficiency and blemching,1,nutrient_def,blip_caption
a pale discoloured leaf with nutrient deficiency and mildness,1,nutrient_def,blip_caption
a crop leaf with insect damage and feeding holes showing the growth of the leaves,2,pest_risk,blip_caption
a drought stressed plant with dry curling leaves and brown spots on it,0,water_stress,blip_caption
a drought stressed plant with dry curling leaves and wilt on it,0,water_stress,blip_caption
a crop leaf with insect damage and feeding holes showing the brown spots on the leaves,2,pest_risk,blip_caption
an infected crop leaf with blight and lesions and brown spots,3,disease_risk,blip_caption
a plant damaged by pests with chewed edges and green leaves,2,pest_risk,blip_caption
a plant damaged by pests with chewed edges and brown spots on a leaf,2,pest_risk,blip_caption
a drought stressed plant with dry curling leaves and brown spots,0,water_stress,blip_caption
a plant leaf with yellowing chlorosis showing on it,1,nutrient_def,blip_caption
a plant damaged by pests with chewed edges and green leaves,2,pest_risk,blip_caption
an infected crop leaf with blight and lesions and white spots on the leaves,3,disease_risk,blip_caption
a crop leaf with insect damage and feeding holes showing the size of the leaves,2,pest_risk,blip_caption
an infected crop leaf with blight and lesions and a hand holding it,3,disease_risk,blip_caption
a crop plant with heat damage wilted tips and brown spots on a leaf,4,heat_stress,blip_caption
a plant damaged by pests with chewed edges and green leaves,2,pest_risk,blip_caption
an infected crop leaf with blight and lesions and white spots on the leaves,3,disease_risk,blip_caption
a crop plant with heat damage wilted tips and brown spots on a leaf,4,heat_stress,blip_caption
an infected crop leaf with blight and lesions and brown spots on the leaves,3,disease_risk,blip_caption
a drought stressed plant with dry curling leaves and brown spots on it,0,water_stress,blip_caption
a plant damaged by pests with chewed edges and green leaves on a gray surface,2,pest_risk,blip_caption
a pale discoloured leaf with nutrient deficiency and blemching,1,nutrient_def,blip_caption
an infected crop leaf with blight and lesions and a hole in the center,3,disease_risk,blip_caption
a plant damaged by pests with chewed edges and green leaves,2,pest_risk,blip_caption
a plant leaf with yellowing chlorosis showing brown spots on it,1,nutrient_def,blip_caption
a crop plant with heat damage wilted tips and brown spots on a leaf,4,heat_stress,blip_caption
a crop plant with heat damage wilted tips and brown spots on a leaf,4,heat_stress,blip_caption
a drought stressed plant with dry curling leaves and brown spots on it,0,water_stress,blip_caption
a plant damaged by pests with chewed edges and brown spots on the leaves,2,pest_risk,blip_caption
a crop plant with heat damage wilted tips and brown spots on a leaf,4,heat_stress,blip_caption
a crop leaf with insect damage and feeding holes showing on the underside of the leaf,2,pest_risk,blip_caption
a wilting crop plant with drooping leaves showing brown spots,0,water_stress,blip_caption
a crop leaf with insect damage and feeding holes showing the size of the leaf,2,pest_risk,blip_caption
a heat stressed plant with scorched brown leaf tips showing red and green leaves,4,heat_stress,blip_caption
a pale discoloured leaf with nutrient deficiency and mildness,1,nutrient_def,blip_caption
a plant damaged by pests with chewed edges and green leaves on a gray surface,2,pest_risk,blip_caption
a crop leaf with insect damage and feeding holes showing the growth of the leaves,2,pest_risk,blip_caption
a diseased plant leaf with fungal spots showing brown spots on the leaves,3,disease_risk,blip_caption
a crop leaf with insect damage and feeding holes showing the growth of the leaves,2,pest_risk,blip_caption
a drought stressed plant with dry curling leaves and brown spots on the underside of the leaf,0,water_stress,blip_caption
a crop plant with heat damage wilted tips and brown spots on a leaf,4,heat_stress,blip_caption
a plant damaged by pests with chewed edges and green leaves,2,pest_risk,blip_caption
a diseased plant leaf with fungal spots showing signs of blemching,3,disease_risk,blip_caption
a crop plant with heat damage wilted tips and green leaves,4,heat_stress,blip_caption
a crop leaf with insect damage and feeding holes showing the growth of the leaves,2,pest_risk,blip_caption
an infected crop leaf with blight and lesions and brown spots on the leaves,3,disease_risk,blip_caption
a drought stressed plant with dry curling leaves and brown spots,0,water_stress,blip_caption
a crop leaf with insect damage and feeding holes showing the growth of the leaves,2,pest_risk,blip_caption
a crop leaf with insect damage and feeding holes showing the growth of the leaves,2,pest_risk,blip_caption
an infected crop leaf with blight and lesions and brown spots,3,disease_risk,blip_caption
a heat stressed plant with scorched brown leaf tips showing red and black spots,4,heat_stress,blip_caption
a wilting crop plant with drooping leaves showing brown spots,0,water_stress,blip_caption
a pale discoloured leaf with nutrient deficiency and blemching on it,1,nutrient_def,blip_caption
a crop leaf with insect damage and feeding holes showing the size of the leaf,2,pest_risk,blip_caption
a pale discoloured leaf with nutrient deficiency and mildness,1,nutrient_def,blip_caption
a diseased plant leaf with fungal spots showing signs of blemching,3,disease_risk,blip_caption
a crop plant with heat damage wilted tips and brown spots,4,heat_stress,blip_caption
an infected crop leaf with blight and lesions and a brown spot on it,3,disease_risk,blip_caption
an infected crop leaf with blight and lesions and brown spots on a black background,3,disease_risk,blip_caption
a drought stressed plant with dry curling leaves and brown spots on the leaf,0,water_stress,blip_caption
a crop leaf with insect damage and feeding holes showing the size of the leaf,2,pest_risk,blip_caption
a heat stressed plant with scorched brown leaf tips showing red spots on the leaves,4,heat_stress,blip_caption
a diseased plant leaf with fungal spots showing brown and white spots,3,disease_risk,blip_caption
a heat stressed plant with scorched brown leaf tips showing rust and blotch,4,heat_stress,blip_caption
a wilting crop plant with drooping leaves showing brown spots,0,water_stress,blip_caption
a plant leaf with yellowing chlorosis showing on it,1,nutrient_def,blip_caption
a heat stressed plant with scorched brown leaf tips showing red and green spots,4,heat_stress,blip_caption
a drought stressed plant with dry curling leaves and brown spots,0,water_stress,blip_caption
a plant damaged by pests with chewed edges and green leaves on a gray surface,2,pest_risk,blip_caption
a diseased plant leaf with fungal spots showing signs of growth,3,disease_risk,blip_caption
a heat stressed plant with scorched brown leaf tips showing red and green spots,4,heat_stress,blip_caption
a crop leaf with insect damage and feeding holes showing the size of the leaf,2,pest_risk,blip_caption
an infected crop leaf with blight and lesions and brown spots on it,3,disease_risk,blip_caption
a wilting crop plant with drooping leaves showing brown spots,0,water_stress,blip_caption
a crop plant with heat damage wilted tips and brown spots on a leaf,4,heat_stress,blip_caption
an infected crop leaf with blight and lesions and brown spots on it,3,disease_risk,blip_caption
a plant damaged by pests with chewed edges and green leaves,2,pest_risk,blip_caption
a wilting crop plant with drooping leaves showing brown and green color,0,water_stress,blip_caption
a drought stressed plant with dry curling leaves and brown spots on the leaf,0,water_stress,blip_caption
a drought stressed plant with dry curling leaves and yellow spots,0,water_stress,blip_caption
a wilting crop plant with drooping leaves showing brown spots,0,water_stress,blip_caption
a heat stressed plant with scorched brown leaf tips showing red spots,4,heat_stress,blip_caption
a wilting crop plant with drooping leaves showing brown spots,0,water_stress,blip_caption
a heat stressed plant with scorched brown leaf tips showing red and green leaves,4,heat_stress,blip_caption
a plant leaf with yellowing chlorosis showing on it,1,nutrient_def,blip_caption
a plant damaged by pests with chewed edges and green leaves,2,pest_risk,blip_caption
a pale discoloured leaf with nutrient deficiency and green algae,1,nutrient_def,blip_caption
a crop leaf with insect damage and feeding holes showing on the underside of the leaf,2,pest_risk,blip_caption
a crop leaf with insect damage and feeding holes showing the size of the leaf,2,pest_risk,blip_caption
a crop plant with heat damage wilted tips and green leaves,4,heat_stress,blip_caption
a crop leaf with insect damage and feeding holes showing the growth of lettuce,2,pest_risk,blip_caption
a crop plant with heat damage wilted tips and brown spots on a leaf,4,heat_stress,blip_caption
a plant leaf with yellowing chlorosis showing on a gray surface,1,nutrient_def,blip_caption
a crop leaf with insect damage and feeding holes showing the size of the leaves,2,pest_risk,blip_caption
a heat stressed plant with scorched brown leaf tips showing signs of blemching,4,heat_stress,blip_caption
a diseased plant leaf with fungal spots showing green and brown,3,disease_risk,blip_caption
a crop plant with heat damage wilted tips and brown spots on a leaf,4,heat_stress,blip_caption
a crop leaf with insect damage and feeding holes showing the growth of the leaves,2,pest_risk,blip_caption
a plant leaf with yellowing chlorosis showing the brown spots on it,1,nutrient_def,blip_caption
a pale discoloured leaf with nutrient deficiency and mildness,1,nutrient_def,blip_caption
a plant damaged by pests with chewed edges and brown spots on a leaf,2,pest_risk,blip_caption
a drought stressed plant with dry curling leaves and rust on it,0,water_stress,blip_caption
a wilting crop plant with drooping leaves showing signs of blemching,0,water_stress,blip_caption
a plant damaged by pests with chewed edges and green leaves,2,pest_risk,blip_caption
a drought stressed plant with dry curling leaves and brown blotch,0,water_stress,blip_caption
a crop plant with heat damage wilted tips and brown spots on a leaf,4,heat_stress,blip_caption
an infected crop leaf with blight and lesions and brown spots on it,3,disease_risk,blip_caption
a crop plant with heat damage wilted tips and brown spots on a leaf,4,heat_stress,blip_caption
a crop leaf with insect damage and feeding holes showing the growth of the leaves,2,pest_risk,blip_caption
an infected crop leaf with blight and lesions and brown spots on the leaves,3,disease_risk,blip_caption
a heat stressed plant with scorched brown leaf tips showing red and brown spots,4,heat_stress,blip_caption
a heat stressed plant with scorched brown leaf tips showing red spots,4,heat_stress,blip_caption
"a heat stressed plant with scorched brown leaf tips showing red, yellow, and green leaves",4,heat_stress,blip_caption
a pale discoloured leaf with nutrient deficiency and antioxutants,1,nutrient_def,blip_caption
a crop plant with heat damage wilted tips and brown spots on a leaf,4,heat_stress,blip_caption
a diseased plant leaf with fungal spots showing brown and green leaves,3,disease_risk,blip_caption
a pale discoloured leaf with nutrient deficiency and mildness on the leaves,1,nutrient_def,blip_caption
a crop leaf with insect damage and feeding holes showing the size of the leaf,2,pest_risk,blip_caption
a plant leaf with yellowing chlorosis showing on the surface,1,nutrient_def,blip_caption
a heat stressed plant with scorched brown leaf tips showing red spots on the leaves,4,heat_stress,blip_caption
a crop plant with heat damage wilted tips and green leaves,4,heat_stress,blip_caption
a crop leaf with insect damage and feeding holes showing on the underside of the leaf,2,pest_risk,blip_caption
a crop plant with heat damage wilted tips and brown spots on a leaf,4,heat_stress,blip_caption
a heat stressed plant with scorched brown leaf tips showing red and black spots,4,heat_stress,blip_caption
a crop leaf with insect damage and feeding holes showing the growth of the leaves,2,pest_risk,blip_caption
a drought stressed plant with dry curling leaves and brown spots,0,water_stress,blip_caption
a drought stressed plant with dry curling leaves and brown spots on it,0,water_stress,blip_caption
a pale discoloured leaf with nutrient deficiency and blemching on the underside of the leaf,1,nutrient_def,blip_caption
a crop plant with heat damage wilted tips and brown spots on a leaf,4,heat_stress,blip_caption
a crop plant with heat damage wilted tips and green leaves,4,heat_stress,blip_caption
a wilting crop plant with drooping leaves showing brown and yellow spots,0,water_stress,blip_caption
a drought stressed plant with dry curling leaves and brown spots,0,water_stress,blip_caption
a pale discoloured leaf with nutrient deficiency and a worm crawling on it,1,nutrient_def,blip_caption
a pale discoloured leaf with nutrient deficiency and blemching,1,nutrient_def,blip_caption
a drought stressed plant with dry curling leaves and a hole in the middle of the leaf,0,water_stress,blip_caption
a heat stressed plant with scorched brown leaf tips showing red spots,4,heat_stress,blip_caption
a pale discoloured leaf with nutrient deficiency and blemching,1,nutrient_def,blip_caption
a crop leaf with insect damage and feeding holes showing the size of the leaves,2,pest_risk,blip_caption
a plant leaf with yellowing chlorosis showing growth,1,nutrient_def,blip_caption
a diseased plant leaf with fungal spots showing signs of bloating,3,disease_risk,blip_caption
a diseased plant leaf with fungal spots showing brown spots on the leaves,3,disease_risk,blip_caption
a pale discoloured leaf with nutrient deficiency and bloating,1,nutrient_def,blip_caption
a pale discoloured leaf with nutrient deficiency and green veins,1,nutrient_def,blip_caption
a pale discoloured leaf with nutrient deficiency and mildness,1,nutrient_def,blip_caption
"a heat stressed plant with scorched brown leaf tips showing red, yellow and green leaves",4,heat_stress,blip_caption
a plant damaged by pests with chewed edges and brown spots on the leaves,2,pest_risk,blip_caption
a heat stressed plant with scorched brown leaf tips showing red and green leaves,4,heat_stress,blip_caption
a pale discoloured leaf with nutrient deficiency and mildness,1,nutrient_def,blip_caption
a heat stressed plant with scorched brown leaf tips showing growth,4,heat_stress,blip_caption
a plant damaged by pests with chewed edges and green leaves,2,pest_risk,blip_caption
a pale discoloured leaf with nutrient deficiency and blemching,1,nutrient_def,blip_caption
a crop leaf with insect damage and feeding holes showing the growth of the leaves,2,pest_risk,blip_caption
a pale discoloured leaf with nutrient deficiency and green veins,1,nutrient_def,blip_caption
a crop plant with heat damage wilted tips and green leaves,4,heat_stress,blip_caption
a crop plant with heat damage wilted tips and brown spots on a leaf,4,heat_stress,blip_caption
a crop plant with heat damage wilted tips and brown spots on a leaf,4,heat_stress,blip_caption
a crop leaf with insect damage and feeding holes showing the size of the leaves,2,pest_risk,blip_caption
a plant leaf with yellowing chlorosis showing green leaves,1,nutrient_def,blip_caption
a drought stressed plant with dry curling leaves and brown spots on it,0,water_stress,blip_caption
a diseased plant leaf with fungal spots showing brown spots on the leaves,3,disease_risk,blip_caption
an infected crop leaf with blight and lesions and brown spots,3,disease_risk,blip_caption
a pale discoloured leaf with nutrient deficiency and blemching,1,nutrient_def,blip_caption
a diseased plant leaf with fungal spots showing yellow and brown,3,disease_risk,blip_caption
a diseased plant leaf with fungal spots showing signs of blemching,3,disease_risk,blip_caption
a diseased plant leaf with fungal spots showing brown spots on the leaves,3,disease_risk,blip_caption
a crop leaf with insect damage and feeding holes showing the growth of the leaves,2,pest_risk,blip_caption
an infected crop leaf with blight and lesions and brown spots on it,3,disease_risk,blip_caption
a heat stressed plant with scorched brown leaf tips showing black spots on the leaves,4,heat_stress,blip_caption
a crop leaf with insect damage and feeding holes showing the brown spots on the leaves,2,pest_risk,blip_caption
a plant leaf with yellowing chlorosis showing the green leaves,1,nutrient_def,blip_caption
a diseased plant leaf with fungal spots showing signs of blight,3,disease_risk,blip_caption
a plant leaf with yellowing chlorosis showing the brown spots on it,1,nutrient_def,blip_caption
a drought stressed plant with dry curling leaves and brown spots,0,water_stress,blip_caption
a heat stressed plant with scorched brown leaf tips showing black spots,4,heat_stress,blip_caption
a crop leaf with insect damage and feeding holes showing the growth of the leaves,2,pest_risk,blip_caption
a diseased plant leaf with fungal spots showing brown spots on the leaves,3,disease_risk,blip_caption
a crop plant with heat damage wilted tips and brown spots on a leaf,4,heat_stress,blip_caption
a heat stressed plant with scorched brown leaf tips showing red and black spots,4,heat_stress,blip_caption
a diseased plant leaf with fungal spots showing signs of blemching,3,disease_risk,blip_caption
a crop leaf with insect damage and feeding holes showing on the surface of a surface,2,pest_risk,blip_caption
a crop leaf with insect damage and feeding holes showing the growth of the leaves,2,pest_risk,blip_caption
a wilting crop plant with drooping leaves showing brown spots,0,water_stress,blip_caption
a plant leaf with yellowing chlorosis showing on the outside of it,1,nutrient_def,blip_caption
a drought stressed plant with dry curling leaves and brown blotch on it,0,water_stress,blip_caption
"a heat stressed plant with scorched brown leaf tips showing red, yellow and green leaves",4,heat_stress,blip_caption
a diseased plant leaf with fungal spots showing signs of blemching,3,disease_risk,blip_caption
a plant leaf with yellowing chlorosis showing the structure of the leaf,1,nutrient_def,blip_caption
a crop plant with heat damage wilted tips and brown spots on a leaf,4,heat_stress,blip_caption
a crop plant with heat damage wilted tips and green leaves,4,heat_stress,blip_caption
a pale discoloured leaf with nutrient deficiency and blemching,1,nutrient_def,blip_caption
an infected crop leaf with blight and lesions and a white spot on the leaf,3,disease_risk,blip_caption
a crop plant with heat damage wilted tips and green leaves,4,heat_stress,blip_caption
a crop leaf with insect damage and feeding holes showing on the surface of the ground,2,pest_risk,blip_caption
a plant leaf with yellowing chlorosis showing on the surface,1,nutrient_def,blip_caption
a wilting crop plant with drooping leaves showing brown spots,0,water_stress,blip_caption
a wilting crop plant with drooping leaves showing brown spots,0,water_stress,blip_caption
an infected crop leaf with blight and lesions and brown spots,3,disease_risk,blip_caption
a plant leaf with yellowing chlorosis showing on it,1,nutrient_def,blip_caption
a wilting crop plant with drooping leaves showing brown spots,0,water_stress,blip_caption
an infected crop leaf with blight and lesions and brown spots,3,disease_risk,blip_caption
a crop plant with heat damage wilted tips and brown spots,4,heat_stress,blip_caption
a heat stressed plant with scorched brown leaf tips showing brown spots on the leaves,4,heat_stress,blip_caption
a plant leaf with yellowing chlorosis showing the damage of it ' s leaves,1,nutrient_def,blip_caption
a diseased plant leaf with fungal spots showing signs of blemching,3,disease_risk,blip_caption
a pale discoloured leaf with nutrient deficiency and bloating,1,nutrient_def,blip_caption
a diseased plant leaf with fungal spots showing brown spots on the leaves,3,disease_risk,blip_caption
a crop plant with heat damage wilted tips and brown spots on a leaf,4,heat_stress,blip_caption
a plant leaf with yellowing chlorosis showing on a gray surface,1,nutrient_def,blip_caption
a pale discoloured leaf with nutrient deficiency and mildness,1,nutrient_def,blip_caption
a diseased plant leaf with fungal spots showing yellow and green leaves,3,disease_risk,blip_caption
a crop leaf with insect damage and feeding holes showing the size of the leaf,2,pest_risk,blip_caption
a diseased plant leaf with fungal spots showing green and yellow,3,disease_risk,blip_caption
a plant damaged by pests with chewed edges and green leaves on a purple surface,2,pest_risk,blip_caption
a plant leaf with yellowing chlorosis showing green leaves on a brown surface,1,nutrient_def,blip_caption
a crop leaf with insect damage and feeding holes showing the brown spots on the leaf,2,pest_risk,blip_caption
a crop plant with heat damage wilted tips and green leaves,4,heat_stress,blip_caption
a diseased plant leaf with fungal spots showing signs of blight,3,disease_risk,blip_caption
a drought stressed plant with dry curling leaves and brown spots on the underside of the leaf,0,water_stress,blip_caption
an infected crop leaf with blight and lesions and a brown spot on the leaf,3,disease_risk,blip_caption
an infected crop leaf with blight and lesions and brown spots on it,3,disease_risk,blip_caption
an infected crop leaf with blight and lesions and brown spots on the leaves,3,disease_risk,blip_caption
a drought stressed plant with dry curling leaves and brown spots on it,0,water_stress,blip_caption
a crop leaf with insect damage and feeding holes showing the size of the leaf,2,pest_risk,blip_caption
a wilting crop plant with drooping leaves showing brown spots,0,water_stress,blip_caption
a plant damaged by pests with chewed edges and green leaves on a brown surface,2,pest_risk,blip_caption
an infected crop leaf with blight and lesions and brown spots,3,disease_risk,blip_caption
a plant damaged by pests with chewed edges and green leaves,2,pest_risk,blip_caption
an infected crop leaf with blight and lesions and brown spots on the leaves,3,disease_risk,blip_caption
a plant damaged by pests with chewed edges and green leaves,2,pest_risk,blip_caption
a heat stressed plant with scorched brown leaf tips showing red spots on the leaves,4,heat_stress,blip_caption
a crop leaf with insect damage and feeding holes showing the growth of the leaves,2,pest_risk,blip_caption
a wilting crop plant with drooping leaves showing brown spots on the leaf,0,water_stress,blip_caption
a plant damaged by pests with chewed edges and green leaves,2,pest_risk,blip_caption
a drought stressed plant with dry curling leaves and brown spots on the leaves,0,water_stress,blip_caption
a crop leaf with insect damage and feeding holes showing the growth of the leaves,2,pest_risk,blip_caption
a wilting crop plant with drooping leaves showing brown spots,0,water_stress,blip_caption
a diseased plant leaf with fungal spots showing the growth of the leaves,3,disease_risk,blip_caption
a pale discoloured leaf with nutrient deficiency and green veins,1,nutrient_def,blip_caption
a plant leaf with yellowing chlorosis showing on it,1,nutrient_def,blip_caption
an infected crop leaf with blight and lesions and brown spots on the leaves,3,disease_risk,blip_caption
a pale discoloured leaf with nutrient deficiency and mildness,1,nutrient_def,blip_caption
a diseased plant leaf with fungal spots showing signs of blemching,3,disease_risk,blip_caption
a plant damaged by pests with chewed edges and green leaves,2,pest_risk,blip_caption
a plant leaf with yellowing chlorosis showing on a gray surface,1,nutrient_def,blip_caption
a pale discoloured leaf with nutrient deficiency and mildness on it,1,nutrient_def,blip_caption
a diseased plant leaf with fungal spots showing signs of blemching,3,disease_risk,blip_caption
a wilting crop plant with drooping leaves showing brown spots,0,water_stress,blip_caption
a plant damaged by pests with chewed edges and green leaves,2,pest_risk,blip_caption
a plant leaf with yellowing chlorosis showing the brown spots on it,1,nutrient_def,blip_caption
an infected crop leaf with blight and lesions and brown spots on it,3,disease_risk,blip_caption
a drought stressed plant with dry curling leaves and brown spots on it,0,water_stress,blip_caption
a wilting crop plant with drooping leaves showing brown spots on the leaf,0,water_stress,blip_caption
a plant damaged by pests with chewed edges and green leaves,2,pest_risk,blip_caption
a drought stressed plant with dry curling leaves and brown spots,0,water_stress,blip_caption
a plant damaged by pests with chewed edges and green leaves,2,pest_risk,blip_caption
a drought stressed plant with dry curling leaves and brown spots on it,0,water_stress,blip_caption
a plant leaf with yellowing chlorosis showing the green leaves,1,nutrient_def,blip_caption
a plant leaf with yellowing chlorosis showing on the surface,1,nutrient_def,blip_caption
a wilting crop plant with drooping leaves showing brown spots,0,water_stress,blip_caption
a crop plant with heat damage wilted tips and brown spots on a leaf,4,heat_stress,blip_caption
a diseased plant leaf with fungal spots showing brown spots on the leaves,3,disease_risk,blip_caption
a crop plant with heat damage wilted tips and brown spots on a leaf,4,heat_stress,blip_caption
a plant damaged by pests with chewed edges and green leaves on a gray surface,2,pest_risk,blip_caption
a crop plant with heat damage wilted tips and brown spots on a leaf,4,heat_stress,blip_caption
a plant leaf with yellowing chlorosis showing brown spots,1,nutrient_def,blip_caption
a pale discoloured leaf with nutrient deficiency and bloating,1,nutrient_def,blip_caption
a crop plant with heat damage wilted tips and brown spots on a leaf,4,heat_stress,blip_caption
a heat stressed plant with scorched brown leaf tips showing red and green spots,4,heat_stress,blip_caption
a drought stressed plant with dry curling leaves and brown blotch on it,0,water_stress,blip_caption
a heat stressed plant with scorched brown leaf tips showing black spots,4,heat_stress,blip_caption
a plant leaf with yellowing chlorosis showing green leaves,1,nutrient_def,blip_caption
a plant damaged by pests with chewed edges and green leaves,2,pest_risk,blip_caption
a plant leaf with yellowing chlorosis showing on the surface,1,nutrient_def,blip_caption
a crop leaf with insect damage and feeding holes showing on the underside of the leaf,2,pest_risk,blip_caption
a wilting crop plant with drooping leaves showing brown spots,0,water_stress,blip_caption
a wilting crop plant with drooping leaves showing brown blotch,0,water_stress,blip_caption
a pale discoloured leaf with nutrient deficiency and mildness,1,nutrient_def,blip_caption
a diseased plant leaf with fungal spots showing brown spots on the leaves,3,disease_risk,blip_caption
a diseased plant leaf with fungal spots showing signs of blemching,3,disease_risk,blip_caption
a drought stressed plant with dry curling leaves and brown spots on it,0,water_stress,blip_caption
a pale discoloured leaf with nutrient deficiency and mildness on the leaves,1,nutrient_def,blip_caption
"a crop plant with heat damage wilted tips and red, yellow, and green leaves",4,heat_stress,blip_caption
a crop plant with heat damage wilted tips and green leaves,4,heat_stress,blip_caption
a plant leaf with yellowing chlorosis showing on a gray surface,1,nutrient_def,blip_caption
a diseased plant leaf with fungal spots showing brown and green leaves,3,disease_risk,blip_caption
a heat stressed plant with scorched brown leaf tips showing red and green spots,4,heat_stress,blip_caption
a plant leaf with yellowing chlorosis showing on the surface,1,nutrient_def,blip_caption
an infected crop leaf with blight and lesions and brown spots on it,3,disease_risk,blip_caption
a heat stressed plant with scorched brown leaf tips showing red and black spots,4,heat_stress,blip_caption
a pale discoloured leaf with nutrient deficiency and blemching,1,nutrient_def,blip_caption
a crop leaf with insect damage and feeding holes showing the growth of the leaves,2,pest_risk,blip_caption
an infected crop leaf with blight and lesions and brown spots,3,disease_risk,blip_caption
a plant damaged by pests with chewed edges and green leaves,2,pest_risk,blip_caption
a wilting crop plant with drooping leaves showing yellow and brown spots,0,water_stress,blip_caption
a drought stressed plant with dry curling leaves and yellow spots,0,water_stress,blip_caption
a diseased plant leaf with fungal spots showing white and brown spots,3,disease_risk,blip_caption
a heat stressed plant with scorched brown leaf tips showing red and green leaves,4,heat_stress,blip_caption
a pale discoloured leaf with nutrient deficiency and green leaves,1,nutrient_def,blip_caption
an infected crop leaf with blight and lesions and brown spots on it,3,disease_risk,blip_caption
a pale discoloured leaf with nutrient deficiency and mildness on the surface of the leaf,1,nutrient_def,blip_caption
a plant damaged by pests with chewed edges and green leaves,2,pest_risk,blip_caption
a pale discoloured leaf with nutrient deficiency and green veins,1,nutrient_def,blip_caption
an infected crop leaf with blight and lesions and brown spots on it,3,disease_risk,blip_caption
a diseased plant leaf with fungal spots showing signs of blemching,3,disease_risk,blip_caption
a heat stressed plant with scorched brown leaf tips showing red and black spots,4,heat_stress,blip_caption
an infected crop leaf with blight and lesions and brown spots,3,disease_risk,blip_caption
a plant damaged by pests with chewed edges and green leaves,2,pest_risk,blip_caption
a wilting crop plant with drooping leaves showing brown spots,0,water_stress,blip_caption
a plant damaged by pests with chewed edges and green leaves on a purple surface,2,pest_risk,blip_caption
a plant damaged by pests with chewed edges and green leaves,2,pest_risk,blip_caption
a drought stressed plant with dry curling leaves and brown spots,0,water_stress,blip_caption
a diseased plant leaf with fungal spots showing the damage of it ' s leaves,3,disease_risk,blip_caption
a pale discoloured leaf with nutrient deficiency and mildness on it,1,nutrient_def,blip_caption
a plant damaged by pests with chewed edges and green leaves,2,pest_risk,blip_caption
an infected crop leaf with blight and lesions and a brown spot on the leaf,3,disease_risk,blip_caption
a plant damaged by pests with chewed edges and brown spots on a leaf,2,pest_risk,blip_caption
a drought stressed plant with dry curling leaves and brown spots,0,water_stress,blip_caption
a crop plant with heat damage wilted tips and green leaves,4,heat_stress,blip_caption
a heat stressed plant with scorched brown leaf tips showing rust on the leaves,4,heat_stress,blip_caption
a heat stressed plant with scorched brown leaf tips showing red and green spots,4,heat_stress,blip_caption
a pale discoloured leaf with nutrient deficiency and green leaves,1,nutrient_def,blip_caption
an infected crop leaf with blight and lesions and brown spots on the leaves,3,disease_risk,blip_caption
a pale discoloured leaf with nutrient deficiency and mildness,1,nutrient_def,blip_caption
a crop plant with heat damage wilted tips and brown spots on a leaf,4,heat_stress,blip_caption
a crop leaf with insect damage and feeding holes showing the growth of the leaves,2,pest_risk,blip_caption
a drought stressed plant with dry curling leaves and brown spots on it,0,water_stress,blip_caption
a crop plant with heat damage wilted tips and leaves on the ground,4,heat_stress,blip_caption
a diseased plant leaf with fungal spots showing signs of wilt,3,disease_risk,blip_caption
an infected crop leaf with blight and lesions and brown spots,3,disease_risk,blip_caption
a wilting crop plant with drooping leaves showing brown spots,0,water_stress,blip_caption
a crop leaf with insect damage and feeding holes showing the size of the leaf,2,pest_risk,blip_caption
a plant leaf with yellowing chlorosis showing the growth of it ' s leaves,1,nutrient_def,blip_caption
a diseased plant leaf with fungal spots showing brown and green leaves,3,disease_risk,blip_caption
a heat stressed plant with scorched brown leaf tips showing red and green spots,4,heat_stress,blip_caption
a plant damaged by pests with chewed edges and moldy leaves,2,pest_risk,blip_caption
a crop plant with heat damage wilted tips and green leaves,4,heat_stress,blip_caption
a diseased plant leaf with fungal spots showing brown and brown spots,3,disease_risk,blip_caption
a plant leaf with yellowing chlorosis showing the growth of the leaves,1,nutrient_def,blip_caption
a drought stressed plant with dry curling leaves and brown spots,0,water_stress,blip_caption
a crop plant with heat damage wilted tips and green leaves,4,heat_stress,blip_caption
an infected crop leaf with blight and lesions and a hand holding it,3,disease_risk,blip_caption
a drought stressed plant with dry curling leaves and brown blotch on it,0,water_stress,blip_caption
a plant damaged by pests with chewed edges and green leaves,2,pest_risk,blip_caption
a wilting crop plant with drooping leaves showing brown spots,0,water_stress,blip_caption
a heat stressed plant with scorched brown leaf tips showing brown spots on the leaves,4,heat_stress,blip_caption
a drought stressed plant with dry curling leaves and yellow spots on it,0,water_stress,blip_caption
a plant leaf with yellowing chlorosis showing on the surface of a table,1,nutrient_def,blip_caption
a plant damaged by pests with chewed edges and brown spots on the leaves,2,pest_risk,blip_caption
a plant leaf with yellowing chlorosis showing on the surface,1,nutrient_def,blip_caption
a pale discoloured leaf with nutrient deficiency and green veins,1,nutrient_def,blip_caption
a diseased plant leaf with fungal spots showing yellow and green leaves,3,disease_risk,blip_caption
an infected crop leaf with blight and lesions and brown spots on it,3,disease_risk,blip_caption
a heat stressed plant with scorched brown leaf tips showing red and green leaves,4,heat_stress,blip_caption
a pale discoloured leaf with nutrient deficiency and mildness on it,1,nutrient_def,blip_caption
a plant damaged by pests with chewed edges and green leaves,2,pest_risk,blip_caption
a drought stressed plant with dry curling leaves and rust on it,0,water_stress,blip_caption
a heat stressed plant with scorched brown leaf tips showing red and green leaves,4,heat_stress,blip_caption
a crop leaf with insect damage and feeding holes showing the size of the leaves,2,pest_risk,blip_caption
a wilting crop plant with drooping leaves showing brown blotch,0,water_stress,blip_caption
a crop plant with heat damage wilted tips and brown spots on a leaf,4,heat_stress,blip_caption
an infected crop leaf with blight and lesions and brown spots on the leaves,3,disease_risk,blip_caption
an infected crop leaf with blight and lesions and brown spots on it,3,disease_risk,blip_caption
a heat stressed plant with scorched brown leaf tips showing red spots,4,heat_stress,blip_caption
a plant damaged by pests with chewed edges and green leaves,2,pest_risk,blip_caption
a pale discoloured leaf with nutrient deficiency and mildness,1,nutrient_def,blip_caption
a wilting crop plant with drooping leaves showing brown spots,0,water_stress,blip_caption
a pale discoloured leaf with nutrient deficiency and blemching,1,nutrient_def,blip_caption
a drought stressed plant with dry curling leaves and brown spots on the underside of the leaf,0,water_stress,blip_caption
a plant damaged by pests with chewed edges and green leaves,2,pest_risk,blip_caption
a crop leaf with insect damage and feeding holes showing the size of the leaf,2,pest_risk,blip_caption
an infected crop leaf with blight and lesions and brown spots on it,3,disease_risk,blip_caption
a crop plant with heat damage wilted tips and brown spots on a leaf,4,heat_stress,blip_caption
a plant leaf with yellowing chlorosis showing on a gray surface,1,nutrient_def,blip_caption
a plant leaf with yellowing chlorosis showing green leaves,1,nutrient_def,blip_caption
a pale discoloured leaf with nutrient deficiency and green veins,1,nutrient_def,blip_caption
a plant leaf with yellowing chlorosis showing the growth of it ' s leaves,1,nutrient_def,blip_caption
"a heat stressed plant with scorched brown leaf tips showing red, yellow, and green leaves",4,heat_stress,blip_caption
an infected crop leaf with blight and lesions and brown spots on it,3,disease_risk,blip_caption
