date,tmax,tmin,rain_mm,db_am,db_pm,rh_am,rh_pm,dew_point,vapour_pressure,wind_speed,wind_dir,evaporation,soil_temp_5cm,soil_temp_10cm,sunshine_hours,tmean,rh_mean,vpd_kpa,tmax_delta,rain_7d,rain_30d,rainless_days,heat_days_3,tmax_3d,soil_moisture_pct,doy_sin,doy_cos,month,observed
2024-01-01,25.0,,,,20.6,,70.0,15.1,17.15,6.0,NE,,22.6,22.8,4.8,,,,,0.0,0.0,1,0.0,25.0,45.95,0.017201575418260506,0.9998520419557735,1,True
2024-01-02,23.8,,,,20.4,,74.0,15.7,17.83,6.0,NW,,22.5,22.6,7.5,,,,-1.1999999999999993,0.0,0.0,2,0.0,24.4,41.9,0.03439806061360801,0.9994082116062598,1,True
2024-01-03,24.8,,,,21.6,,65.0,14.8,16.83,6.0,ENE,,23.0,23.2,7.6,,,,1.0,0.0,0.0,3,0.0,24.53333333333333,37.85,0.051584366869408364,0.9986686402879997,1,True
2024-01-04,25.8,,,,21.8,,66.0,15.1,17.15,6.0,NE,,22.6,22.7,4.5,,,,1.0,0.0,0.0,4,0.0,24.8,33.8,0.06875540848113941,0.9976335468520451,1,True
2024-01-05,25.5,,,,22.0,,67.0,15.7,17.83,4.0,ENE,,22.2,22.3,2.5,,,,-0.3000000000000007,0.0,0.0,5,0.0,25.36666666666667,29.75,0.08590610426133272,0.9963032375991965,1,True
2024-01-06,26.2,,,,22.2,,67.0,15.9,18.06,4.0,NE,,23.5,23.6,4.3,,,,0.6999999999999993,0.0,0.0,6,0.0,25.833333333333332,25.7,0.10303137904317879,0.9946781061893646,1,True
2024-01-07,26.0,,,,23.6,,69.0,17.5,19.99,6.0,NE,,23.5,23.6,0.0,,,,-0.1999999999999993,0.0,0.0,7,0.0,25.900000000000002,21.65,0.1201261651823505,0.9927586335250793,1,True
2024-01-08,25.0,,,,23.4,,73.0,18.3,21.02,6.0,NE,,23.2,23.4,0.0,,,,-1.0,0.0,0.0,8,0.0,25.733333333333334,17.6,0.13718540405660057,0.9905453876091833,1,True
2024-01-09,25.4,,,,24.2,,54.0,14.5,16.5,6.0,NE,,24.2,24.3,4.8,,,,0.3999999999999986,0.0,0.0,9,0.0,25.46666666666667,13.55,0.1542040475626894,0.988039023376751,1,True
2024-01-10,26.8,,,,25.4,,54.0,15.5,17.6,6.0,NE,,25.5,25.6,7.0,,,,1.4000000000000021,0.0,0.0,10,0.0,25.733333333333334,9.5,0.17117705961019986,0.985240282501282,1,True
2024-01-11,24.8,,,,23.8,,63.0,16.3,18.52,6.0,NE,,24.5,24.6,0.0,,,,-2.0,0.0,0.0,11,0.0,25.666666666666668,5.45,0.18809941761179758,0.9821499931752291,1,True
2024-01-12,24.5,,,,22.0,,46.0,9.9,12.2,8.0,NNW,,24.2,24.2,8.5,,,,-0.3000000000000007,0.0,0.0,12,0.0,25.366666666666664,1.4,0.20496611396949532,0.9787690698649216,1,True
2024-01-13,25.0,,,,22.8,,40.0,8.5,11.09,8.0,NE,,24.6,24.7,8.5,,,,0.5,0.0,0.0,13,0.0,24.76666666666667,0.0,0.22177215755648186,0.975098513039961,1,True
2024-01-14,24.5,,,,22.2,,43.0,9.2,11.63,6.0,NE,,23.0,23.0,7.5,,,,-0.5,0.0,0.0,14,0.0,24.666666666666668,0.0,0.23851257519407648,0.9711394088771653,1,True
2024-01-15,23.0,,,,21.4,,42.0,8.1,10.79,4.0,NE,,22.5,22.6,2.0,,,,-1.5,0.0,0.0,15,0.0,24.166666666666668,0.0,0.2551824131233728,0.9668929289391521,1,True
2024-01-16,22.8,,,,16.6,,89.0,14.9,16.93,6.0,NE,,19.8,19.9,0.0,,,,-0.1999999999999993,0.0,0.0,16,0.0,23.433333333333334,0.0,0.2717767384711357,0.9623603298276545,1,True
2024-01-17,21.0,,,,19.0,,84.0,16.3,18.52,6.0,NE,,18.4,18.5,0.0,,,,-1.8000000000000007,0.0,0.0,17,0.0,22.266666666666666,0.0,0.2882906407095177,0.9575429528116719,1,True
2024-01-18,21.0,,,,16.6,,89.0,14.9,16.9,6.0,NE,,18.5,18.6,0.0,,,,0.0,0.0,0.0,18,0.0,21.599999999999998,0.0,0.3047192331091634,0.9524422234305676,1,True
2024-01-19,19.5,,,,17.4,,90.0,15.7,17.83,6.0,NE,,18.4,18.5,0.0,,,,-1.5,0.0,0.0,19,0.0,20.5,0.0,0.321057654185271,0.9470596510722283,1,True
2024-01-20,19.5,,,,17.8,,88.0,15.8,17.94,4.0,NE,,17.8,17.9,3.6,,,,0.0,0.0,0.0,20,0.0,20.0,0.0,0.3373010691361842,0.9413968285264122,1,True
2024-01-21,23.0,,,,18.4,,81.0,15.0,17.04,4.0,NW,,20.2,20.3,0.0,,,,3.5,0.0,0.0,21,0.0,20.666666666666668,0.0,0.3534446712740877,0.9354554315134164,1,True
2024-01-22,24.5,,,,19.2,,56.0,10.3,12.52,4.0,NW,,20.5,20.6,5.6,,,,1.5,0.0,0.0,22,0.0,22.333333333333332,0.0,0.3694836834473831,0.9292372181882051,1,True
2024-01-23,23.0,,,,20.2,,56.0,11.1,13.21,4.0,NW,,19.5,19.6,4.0,,,,-1.5,0.0,0.0,23,0.0,23.5,0.0,0.38541335945432564,0.9227440286201427,1,True
2024-01-24,21.0,,,,16.6,,78.0,12.6,14.58,4.0,NW,,19.5,19.6,0.0,,,,-2.0,0.0,0.0,24,0.0,22.833333333333332,0.0,0.4012289854475009,0.9159777842484877,1,True
2024-01-25,22.2,,,,18.4,,88.0,16.4,18.64,6.0,ENE,,19.6,19.6,0.6,,,,1.1999999999999993,0.0,0.0,25,0.0,22.066666666666666,0.0,0.4169258813287287,0.908940487313808,1,True
2024-01-26,24.0,,,,18.2,,94.0,17.2,19.62,6.0,NE,,20.4,20.5,4.6,,,,1.8000000000000007,0.0,0.0,26,0.0,22.400000000000002,0.0,0.4324994021339788,0.901634220265486,1,True
2024-01-27,25.0,,,,19.2,,85.0,16.5,18.76,6.0,NE,,20.2,20.4,4.6,,,,1.0,0.0,0.0,27,0.0,23.733333333333334,0.0,0.44794493940789115,0.8940611451454876,1,True
2024-01-28,25.0,,,,19.4,,79.0,15.7,17.83,6.0,NE,,20.4,20.5,6.5,,,,0.0,0.0,0.0,28,0.0,24.666666666666668,0.0,0.4632579225674917,0.88622350294858,1,True
2024-01-29,26.0,,,,20.4,,69.0,14.6,16.61,4.0,NE,,20.8,21.0,6.2,,,,1.0,0.0,0.0,29,0.0,25.333333333333332,0.0,0.4784338202547012,0.8781236129591848,1,True
2024-01-30,27.8,,,,20.4,,80.0,16.8,19.12,4.0,NE,,21.2,21.5,4.6,,,,1.8000000000000007,0.0,0.0,30,0.0,26.266666666666666,0.0,0.49346814167723735,0.8697638720650646,1,True
2024-01-31,26.0,,,,22.4,,66.0,15.8,17.94,4.0,NE,,21.2,21.4,0.0,,,,-1.8000000000000007,0.0,0.0,31,0.0,26.599999999999998,0.0,0.5083564379375122,0.8611467540480452,1,True
2024-02-01,25.0,19.0,0.0,21.0,20.2,96.0,83.0,18.85,21.85,6.0,NW,1.2,21.5,21.6,0.0,22.0,89.5,0.2776127751821104,-1.0,0.0,0.0,32,0.0,26.266666666666666,0.0,0.5230943033491326,0.8522748088519838,2,True
2024-02-02,27.5,18.0,18.4,20.0,22.4,96.0,69.0,17.95,20.64,6.0,NE,2.0,20.5,20.6,4.0,22.75,82.5,0.4842661843467269,2.5,18.4,18.4,0,0.0,26.166666666666668,17.0,0.5376773767406141,0.8431506618282,2,True
2024-02-03,27.4,15.8,0.0,19.6,22.6,90.0,57.0,15.85,18.15,5.0,NW,2.0,20.0,20.2,7.4,21.6,73.5,0.6837404723995253,-0.10000000000000142,18.4,18.4,1,0.0,26.633333333333336,15.6,0.5521013427459208,0.8337770129585915,2,True
2024-02-04,29.0,15.5,0.0,20.6,22.8,96.0,62.0,17.45,20.119999999999997,4.0,NE,2.0,20.5,20.6,6.8,22.25,79.0,0.563742534761244,1.6000000000000014,18.4,18.4,2,0.0,27.96666666666667,14.2,0.5663619330814524,0.8241566360566663,2,True
2024-02-05,27.0,20.0,0.0,21.0,21.8,91.0,72.0,18.0,20.7,4.0,NE,2.0,21.5,21.6,5.5,23.5,81.5,0.5356731929881632,-2.0,18.4,18.4,3,0.0,27.8,12.8,0.580454927809098,0.8142923779467267,2,True
2024-02-06,27.0,19.2,0.0,22.6,20.4,96.0,91.0,20.3,23.9,4.0,NW,2.0,22.5,22.6,0.0,23.1,93.5,0.18372088807387935,0.0,18.4,18.4,4,0.0,27.666666666666668,11.4,0.5943761565849831,0.804187157621448,2,True
2024-02-07,26.2,19.0,0.0,20.6,20.8,85.0,85.0,18.1,20.759999999999998,4.0,NW,2.0,19.0,19.4,2.6,22.6,85.0,0.41132708238771615,-0.8000000000000007,18.4,18.4,5,0.0,26.73333333333333,10.0,0.6081214998935418,0.7938439653781019,2,True
2024-02-08,26.8,16.6,0.0,20.6,22.6,87.0,65.0,17.0,19.380000000000003,4.0,NE,2.0,20.5,20.6,2.6,21.700000000000003,76.0,0.6230327986128712,0.6000000000000014,18.4,18.4,6,0.0,26.666666666666668,8.6,0.6216868902665479,0.7832658619336791,2,True
2024-02-09,26.5,13.0,0.0,18.6,23.4,68.0,52.0,12.75,14.73,5.0,NW,2.0,18.5,18.6,5.4,19.75,60.0,0.9209354512173692,-0.3000000000000007,0.0,18.4,7,0.0,26.5,7.2,0.6350683134867438,0.7724559775191742,2,True
2024-02-10,26.5,19.2,0.0,21.6,23.2,79.0,67.0,17.2,19.645,5.0,NE,2.4,19.2,19.5,7.4,22.85,73.0,0.7516933270136809,0.0,0.0,18.4,8,0.0,26.599999999999998,5.52,0.6482618097757122,0.7614175109532997,2,True
2024-02-11,27.0,13.0,0.0,20.2,24.4,74.0,68.0,16.8,19.18,5.0,NE,2.6,19.5,19.6,9.1,20.0,71.0,0.6781015685689594,0.5,0.0,18.4,9,0.0,26.666666666666668,3.7,0.6612634749656386,0.7501537286959042,2,True
2024-02-12,28.2,12.4,0.0,21.0,25.4,73.0,68.0,17.6,20.205,4.0,NW,2.0,21.8,21.9,4.4,20.3,70.5,0.7027075044969864,1.1999999999999993,0.0,18.4,10,0.0,27.233333333333334,2.3,0.6740694616546162,0.7386679638813748,2,True
2024-02-13,27.5,17.0,0.0,22.6,25.2,79.0,68.0,18.8,21.69,5.0,SE,2.0,21.6,21.5,2.1,22.25,73.5,0.7113893891034747,-0.6999999999999993,0.0,18.4,11,0.0,27.566666666666666,0.9,0.6866759803451553,0.726963615332308,2,True
2024-02-14,28.0,16.2,0.0,19.6,25.8,90.0,53.0,16.8,19.17,4.0,NE,2.0,20.0,20.0,3.9,22.1,71.5,0.7581254605027309,0.5,0.0,18.4,12,0.0,27.900000000000002,0.0,0.6990793005655562,0.7150441465537444,2,True
2024-02-15,29.0,17.5,0.0,21.4,25.4,84.0,60.0,18.35,21.145,5.0,NE,1.5,21.4,24.6,2.1,23.25,72.0,0.7986161891431071,1.0,0.0,18.4,13,0.0,28.166666666666668,0.0,0.7112757519738152,0.7029130847082615,2,True
2024-02-16,28.0,17.2,5.4,20.6,24.6,91.0,66.0,18.5,21.3,6.0,NW,2.0,21.5,21.6,3.9,22.6,78.5,0.5895688180890597,-1.0,5.4,23.799999999999997,0,0.0,28.333333333333332,4.0,0.7232617254437388,0.6905740195722293,2,True
2024-02-17,29.0,18.0,0.0,21.0,24.4,78.0,68.0,17.6,20.1489,5.0,NE,1.4,21.0,21.4,6.3,23.5,73.0,0.7817933086854272,1.0,5.4,23.799999999999997,1,0.0,28.666666666666668,3.02,0.7350336741329412,0.6780306024735382,2,True
2024-02-18,31.0,18.5,0.0,23.6,26.4,91.0,62.0,20.35,24.005000000000003,6.0,SE,1.5,23.5,23.6,1.0,24.75,76.5,0.7334139552455607,2.0,5.4,23.799999999999997,2,0.0,29.333333333333332,1.97,0.746588114532413,0.6652865452111116,2,True
2024-02-19,31.0,18.8,0.0,24.6,27.4,91.0,64.0,21.6,25.89,6.0,SE,2.5,25.0,25.1,4.2,24.9,77.5,0.7085154778290984,0.0,5.4,23.799999999999997,3,0.0,30.333333333333332,0.22,0.7579216274973472,0.6523456189565257,2,True
2024-02-20,33.8,19.8,0.0,24.6,26.6,87.0,74.0,21.85,26.189999999999998,5.0,SW,2.2,25.5,25.6,6.0,26.799999999999997,80.5,0.6871253205979355,2.799999999999997,5.4,23.799999999999997,4,0.0,31.933333333333334,0.0,0.7690308592589181,0.6392116531380588,2,True
2024-02-21,32.5,20.4,0.0,23.0,26.8,100.0,70.0,21.85,26.25,5.0,SE,1.5,24.5,24.6,4.4,26.45,85.0,0.5177852023237428,-1.2999999999999972,5.4,23.799999999999997,5,0.0,32.43333333333333,0.0,0.7799125224167177,0.6258885343075018,2,True
2024-02-22,30.4,19.6,0.0,22.6,25.4,61.0,78.0,21.65,25.09455,4.0,SE,2.4,24.5,24.6,6.0,25.0,69.5,0.9661722038395886,-2.1000000000000014,5.4,23.799999999999997,6,0.0,32.23333333333333,0.0,0.7905633969115482,0.612380204990065,2,True
2024-02-23,28.8,20.5,0.0,23.0,24.8,71.0,74.0,18.7,21.61,4.0,SE,2.5,24.0,24.0,0.4,24.65,72.5,0.8531417279018536,-1.5999999999999979,0.0,23.799999999999997,7,0.0,30.566666666666666,0.0,0.8009803309782905,0.5986906625177214,2,True
2024-02-24,27.5,19.0,0.0,22.4,26.8,66.0,70.0,18.25,21.175,4.0,NE,2.2,23.8,23.9,4.0,23.25,68.0,0.9127042161635507,-1.3000000000000007,0.0,23.799999999999997,8,0.0,28.900000000000002,0.0,0.8111602420785621,0.5848239578463322,2,True
2024-02-25,27.0,18.2,0.0,22.2,25.4,66.0,67.0,17.15,19.645000000000003,5.0,NE,1.2,23.6,23.7,2.5,22.6,66.5,0.9186304839992325,-0.5,0.0,23.799999999999997,9,0.0,27.766666666666666,0.0,0.8211001178128892,0.5707841943569036,2,True
2024-02-26,27.8,18.0,0.0,22.0,27.2,66.0,57.0,16.700000000000003,18.57,4.0,NE,2.4,23.0,23.0,5.4,22.9,61.5,1.0751085599916679,0.8000000000000007,0.0,23.799999999999997,10,0.0,27.433333333333337,0.0,0.8307970168121247,0.5565755266413303,2,True
2024-02-27,29.5,18.0,0.0,22.8,28.8,60.0,56.0,17.0,19.549999999999997,6.0,NE,2.4,23.0,23.2,3.3,23.75,58.0,1.234562382787592,1.6999999999999993,0.0,23.799999999999997,11,0.0,28.100000000000005,0.0,0.8402480696078469,0.5422021592729844,2,True
2024-02-28,30.0,18.5,1.4,22.6,29.4,83.0,66.0,20.9,24.79,5.0,NW,1.8,23.5,23.6,5.1,24.25,74.5,0.772391662758994,0.5,1.4,25.2,12,0.0,29.100000000000005,0.14,0.8494504794814806,0.527668345562516,2,True
2024-02-29,30.5,20.4,0.0,24.6,29.4,53.0,63.0,18.1,21.225,4.0,NE,,23.8,,4.1,25.45,58.0,1.3665485126323922,0.5,1.4,25.2,13,0.0,30.0,0.0,0.8584015232918917,0.512978386299228,2,True
2024-03-01,30.5,18.5,0.0,23.6,28.8,70.0,56.0,18.6,21.439999999999998,4.0,NE,3.0,23.8,,7.4,24.5,63.0,1.1376201488261883,0.0,1.4,25.2,14,0.0,30.333333333333332,0.0,0.8670985522812081,0.4981366284784055,3,True
2024-03-02,31.8,20.0,0.0,23.6,29.4,95.0,56.0,21.0,24.979999999999997,5.0,NE,3.0,23.8,,5.2,25.9,75.5,0.8186969527112397,1.3000000000000007,1.4,25.2,15,0.0,30.933333333333334,0.0,0.8755389928586302,0.4831474640149687,3,True
2024-03-03,31.5,20.5,0.0,23.4,29.4,91.0,53.0,20.4,24.049999999999997,5.0,NE,3.0,24.8,,5.4,26.0,72.0,0.941203152008718,-0.3000000000000007,1.4,6.800000000000001,16,0.0,31.266666666666666,0.0,0.8837203473619977,0.4680153284438345,3,True
2024-03-04,29.8,20.5,0.0,22.0,27.6,82.0,63.0,19.4,22.53,5.0,NE,3.0,24.5,,3.8,25.15,72.5,0.878952709566739,-1.6999999999999993,1.4,6.800000000000001,17,0.0,31.03333333333333,0.0,0.8916401947968874,0.45274469960737107,3,True
2024-03-05,31.0,21.5,0.0,24.4,28.2,83.0,66.0,21.35,25.4,5.0,NW,2.5,24.3,,5.3,26.25,74.5,0.8699166143088363,1.1999999999999993,1.4,6.800000000000001,18,0.0,30.76666666666667,0.0,0.8992961915530253,0.4373400963303323,3,True
2024-03-06,30.0,19.6,0.0,23.0,27.0,64.0,57.0,16.799999999999997,19.165,6.0,NE,2.8,24.8,,7.2,24.8,60.5,1.236442911628647,-1.0,0.0,6.800000000000001,19,0.0,30.26666666666667,0.0,0.9066860720977985,0.4218060770826634,3,True
2024-03-07,29.0,19.8,0.4,20.4,23.4,83.0,59.0,16.3,18.07,5.0,NNW,2.4,23.0,,0.0,24.4,71.0,0.8863306693748608,-1.0,0.4,7.2,20,0.0,30.0,0.0,0.9138076496466615,0.4061472386305789,3,True
2024-03-08,32.0,17.2,0.0,24.0,26.6,43.0,38.0,10.899999999999999,13.035,5.0,NW,2.6,24.2,,9.2,24.6,40.5,1.8403833910659129,3.0,0.4,7.2,21,0.0,30.333333333333332,0.0,0.9206588168102428,0.3903682146763026,3,True
2024-03-09,32.0,17.0,0.0,21.4,29.2,65.0,32.0,12.649999999999999,14.735,5.0,NE,2.6,22.6,,8.8,24.5,48.5,1.583444261204019,0.0,0.4,7.2,22,0.0,31.0,0.0,0.9272375462179537,0.374473674486883,3,True
2024-03-10,32.0,17.2,0.0,24.2,29.0,53.0,33.0,12.65,14.68,5.0,NE,2.6,24.5,,9.0,24.6,43.0,1.7630563578278495,0.0,0.4,7.2,23,0.0,32.0,0.0,0.9335418911179212,0.35846832151248087,3,True
2024-03-11,33.5,17.0,0.0,24.0,28.8,57.0,51.0,16.4,18.705,5.0,NE,3.2,24.2,,9.0,25.25,54.0,1.4790184644566164,1.5,0.4,7.2,24,0.0,32.5,0.0,0.9395699859530622,0.342356891994542,3,True
2024-03-12,33.5,21.8,0.0,25.4,28.6,73.0,50.0,18.7,21.634999999999998,5.0,NE,3.2,26.5,,7.2,27.65,61.5,1.4258778890510693,0.0,0.4,7.2,25,0.0,33.0,0.0,0.945320046913132,0.3261441535642696,3,True
2024-03-13,33.2,23.5,0.0,26.4,28.8,92.0,69.0,23.8,29.54,6.0,SE,3.0,28.0,,6.2,28.35,80.5,0.7522414361916206,-0.29999999999999716,0.4,7.2,26,0.0,33.4,0.0,0.9507903724625832,0.3098349038318025,3,True
2024-03-14,34.0,22.6,0.0,27.0,28.6,84.0,68.0,23.35,28.3,7.0,WNW,3.6,28.0,,7.8,28.3,76.0,0.9231507293732515,0.7999999999999972,0.0,7.2,27,0.0,33.56666666666667,0.0,0.9559793438440766,0.2934339689665273,3,True
2024-03-15,33.0,21.8,0.0,27.6,27.6,72.0,77.0,22.75,27.675,5.0,NE,4.0,28.5,,6.8,27.4,74.5,0.9307162532957156,-1.0,0.0,7.2,28,0.0,33.4,0.0,0.9608854255574977,0.27694620226893646,3,True
2024-03-16,33.5,21.0,14.0,23.8,29.6,83.0,45.0,18.6,21.585,6.0,NE,3.5,25.0,,5.8,27.25,64.0,1.302468324995894,0.5,14.0,21.2,0,0.0,33.5,11.55,0.9655071658143364,0.2603764827344581,3,True
2024-03-17,33.5,20.8,7.6,24.0,29.4,88.0,53.0,20.4,24.049999999999997,6.0,NW,3.5,25.5,,3.4,27.15,70.5,1.0610666162880065,0.0,21.6,23.4,0,0.0,33.333333333333336,16.7,0.969843196967294,0.24372971360968387,3,True
2024-03-18,32.2,21.0,0.2,24.0,26.2,88.0,69.0,21.0,24.895,4.0,NW,2.8,25.5,,1.2,26.6,78.5,0.74874242166304,-1.2999999999999972,21.8,23.599999999999998,1,0.0,33.06666666666667,14.94,0.9738922359149924,0.22701082094141847,3,True
2024-03-19,32.2,22.0,0.0,25.4,24.8,66.0,83.0,20.15,23.7,4.0,NW,3.0,25.0,,3.0,27.1,74.5,0.9145091944195193,0.0,21.8,23.599999999999998,2,0.0,32.63333333333333,12.84,0.9776530844816641,0.2102247521189836,3,True
2024-03-20,29.8,18.4,26.2,19.6,20.2,94.0,92.0,18.75,21.625,6.0,NW,3.2,22.5,,0.0,24.1,93.0,0.21013121810402105,-2.400000000000002,48.0,49.8,0,0.0,31.400000000000002,36.8,0.981124629771712,0.19337647441020586,3,True
2024-03-21,28.4,17.0,9.4,20.0,23.6,91.0,81.0,19.299999999999997,22.405,6.0,NW,3.6,22.0,,3.2,22.7,86.0,0.38624062772406315,-1.4000000000000021,57.4,59.199999999999996,0,0.0,30.133333333333336,43.68,0.984305844499033,0.17647097349152166,3,True
2024-03-22,29.0,18.4,0.0,23.6,28.4,75.0,64.0,20.25,23.755000000000003,6.0,NE,3.6,22.6,,7.8,23.7,69.5,0.8938352492794112,0.6000000000000014,57.4,59.199999999999996,1,0.0,29.066666666666666,41.16,0.9871957872910085,0.15951325197263655,3,True
2024-03-23,32.5,21.0,0.0,25.0,30.6,92.0,59.0,22.6,27.45,7.0,SE,3.6,25.4,,8.0,26.75,75.5,0.8607783011620752,3.5,43.4,59.199999999999996,2,0.0,29.96666666666667,38.64,0.9897936029670716,0.14250832791617088,3,True
2024-03-24,32.8,22.0,0.0,25.2,30.4,97.0,58.0,22.45,27.235,6.0,SE,3.6,25.4,,7.6,27.4,77.5,0.8212202234962195,0.29999999999999716,35.8,59.199999999999996,3,0.0,31.433333333333334,36.12,0.992098522791769,0.12546123335273648,3,True
2024-03-25,34.5,22.2,0.0,26.8,32.2,83.0,58.0,23.25,28.520000000000003,6.0,NW,4.0,25.6,,7.0,28.35,70.5,1.138006275264247,1.7000000000000028,35.6,59.199999999999996,4,0.0,33.266666666666666,33.32,0.9941098647022418,0.10837701279187609,3,True
2024-03-26,34.0,21.0,2.8,27.0,32.2,60.0,58.0,20.75,24.67,8.0,NW,4.0,25.0,,7.6,27.5,59.0,1.5052207858095978,-0.5,38.400000000000006,62.0,0,0.0,33.766666666666666,33.32,0.9958270335100595,0.09126072172931188,3,True
2024-03-27,35.2,22.0,0.0,27.2,32.0,60.0,63.0,21.4,25.345,7.0,NW,3.8,25.0,,7.0,28.6,61.5,1.5068935799917398,1.2000000000000028,12.2,62.0,1,0.0,34.56666666666667,30.66,0.9972495210773451,0.07411742515094437,3,True
2024-03-28,35.5,25.2,0.0,28.0,32.6,85.0,65.0,25.25,32.144999999999996,7.0,NE,3.6,25.2,,6.4,30.35,75.0,1.0822481534756552,0.29999999999999716,2.8,62.0,2,0.0,34.9,28.14,0.998376906467142,0.056952196034039754,3,True
2024-03-29,35.8,26.5,0.0,29.4,32.6,82.0,73.0,26.4,34.42,6.0,NE,3.8,25.0,,6.9,31.15,77.5,1.0194975153546897,0.29999999999999716,2.8,60.6,3,0.0,35.5,25.48,0.9992088560679753,0.03977011384605572,3,True
2024-03-30,36.0,27.2,0.0,30.0,32.6,78.0,70.0,26.15,33.91,4.0,NE,4.0,31.0,,6.2,31.6,74.0,1.2085709166966818,0.20000000000000284,2.8,60.6,4,1.0,35.766666666666666,22.68,0.9997451236925734,0.022576263041545485,3,True
2024-03-31,35.5,26.5,0.0,31.4,32.8,54.0,67.0,23.4,29.035,4.0,NW,4.0,31.0,,7.8,31.0,60.5,1.7745739391918403,-0.5,2.8,60.6,5,1.0,35.766666666666666,19.88,0.9999855506507186,0.005375731557583884,3,True
2024-04-01,39.5,24.5,0.0,31.4,35.4,55.0,47.0,21.85,26.2,5.0,NW,4.5,35.5,,8.0,32.0,51.0,2.329839944168288,4.0,2.8,60.6,6,2.0,37.0,16.73,0.9999300657962057,-0.011826390691832589,4,True
2024-04-02,36.2,25.2,0.0,32.0,32.6,55.0,44.0,20.05,23.509999999999998,5.0,NE,4.8,31.5,,8.2,30.700000000000003,49.5,2.230296661829728,-3.299999999999997,0.0,60.6,7,2.0,37.06666666666667,13.37,0.9995786855478958,-0.029025013321975237,4,True
2024-04-03,35.8,23.6,0.0,28.0,32.6,82.0,40.0,20.950000000000003,25.33,5.0,NE,4.0,30.0,,7.2,29.7,61.0,1.626532906693345,-0.4000000000000057,0.0,60.6,8,2.0,37.166666666666664,10.57,0.9989315138848577,-0.046215046983708354,4,True
2024-04-04,35.2,24.0,0.0,29.6,32.8,85.0,73.0,26.450000000000003,34.55,7.0,SE,4.2,31.5,,7.8,29.6,79.0,0.8708031465252114,-0.5999999999999943,0.0,60.6,9,1.0,35.733333333333334,7.63,0.9979887423155984,-0.06339140486951038,4,True
2024-04-05,38.8,27.0,0.0,30.0,35.8,88.0,46.0,24.95,31.87,7.0,SE,4.0,30.0,,6.4,32.9,67.0,1.650660488766778,3.5999999999999943,0.0,60.6,10,1.0,36.6,4.83,0.9967506498213929,-0.08054900421874167,4,True
2024-04-06,36.8,26.5,0.0,30.0,33.4,78.0,67.0,26.15,33.91,7.0,SE,4.0,26.5,,7.4,31.65,72.5,1.2819231372916138,-2.0,0.0,60.2,11,2.0,36.93333333333333,2.03,0.9952176027737294,-0.09768276782171598,4,True
2024-04-07,36.8,24.5,0.2,27.4,30.8,92.0,42.0,21.25,26.185000000000002,5.0,SE,3.4,26.5,,6.8,30.65,67.0,1.4532688170305301,0.0,0.2,60.4,12,3.0,37.46666666666666,0.0,0.9933900548258936,-0.11478762552212701,4,True
2024-04-08,35.0,24.4,1.4,27.0,32.2,87.0,41.0,20.95,25.36,5.0,SE,3.5,28.5,,3.2,29.7,64.0,1.5014149907938568,-1.7999999999999972,1.5999999999999999,61.8,13,2.0,36.199999999999996,0.0,0.9912685467787256,-0.13185851571739118,4,True
2024-04-09,35.8,22.2,0.0,30.0,32.4,47.0,50.0,19.1,22.18,5.0,NW,3.8,28.8,,3.0,29.0,48.5,2.0629239640442494,0.7999999999999972,1.5999999999999999,61.8,14,1.0,35.86666666666667,0.0,0.9888537064205885,-0.1488903868564548,4,True
2024-04-10,36.2,23.4,0.0,28.6,32.6,60.0,50.0,20.4,23.965,4.0,NW,3.0,29.0,,3.2,29.8,55.0,1.887584674912801,0.4000000000000057,1.5999999999999999,61.8,15,1.0,35.666666666666664,0.0,0.986146248341595,-0.16587819893463143,4,True
2024-04-11,33.2,23.8,0.0,29.2,28.2,60.0,55.0,19.15,22.205,4.0,SW,3.0,29.5,,0.0,28.5,57.5,1.653836300753717,-3.0,1.5999999999999999,61.8,16,1.0,35.06666666666667,0.0,0.9831469737221499,-0.1828169249850199,4,True
2024-04-12,33.8,21.5,0.0,27.0,31.2,63.0,51.0,19.65,22.875,5.0,SW,3.8,26.5,,4.3,27.65,57.0,1.5925389410180777,0.5999999999999943,1.5999999999999999,61.8,17,1.0,34.4,0.0,0.9798567700958665,-0.1997015525660636,4,True
2024-04-13,36.5,22.6,0.0,29.0,33.6,52.0,39.0,17.950000000000003,20.565,6.0,NW,4.0,28.0,,8.5,29.55,45.5,2.2534489253319085,2.700000000000003,1.5999999999999999,61.8,18,1.0,34.5,0.0,0.9762766110869321,-0.21652708524481437,4,True
2024-04-14,37.5,23.6,0.0,32.2,34.2,56.0,43.0,21.05,24.994999999999997,6.0,SW,4.2,31.2,,5.4,30.55,49.5,2.211278904748633,1.0,1.4,61.8,19,2.0,35.93333333333333,0.0,0.9724075561219968,-0.23328854407545518,4,True
2024-04-15,39.2,23.5,0.0,32.4,34.4,56.0,48.0,22.15,26.68,6.0,SW,4.2,31.5,,8.5,31.35,52.0,2.1997871056048677,1.7000000000000028,0.0,47.8,20,3.0,37.733333333333334,0.0,0.9682507501166718,-0.2499809690726521,4,True
2024-04-16,40.8,25.0,0.0,32.0,34.6,60.0,48.0,22.85,27.84,7.0,SW,5.8,31.5,,7.3,32.9,54.0,2.3009206813112666,1.5999999999999943,0.0,40.199999999999996,21,3.0,39.166666666666664,0.0,0.9638074231367307,-0.26659942067929354,4,True
2024-04-17,39.8,26.4,0.0,33.4,34.2,50.0,49.0,21.75,26.03,7.0,NW,6.2,32.5,,7.9,33.099999999999994,49.5,2.5545079052449786,-1.0,0.0,39.99999999999999,22,3.0,39.93333333333333,0.0,0.9590788900341131,-0.28313898122818354,4,True
2024-04-18,40.2,25.6,0.0,34.0,35.2,36.0,37.0,17.6,20.134999999999998,6.0,NW,6.8,32.5,,7.5,32.900000000000006,36.5,3.1762709405057703,0.4000000000000057,0.0,39.99999999999999,23,3.0,40.266666666666666,0.0,0.9540665500578387,-0.2995947563972602,4,True
2024-04-19,41.5,24.6,0.0,34.0,35.4,37.0,35.0,17.35,19.799999999999997,7.0,NW,6.8,32.0,,8.8,33.05,36.0,3.2283343599383523,1.2999999999999972,0.0,13.799999999999997,24,3.0,40.5,0.0,0.9487718864399473,-0.31596187665790293,4,True
2024-04-20,41.5,25.0,0.0,34.2,36.8,31.0,32.0,15.95,18.18,6.0,NW,7.0,32.2,,9.0,33.25,31.5,3.4942643707073597,0.0,0.0,4.399999999999996,25,3.0,41.06666666666667,0.0,0.9431964659565866,-0.33223549871590435,4,True
2024-04-21,42.0,26.0,0.0,34.8,38.8,30.0,29.0,15.95,18.18,7.0,NE,7.0,32.0,,9.5,34.0,29.5,3.7500784479512137,0.5,0.0,4.399999999999996,26,3.0,41.666666666666664,0.0,0.9373419384643772,-0.3484108069446808,4,True
2024-04-22,40.2,25.5,0.0,34.6,37.2,31.0,32.0,16.55,18.89,6.0,NE,7.5,33.8,,8.0,32.85,31.5,3.4167660730865204,-1.7999999999999972,0.0,4.399999999999996,27,3.0,41.233333333333334,0.0,0.9312100364121947,-0.3644830148102912,4,True
2024-04-23,39.5,25.5,0.0,35.2,37.4,30.0,31.0,16.45,18.505,7.0,NW,7.0,34.0,,9.5,32.5,30.5,3.3990913565252163,-0.7000000000000028,0.0,4.399999999999996,28,3.0,40.56666666666667,0.0,0.9248025743285089,-0.38044736628785164,4,True
2024-04-24,41.2,25.2,0.0,35.2,34.8,34.0,44.0,19.049999999999997,22.16,8.0,NW,7.5,34.2,,9.5,33.2,39.0,3.1029804162372336,1.7000000000000028,0.0,4.399999999999996,29,3.0,40.300000000000004,0.0,0.9181214482844365,-0.39629913726891813,4,True
2024-04-25,41.4,26.2,0.0,33.5,35.6,33.0,34.0,16.25,18.505,9.0,WNW,7.2,35.2,,9.2,33.8,33.5,3.498107142840094,0.19999999999999574,0.0,1.5999999999999963,30,3.0,40.699999999999996,0.0,0.9111686353326631,-0.41203363695942635,4,True
2024-04-26,42.0,26.0,0.0,32.0,36.4,41.0,39.0,18.65,21.605,7.0,SW,6.2,33.5,,8.6,34.0,40.0,3.191556125915926,0.6000000000000014,0.0,1.5999999999999963,31,3.0,41.53333333333333,0.0,0.9039461929224011,-0.42764620926777464,4,True
2024-04-27,42.0,26.0,0.0,33.0,36.8,43.0,37.0,19.200000000000003,22.255000000000003,6.0,NW,6.4,34.0,,9.5,34.0,40.0,3.191556125915926,0.0,0.0,1.5999999999999963,32,3.0,41.800000000000004,0.0,0.8964562582905575,-0.44313223418263453,4,True
2024-04-28,42.0,26.0,0.0,33.4,36.4,40.0,45.0,20.25,23.939999999999998,6.0,NW,6.4,34.2,,7.4,34.0,42.5,3.058574620669429,0.0,0.0,1.5999999999999963,33,3.0,42.0,0.0,0.8887010478292915,-0.45848712914008766,4,True
2024-04-29,42.8,25.0,0.0,34.4,38.4,41.0,38.0,20.4,24.005,7.0,NW,6.5,34.5,,9.8,33.9,39.5,3.20027733555444,0.7999999999999972,0.0,1.5999999999999963,34,3.0,42.26666666666666,0.0,0.8806828564301475,-0.47370635037968,4,True
2024-04-30,42.0,25.0,0.0,34.4,38.0,37.0,38.0,19.549999999999997,22.86,8.0,NW,6.5,34.5,,9.0,33.5,37.5,3.233094616226551,-0.7999999999999972,0.0,1.5999999999999963,35,3.0,42.26666666666666,0.0,0.8724040568049612,-0.48878539428899265,4,True
2024-05-01,42.0,27.5,0.0,33.8,38.2,35.0,39.0,18.5,21.64,7.0,NE,8.0,35.5,,8.0,34.75,37.0,3.493635246362797,0.0,0.0,1.5999999999999963,36,3.0,42.26666666666666,0.0,0.8638670987837349,-0.503719798736334,5,True
2024-05-02,41.0,25.6,0.4,31.0,36.0,51.0,41.0,21.5,25.67,7.0,SW,8.0,33.5,,9.4,33.3,46.0,2.762323179508433,-1.0,0.4,1.9999999999999964,37,3.0,41.666666666666664,0.0,0.8550745085896932,-0.518505144391157,5,True
2024-05-03,40.4,24.6,0.0,33.0,36.0,48.0,42.0,20.7,24.41,7.0,NW,7.3,33.0,,9.2,32.5,45.0,2.68992841163866,-0.6000000000000014,0.4,1.9999999999999964,38,3.0,41.13333333333333,0.0,0.8460288880917339,-0.533137056031809,5,True
2024-05-04,38.8,26.5,0.0,31.0,34.4,75.0,62.0,26.05,34.71,9.0,NW,7.0,35.0,,8.1,32.65,68.5,1.553653424638376,-1.6000000000000014,0.4,1.9999999999999964,39,3.0,40.06666666666667,0.0,0.8367329140344921,-0.5476112038402312,5,True
2024-05-05,41.0,26.2,0.0,32.0,34.4,75.0,61.0,26.4,34.43,9.0,NE,6.8,35.4,,8.4,33.6,68.0,1.664617745929248,2.200000000000003,0.4,1.9999999999999964,40,3.0,40.06666666666666,0.0,0.8271893372462497,-0.5619233046832195,5,True
2024-05-06,39.5,26.6,0.0,32.0,31.6,76.0,84.0,27.950000000000003,37.71,9.0,SE,6.0,36.0,,0.8,33.05,80.0,1.0088544874807348,-1.5,0.4,1.9999999999999964,41,3.0,39.766666666666666,0.0,0.8174009818249189,-0.5760691233798758,5,True
2024-05-07,34.2,19.5,13.0,32.0,31.8,58.0,60.0,25.85,26.270000000000003,12.0,SW,6.0,29.5,,4.0,26.85,59.0,1.4489747913830295,-5.299999999999997,13.4,14.799999999999997,0,2.0,38.233333333333334,8.8,0.8073707443023492,-0.5900444739548627,5,True
2024-05-08,32.5,22.0,5.4,26.0,31.0,81.0,66.0,23.1,28.275,12.0,NE,3.5,28.5,,5.1,27.25,73.5,0.9587614058997554,-1.7000000000000028,18.8,18.799999999999997,0,1.0,35.4,11.75,0.7971015927871943,-0.6038452208771035,5,True
2024-05-09,34.8,25.0,0.0,29.0,31.6,82.0,65.0,24.9,31.505000000000003,11.0,SE,3.5,29.8,,4.8,29.9,73.5,1.1179789250805412,2.299999999999997,18.400000000000002,18.799999999999997,1,0.0,33.833333333333336,9.3,0.7865965660866021,-0.6174672802835514,5,True
2024-05-10,33.0,20.8,71.5,24.6,30.4,87.0,73.0,24.1,29.21,11.0,SE,3.8,27.5,,2.2,26.9,80.0,0.7088953341618067,-1.7999999999999972,89.9,90.3,0,0.0,33.43333333333333,78.14,0.7758587728069828,-0.6309066211876704,5,True
2024-05-11,36.034,24.2,1.2,28.0,33.0,89.0,63.0,25.55,32.735,11.0,SE,3.0,28.3,,9.0,30.116999999999997,76.0,1.0251894913152033,3.033999999999999,91.10000000000001,91.5,1,1.0,34.611333333333334,77.24,0.7648913904341226,-0.6441592666722685,5,True
2024-05-12,34.0,24.9,42.0,25.2,32.0,98.0,66.0,24.9,31.48,9.0,NE,4.5,32.5,,7.9,29.45,82.0,0.7399857572599552,-2.033999999999999,133.10000000000002,133.5,0,1.0,34.34466666666666,100.0,0.753697664392914,-0.6572212950663319,5,True
2024-05-13,36.0,25.0,0.0,30.0,33.8,65.0,60.0,23.9,29.72,10.0,SE,4.5,32.8,,9.0,30.5,62.5,1.6373547451880506,2.0,133.10000000000002,133.5,1,2.0,35.34466666666666,96.85,0.742280907086982,-0.6700888411055113,5,True
2024-05-14,35.6,24.4,0.0,30.0,33.6,74.0,59.0,24.7,31.11,9.0,SE,4.4,34.0,,8.1,30.0,66.5,1.4214267946842694,-0.3999999999999986,120.10000000000001,133.5,2,1.0,35.2,93.77,0.7306444969184916,-0.6827580970759147,5,True
2024-05-15,37.0,25.5,0.0,30.6,33.8,72.0,58.0,24.65,31.015,9.0,SE,4.6,33.0,,8.2,31.25,65.0,1.5949258515989437,1.3999999999999986,114.7,133.5,3,2.0,36.199999999999996,90.55,0.7187918772884232,-0.6952253139408723,5,True
2024-05-16,35.8,27.4,0.0,31.0,31.8,77.0,70.0,26.1,33.82,9.0,SE,3.0,32.6,,1.6,31.599999999999998,73.5,1.2318126650946948,-1.2000000000000028,114.7,133.5,4,1.0,36.13333333333333,88.45,0.7067265555776159,-0.7074868024503348,5,True
2024-05-17,38.8,27.4,0.0,32.0,34.8,71.0,53.0,25.05,31.82,9.0,SW,4.0,33.0,,6.4,33.099999999999994,62.0,1.9222039683031522,3.0,43.2,133.5,5,2.0,37.199999999999996,85.65,0.6944521021088763,-0.719538934232584,5,True
2024-05-18,37.0,27.8,0.0,32.0,34.0,70.0,56.0,24.9,31.27,6.0,SW,4.4,33.8,,1.6,32.4,63.0,1.7994251432795627,-1.7999999999999972,42.0,133.5,6,2.0,37.199999999999996,82.57,0.6819721490904629,-0.7313781428679254,5,True
2024-05-19,37.8,27.6,0.0,31.0,34.2,75.0,57.0,25.5,32.665,8.0,SE,4.0,34.8,,4.0,32.7,66.0,1.6816803836434646,0.7999999999999972,0.0,133.5,7,3.0,37.86666666666667,79.77,0.6692903895412567,-0.7430009249440493,5,True
2024-05-20,37.8,,,,33.8,,53.0,22.8,27.05,12.0,SE,,39.6,,7.0,,,,0.0,0.0,133.5,8,3.0,37.53333333333333,75.72,0.6564105761979381,-0.7544038410927472,5,True
2024-05-21,36.0,24.5,0.0,29.0,32.8,78.0,61.0,24.5,30.740000000000002,12.0,NE,4.8,34.5,,7.3,30.25,69.5,1.3128081085261212,-1.7999999999999972,0.0,133.5,9,3.0,37.199999999999996,72.36,0.6433365204044917,-0.765583517007675,5,True
2024-05-22,35.5,27.5,0.0,31.0,32.2,72.0,67.0,25.5,32.385,12.0,SE,5.0,33.8,,9.0,31.5,69.5,1.4097310154227791,-0.5,0.0,133.5,10,2.0,36.43333333333333,68.86,0.6300720909843687,-0.7765366444428655,5,True
2024-05-23,36.0,26.0,0.0,31.0,32.0,76.0,68.0,25.75,33.129999999999995,11.0,NE,4.8,33.8,,7.8,31.0,72.0,1.2579258303132033,0.5,0.0,133.5,11,2.0,35.833333333333336,65.5,0.6166212130956382,-0.7872599821916922,5,True
2024-05-24,35.8,26.0,0.0,30.0,32.6,83.0,61.0,25.35,32.43,10.0,NW,4.0,33.5,,5.8,30.9,72.0,1.250782025995229,-0.20000000000000284,0.0,133.5,12,1.0,35.766666666666666,62.7,0.6029878670694714,-0.7977503570459932,5,True
2024-05-25,36.0,26.5,0.0,30.6,34.2,80.0,51.0,24.65,31.22,9.0,NW,4.0,33.0,,6.5,31.25,65.5,1.5721411965761016,0.20000000000000284,0.0,133.5,13,2.0,35.93333333333333,59.9,0.5891760872322963,-0.8080046647350754,5,True
2024-05-26,32.0,28.5,4.2,30.6,31.4,85.0,61.0,25.45,32.835,9.0,SE,3.0,32.4,,0.0,30.25,73.0,1.1621579977116483,-4.0,4.2,137.7,0,1.0,34.6,62.0,0.5751899607119775,-0.8180198708443175,5,True
2024-05-27,32.8,25.5,31.0,28.0,30.8,82.0,69.0,24.55,30.83,10.0,SE,2.8,28.0,,0.0,29.15,75.5,0.9899302504117935,0.7999999999999972,35.2,168.7,0,1.0,33.6,91.04,0.5610336262283677,-0.8277930117131022,5,True
2024-05-28,35.5,26.4,1.2,31.6,32.4,66.0,73.0,25.7,33.089999999999996,10.0,SE,2.8,30.5,,1.3,30.95,69.5,1.3663450000492259,2.700000000000003,36.4,169.9,1,0.0,33.43333333333333,90.28,0.5467112728685939,-0.8373211953118121,5,True
2024-05-29,36.2,29.0,0.0,32.0,32.8,83.0,70.0,27.799999999999997,37.31,9.0,SE,3.0,31.5,,6.4,32.6,76.5,1.1558195989614213,0.7000000000000028,36.4,169.9,2,1.0,34.833333333333336,88.18,0.5322271388474397,-0.8466016020976267,5,True
2024-05-30,34.8,30.0,0.0,32.0,32.2,79.0,65.0,26.5,34.47,10.0,SW,4.7,32.5,,4.2,32.4,72.0,1.3617271354548044,-1.4000000000000057,36.4,169.9,3,1.0,35.5,84.89,0.5175855102531889,-0.8556314858488706,5,True
2024-05-31,31.0,26.6,2.2,31.0,28.8,83.0,73.0,25.65,33.13,10.0,SW,4.0,28.5,,2.4,28.8,78.0,0.8711147785011623,-3.799999999999997,38.6,172.1,4,1.0,34.0,84.29,0.5027907197793043,-0.8644081744776648,5,True
2024-06-01,35.5,26.4,0.0,29.6,34.2,73.0,54.0,23.85,29.565,8.0,SE,3.2,29.8,,4.0,30.95,63.5,1.6351341803867783,4.5,38.6,171.7,5,0.0,33.766666666666666,82.05,0.4878471454423119,-0.8729290708206411,6,True
2024-06-02,35.5,27.8,8.2,29.2,33.6,75.0,61.0,24.75,31.21,8.0,SE,3.0,30.4,,0.0,31.65,68.0,1.491692377939332,0.0,42.599999999999994,179.9,0,0.0,34.0,88.15,0.47275920928627757,-0.881191653407483,6,True
2024-06-03,34.5,24.0,0.0,29.6,33.4,74.0,65.0,25.2,32.074999999999996,8.0,SE,3.0,30.6,,3.2,29.25,69.5,1.239493758949581,-1.0,11.6,179.9,1,0.0,35.166666666666664,86.05,0.4575313760742512,-0.8891934772070711,6,True
2024-06-04,37.0,27.0,0.0,23.0,35.2,76.0,69.0,27.5,36.79,9.0,SW,3.2,31.5,,10.0,32.0,72.5,1.3075632339719987,2.5,10.4,179.9,2,1.0,35.666666666666664,83.81,0.44216815196707204,-0.8969321743510065,6,True
2024-06-05,36.2,22.6,9.2,26.0,34.6,68.0,73.0,26.45,34.825,10.0,SE,4.5,32.5,,9.5,29.400000000000002,70.5,1.2092664054716928,-0.7999999999999972,19.6,189.1,0,2.0,35.9,89.86,0.42667408318992467,-0.9044054548343001,6,True
2024-06-06,38.0,27.2,0.0,31.6,34.8,81.0,73.0,28.6,39.155,10.0,SE,5.2,32.5,,8.8,32.6,77.0,1.13122769260054,1.7999999999999972,19.6,176.1,1,3.0,37.06666666666667,86.22,0.4110537546870351,-0.9116111071930239,6,True
2024-06-07,38.2,26.0,0.0,31.0,32.8,68.0,53.0,23.2,28.490000000000002,12.0,SE,5.0,32.5,,9.2,32.1,60.5,1.8887755172637601,0.20000000000000284,17.4,170.7,2,3.0,37.46666666666667,82.72,0.3953117887649151,-0.9185469991587165,6,True
2024-06-08,37.0,25.5,0.0,31.0,34.6,66.0,67.0,25.65,33.09,12.0,SE,5.0,32.5,,9.0,31.25,66.5,1.5265718865304176,-1.2000000000000028,17.4,170.7,3,3.0,37.733333333333334,79.22,0.37945284372454435,-0.925211078289358,6,True
2024-06-09,41.0,26.5,0.0,31.8,36.6,66.0,55.0,25.4,32.455,12.0,SE,5.0,32.5,,9.0,33.75,60.5,2.072036961257962,4.0,9.2,99.2,4,3.0,38.733333333333334,75.72,0.36348161248290634,-0.9316013725767187,6,True
2024-06-10,40.2,27.5,0.0,33.0,36.2,66.0,63.0,26.4,35.015,11.0,SE,5.2,34.5,,9.4,33.85,64.5,1.8726233218366664,-0.7999999999999972,9.2,98.0,5,3.0,39.4,72.08,0.3474028211842774,-0.9377159910299093,6,True
2024-06-11,38.0,26.5,4.2,33.2,34.0,74.0,75.0,28.45,38.81,11.0,SW,4.8,34.5,,9.0,32.25,74.5,1.2297020016317617,-2.200000000000003,13.399999999999999,60.199999999999996,0,3.0,39.733333333333334,72.92,0.3312212278016865,-0.9435531242349544,6,True
2024-06-12,39.0,26.4,0.0,33.2,32.2,76.0,80.0,28.35,38.575,10.0,SE,4.8,34.8,,8.0,32.7,78.0,1.08814613059283,1.0,4.2,60.199999999999996,1,3.0,39.06666666666667,69.56,0.31494162072895193,-0.9491110448902284,6,True
2024-06-13,38.4,26.6,0.0,32.0,34.0,73.0,71.0,27.2,36.105,10.0,SE,4.6,34.0,,8.0,32.5,72.0,1.3694181004705908,-0.6000000000000014,4.2,60.199999999999996,2,3.0,38.46666666666667,66.34,0.2985688173637202,-0.9543881083175908,6,True
2024-06-14,42.6,27.6,0.0,33.0,34.4,70.0,62.0,26.5,34.625,10.0,SE,4.2,34.5,,7.0,35.1,66.0,1.9223031342620416,4.200000000000003,4.2,60.199999999999996,3,3.0,40.0,63.4,0.2821076626819194,-0.9593827529490743,6,True
2024-06-15,40.2,28.5,0.0,34.0,34.8,71.0,65.0,27.55,36.83,10.0,SE,4.0,34.6,,7.0,34.35,68.0,1.7356161010145015,-2.3999999999999986,4.2,60.199999999999996,4,3.0,40.4,60.6,0.26556302780405594,-0.9640935007889755,6,True
2024-06-16,38.5,25.0,11.0,32.0,34.6,80.0,61.0,27.1,35.925,9.0,SE,4.0,32.5,,4.9,31.75,70.5,1.3829642022601412,-1.7000000000000028,15.2,71.2,0,3.0,40.43333333333334,68.8,0.24893980855376657,-0.9685189578512204,6,True
2024-06-17,38.5,26.5,0.0,33.0,34.2,73.0,67.0,27.45,36.595,8.0,SW,3.8,33.5,,3.0,32.5,70.0,1.467233679075633,0.0,15.2,71.2,1,3.0,39.06666666666667,66.14,0.23224292400907015,-0.9726578145718654,6,True
2024-06-18,36.4,29.0,0.0,30.6,34.8,81.0,70.0,27.8,37.394999999999996,7.0,SE,3.0,32.5,,0.0,32.7,75.5,1.211799099978379,-2.1000000000000014,11.0,71.2,2,3.0,37.800000000000004,64.04,0.21547731504673012,-0.976508846196619,6,True
2024-06-19,37.0,27.8,0.0,32.8,34.2,73.0,63.0,26.700000000000003,35.045,9.0,SE,2.8,32.6,,0.0,32.4,68.0,1.5562595833769188,0.6000000000000014,11.0,71.2,3,3.0,37.300000000000004,62.08,0.19864794288017112,-0.9800709131432666,6,True
2024-06-20,37.0,27.6,0.0,33.0,34.0,73.0,65.0,27.0,35.66,10.0,SW,3.0,34.5,,2.3,32.3,69.0,1.4991530329814897,0.0,11.0,71.2,4,3.0,36.800000000000004,59.98,0.18175978759137534,-0.9833429613388902,6,True
2024-06-21,35.0,25.6,4.4,29.0,33.2,78.0,67.0,25.5,32.66,11.0,SE,4.5,29.6,,0.4,30.3,72.5,1.187071980289418,-2.0,15.4,75.6,0,2.0,36.333333333333336,61.23,0.16481784665719793,-0.9863240225317866,6,True
2024-06-22,35.0,27.4,0.0,31.0,34.8,76.0,55.0,25.3,32.285000000000004,9.0,SE,4.5,29.6,,3.9,31.2,65.5,1.5676798573926647,0.0,15.399999999999999,75.6,1,1.0,35.666666666666664,58.08,0.14782713347053048,-0.9890132145779883,6,True
2024-06-23,36.5,27.8,0.0,31.6,35.8,72.0,53.0,25.4,32.45,9.0,SE,4.8,32.6,,9.3,32.15,62.5,1.7982101929361,1.5,4.399999999999999,75.6,2,1.0,35.5,54.72,0.13079267585675922,-0.9914097417023038,6,True
2024-06-24,36.8,27.6,2.2,31.0,36.2,76.0,55.0,25.950000000000003,33.515,9.0,SE,5.0,32.5,,8.0,32.2,65.5,1.6590281910157203,0.29999999999999716,6.599999999999999,77.8,3,2.0,36.099999999999994,53.42,0.11371951458594969,-0.9935128947338007,6,True
2024-06-25,36.5,27.5,0.0,33.0,36.2,65.0,55.0,25.5,32.625,9.0,SE,5.6,33.5,,5.4,32.0,60.0,1.9019101585047253,-0.29999999999999716,6.599999999999999,73.6,4,3.0,36.599999999999994,49.5,0.0966127018812031,-0.9953220513156602,6,True
2024-06-26,36.0,27.2,5.4,31.6,34.8,75.0,59.0,26.1,33.82,10.0,SE,4.2,32.5,,8.3,31.6,67.0,1.533955394268865,-0.5,12.0,48.0,0,3.0,36.43333333333333,51.96,0.07947729992362097,-0.9968366760893436,6,True
2024-06-27,34.8,27.6,3.4,31.4,27.6,74.0,98.0,26.700000000000003,35.045,9.0,NE,4.0,32.5,,3.8,31.2,86.0,0.6361599421303569,-1.2000000000000028,15.399999999999999,50.2,0,2.0,35.76666666666667,52.56,0.062318379354325076,-0.998056320853012,6,True
2024-06-28,33.5,27.0,6.0,31.0,32.6,76.0,73.0,26.700000000000003,35.035,7.0,NE,3.0,31.0,,3.4,30.25,74.5,1.0975936645054454,-1.2999999999999972,17.0,56.2,0,1.0,34.76666666666667,56.46,0.04514101777397193,-0.9989806246941579,6,True
2024-06-29,33.0,27.2,0.0,32.0,32.8,79.0,77.0,28.049999999999997,37.91,6.0,NE,3.0,31.5,,0.0,30.1,78.0,0.9388418829989662,-0.5,17.0,56.2,1,0.0,33.76666666666667,54.36,0.02795029824021032,-0.999609314096404,6,True
2024-06-30,33.0,27.0,2.0,31.4,32.6,71.0,68.0,25.7,33.019999999999996,7.0,SW,2.8,31.5,,0.4,30.0,69.5,1.2941348429214992,0.0,19.0,56.0,2,0.0,33.166666666666664,54.4,0.01075130776352193,-0.9999422030204416,6,True
2024-07-01,33.5,26.0,1.0,29.6,32.4,87.0,70.0,26.6,34.825,7.0,SW,3.0,31.0,,0.0,29.75,78.5,0.8992589761091341,0.5,17.799999999999997,57.0,3,0.0,33.166666666666664,53.3,-0.00645086419810515,-0.9999791929590823,7,True
2024-07-02,32.0,26.5,2.2,30.0,30.0,78.0,70.0,24.9,31.52,8.0,SW,3.0,30.0,,0.0,29.25,74.0,1.0566176305799706,-1.5,20.0,51.0,4,0.0,32.833333333333336,53.4,-0.023651127245231586,-0.9997202729664083,7,True
2024-07-03,32.0,25.0,4.2,28.2,31.4,92.0,75.0,26.6,34.81999999999999,9.0,SE,3.2,31.2,,0.0,28.5,83.5,0.6420776226455608,0.0,18.799999999999997,55.2,0,0.0,32.5,55.36,-0.04084439154329611,-0.9991655196610109,7,True
2024-07-04,32.8,25.2,17.8,28.6,31.8,92.0,75.0,27.0,35.65,9.0,SW,3.0,30.0,,1.6,29.0,83.5,0.6609368040141771,0.7999999999999972,33.2,73.0,0,0.0,32.26666666666666,71.06,-0.05802556932878035,-0.9983150972033183,7,True
2024-07-05,34.5,25.8,2.8,31.0,33.2,75.0,71.0,26.950000000000003,35.545,10.0,SW,3.5,30.0,,1.6,30.15,73.0,1.1555211073874534,1.7000000000000028,30.0,66.6,0,0.0,33.099999999999994,71.41,-0.07518957641475855,-0.9971692572470178,7,True
2024-07-06,34.0,28.4,24.8,29.6,33.0,85.0,65.0,26.1,33.83,8.0,SE,4.0,30.0,,7.8,31.2,75.0,1.1359998966613514,-0.5,54.8,91.4,0,0.0,33.76666666666666,93.41,-0.09233133369539123,-0.9957283388645872,7,True
2024-07-07,34.0,25.8,0.0,29.8,33.4,85.0,64.0,26.3,34.235,10.0,SE,3.5,28.8,,8.0,29.9,74.5,1.0757910411152376,0.0,52.8,91.4,1,0.0,34.166666666666664,90.96,-0.10944576864891556,-0.993992768446958,7,True
2024-07-08,33.0,24.6,14.4,30.0,32.8,79.0,59.0,25.15,32.915,9.0,SW,3.8,30.5,,6.6,28.8,69.0,1.227479915160729,-1.0,66.2,105.8,0,0.0,33.666666666666664,100.0,-0.12652781683868314,-0.9919630595773397,7,True
2024-07-09,33.6,26.5,5.8,31.6,33.6,79.0,67.0,27.1,35.870000000000005,10.0,SW,4.0,31.5,,6.5,30.05,73.0,1.1489171967783742,0.6000000000000014,69.8,111.60000000000001,0,0.0,33.53333333333334,100.0,-0.1435724234118113,-0.9896398128792412,7,True
2024-07-10,37.6,26.6,1.2,30.6,34.6,77.0,65.0,26.65,34.94,9.0,SE,4.0,30.5,,8.8,32.1,71.0,1.3866959493835203,4.0,66.8,112.8,1,1.0,34.73333333333333,98.4,-0.16057454459499376,-0.9870237158387383,7,True
2024-07-11,35.5,27.2,0.0,31.0,32.4,79.0,68.0,26.25,34.125,8.0,SE,4.0,32.0,,7.8,31.35,73.5,1.2144657978860207,-2.1000000000000014,49.0,108.6,2,1.0,35.56666666666666,95.6,-0.17752914918703497,-0.984115542601034,7,True
2024-07-12,31.8,25.0,1.2,25.6,27.8,95.0,90.0,25.4,32.46,10.0,SE,3.5,30.0,,0.0,28.4,92.5,0.29016477873965746,-3.6999999999999993,47.4,109.8,3,1.0,34.96666666666667,94.35,-0.19443122004766195,-0.9809161537413774,7,True
2024-07-13,33.0,26.4,3.0,30.6,29.0,83.0,85.0,26.65,34.905,9.0,NW,3.8,31.5,,5.2,29.7,84.0,0.6672955514639365,1.1999999999999993,25.599999999999998,112.8,0,0.0,33.43333333333334,94.69,-0.2112757555821793,-0.9774264960104055,7,True
2024-07-14,33.5,26.0,20.0,30.4,32.8,77.0,66.0,25.7,33.019999999999996,9.0,NE,4.0,30.5,,6.0,29.75,71.5,1.192040968330713,0.5,45.599999999999994,132.8,0,0.0,32.76666666666667,100.0,-0.2280577712215198,-0.9736476020539838,7,True
2024-07-15,34.2,27.0,2.4,30.6,33.0,85.0,63.0,26.5,34.72,12.0,NE,4.0,30.6,,6.2,30.6,74.0,1.1417359061463668,0.7000000000000028,33.6,135.2,1,0.0,33.56666666666667,99.6,-0.24477230089725957,-0.9695805901076308,7,True
2024-07-16,33.0,27.2,4.8,30.0,31.6,85.0,81.0,27.65,37.045,9.0,SE,3.2,30.5,,3.8,30.1,83.0,0.7254687277719286,-1.2000000000000028,32.599999999999994,129.0,0,0.0,33.56666666666667,100.0,-0.2614143985111562,-0.965226663665613,7,True
2024-07-17,33.8,26.6,2.8,30.0,30.4,83.0,81.0,26.75,35.129999999999995,9.0,SE,3.4,31.0,,5.5,30.2,82.0,0.7725569476470732,0.7999999999999972,34.199999999999996,131.8,0,0.0,33.666666666666664,100.0,-0.2779791393987801,-0.9605871111248129,7,True
2024-07-18,37.6,26.6,1.6,31.6,34.4,79.0,70.0,27.85,37.475,8.0,NE,4.8,31.5,,7.6,32.1,74.5,1.21933609342344,3.8000000000000043,35.8,133.4,1,1.0,34.800000000000004,98.24,-0.2944616217868012,-0.9556633054034704,7,True
2024-07-19,32.8,26.7,3.6,29.0,31.0,85.0,76.0,26.25,34.11,8.0,NE,4.2,30.0,,7.0,29.75,80.5,0.8156069783315402,-4.800000000000004,38.199999999999996,137.0,0,1.0,34.73333333333333,98.9,-0.3108569682435036,-0.9504567035349151,7,True
2024-07-20,33.2,26.5,14.4,29.4,32.8,89.0,69.0,26.95,35.56,9.0,NE,3.0,30.0,,1.8,29.85,79.0,0.8834060394107146,0.4000000000000057,49.599999999999994,151.4,0,1.0,34.53333333333333,100.0,-0.3271603271220951,-0.9449688462364056,7,True
2024-07-21,33.0,26.6,2.6,29.6,32.6,89.0,69.0,26.95,35.575,9.0,SW,4.0,30.5,,7.0,29.8,79.0,0.8808728482926403,-0.20000000000000284,32.199999999999996,149.6,0,0.0,33.0,99.8,-0.34336687399638804,-0.939201357453208,7,True
2024-07-22,33.2,26.8,10.8,29.4,32.8,89.0,75.0,27.7,37.14,8.0,SW,3.8,31.0,,5.6,30.0,82.0,0.7637517105766226,0.20000000000000284,40.599999999999994,160.4,0,0.0,33.13333333333333,100.0,-0.3594718130884232,-0.9331559438780432,7,True
2024-07-23,32.0,26.6,0.2,29.6,31.0,88.0,84.0,27.7,37.144999999999996,10.0,NE,3.0,31.0,,1.1,29.3,86.0,0.5705908888065377,-1.2000000000000028,36.0,160.6,1,0.0,32.73333333333334,98.1,-0.3754703786876202,-0.9268343944460494,7,True
2024-07-24,33.2,26.2,30.5,27.0,31.4,97.0,80.0,27.0,35.665,9.0,SE,3.5,29.0,,0.0,29.700000000000003,88.5,0.4796186776147042,1.2000000000000028,63.699999999999996,188.9,0,0.0,32.800000000000004,100.0,-0.3913578365610259,-0.9202385798054075,7,True
2024-07-25,32.5,27.0,0.2,29.0,32.4,85.0,75.0,26.85,35.36,9.0,SW,2.0,31.0,,0.8,29.75,80.0,0.8365199777759387,-0.7000000000000028,62.3,189.1,1,0.0,32.56666666666666,98.8,-0.4071294853542516,-0.9133704517637858,7,True
2024-07-26,33.2,26.0,61.8,28.6,31.8,95.0,84.0,28.3,36.475,12.0,NE,2.8,31.0,,1.7,29.6,89.5,0.4354015732626057,0.7000000000000028,120.5,245.5,0,0.0,32.96666666666667,100.0,-0.4227806579826773,-0.9062320427107697,7,True
2024-07-27,32.0,26.0,45.0,27.0,31.6,92.0,77.0,26.4,34.445,9.0,SE,3.0,31.0,,1.4,29.0,84.5,0.6208800280133179,-1.2000000000000028,151.1,287.1,0,0.0,32.56666666666667,100.0,-0.4383067230125192,-0.898825465016444,7,True
2024-07-28,33.0,26.5,0.0,29.8,32.4,89.0,74.0,27.549999999999997,36.825,9.0,SE,2.5,31.5,,5.4,29.75,81.5,0.7737809794427436,1.0,148.5,281.1,1,0.0,32.73333333333334,98.25,-0.45370308603134424,-0.8911529104063088,7,True
2024-07-29,30.0,25.0,79.5,28.8,27.5,97.0,100.0,27.85,37.475,9.0,ESE,2.5,31.0,,0.0,27.5,98.5,0.05506905313937558,-3.0,217.2,360.6,0,0.0,31.666666666666668,100.0,-0.46896519100763184,-0.8832166493127127,7,True
2024-07-30,32.2,26.4,26.5,29.4,29.4,87.0,87.0,26.9,35.44,10.0,SW,2.4,30.5,,2.0,29.3,87.0,0.5298343967489278,2.200000000000003,243.5,385.1,0,0.0,31.733333333333334,100.0,-0.48408852163897587,-0.8750190302029955,7,True
2024-07-31,32.0,26.6,0.0,29.6,31.2,88.0,83.0,27.65,37.035,8.0,SE,2.0,30.6,,0.0,29.3,85.5,0.5909691348353427,-0.20000000000000284,213.0,384.1,1,0.0,31.400000000000002,98.6,-0.4990686026885319,-0.8665624788845385,7,True
2024-08-01,30.5,26.0,27.5,26.8,27.4,94.0,100.0,26.95,35.55,10.0,SW,2.8,28.5,,0.0,28.25,97.0,0.11505907804431449,-1.5,240.29999999999998,409.4,0,0.0,31.566666666666666,100.0,-0.5139010013093103,-0.8578494977869301,8,True
2024-08-02,29.0,25.0,17.2,25.0,28.5,100.0,80.0,24.95,31.575000000000003,9.0,SW,2.4,30.5,,0.0,27.0,90.0,0.3565340175810845,-1.5,195.7,422.40000000000003,0,0.0,30.5,100.0,-0.5285813283559292,-0.8488826652214553,8,True
2024-08-03,31.8,26.2,12.0,27.5,31.6,87.0,76.0,26.0,33.635000000000005,8.0,SE,2.0,28.0,,0.0,29.0,81.5,0.7410503560158955,2.8000000000000007,162.7,416.6,0,0.0,30.433333333333334,100.0,-0.5431052396834317,-0.8396646346181327,8,True
2024-08-04,34.0,26.4,0.0,27.8,32.8,87.0,72.0,26.25,34.04,7.0,SE,3.0,28.5,,3.8,30.2,79.5,0.8798565237091662,2.1999999999999993,162.7,413.8,1,0.0,31.599999999999998,97.9,-0.5574684374327892,-0.8301981337405212,8,True
2024-08-05,33.0,25.2,35.5,27.6,33.0,95.0,75.0,27.450000000000003,36.625,10.0,SW,3.0,29.5,,2.9,29.1,85.0,0.6043326634888733,-1.0,118.7,424.5,0,0.0,32.93333333333333,100.0,-0.5716666713027052,-0.8204859638785327,8,True
2024-08-06,32.6,27.0,1.2,29.0,31.0,84.0,81.0,27.049999999999997,35.745000000000005,8.0,SW,3.1,30.5,,0.0,29.8,82.5,0.7340607069105339,-0.3999999999999986,93.4,425.7,1,0.0,33.199999999999996,99.03,-0.5856957398073508,-0.8105309990194823,8,True
2024-08-07,31.8,26.5,3.8,28.6,31.6,88.0,79.0,26.95,35.56,8.0,SE,3.1,30.0,,2.7,29.15,83.5,0.6666877196650856,-0.8000000000000007,97.2,415.1,0,0.0,32.46666666666667,100.0,-0.5995514915196489,-0.8003361849976323,8,True
2024-08-08,32.2,26.6,1.2,30.0,31.8,83.0,73.0,26.45,34.519999999999996,8.0,SE,2.0,30.5,,0.6,29.400000000000002,78.0,0.9018257939110926,0.40000000000000213,70.9,410.5,1,0.0,32.2,99.8,-0.6132298262997502,-0.7899045386224707,8,True
2024-08-09,33.4,27.0,0.0,31.2,28.4,81.0,92.0,27.3,36.21,7.0,SW,3.5,30.5,,3.7,30.2,86.5,0.5794177107353047,1.1999999999999957,53.7,409.3,2,0.0,32.46666666666667,97.35,-0.6267266965083301,-0.7792391467859886,8,True
2024-08-10,34.0,25.4,25.4,28.4,32.0,100.0,80.0,28.299999999999997,38.465,6.0,SE,3.2,31.2,,4.2,29.7,90.0,0.41705971966496014,0.6000000000000014,67.1,434.7,0,0.0,33.199999999999996,100.0,-0.6400381082043503,-0.7683431655492202,8,True
2024-08-11,34.0,25.0,8.0,28.8,31.8,91.0,79.0,27.4,36.5,7.0,SE,3.2,30.0,,3.2,29.5,85.0,0.6184328204071773,0.0,75.1,441.5,0,0.0,33.800000000000004,100.0,-0.65316012232693,-0.7572198192083127,8,True
2024-08-12,34.4,24.6,0.2,30.0,31.4,85.0,79.0,27.25,36.175,6.0,SW,3.0,31.5,,6.6,29.5,82.0,0.7421193844886128,0.3999999999999986,39.8,438.70000000000005,1,0.0,34.13333333333333,98.1,-0.666088855860977,-0.7458723993404063,8,True
2024-08-13,33.8,26.6,0.0,31.0,31.6,85.0,83.0,28.3,38.46,6.0,SE,3.2,31.5,,0.0,30.2,84.0,0.6867172867973983,-0.6000000000000014,38.599999999999994,418.70000000000005,2,0.0,34.06666666666667,95.86,-0.6788204829862357,-0.734304263829602,8,True
2024-08-14,33.6,27.0,0.8,29.4,33.2,89.0,76.0,27.9,37.585,6.0,NW,2.0,30.5,,0.6,30.3,82.5,0.7554094420023572,-0.19999999999999574,35.599999999999994,417.09999999999997,3,0.0,33.93333333333333,95.26,-0.6913512362094071,-0.722518835873311,8,True
2024-08-15,32.8,26.5,5.8,29.6,31.5,88.0,83.0,27.75,37.255,6.0,NW,2.0,30.5,,5.8,29.65,85.5,0.6030005483425787,-0.8000000000000043,40.199999999999996,418.09999999999997,0,0.0,33.4,99.66,-0.7036774074790128,-0.7105196029692745,8,True
2024-08-16,33.5,26.5,1.6,29.0,32.8,89.0,68.0,26.6,34.835,8.0,SE,2.5,30.0,,1.6,30.0,78.5,0.9122589876331877,0.7000000000000028,41.8,416.90000000000003,1,0.0,33.300000000000004,99.51,-0.7157953492826642,-0.6983101158835584,8,True
2024-08-17,35.0,26.5,0.2,31.0,34.2,79.0,64.0,26.6,34.81999999999999,7.0,NE,3.5,31.0,,7.0,30.75,71.5,1.2622776572232515,1.5,16.6,415.5,2,0.0,33.76666666666667,97.26,-0.7277014757264236,-0.6858939875998223,8,True
2024-08-18,33.5,26.5,0.0,31.2,33.2,79.0,71.0,27.1,35.86,7.0,NE,2.2,31.2,,1.0,30.0,75.0,1.0607662646897533,-1.5,8.6,411.9,3,0.0,34.0,95.72,-0.7393922635959241,-0.673274892250183,8,True
2024-08-19,32.5,25.0,44.2,26.4,27.4,97.0,98.0,26.450000000000003,34.535,6.0,NW,2.2,28.5,,0.0,28.75,97.5,0.0987042167637066,-1.0,52.6,441.7,0,0.0,33.666666666666664,100.0,-0.7508642533989489,-0.6604565640279754,8,True
2024-08-20,32.0,25.0,29.8,29.0,25.8,89.0,97.0,26.15,33.955,6.0,SW,2.5,30.0,,1.9,28.5,93.0,0.2723965671829649,-0.5,82.4,468.9,0,0.0,32.666666666666664,100.0,-0.7621140503891487,-0.6474427960827475,8,True
2024-08-21,34.5,25.0,12.6,29.6,33.4,88.0,73.0,27.65,37.035,7.0,SW,2.6,30.5,,1.5,29.75,80.5,0.8156069783315402,2.5,94.2,470.70000000000005,0,0.0,33.0,100.0,-0.7731383255706027,-0.6342374393978054,8,True
2024-08-22,34.0,27.2,0.0,29.8,30.6,81.0,81.0,26.6,34.83,7.0,SW,3.0,30.8,,4.4,30.6,81.0,0.8343454698761908,-0.5,88.4,470.5,1,0.0,33.5,97.9,-0.7839338166829201,-0.620844401650647,8,True
2024-08-23,31.8,27.5,30.2,28.6,27.8,92.0,92.0,26.799999999999997,35.239999999999995,6.0,NE,2.0,30.0,,0.0,29.65,92.0,0.3326899577062501,-2.1999999999999993,117.0,470.2,0,0.0,33.43333333333333,100.0,-0.7944973291665992,-0.6072676460566135,8,True
2024-08-24,31.2,26.6,10.8,27.0,27.4,97.0,95.0,26.5,34.614999999999995,7.0,SE,2.4,28.5,,1.3,28.9,96.0,0.1593034866264512,-0.6000000000000014,127.6,480.8,0,0.0,32.333333333333336,100.0,-0.8048257371083452,-0.593511190196115,8,True
2024-08-25,30.5,26.0,2.2,26.8,30.2,93.0,31.86,27.95,29.8225,6.0,SE,2.2,28.6,,0.0,28.25,62.43,1.440923187374964,-0.6999999999999993,129.8,421.2,1,0.0,31.166666666666668,100.0,-0.8149159841660791,-0.5795791048257612,8,True
2024-08-26,31.5,25.5,0.4,28.0,29.6,89.0,81.0,26.0,33.61,7.0,NW,2.2,29.5,,0.0,28.5,85.0,0.5837069296777825,1.0,86.00000000000001,376.6,2,0.0,31.066666666666666,98.86,-0.8247650844733614,-0.5654755126737576,8,True
2024-08-27,31.0,26.5,6.2,27.0,29.0,92.0,89.0,26.35,34.34,4.0,SE,2.2,28.5,,0.6,28.75,90.5,0.37507602370208465,-0.5,62.4,382.8,0,0.0,31.0,100.0,-0.8343701235229537,-0.5512045872199277,8,True
2024-08-28,32.8,26.8,25.4,29.0,32.4,91.0,73.0,27.1,35.86,6.0,NE,2.8,30.0,,2.7,29.799999999999997,82.0,0.7550338699651207,1.7999999999999972,75.2,328.7,0,0.0,31.766666666666666,100.0,-0.8437282590292712,-0.5367705514607103,8,True
2024-08-29,33.4,26.5,0.4,30.0,31.4,83.0,75.0,26.549999999999997,34.72,8.0,SE,3.0,30.0,,5.6,29.95,79.0,0.888491433148882,0.6000000000000014,75.60000000000001,302.6,1,0.0,32.4,98.3,-0.8528367217694595,-0.522177676659508,8,True
2024-08-30,34.2,26.4,0.0,30.0,33.4,78.0,67.0,26.15,33.91,6.0,NE,3.0,31.5,,5.7,30.3,72.5,1.187071980289418,0.8000000000000043,45.4,302.6,2,0.0,33.46666666666667,96.2,-0.8616928164028521,-0.5074302810827518,8,True
2024-08-31,32.8,26.2,14.6,29.8,31.4,87.0,79.0,27.3,36.28,6.0,ESE,3.7,31.5,,3.0,29.5,83.0,0.7008905297948009,-1.4000000000000057,49.199999999999996,289.70000000000005,0,0.0,33.46666666666667,100.0,-0.8702939222685674,-0.49253272872205434,8,True
2024-09-01,32.8,26.4,0.0,30.6,31.4,80.0,77.0,26.85,35.34,7.0,NE,3.0,30.5,,4.4,29.599999999999998,78.5,0.8915365547758114,0.0,47.0,272.5,1,0.0,33.26666666666666,97.9,-0.8786374941610001,-0.4774894280028391,9,True
2024-09-02,32.4,26.6,1.6,30.5,31.4,83.0,77.0,27.05,35.754999999999995,6.0,NE,3.2,30.5,,4.2,29.5,80.0,0.824577093876236,-0.3999999999999986,48.2,262.09999999999997,2,0.0,32.666666666666664,97.26,-0.886721063082993,-0.46230483047981086,9,True
2024-09-03,33.2,26.8,2.4,31.0,28.6,80.0,92.0,27.15,35.965,6.0,SE,3.0,31.0,,1.2,30.0,86.0,0.5940291082262619,0.8000000000000043,44.4,264.5,3,0.0,32.8,97.56,-0.8945422369764496,-0.4469834295196742,9,True
2024-09-04,33.8,26.2,6.6,30.6,32.4,80.0,71.0,26.65,34.925,7.0,SE,4.4,31.0,,8.8,30.0,75.5,1.0395509393959583,0.5999999999999943,25.6,235.6,0,0.0,33.13333333333333,100.0,-0.9020987014301837,-0.4315297589714715,9,True
2024-09-05,35.5,26.0,0.0,31.0,32.4,72.0,68.0,25.235,32.725,7.0,SW,3.6,31.5,,7.5,30.75,70.0,1.3287133233928965,1.7000000000000028,25.200000000000003,234.4,1,0.0,34.166666666666664,97.48,-0.9093882203647925,-0.4159483918249421,9,True
2024-09-06,34.5,27.5,0.2,31.5,31.8,79.0,77.0,27.45,36.60395,6.0,NE,3.0,31.6,,7.6,31.0,78.0,0.9883702952460881,-1.0,25.400000000000002,230.8,2,0.0,34.6,95.58,-0.9164086366943458,-0.4002439388573056,9,True
2024-09-07,34.8,26.0,2.6,32.8,32.4,73.0,79.0,27.4,36.495000000000005,7.0,ENE,3.2,32.0,,6.8,30.4,76.0,1.041933753038939,0.29999999999999716,13.4,232.2,0,0.0,34.93333333333333,95.94,-0.9231578729647039,-0.38442104726885545,9,True
2024-09-08,35.2,26.0,1.0,31.6,32.8,79.0,70.0,27.1,35.870000000000005,6.0,NE,3.0,31.5,,4.0,30.6,74.5,1.1197794464127828,0.4000000000000057,14.4,233.2,1,0.0,34.833333333333336,94.84,-0.9296339319682695,-0.3684843993077793,9,True
2024-09-09,32.2,26.0,12.0,30.0,30.8,84.0,87.0,27.049999999999997,36.51,6.5,ESE,3.0,31.5,,4.4,29.1,85.5,0.5841882413725775,-3.0,24.8,219.79999999999998,0,0.0,34.06666666666667,100.0,-0.9358348973349941,-0.35243871088460327,9,True
2024-09-10,32.5,26.8,6.8,30.0,30.5,85.0,87.0,27.549999999999997,36.825,8.0,SE,3.2,31.5,,5.2,29.65,86.0,0.582207425985938,0.29999999999999716,29.2,218.6,0,0.0,33.300000000000004,100.0,-0.9417589340994617,-0.33628873017668287,9,True
2024-09-11,33.4,26.6,2.0,30.0,32.2,85.0,75.0,27.2,36.085,7.0,SW,2.8,31.0,,1.6,30.0,80.0,0.8486130117518025,0.8999999999999986,24.6,220.4,1,0.0,32.699999999999996,100.0,-0.9474042892438845,-0.32003923622313857,9,True
2024-09-12,33.0,27.5,3.2,30.4,32.4,83.0,74.0,27.15,35.965,7.0,NW,2.0,30.5,,0.0,30.25,78.5,0.9254221092889049,-0.3999999999999986,27.8,223.6,0,0.0,32.96666666666667,100.0,-0.9527692922168511,-0.30369503751065885,9,True
2024-09-13,34.2,26.5,0.0,29.0,31.8,89.0,76.0,27.1,35.86,7.0,NW,,29.5,,1.2,30.35,82.5,0.7575737074329588,1.2000000000000028,27.6,222.79999999999998,1,0.0,33.53333333333333,95.4475,-0.9578523554276669,-0.28726097055059635,9,True
2024-09-14,32.5,24.5,32.0,25.0,25.5,100.0,100.0,25.2,32.05,10.0,NW,2.0,28.0,,0.0,28.5,100.0,0.0,-1.7000000000000028,57.0,249.0,0,0.0,33.23333333333333,100.0,-0.9626519747161487,-0.2707418984477642,9,True
2024-09-15,28.0,23.5,96.0,24.8,25.4,100.0,100.0,25.1,31.86,11.0,NE,1.5,27.0,,0.0,25.75,100.0,0.0,-4.5,152.0,343.4,0,0.0,31.566666666666663,100.0,-0.9671667297977312,-0.2541427094613622,9,True
2024-09-16,30.5,24.0,67.4,25.5,28.0,98.0,85.0,25.15,31.955,8.0,NE,2.4,27.0,,0.0,27.25,91.5,0.3075272434018082,2.5,207.4,410.6,0,0.0,30.333333333333332,100.0,-0.97139528468375,-0.23746831555846842,9,True
2024-09-17,32.5,25.5,9.0,29.8,32.2,82.0,63.0,25.35,32.4,8.0,SE,3.2,30.5,,8.4,29.0,72.5,1.1015613400236284,2.0,209.6,419.6,0,0.0,30.333333333333332,100.0,-0.9753363880767837,-0.2207236509605022,9,True
2024-09-18,33.0,25.5,0.0,30.6,32.8,73.0,72.0,26.1,33.849999999999994,7.0,SE,3.2,30.5,,7.9,29.25,72.5,1.1175763400365073,0.5,207.6,375.4,1,0.0,32.0,97.76,-0.9789888737409319,-0.20391367068311472,9,True
2024-09-19,34.8,25.8,0.0,29.6,33.2,85.0,71.0,26.950000000000003,35.545,5.0,NW,3.2,29.5,,3.0,30.299999999999997,78.0,0.9496575842315342,1.7999999999999972,204.4,345.6,2,0.0,33.43333333333333,95.52,-0.9823516608469237,-0.18704334906991657,9,True
2024-09-20,35.6,26.5,0.0,31.0,34.0,85.0,71.0,28.15,38.129999999999995,6.0,NE,3.0,30.5,,5.2,31.05,78.0,0.9911872225808818,0.8000000000000043,204.4,333.0,3,0.0,34.46666666666667,93.42,-0.9854237542919524,-0.17011767832049052,9,True
2024-09-21,35.2,27.8,0.0,31.0,34.0,72.0,65.0,25.95,33.519999999999996,7.0,SE,3.2,31.5,,8.4,31.5,68.5,1.4559517044530337,-0.3999999999999986,172.4,333.0,4,0.0,35.199999999999996,91.18,-0.9882042449941422,-0.15314166701312007,9,True
2024-09-22,35.0,27.6,0.0,31.6,34.4,79.0,61.0,26.65,34.96395,5.0,NW,3.0,31.4,,7.2,31.3,70.0,1.3709683164231035,-0.20000000000000284,76.4,302.8,5,0.0,35.26666666666667,89.08,-0.9906923101615609,-0.13612033862266704,9,True
2024-09-23,35.4,26.6,0.0,32.4,34.6,81.0,60.0,27.15,36.08,5.0,NW,3.2,31.5,,1.8,31.0,70.5,1.3253147140799821,0.3999999999999986,9.0,292.0,6,0.0,35.2,86.84,-0.9928872135356962,-0.11905873003404988,9,True
2024-09-24,33.0,24.4,15.6,28.0,32.6,92.0,64.0,25.8,33.245000000000005,6.0,NW,3.8,30.0,,0.0,28.7,78.0,0.8660857706489391,-2.3999999999999986,15.6,305.40000000000003,0,0.0,34.46666666666667,99.78,-0.994788305609327,-0.10196189005174576,9,True
2024-09-25,31.0,26.0,24.6,26.6,28.0,95.0,89.0,25.85,33.315,6.0,NE,3.0,29.0,,2.5,28.5,92.0,0.31131036249481714,-2.0,40.2,329.59999999999997,0,0.0,33.13333333333333,100.0,-0.9963950238187231,-0.08483487790576538,9,True
2024-09-26,28.0,24.5,27.4,26.0,25.8,87.0,98.0,24.6,30.965000000000003,7.0,SE,2.8,28.0,,0.0,26.25,92.5,0.25585782773789284,-3.0,67.6,350.8,0,0.0,30.666666666666668,100.0,-0.9977068927101168,-0.06768276175455162,9,True
2024-09-27,31.5,24.5,64.0,27.6,30.8,92.0,76.0,26.1,33.81,6.0,SE,3.2,28.5,,4.8,28.0,84.0,0.6047888582392422,3.5,131.6,389.40000000000003,0,0.0,30.166666666666668,100.0,-0.9987235240803972,-0.050510617185222886,9,True
2024-09-28,33.0,24.5,3.4,30.0,32.8,78.0,67.0,25.6,32.82,5.0,SW,2.5,30.0,,5.5,28.75,72.5,1.0857463844007718,1.5,135.0,392.4,0,0.0,30.833333333333332,100.0,-0.9994446170919858,-0.033323525711631344,9,True
2024-09-29,35.0,26.0,0.0,31.6,34.2,74.0,64.0,26.549999999999997,34.82,5.0,SW,3.6,31.8,,9.6,30.5,69.0,1.3535465893554555,2.0,135.0,392.4,1,0.0,33.166666666666664,97.48,-0.9998699583618592,-0.016126573270657762,9,True
2024-09-30,35.8,26.2,0.0,32.0,34.6,76.0,55.0,25.65,32.975,5.0,SW,3.8,31.5,,8.6,31.0,65.5,1.549944326635911,0.7999999999999972,135.0,377.8,2,0.0,34.6,94.82,-0.9999994220246925,0.001075151282798226,9,True
2024-10-01,35.0,27.2,0.0,31.0,33.8,79.0,67.0,26.85,35.345,4.0,NW,3.5,31.0,,8.0,31.1,73.0,1.2199227435189997,-0.7999999999999972,119.4,377.8,3,0.0,35.266666666666666,92.37,-0.999832969770105,0.018276557681691223,10,True
2024-10-02,32.5,24.5,10.4,26.6,31.0,95.0,79.0,26.25,34.125,4.0,SE,3.2,29.5,,0.0,28.5,87.0,0.5058793390540781,-2.5,105.19999999999999,386.59999999999997,0,0.0,34.43333333333333,100.0,-0.9993706508539969,0.03547255575312556,10,True
2024-10-03,33.4,26.5,0.0,29.6,33.2,81.0,65.0,25.8,33.215,4.0,NW,2.0,30.0,,1.5,29.95,73.0,1.142346128334277,0.8999999999999986,77.79999999999998,384.2,1,0.0,33.63333333333333,98.6,-0.9986126020839734,0.052658056924614005,10,True
2024-10-04,31.8,26.0,20.2,28.0,29.4,89.0,88.0,26.6,34.84,4.0,NW,2.5,29.5,,0.0,28.9,88.5,0.4579975240510467,-1.5999999999999979,33.99999999999999,397.8,0,0.0,32.56666666666667,100.0,-0.9975590477788613,0.06982797572987089,10,True
2024-10-05,31.5,24.8,4.4,28.0,28.0,85.0,97.0,26.299999999999997,34.269999999999996,3.0,NW,2.0,28.5,,0.0,28.15,91.0,0.34317626060534684,-0.3000000000000007,34.99999999999999,402.2,0,0.0,32.233333333333334,100.0,-0.9962102997023297,0.0869772313136861,10,True
2024-10-06,32.0,24.5,2.0,29.6,30.8,87.0,80.0,27.0,35.65,3.0,SE,1.8,28.4,,4.9,28.25,83.5,0.6328249292437292,0.5,36.99999999999999,404.0,1,0.0,31.766666666666666,100.0,-0.9945667569706337,0.1041007489354256,10,True
2024-10-07,34.0,24.5,0.0,29.0,29.0,89.0,89.0,27.1,35.86,3.0,SE,2.5,29.8,,5.0,29.25,89.0,0.44703053601460285,2.0,36.99999999999999,401.4,2,0.0,32.5,98.25,-0.9926289059345095,0.12119346147073601,10,True
2024-10-08,34.0,24.5,0.0,30.0,32.8,85.0,72.0,27.1,35.86,4.0,SE,3.0,30.4,,3.8,29.25,78.5,0.8737415022103601,0.0,36.99999999999999,400.4,3,0.0,33.333333333333336,96.15,-0.9903973200352558,0.13825031091098192,10,True
2024-10-09,34.0,24.4,0.2,30.0,32.5,84.0,73.0,26.9,35.44,4.0,SE,3.0,30.0,,5.5,29.2,78.5,0.8712247473585459,0.0,26.799999999999994,388.59999999999997,4,0.0,34.0,94.25,-0.9878726596350429,0.15526624985999563,10,True
2024-10-10,32.5,25.0,41.4,29.0,31.8,78.0,69.0,25.0,31.675,4.0,SE,2.8,29.0,,7.6,28.75,73.5,1.046264697695289,-1.5,68.19999999999999,423.20000000000005,0,0.0,33.5,100.0,-0.9850556718215013,0.172236243027682,10,True
2024-10-11,33.2,25.0,0.8,29.6,32.6,77.0,67.0,25.35,32.34,4.0,NE,3.0,29.4,,7.2,29.1,72.0,1.1280876385125633,0.7000000000000028,48.79999999999999,422.0,1,0.0,33.233333333333334,98.7,-0.981947190186646,0.18915526872004093,10,True
2024-10-12,33.5,25.5,0.0,29.4,32.8,77.0,67.0,25.3,32.25,3.0,SE,3.2,28.6,,7.5,29.5,72.0,1.1544079314267308,0.29999999999999716,44.39999999999999,418.79999999999995,2,0.0,33.06666666666667,96.46,-0.9785481345802031,0.20601832032517084,10,True
2024-10-13,32.5,25.5,0.0,29.4,31.8,77.0,64.0,24.450000000000003,30.65,3.0,NE,3.0,29.4,,7.6,29.0,70.5,1.1816748920253468,-1.0,42.39999999999999,418.79999999999995,3,0.0,33.06666666666667,94.36,-0.9748595108374125,0.22282040779479959,10,True
2024-10-14,34.0,25.0,0.0,29.0,32.8,78.0,60.0,24.299999999999997,30.38,3.0,ESE,3.0,29.5,,4.0,29.5,69.0,1.2780944955081663,1.5,42.39999999999999,386.79999999999995,4,0.0,33.333333333333336,92.26,-0.9708824104813836,0.2395565591209271,10,True
2024-10-15,33.2,25.2,0.0,29.6,32.4,81.0,68.0,25.85,33.315,3.0,SE,3.0,29.0,,2.5,29.200000000000003,74.5,1.0333130724485082,-0.7999999999999972,42.39999999999999,290.79999999999995,5,0.0,33.233333333333334,90.16,-0.9666180104000972,0.2562218218071163,10,True
2024-10-16,33.5,25.5,0.0,29.0,31.8,85.0,70.0,25.9,33.415,3.0,SE,2.5,29.0,,3.4,29.5,77.5,0.9276492306107657,0.29999999999999716,42.199999999999996,223.4,6,0.0,33.56666666666667,88.41,-0.9620675724981452,0.27281126433401914,10,True
2024-10-17,33.8,25.4,0.0,29.6,32.8,85.0,66.0,26.15,33.93,3.0,SW,3.8,28.8,,6.6,29.599999999999998,75.5,1.0159370042794131,0.29999999999999716,0.8,214.4,7,0.0,33.5,85.75,-0.957232443323312,0.2893199776186952,10,True
2024-10-18,33.5,25.8,24.2,28.0,28.0,92.0,92.0,26.6,34.82,4.0,NW,3.5,28.8,,0.0,29.65,92.0,0.3326899577062501,-0.29999999999999716,24.2,238.6,0,0.0,33.6,100.0,-0.9521140536681102,0.3057430764672831,10,True
2024-10-19,32.0,23.8,3.6,28.0,28.0,85.0,85.0,25.2,32.05,4.0,NE,3.0,28.5,,4.6,27.9,85.0,0.563696566631102,-1.5,27.8,242.2,0,0.0,33.1,100.0,-0.9467139181463862,0.3220757010206104,10,True
2024-10-20,31.0,23.4,0.0,27.6,27.6,86.0,86.0,25.0,31.67,4.0,NE,3.03,27.4,,4.9,27.2,86.0,0.5050343623535719,-1.0,27.8,242.2,1,0.0,32.166666666666664,97.879,-0.9410336347451197,0.3383130181923075,10,True
2024-10-21,31.0,23.4,0.0,27.6,30.4,85.0,68.0,24.25,30.29,4.0,NE,3.5,27.8,,3.4,27.2,76.5,0.8477362510934956,0.0,27.8,242.2,2,0.0,31.333333333333332,95.429,-0.9350748843515574,0.3544502230989869,10,True
2024-10-22,31.0,23.2,0.0,27.0,30.6,81.0,61.0,22.8,27.77,5.0,NE,2.8,27.5,,6.1,27.1,71.0,1.0400300642418063,0.0,27.8,242.2,3,0.0,31.0,93.469,-0.9288394302558068,0.3704825404820963,10,True
2024-10-23,31.0,23.2,0.0,28.0,30.8,77.0,66.0,23.65,29.21,5.0,NW,2.5,28.0,,1.2,27.1,71.5,1.0220985114100511,0.0,27.8,242.2,4,0.0,31.0,91.719,-0.9223291176290545,0.3864052261209853,10,True
2024-10-24,29.0,23.0,0.6,24.6,25.0,95.0,95.0,23.9,29.655,5.0,NE,1.8,26.0,,0.0,26.0,95.0,0.16807199143012833,-2.0,28.4,227.20000000000002,5,0.0,30.333333333333332,91.059,-0.9155458729775467,0.40221356823680365,10,True
2024-10-25,27.0,23.0,88.0,25.4,26.0,100.0,95.0,25.25,32.144999999999996,8.0,ENE,1.5,26.0,,0.0,25.0,97.5,0.07919444293767125,-2.0,92.2,290.6,0,0.0,29.0,100.0,-0.9084917035725082,0.41790288888678667,10,True
2024-10-26,31.0,23.2,82.0,26.0,29.0,97.0,82.0,25.5,32.625,9.0,SE,2.2,26.6,,0.0,27.1,89.5,0.3765626094668608,4.0,170.60000000000002,345.2,0,0.0,29.0,100.0,-0.9011686968561569,0.4334685453485363,10,True
2024-10-27,30.5,23.5,2.0,26.0,30.4,98.0,74.0,25.5,32.63,8.0,SE,3.0,27.5,,3.1,27.0,86.0,0.49914762461351847,-0.5,172.60000000000002,283.2,1,0.0,29.5,99.9,-0.8935790198239952,0.4489059314938798,10,True
2024-10-28,32.5,24.2,20.2,26.0,31.6,95.0,66.0,24.8,31.299999999999997,7.0,NE,3.0,27.4,,5.8,28.35,80.5,0.7522414361916206,2.0,192.8,300.0,0,0.0,31.333333333333332,100.0,-0.8857249183835637,0.4642104791518923,10,True
2024-10-29,32.5,24.0,0.0,29.0,29.0,85.0,85.0,26.2,34.01,5.0,SE,2.8,28.0,,5.0,28.25,85.0,0.5752953902215721,0.0,192.8,300.0,1,0.0,31.833333333333332,98.04,-0.8776087166898392,0.4793776594606945,10,True
2024-10-30,33.2,24.4,0.0,29.4,29.5,82.0,82.0,26.0,33.61,5.0,SW,3.0,28.5,,6.5,28.8,82.0,0.7127302733191331,0.7000000000000028,192.8,300.0,2,0.0,32.733333333333334,95.94,-0.8692328164574792,0.4944029842076182,10,True
2024-10-31,32.5,25.0,0.0,28.0,31.6,95.0,75.0,26.9,35.445,6.0,SW,3.0,28.6,,5.1,28.75,85.0,0.5922253005822391,-0.7000000000000028,192.20000000000002,300.0,3,0.0,32.733333333333334,93.84,-0.8605996962501181,0.5092820071573356,10,True
2024-11-01,34.0,24.8,0.0,29.8,32.2,,70.0,26.1,33.81,4.0,SE,3.2,28.4,,7.0,29.4,,,1.5,104.2,289.6,4,0.0,33.233333333333334,91.6,-0.8517119107469189,0.5240103253675756,11,True
2024-11-02,34.0,22.0,0.0,29.6,32.8,,67.0,25.8,33.21,4.0,SE,3.2,28.4,,6.8,28.0,,,0.0,22.2,289.6,5,0.0,33.5,89.36,-0.8425720899866032,0.5385835804920232,11,True
2024-11-03,32.0,22.2,0.0,28.0,31.6,,75.0,26.6,34.82,4.0,NE,3.0,28.2,,5.4,27.1,,,-2.0,20.2,269.4,6,0.0,33.333333333333336,87.26,-0.8331829385891785,0.5529974600700271,11,True
2024-11-04,31.5,21.2,0.0,28.6,30.4,,70.0,24.4,30.55,4.0,NE,3.0,28.4,,5.4,26.35,,,-0.5,0.0,265.0,7,0.0,32.5,85.16,-0.8235472349556007,0.5672476988027229,11,True
2024-11-05,31.0,22.2,0.0,28.4,30.2,,71.0,24.5,30.74,3.0,NNE,2.2,27.0,,4.8,26.6,,,-0.5,0.0,263.0,8,0.0,31.5,83.62,-0.8136678304455991,0.5813300798152042,11,True
2024-11-06,31.2,22.2,0.0,26.0,30.2,,71.0,24.5,30.7,3.0,NE,2.4,26.4,,4.6,26.7,,,0.1999999999999993,0.0,263.0,9,0.0,31.233333333333334,81.94,-0.8035476485339116,0.5952404359043674,11,True
2024-11-07,30.6,21.8,0.0,25.6,29.0,,74.0,23.8,29.47,4.0,NW,2.0,25.8,,5.0,26.200000000000003,,,-0.5999999999999979,0.0,263.0,10,0.0,30.933333333333334,80.54,-0.7931896839451843,0.6089746507720486,11,True
2024-11-08,30.4,21.5,0.0,25.4,29.6,,70.0,23.5,28.95,4.0,NW,2.5,25.8,,8.5,25.95,,,-0.20000000000000284,0.0,262.8,11,0.0,30.733333333333334,78.79,-0.7825970017677834,0.6225286602431057,11,True
2024-11-09,30.4,21.2,0.0,25.4,29.4,,71.0,23.6,29.12,5.0,NW,3.0,25.0,,7.8,25.799999999999997,,,0.0,0.0,221.4,12,0.0,30.466666666666665,76.69,-0.7717727365467837,0.6358984534680745,11,True
2024-11-10,30.5,21.0,0.0,26.2,29.6,,69.0,23.2,28.43,4.0,NE,2.5,25.0,,9.2,25.75,,,0.10000000000000142,0.0,220.6,13,0.0,30.433333333333334,74.94,-0.7607200913564104,0.6490800741100398,11,True
2024-11-11,30.0,20.0,0.0,26.0,29.4,,68.0,23.0,28.09,4.0,NE,2.5,24.5,,7.4,25.0,,,-0.5,0.0,220.6,14,0.0,30.299999999999997,73.19,-0.7494423368521953,0.6620696215153815,11,True
2024-11-12,30.2,20.0,0.0,25.0,28.4,,72.0,22.8,27.75,5.0,NW,2.0,24.5,,5.2,25.1,,,0.1999999999999993,0.0,220.6,15,0.0,30.233333333333334,71.79,-0.7379428103031386,0.6748632518680403,11,True
2024-11-13,30.5,20.4,0.0,25.0,28.6,,71.0,22.7,27.58,5.0,NE,3.0,24.0,,7.6,25.45,,,0.3000000000000007,0.0,220.6,16,0.0,30.233333333333334,69.69,-0.7262249146041543,0.6874571793269664,11,True
2024-11-14,30.0,20.2,0.0,24.0,29.2,,53.0,18.7,21.56,4.0,NW,3.0,24.0,,3.5,25.1,,,-0.5,0.0,220.6,17,0.0,30.233333333333334,67.59,-0.7142921172691032,0.699847677146407,11,True
2024-11-15,30.0,19.0,0.0,23.0,28.8,,42.0,14.7,16.72,4.0,NW,3.0,23.8,,7.0,24.5,,,0.0,0.0,220.6,18,0.0,30.166666666666668,65.49,-0.7021479494046978,0.712031078778713,11,True
2024-11-16,28.8,17.6,0.0,23.0,28.2,,47.0,15.9,18.06,4.0,NW,2.8,22.5,,8.8,23.200000000000003,,,-1.1999999999999993,0.0,220.6,19,0.0,29.599999999999998,63.53,-0.6897960046655887,0.7240037789593305,11,True
2024-11-17,29.0,15.5,0.0,22.6,28.4,,41.0,14.1,16.08,4.0,NW,2.8,21.5,,8.8,22.25,,,0.1999999999999993,0.0,196.4,20,0.0,29.266666666666666,61.57,-0.6772399381909491,0.7357622347736525,11,True
2024-11-18,27.8,16.5,0.0,21.6,26.2,,51.0,15.4,17.49,5.0,NW,3.0,21.5,,8.8,22.15,,,-1.1999999999999993,0.0,192.8,21,0.0,28.53333333333333,59.47,-0.6644834655228552,0.7473029667054297,11,True
2024-11-19,27.8,16.5,0.0,21.0,26.4,,44.0,13.1,15.07,5.0,NW,3.0,21.4,,5.6,22.15,,,0.0,0.0,192.8,22,0.0,28.200000000000003,57.37,-0.6515303615068021,0.75862255966641,11,True
2024-11-20,28.0,17.5,0.0,22.6,26.2,,44.0,12.9,14.87,6.0,NW,3.0,21.5,,2.8,22.75,,,0.1999999999999993,0.0,192.8,23,0.0,27.86666666666667,55.27,-0.6383844591746642,0.769717664006921,11,True
2024-11-21,27.5,18.5,0.0,22.0,26.8,,46.0,14.1,16.08,5.0,NW,2.8,21.5,,1.8,23.0,,,-0.5,0.0,192.8,24,0.0,27.766666666666666,53.31,-0.6250496486104377,0.7805849965070866,11,True
2024-11-22,28.8,17.8,0.0,21.0,27.0,,60.0,18.6,21.42,4.0,NW,2.8,21.0,,3.2,23.3,,,1.3000000000000007,0.0,192.8,25,0.0,28.100000000000005,51.35,-0.6115298757991053,0.7912213413483807,11,True
2024-11-23,27.6,17.0,0.0,21.6,27.2,,57.0,18.1,20.76,4.0,NNE,2.0,21.5,,1.6,22.3,,,-1.1999999999999993,0.0,192.2,26,0.0,27.96666666666667,49.95,-0.5978291414589552,0.801623551065242,11,True
2024-11-24,28.0,16.5,0.0,20.8,27.8,,52.0,17.0,19.37,4.0,NE,2.0,21.4,,1.7,22.25,,,0.3999999999999986,0.0,104.2,27,0.0,28.133333333333336,48.55,-0.5839514998576998,0.8117885474764613,11,True
2024-11-25,28.5,16.0,0.0,20.6,26.4,,62.0,18.6,21.42,4.0,NW,1.8,20.5,,0.0,22.25,,,0.5,0.0,22.2,28,0.0,28.03333333333333,47.29,-0.5699010576127624,0.821713322596059,11,True
2024-11-26,26.8,15.5,0.0,20.0,26.2,,63.0,18.7,21.56,4.0,NW,1.6,20.0,,0.0,21.15,,,-1.6999999999999993,0.0,20.2,29,0.0,27.766666666666666,46.17,-0.5556819724760489,0.8313949395234058,11,True
2024-11-27,26.8,16.5,0.0,22.4,26.2,,56.0,16.9,19.25,4.0,NE,2.0,20.4,,1.6,21.65,,,0.0,0.0,0.0,30,0.0,27.366666666666664,44.77,-0.5412984521036173,0.8408305333122887,11,True
2024-11-28,27.5,15.6,0.0,20.0,26.4,,57.0,17.1,19.49,4.0,NW,2.4,19.5,,3.8,21.55,,,0.6999999999999993,0.0,0.0,31,0.0,27.03333333333333,43.09,-0.5267547528105542,0.8500173118187018,11,True
2024-11-29,28.6,19.2,0.0,20.0,26.2,,71.0,20.4,23.96,4.0,NW,2.5,21.0,,1.8,23.9,,,1.1000000000000014,0.0,0.0,32,0.0,27.633333333333336,41.34,-0.5120551783114646,0.8589525565270845,11,True
2024-11-30,26.0,17.8,14.0,19.8,25.4,,68.0,19.2,22.24,5.0,NE,2.0,21.5,,0.0,21.9,,,-2.6000000000000014,14.0,14.0,0,0.0,27.366666666666664,53.94,-0.4972040784469378,0.8676336233547726,11,True
2024-12-01,27.0,18.0,0.0,20.6,22.4,80.0,77.0,17.65,20.195,5.0,NE,1.2,21.4,,0.0,22.5,78.5,0.5860013354201736,1.0,14.0,14.0,1,0.0,27.2,53.1,-0.4822058478963526,0.8760579434344281,12,True
2024-12-02,26.0,18.5,0.0,21.0,22.4,77.0,76.0,17.299999999999997,19.75,5.0,NE,1.2,21.6,,0.0,22.25,76.5,0.6308547412804398,-1.0,14.0,14.0,2,0.0,26.333333333333332,52.26,-0.46706492487743034,0.8842230238742036,12,True
2024-12-03,27.5,18.5,0.0,22.6,25.2,69.0,77.0,18.85,21.93,4.0,NE,1.4,22.6,,2.2,23.0,73.0,0.7585481580472087,1.5,14.0,14.0,3,0.0,26.833333333333332,51.28,-0.451785789832884,0.8921264484954345,12,True
2024-12-04,28.2,17.0,0.0,20.6,25.4,76.0,98.0,20.700000000000003,25.09,4.0,NE,1.5,21.4,,7.3,22.6,87.0,0.35648347140268727,0.6999999999999993,14.0,14.0,4,0.0,27.233333333333334,50.23,-0.4363729641045924,0.8997658785476209,12,True
2024-12-05,29.5,16.5,0.0,22.6,26.6,68.0,50.0,15.95,18.12,4.0,NE,2.0,20.0,,6.8,23.0,59.0,1.1518694251827983,1.3000000000000007,14.0,14.0,5,0.0,28.400000000000002,48.83,-0.42083100859565564,0.9071390534005044,12,True
2024-12-06,27.8,16.5,0.0,22.8,26.8,63.0,42.0,14.15,16.185000000000002,4.0,ENE,2.0,20.0,,8.8,22.15,52.5,1.2673953326750411,-1.6999999999999993,14.0,14.0,6,0.0,28.5,47.43,-0.4051645224207563,0.9142437912130223,12,True
2024-12-07,26.5,15.0,0.0,19.6,25.6,67.0,44.0,12.9,14.879999999999999,3.0,NE,2.2,19.0,,8.3,20.75,55.5,1.089836133920619,-1.3000000000000007,0.0,14.0,7,0.0,27.933333333333334,45.89,-0.3893781415452015,0.9210779895789526,12,True
2024-12-08,27.0,14.8,0.0,21.4,26.4,75.0,45.0,15.2,17.345,3.0,NE,2.2,2.0,,7.8,20.9,60.0,0.9887080178490572,0.5,0.0,14.0,8,0.0,27.099999999999998,44.35,-0.37347653741307074,0.9276396261490467,12,True
2024-12-09,27.2,14.6,0.0,21.0,22.8,78.0,66.0,16.65,18.95,3.0,SE,1.5,20.0,,0.0,20.9,72.0,0.69209561249434,0.1999999999999993,0.0,14.0,9,0.0,26.900000000000002,43.3,-0.3574644155648614,0.9339267592294762,12,True
2024-12-10,25.8,16.2,0.0,19.6,22.6,85.0,43.0,13.15,15.540000000000001,4.0,NE,2.0,20.0,,3.5,21.0,64.0,0.8953219430179435,-1.3999999999999986,0.0,14.0,10,0.0,26.666666666666668,41.9,-0.34134651424503615,0.9399375283564133,12,True
2024-12-11,26.5,14.6,0.0,19.0,23.8,77.0,46.0,13.15,15.2,3.0,NW,1.4,19.0,,2.6,20.55,61.5,0.9313483999930809,0.6999999999999993,0.0,14.0,11,0.0,26.5,40.92,-0.3251276029999093,0.9456701548465688,12,True
2024-12-12,25.0,11.8,0.0,17.6,24.8,76.0,39.0,11.35,13.475,3.0,NW,2.0,15.5,,7.4,18.4,57.5,0.8995017927065192,-1.5,0.0,14.0,12,0.0,25.766666666666666,39.52,-0.30881248126625377,0.9511229423235357,12,True
2024-12-13,24.6,11.0,0.0,17.6,23.6,65.0,40.0,10.1,12.375,3.0,NW,2.0,15.5,,7.0,17.8,52.5,0.968133759203936,-0.3999999999999986,0.0,14.0,13,0.0,25.366666666666664,38.12,-0.29240597695107734,0.9562942772197719,12,True
2024-12-14,24.5,11.0,0.0,17.0,23.2,47.0,39.0,7.449999999999999,10.355,4.0,NW,2.2,15.6,,7.8,17.75,43.0,1.1581074476781124,-0.10000000000000142,0.0,14.0,14,0.0,24.7,36.58,-0.27591294500296043,0.9611826292540837,12,True
2024-12-15,24.6,10.0,0.0,16.8,23.0,59.0,40.0,8.75,11.280000000000001,4.0,NW,2.2,15.8,,7.4,17.3,49.5,0.9973128133900764,0.10000000000000142,0.0,14.0,15,0.0,24.566666666666666,35.04,-0.2593382659754056,0.9657865518844574,12,True
2024-12-16,25.2,9.0,0.0,16.6,24.8,60.0,51.0,11.45,13.690000000000001,4.0,NW,2.2,15.6,,7.0,17.1,55.5,0.8677692520609387,0.5999999999999979,0.0,14.0,16,0.0,24.766666666666666,33.5,-0.2426868445825954,0.9701046827361175,12,True
2024-12-17,26.2,13.0,0.0,18.6,25.6,75.0,48.0,13.95,15.924999999999999,4.0,NW,1.8,16.5,,6.2,19.6,61.5,0.8781872225982444,1.0,0.0,14.0,17,0.0,25.333333333333332,32.24,-0.22596360824801906,0.974135744004672,12,True
2024-12-18,26.6,13.2,0.0,18.6,26.2,75.0,45.0,13.65,15.685,5.0,NW,1.8,17.0,,6.4,19.9,60.0,0.929538305528477,0.40000000000000213,0.0,14.0,18,0.0,26.0,30.98,-0.20917350564635637,0.9778785428342386,12,True
2024-12-19,26.8,13.4,0.0,20.4,25.4,65.0,48.0,13.45,15.42,3.0,NE,1.4,16.5,,6.0,20.1,56.5,1.023465881110698,0.1999999999999993,0.0,14.0,19,0.0,26.53333333333333,30.0,-0.19232150523909483,0.9813319716704275,12,True
2024-12-20,26.6,13.6,0.0,19.0,23.2,77.0,64.0,15.45,17.85,3.0,NW,1.5,19.0,,1.2,20.1,70.5,0.6940745630520826,-0.1999999999999993,0.0,14.0,20,0.0,26.666666666666668,28.95,-0.17541259380427843,0.9844950085880858,12,True
2024-12-21,24.8,16.8,5.8,19.0,20.0,86.0,91.0,17.549999999999997,20.075,3.0,NW,1.2,19.5,,0.0,20.8,88.5,0.28251087749823595,-1.8000000000000007,5.8,19.8,0,0.0,26.066666666666666,33.91,-0.15845177496083632,0.9873667175937016,12,True
2024-12-22,24.5,13.5,2.8,18.0,20.4,96.0,83.0,17.4,19.865,3.0,NW,1.5,18.0,,4.2,19.0,89.5,0.23072629900798017,-0.3000000000000007,8.6,22.6,0,0.0,25.3,35.66,-0.14144406768794202,0.9899462489023779,12,True
2024-12-23,26.4,14.5,0.0,17.8,25.2,96.0,57.0,16.6,18.89,3.0,NW,2.0,18.0,,5.0,20.45,76.5,0.5649907242986382,1.8999999999999986,8.6,22.6,1,0.0,25.23333333333333,34.26,-0.12439450483979998,0.9922328391893008,12,True
2024-12-24,25.8,16.8,0.0,20.8,25.0,78.0,50.0,15.35,17.509999999999998,4.0,NW,2.0,20.0,,6.2,21.3,64.0,0.9119537932477756,-0.5999999999999979,8.6,22.6,2,0.0,25.566666666666666,32.86,-0.10730813165636247,0.9942258118156161,12,True
2024-12-25,24.5,17.5,0.2,20.0,22.8,87.0,62.0,16.4,18.695,4.0,ESE,1.2,20.0,,0.0,21.0,74.5,0.6341863763043767,-1.3000000000000007,8.799999999999999,22.8,3,0.0,25.566666666666666,32.22,-0.09019000427034513,0.9959245770286599,12,True
2024-12-26,26.8,17.6,0.0,21.0,26.4,78.0,49.0,15.950000000000001,18.159999999999997,3.0,SW,1.2,20.0,,0.0,22.200000000000003,63.5,0.9768617856869757,2.3000000000000007,8.799999999999999,22.8,4,0.0,25.7,31.38,-0.07304518821104743,0.9973286321364752,12,True
2024-12-27,27.5,17.6,0.0,19.4,26.4,74.0,50.0,14.899999999999999,16.935000000000002,4.0,NE,2.0,18.5,,0.0,22.55,62.0,1.0388717725712495,0.6999999999999993,8.799999999999999,22.8,5,0.0,26.26666666666667,29.98,-0.05587875690537313,0.9984375616565666,12,True
2024-12-28,27.2,14.5,0.0,19.0,26.38,77.0,49.0,14.850000000000001,16.88,4.0,NE,2.0,18.5,,6.4,20.85,63.0,0.9117477115721672,-0.3000000000000007,3.0,22.8,6,0.0,27.166666666666668,28.58,-0.03869579017652689,0.9992510374388481,12,True
2024-12-29,28.0,14.4,0.0,20.0,27.2,78.0,46.0,15.3,17.39,5.0,NE,2.0,19.4,,6.2,21.2,62.0,0.9567345469943125,0.8000000000000007,0.2,22.8,7,0.0,27.566666666666666,27.18,-0.021501372740813793,0.999768818762748,12,True
2024-12-30,26.8,16.5,0.0,21.0,26.4,78.0,55.0,16.950000000000003,19.305,5.0,NE,2.0,19.5,,3.0,21.65,66.5,0.8669970191720981,-1.1999999999999993,0.2,8.799999999999999,8,0.0,27.333333333333332,25.78,-0.004300592702981974,0.9999907524084426,12,True
2024-12-31,25.2,15.8,0.0,18.8,22.0,81.0,61.0,14.8,16.84,5.0,NW,2.2,19.0,,0.6,20.5,71.0,0.6993759713335997,-1.6000000000000014,0.2,8.799999999999999,9,0.0,26.666666666666668,24.24,0.012901459949419653,0.9999167727021953,12,True
2025-01-01,24.0,12.5,0.0,15.0,21.4,84.0,51.0,11.75,13.76,6.0,NW,2.2,17.5,,0.6,18.25,67.5,0.6814136580217814,-1.1999999999999993,0.0,8.799999999999999,10,0.0,25.333333333333332,22.7,0.017201575418260506,0.9998520419557735,1,True
2025-01-02,23.2,11.8,0.0,14.0,22.0,84.0,46.0,10.75,12.91,6.0,NW,2.2,16.5,,6.8,17.5,65.0,0.6999954412149827,-0.8000000000000007,0.0,8.799999999999999,11,0.0,24.133333333333336,21.16,0.03439806061360801,0.9994082116062598,1,True
2025-01-03,22.8,11.5,0.0,15.0,21.4,72.0,44.0,9.25,11.68,6.0,NW,2.0,15.5,,3.6,17.15,58.0,0.8216148694982205,-0.3999999999999986,0.0,8.799999999999999,12,0.0,23.333333333333332,19.76,0.051584366869408364,0.9986686402879997,1,True
2025-01-04,24.8,11.2,0.0,15.0,24.4,83.0,55.0,13.7,15.7,6.0,NW,1.4,16.5,,1.2,18.0,69.0,0.6398366528247506,2.0,0.0,8.799999999999999,13,0.0,23.599999999999998,18.78,0.06875540848113941,0.9976335468520451,1,True
2025-01-05,25.0,11.5,0.0,15.8,24.6,87.0,52.0,13.899999999999999,15.875,6.0,NW,1.4,16.8,,1.6,18.25,69.5,0.6394805098358258,0.1999999999999993,0.0,8.799999999999999,14,0.0,24.2,17.8,0.08590610426133272,0.9963032375991965,1,True
2025-01-06,25.8,11.0,0.0,16.0,25.0,96.0,53.0,14.95,16.990000000000002,6.0,NW,1.4,18.0,,2.0,18.4,74.5,0.5397010756239115,0.8000000000000007,0.0,8.799999999999999,15,0.0,25.200000000000003,16.82,0.10303137904317879,0.9946781061893646,1,True
2025-01-07,27.5,14.0,0.0,18.6,24.8,84.0,52.0,15.15,17.229999999999997,5.0,NW,1.2,18.0,,5.4,20.75,68.0,0.7837023884372991,1.6999999999999993,0.0,8.799999999999999,16,0.0,26.099999999999998,15.98,0.1201261651823505,0.9927586335250793,1,True
2025-01-08,26.4,14.0,0.0,17.0,23.2,74.0,53.0,12.75,14.735,5.0,NW,2.4,17.6,,6.5,20.2,63.5,0.8640965095886929,-1.1000000000000014,0.0,8.799999999999999,17,0.0,26.566666666666666,14.3,0.13718540405660057,0.9905453876091833,1,True
2025-01-09,25.0,12.5,0.0,15.0,22.4,78.0,57.0,12.350000000000001,14.375,5.0,NW,2.5,16.5,,3.4,18.75,67.5,0.7030901036015568,-1.3999999999999986,0.0,8.799999999999999,18,0.0,26.3,12.55,0.1542040475626894,0.988039023376751,1,True
2025-01-10,24.0,12.0,0.0,15.5,22.2,75.0,46.0,10.5,12.69,5.0,NW,1.4,16.0,,3.6,18.0,60.5,0.8152757350508917,-1.0,0.0,8.799999999999999,19,0.0,25.133333333333336,11.57,0.17117705961019986,0.985240282501282,1,True
2025-01-11,23.8,11.2,0.0,15.5,22.4,78.0,42.0,10.35,12.605,6.0,NW,1.4,16.0,,,17.5,60.0,0.7999947899599803,-0.1999999999999993,0.0,8.799999999999999,20,0.0,24.266666666666666,10.59,0.18809941761179758,0.9821499931752291,1,True
2025-01-12,25.2,11.0,0.0,15.4,21.2,68.0,42.0,8.7,11.265,6.0,NW,1.5,16.0,,6.4,18.1,55.0,0.9346511784290559,1.3999999999999986,0.0,8.799999999999999,21,0.0,24.333333333333332,9.54,0.20496611396949532,0.9787690698649216,1,True
2025-01-13,26.8,11.8,0.0,18.0,25.4,80.0,57.0,15.45,17.564999999999998,6.0,NW,1.5,16.0,,3.0,19.3,68.5,0.705240309272739,1.6000000000000014,0.0,8.799999999999999,22,0.0,25.266666666666666,8.49,0.22177215755648186,0.975098513039961,1,True
2025-01-14,25.0,13.0,0.0,20.8,22.8,65.0,74.0,15.95,18.25,5.0,NW,1.2,16.8,,0.0,19.0,69.5,0.6702049637850855,-1.8000000000000007,0.0,8.799999999999999,23,0.0,25.666666666666668,7.65,0.23851257519407648,0.9711394088771653,1,True
2025-01-15,24.2,14.0,0.0,17.0,23.2,80.0,61.0,14.35,16.365000000000002,5.0,NW,1.2,17.0,,0.0,19.1,70.5,0.6522861920317677,-0.8000000000000007,0.0,8.799999999999999,24,0.0,25.333333333333332,6.81,0.2551824131233728,0.9668929289391521,1,True
2025-01-16,25.0,11.6,0.0,15.5,24.6,85.0,41.0,11.75,13.82,5.0,NW,2.5,15.5,,7.8,18.3,63.0,0.7782006813925232,0.8000000000000007,0.0,8.799999999999999,25,0.0,24.733333333333334,5.06,0.2717767384711357,0.9623603298276545,1,True
2025-01-17,25.0,13.5,0.0,16.4,24.4,79.0,41.0,11.600000000000001,13.69,4.0,NW,2.4,16.5,,7.4,19.25,60.0,0.8927600637874114,0.0,0.0,8.799999999999999,26,0.0,24.733333333333334,3.38,0.2882906407095177,0.9575429528116719,1,True
2025-01-18,26.0,13.6,0.0,16.6,24.8,81.0,32.0,10.1,12.625,4.0,NW,2.6,16.4,,0.0,19.8,56.5,1.0046273885284909,1.0,0.0,8.799999999999999,27,0.0,25.333333333333332,1.56,0.3047192331091634,0.9524422234305676,1,True
2025-01-19,26.5,13.4,0.0,18.4,24.6,62.0,35.0,9.649999999999999,12.04,5.0,NW,2.8,16.8,,7.5,19.95,48.5,1.2004926791497266,0.5,0.0,8.799999999999999,28,0.0,25.833333333333332,0.0,0.321057654185271,0.9470596510722283,1,True
2025-01-20,27.2,11.6,0.0,18.0,25.4,67.0,41.0,11.55,13.605,5.0,NW,2.8,17.8,,8.4,19.4,54.0,1.0363022609657069,0.6999999999999993,0.0,3.0,29,0.0,26.566666666666663,0.0,0.3373010691361842,0.9413968285264122,1,True
2025-01-21,28.8,13.2,0.0,19.0,25.8,81.0,59.0,16.4,18.66,5.0,NE,2.8,17.6,,8.0,21.0,70.0,0.7461016191816198,1.6000000000000014,0.0,0.2,30,0.0,27.5,0.0,0.3534446712740877,0.9354554315134164,1,True
2025-01-22,29.2,13.4,0.0,20.2,26.2,81.0,50.0,15.95,18.145,4.0,NE,2.8,17.6,,8.0,21.3,65.5,0.8739557185291182,0.3999999999999986,0.0,0.2,31,0.0,28.399999999999995,0.0,0.3694836834473831,0.9292372181882051,1,True
2025-01-23,27.2,15.2,0.0,18.4,25.6,92.0,39.0,13.850000000000001,16.13,5.0,NE,2.5,17.8,,0.0,21.2,65.5,0.868614259771152,-2.0,0.0,0.2,32,0.0,28.400000000000002,0.0,0.38541335945432564,0.9227440286201427,1,True
2025-01-24,26.2,18.2,0.0,18.2,25.4,62.0,54.0,13.15,15.275,4.0,NE,2.6,17.8,,0.0,22.2,58.0,1.1240601369548762,-1.0,0.0,0.0,33,0.0,27.53333333333333,0.0,0.4012289854475009,0.9159777842484877,1,True
2025-01-25,26.2,18.0,0.0,18.0,25.2,69.0,38.0,11.2,13.325,4.0,NE,2.6,18.0,,0.0,22.1,53.5,1.2369415408202449,0.0,0.0,0.0,34,0.0,26.53333333333333,0.0,0.4169258813287287,0.908940487313808,1,True
2025-01-26,25.2,17.5,0.0,18.6,24.8,64.0,52.0,13.05,15.07,4.0,NE,2.4,17.6,,7.0,21.35,58.0,1.0672104976366852,-1.0,0.0,0.0,35,0.0,25.866666666666664,0.0,0.4324994021339788,0.901634220265486,1,True
2025-01-27,26.6,13.0,0.0,18.5,25.4,64.0,54.0,13.5,15.580000000000002,4.0,NE,2.6,17.4,,8.0,19.8,59.0,0.9468901822912211,1.4000000000000021,0.0,0.0,36,0.0,26.0,0.0,0.44794493940789115,0.8940611451454876,1,True
2025-01-28,26.2,14.0,0.0,18.6,25.2,62.0,48.0,12.25,14.275,4.0,NE,1.4,18.0,,2.0,20.1,55.0,1.0587578080455495,-0.40000000000000213,0.0,0.0,37,0.0,26.0,0.0,0.4632579225674917,0.88622350294858,1,True
2025-01-29,27.2,17.0,0.0,19.0,26.6,96.0,62.0,18.6,21.42,6.0,NE,1.2,17.4,,0.0,22.1,79.0,0.5586187603704331,1.0,0.0,0.0,38,0.0,26.666666666666668,0.0,0.4784338202547012,0.8781236129591848,1,True
2025-01-30,30.6,19.5,0.0,22.6,26.8,89.0,65.0,20.25,23.75,5.0,SW,1.6,21.5,,4.2,25.05,77.0,0.7307616263147595,3.400000000000002,0.0,0.0,39,0.0,28.0,0.0,0.49346814167723735,0.8697638720650646,1,True
2025-01-31,29.5,19.5,0.0,21.0,26.4,96.0,62.0,19.5,22.69,5.0,NE,1.6,21.0,,1.4,24.5,79.0,0.6456763006851338,-1.1000000000000014,0.0,0.0,40,0.0,29.099999999999998,0.0,0.5083564379375122,0.8611467540480452,1,True
2025-02-01,29.0,22.0,,22.8,28.4,70.0,44.0,16.0,18.205,5.0,NW,1.5,21.4,,0.0,25.5,57.0,1.4032433463095286,-0.5,0.0,0.0,41,0.0,29.7,0.0,0.5230943033491326,0.8522748088519838,2,True
2025-02-02,28.8,21.0,,21.8,28.2,86.0,46.0,17.4,19.990000000000002,6.0,NW,1.8,21.2,,0.0,24.9,66.0,1.0706456109417486,-0.1999999999999993,0.0,0.0,42,0.0,29.099999999999998,0.0,0.5376773767406141,0.8431506618282,2,True
2025-02-03,28.6,19.6,,21.0,28.2,96.0,48.0,18.35,21.240000000000002,6.0,NW,2.0,21.0,,4.2,24.1,72.0,0.8405248724160849,-0.1999999999999993,0.0,0.0,43,0.0,28.8,0.0,0.5521013427459208,0.8337770129585915,2,True
2025-02-04,29.8,16.0,,21.0,28.6,91.0,44.0,17.299999999999997,19.89,6.0,NW,1.4,21.4,,0.0,22.9,67.5,0.9075591740189403,1.1999999999999993,0.0,0.0,44,0.0,29.066666666666666,0.0,0.5663619330814524,0.8241566360566663,2,True
2025-02-05,31.5,16.0,,21.4,28.6,67.0,45.0,15.3,17.375,6.0,NW,2.2,21.5,,0.0,23.75,56.0,1.293351067682239,1.6999999999999993,0.0,0.0,45,0.0,29.96666666666667,0.0,0.580454927809098,0.8142923779467267,2,True
2025-02-06,28.5,19.0,,23.0,28.4,67.0,51.0,16.9,19.25,6.0,NW,2.0,23.2,,3.0,23.75,59.0,1.2051680403402685,-3.0,0.0,0.0,46,0.0,29.933333333333334,0.0,0.5943761565849831,0.804187157621448,2,True
2025-02-07,29.8,16.6,,20.2,27.4,69.0,32.0,11.9,16.4,6.0,NW,1.2,21.4,,0.0,23.200000000000003,50.5,1.4075834369491813,1.3000000000000007,0.0,0.0,47,0.0,29.933333333333334,0.0,0.6081214998935418,0.7938439653781019,2,True
2025-02-08,28.4,14.4,,19.0,25.6,100.0,37.0,14.35,16.995,4.0,NW,2.8,19.5,,9.0,21.4,68.5,0.8028627385186978,-1.4000000000000021,0.0,0.0,48,0.0,28.900000000000002,0.0,0.6216868902665479,0.7832658619336791,2,True
2025-02-09,28.6,14.0,,20.8,28.4,100.0,39.0,17.0,19.865,4.0,SE,2.5,19.4,,8.5,21.3,69.5,0.7726275192793656,0.20000000000000284,0.0,0.0,49,0.0,28.933333333333334,0.0,0.6350683134867438,0.7724559775191742,2,True
2025-02-10,29.8,12.5,,21.0,29.4,100.0,37.0,17.15,20.064999999999998,4.0,SE,2.4,21.4,,8.0,21.15,68.5,0.7906538754884154,1.1999999999999993,0.0,0.0,50,0.0,28.933333333333337,0.0,0.6482618097757122,0.7614175109532997,2,True
2025-02-11,30.2,19.8,,22.0,29.6,88.0,42.0,17.55,20.235,5.0,NW,2.4,22.6,,7.8,25.0,65.0,1.1087222011273965,0.3999999999999986,0.0,0.0,51,0.0,29.53333333333333,0.0,0.6612634749656386,0.7501537286959042,2,True
2025-02-12,29.8,20.5,,22.0,27.6,95.0,48.0,18.0,20.855,6.0,SE,2.8,20.5,,7.4,25.15,71.5,0.9109146262782568,-0.3999999999999986,0.0,0.0,52,0.0,29.933333333333337,0.0,0.6740694616546162,0.7386679638813748,2,True
2025-02-13,31.8,18.0,,20.6,28.2,94.0,45.0,17.4,20.045,5.0,NE,2.6,22.8,,8.0,24.9,69.5,0.9604320921683336,2.0,0.0,0.0,53,0.0,30.599999999999998,0.0,0.6866759803451553,0.726963615332308,2,True
2025-02-14,29.0,16.0,,22.4,26.8,69.0,54.0,16.7,19.005000000000003,5.0,ESE,2.5,21.8,,9.0,22.5,61.5,1.0493512285431017,-2.8000000000000007,0.0,0.0,54,0.0,30.2,0.0,0.6990793005655562,0.7150441465537444,2,True
2025-02-15,31.8,14.5,,21.0,27.4,57.0,51.0,14.3,16.435000000000002,35.0,NW,2.6,21.0,,8.4,23.15,54.0,1.3041127703195223,2.8000000000000007,0.0,0.0,55,0.0,30.866666666666664,0.0,0.7112757519738152,0.7029130847082615,2,True
2025-02-16,33.0,16.8,,21.2,28.8,65.0,43.0,14.75,16.775,5.0,NE,2.5,22.4,,8.8,24.9,54.0,1.4485205324506012,1.1999999999999993,0.0,0.0,56,0.0,31.26666666666667,0.0,0.7232617254437388,0.6905740195722293,2,True
2025-02-17,32.0,16.5,,22.6,28.4,86.0,51.0,18.700000000000003,21.63,5.0,NE,2.4,22.8,,9.3,24.25,68.5,0.9541308775258158,-1.0,0.0,0.0,57,0.0,32.26666666666667,0.0,0.7350336741329412,0.6780306024735382,2,True
2025-02-18,30.4,19.0,,21.6,26.2,94.0,71.0,20.549999999999997,24.185000000000002,5.0,NE,2.6,21.8,,6.2,24.7,82.5,0.5445317344453443,-1.6000000000000014,0.0,0.0,58,0.0,31.799999999999997,0.0,0.746588114532413,0.6652865452111116,2,True
2025-02-19,29.6,17.8,,23.0,26.6,83.0,69.0,20.2,23.67,5.0,NW,2.8,23.0,,2.6,23.700000000000003,76.0,0.7033457699247826,-0.7999999999999972,0.0,0.0,59,0.0,30.666666666666668,0.0,0.7579216274973472,0.6523456189565257,2,True
2025-02-20,28.6,22.0,,24.6,26.2,95.0,55.0,20.1,24.03,4.0,NE,2.8,24.2,,0.0,25.3,75.0,0.8062068976777775,-1.0,0.0,0.0,60,0.0,29.53333333333333,0.0,0.7690308592589181,0.6392116531380588,2,True
2025-02-21,29.5,18.0,,21.0,26.6,91.0,61.0,18.95,21.905,4.0,NE,2.8,22.5,,0.0,23.75,76.0,0.7054642187357668,0.8999999999999986,0.0,0.0,61,0.0,29.233333333333334,0.0,0.7799125224167177,0.6258885343075018,2,True
2025-02-22,28.5,19.0,,23.0,26.4,91.0,69.0,20.9,24.72,4.0,SE,2.8,23.5,,3.6,23.75,80.0,0.5878868489464723,-1.0,0.0,0.0,62,0.0,28.866666666666664,0.0,0.7905633969115482,0.612380204990065,2,True
2025-02-23,29.5,15.8,,21.4,26.2,70.0,55.0,16.1,18.295,4.0,SE,2.5,20.0,,5.6,22.65,62.5,1.0314412674160875,1.0,0.0,0.0,63,0.0,29.166666666666668,0.0,0.8009803309782905,0.5986906625177214,2,True
2025-02-24,29.5,16.8,,23.0,26.4,83.0,58.0,18.7,21.595,6.0,NW,2.6,20.5,,4.9,23.15,70.5,0.8363331896614329,0.0,0.0,0.0,64,0.0,29.166666666666668,0.0,0.8111602420785621,0.5848239578463322,2,True
2025-02-25,29.5,18.2,,22.6,26.8,81.0,67.0,19.65,22.88,6.0,NE,2.6,23.0,,4.0,23.85,74.0,0.7688609777979606,0.0,0.0,0.0,65,0.0,29.5,0.0,0.8211001178128892,0.5707841943569036,2,True
2025-02-26,29.6,19.8,,23.0,26.2,67.0,63.0,17.6,20.16,5.0,NE,2.4,23.0,,3.8,24.700000000000003,65.0,1.0890634688906884,0.10000000000000142,0.0,0.0,66,0.0,29.53333333333333,0.0,0.8307970168121247,0.5565755266413303,2,True
2025-02-27,30.0,19.4,,24.8,29.6,68.0,51.0,18.45,21.22,5.0,NE,2.6,24.0,,4.5,24.7,59.5,1.2602020140020822,0.3999999999999986,0.0,0.0,67,0.0,29.7,0.0,0.8402480696078469,0.5422021592729844,2,True
2025-02-28,31.5,19.5,,22.6,31.2,95.0,50.0,20.7,24.445,5.0,NW,1.4,23.5,,5.3,25.5,72.5,0.8974230703142334,1.5,0.0,0.0,68,0.0,30.366666666666664,0.0,0.8494504794814806,0.527668345562516,2,True
2025-03-01,34.5,21.8,0.0,24.4,32.0,90.0,55.0,22.15,26.68,6.0,SW,2.6,24.5,,5.5,28.15,72.5,1.048594129627449,3.0,0.0,0.0,69,0.0,32.0,0.0,0.8584015232918917,0.512978386299228,3,True
2025-03-02,34.5,21.8,0.0,26.0,32.0,90.0,56.0,23.15,28.4,6.0,SW,2.8,24.6,,5.2,28.15,73.0,1.029528781816041,0.0,0.0,0.0,70,0.0,33.5,0.0,0.8670985522812081,0.4981366284784055,3,True
2025-03-03,32.5,21.0,0.0,26.4,32.0,89.0,37.0,20.049999999999997,24.189999999999998,5.0,NW,2.4,24.5,,5.8,26.75,63.0,1.299950903795787,-2.0,0.0,0.0,71,0.0,33.833333333333336,0.0,0.8755389928586302,0.4831474640149687,3,True
2025-03-04,33.4,21.0,0.0,25.0,31.8,79.0,27.0,15.9,18.935000000000002,5.0,NE,2.4,24.4,,5.5,27.2,53.0,1.6954725021869912,0.8999999999999986,0.0,0.0,72,0.0,33.46666666666667,0.0,0.8837203473619977,0.4680153284438345,3,True
2025-03-05,32.5,19.5,0.0,27.0,32.0,53.0,29.0,13.899999999999999,16.105,4.0,NW,2.5,24.5,,5.0,26.0,41.0,1.983249498875513,-0.8999999999999986,0.0,0.0,73,0.0,32.800000000000004,0.0,0.8916401947968874,0.45274469960737107,3,True
2025-03-06,31.2,18.0,0.0,22.5,28.8,51.0,42.0,13.25,15.274999999999999,5.0,NW,2.4,23.2,,0.4,24.6,46.5,1.6547985112945602,-1.3000000000000007,0.0,0.0,74,0.0,32.36666666666667,0.0,0.8992961915530253,0.4373400963303323,3,True
2025-03-07,31.8,16.0,0.0,21.0,31.4,57.0,30.0,11.85,13.879999999999999,6.0,NW,2.6,23.2,,9.0,23.9,43.5,1.6758206240518083,0.6000000000000014,0.0,0.0,75,0.0,31.833333333333332,0.0,0.9066860720977985,0.4218060770826634,3,True
2025-03-08,32.5,17.0,0.0,23.0,31.5,75.0,43.0,17.75,20.314999999999998,5.0,SE,2.8,23.5,,8.6,24.75,59.0,1.2795732836199147,0.6999999999999993,0.0,0.0,76,0.0,31.833333333333332,0.0,0.9138076496466615,0.4061472386305789,3,True
2025-03-09,32.5,19.5,0.0,23.8,31.2,86.0,42.0,19.0,22.18,6.0,SE,2.8,23.4,,6.4,26.0,64.0,1.210118338296923,0.0,0.0,0.0,77,0.0,32.266666666666666,0.0,0.9206588168102428,0.3903682146763026,3,True
2025-03-10,33.2,21.4,0.0,23.8,32.2,80.0,37.0,17.8,20.560000000000002,6.0,NW,3.0,24.4,,9.2,27.3,58.5,1.5058581460874538,0.7000000000000028,0.0,0.0,78,0.0,32.733333333333334,0.0,0.9272375462179537,0.374473674486883,3,True
2025-03-11,34.4,19.5,0.0,24.6,31.8,71.0,41.0,18.0,20.665,6.0,SW,3.2,24.6,,8.2,26.95,56.0,1.5641538401775632,1.1999999999999957,0.0,0.0,79,0.0,33.36666666666667,0.0,0.9335418911179212,0.35846832151248087,3,True
2025-03-12,34.4,19.0,0.0,26.0,26.0,58.0,58.0,17.0,19.37,5.0,NE,3.4,24.8,,9.1,26.7,58.0,1.4712887636304268,0.0,0.0,0.0,80,0.0,34.0,0.0,0.9395699859530622,0.342356891994542,3,True
2025-03-13,35.0,22.5,0.0,26.4,32.8,74.0,37.0,18.85,21.97,5.0,SW,3.2,25.0,,,28.75,55.5,1.7569350583939756,0.6000000000000014,0.0,0.0,81,0.0,34.6,0.0,0.945320046913132,0.3261441535642696,3,True
2025-03-14,37.5,,,,34.8,,40.0,19.4,22.52,4.0,SW,,35.8,,,,,,2.5,0.0,0.0,82,1.0,35.63333333333333,0.0,0.9507903724625832,0.3098349038318025,3,True
2025-03-15,36.2,23.8,0.0,27.4,34.4,80.0,40.0,21.25,25.475,6.0,SW,3.2,25.8,,,30.0,60.0,1.6972260235036054,-1.2999999999999972,0.0,0.0,83,2.0,36.233333333333334,0.0,0.9559793438440766,0.2934339689665273,3,True
2025-03-16,36.0,24.0,0.0,29.8,32.2,77.0,52.0,23.25,28.705000000000002,6.0,SW,3.5,26.0,,7.6,30.0,64.5,1.5062880958594496,-0.20000000000000284,0.0,0.0,84,3.0,36.56666666666667,0.0,0.9608854255574977,0.27694620226893646,3,True
2025-03-17,33.4,21.8,0.0,29.2,31.2,78.0,33.0,19.049999999999997,23.325,6.0,ESE,3.6,26.8,,,27.6,55.5,1.6432879723300753,-2.6000000000000014,0.0,0.0,85,2.0,35.199999999999996,0.0,0.9655071658143364,0.2603764827344581,3,True
2025-03-18,33.2,21.0,41.0,27.0,31.4,63.0,43.0,18.3,21.06,6.0,NW,3.8,26.0,,8.8,27.1,53.0,1.6855659661849962,-0.19999999999999574,41.0,41.0,0,1.0,34.199999999999996,38.34,0.969843196967294,0.24372971360968387,3,True
2025-03-19,33.0,21.0,0.0,26.0,31.0,69.0,68.0,22.15,26.89,5.0,NW,3.4,26.8,,3.6,27.0,68.5,1.1230821553804162,-0.20000000000000284,41.0,41.0,1,0.0,33.199999999999996,35.96,0.9738922359149924,0.22701082094141847,3,True
2025-03-20,31.2,24.2,0.0,27.2,30.2,80.0,68.0,23.5,28.945,6.0,SE,3.4,26.8,,,27.7,74.0,0.9657448790434491,-1.8000000000000007,41.0,41.0,2,0.0,32.46666666666666,33.58,0.9776530844816641,0.2102247521189836,3,True
2025-03-21,31.2,22.0,4.0,25.0,25.4,84.0,68.0,20.6,24.335,6.0,SE,3.8,26.5,,5.4,26.6,76.0,0.8358054939494399,0.0,45.0,45.0,0,0.0,31.799999999999997,34.92,0.981124629771712,0.19337647441020586,3,True
2025-03-22,27.4,20.0,12.8,24.0,25.6,69.0,82.0,20.15,23.775,6.0,NW,4.0,25.6,,0.4,23.7,75.5,0.7179988067982154,-3.8000000000000007,57.8,57.8,0,0.0,29.933333333333334,44.92,0.984305844499033,0.17647097349152166,3,True
2025-03-23,27.4,18.8,0.0,24.8,26.4,90.0,69.0,21.65,25.95,6.0,NW,4.0,26.2,,6.2,23.1,79.5,0.5794274162330044,0.0,57.8,57.8,1,0.0,28.666666666666668,42.12,0.9871957872910085,0.15951325197263655,3,True
2025-03-24,31.0,19.0,0.0,25.0,30.8,84.0,53.0,21.15,25.119999999999997,5.0,NW,4.0,25.2,,9.2,25.0,68.5,0.9978499810146567,3.6000000000000014,57.8,57.8,2,0.0,28.599999999999998,39.32,0.9897936029670716,0.14250832791617088,3,True
2025-03-25,33.5,20.5,0.0,26.0,32.6,72.0,41.0,19.1,22.174999999999997,4.0,NW,3.5,25.8,,9.4,27.0,56.5,1.5509229764777182,2.5,16.8,57.8,3,0.0,30.633333333333336,36.87,0.992098522791769,0.12546123335273648,3,True
2025-03-26,36.8,21.5,0.0,27.0,34.5,77.0,50.0,22.55,27.33,5.0,SE,4.6,26.5,,9.0,29.15,63.5,1.4747940465318556,3.299999999999997,16.8,57.8,4,1.0,33.76666666666666,33.65,0.9941098647022418,0.10837701279187609,3,True
2025-03-27,37.4,22.5,0.0,26.0,35.2,76.0,47.0,21.8,26.11,7.0,SE,4.0,27.5,,9.4,29.95,61.5,1.6289009607729508,0.6000000000000014,16.8,57.8,5,2.0,35.9,30.85,0.9958270335100595,0.09126072172931188,3,True
2025-03-28,37.8,22.2,0.0,28.6,36.8,64.0,45.0,22.05,26.55,6.0,SW,4.0,27.8,,9.2,30.0,54.5,1.9305946017353508,0.3999999999999986,12.8,57.8,6,3.0,37.33333333333333,28.05,0.9972495210773451,0.07411742515094437,3,True
2025-03-29,36.8,22.6,0.0,28.8,33.4,56.0,44.0,19.4,22.52,6.0,SW,4.8,28.2,,8.5,29.7,50.0,2.085298598324801,-1.0,0.0,57.8,7,3.0,37.33333333333333,24.69,0.998376906467142,0.056952196034039754,3,True
2025-03-30,36.5,22.8,0.0,28.6,33.4,83.0,36.0,21.4,26.185000000000002,6.0,SW,5.0,28.5,,7.2,29.65,59.5,1.684242910887892,-0.29999999999999716,0.0,57.8,8,3.0,37.03333333333333,21.19,0.9992088560679753,0.03977011384605572,3,True
2025-03-31,35.5,24.5,0.0,28.5,33.6,78.0,54.0,23.5,28.965000000000003,6.0,SE,5.0,28.5,,8.0,30.0,66.0,1.4426421199780644,-1.0,0.0,57.8,9,2.0,36.266666666666666,17.69,0.9997451236925734,0.022576263041545485,3,True
2025-04-01,34.8,25.0,0.0,28.6,32.8,73.0,64.0,24.299999999999997,30.409999999999997,5.0,SW,,30.0,,8.0,29.9,68.5,1.328918344907058,-0.7000000000000028,0.0,57.8,10,1.0,35.6,13.205,0.9999855506507186,0.005375731557583884,4,True
2025-04-02,34.4,23.8,0.0,28.2,32.4,93.0,45.0,20.95,24.94,5.0,SW,,28.8,,,29.1,69.0,1.248954171210338,-0.3999999999999986,0.0,57.8,11,0.0,34.9,8.84,0.9999300657962057,-0.011826390691832589,4,True
2025-04-03,35.0,22.2,3.2,27.0,34.0,72.0,52.0,22.65,27.494999999999997,6.0,SW,,28.0,,6.2,28.6,62.0,1.4873235334983406,0.6000000000000014,3.2,61.0,0,0.0,34.73333333333333,7.75,0.9995786855478958,-0.029025013321975237,4,True
2025-04-04,33.8,22.2,0.0,27.0,32.4,81.0,55.0,22.85,27.85,6.0,SW,,27.0,,0.4,28.0,68.0,1.209577716478484,-1.2000000000000028,3.2,61.0,1,0.0,34.4,3.55,0.9989315138848577,-0.046215046983708354,4,True
2025-04-05,38.4,22.5,0.0,29.0,36.2,64.0,31.0,18.85,22.04,6.0,SW,,28.5,,8.4,30.45,47.5,2.2857552471639,4.600000000000001,3.2,61.0,2,1.0,35.73333333333333,0.0,0.9979887423155984,-0.06339140486951038,4,True
2025-04-06,38.0,22.8,0.0,29.2,36.4,82.0,34.0,21.950000000000003,26.985,5.0,SW,,28.8,,7.2,30.4,58.0,1.8233840678181437,-0.3999999999999986,3.2,61.0,3,2.0,36.73333333333333,0.0,0.9967506498213929,-0.08054900421874167,4,True
2025-04-07,38.0,24.0,0.0,28.6,30.8,80.0,69.0,24.7,31.11,6.0,SE,,28.9,,8.4,31.0,74.5,1.1456110240352386,0.0,3.2,61.0,4,3.0,38.13333333333333,0.0,0.9952176027737294,-0.09768276782171598,4,True
2025-04-08,36.8,24.4,0.0,29.0,32.5,78.0,61.0,24.25,30.29,5.0,SW,,30.0,,8.0,30.599999999999998,69.5,1.3393440437486228,-1.2000000000000028,3.2,61.0,5,3.0,37.6,0.0,0.9933900548258936,-0.11478762552212701,4,True
2025-04-09,34.8,23.0,0.0,28.0,32.6,77.0,54.0,22.9,27.945,5.0,SW,4.0,29.8,,9.8,28.9,65.5,1.37399257215314,-2.0,3.2,61.0,6,2.0,36.53333333333333,0.0,0.9912685467787256,-0.13185851571739118,4,True
2025-04-10,33.6,23.5,0.0,28.4,31.2,78.0,60.0,23.25,28.545,5.0,SW,4.0,29.8,,8.0,28.55,69.0,1.2098308435920726,-1.1999999999999957,0.0,61.0,7,1.0,35.06666666666666,0.0,0.9888537064205885,-0.1488903868564548,4,True
2025-04-11,32.8,20.0,17.6,24.6,30.4,79.0,50.0,19.65,22.91,5.0,NE,3.8,25.6,,5.0,26.4,64.5,1.2218199842575759,-0.8000000000000043,17.6,78.6,0,0.0,33.73333333333333,14.94,0.986146248341595,-0.16587819893463143,4,True
2025-04-12,34.4,22.0,0.0,26.8,32.4,68.0,63.0,22.4,27.255000000000003,6.0,SE,4.0,26.5,,8.8,28.2,65.5,1.3193393462286473,1.6000000000000014,17.6,78.6,1,0.0,33.6,12.14,0.9831469737221499,-0.1828169249850199,4,True
2025-04-13,34.6,22.4,6.0,26.8,32.8,67.0,59.0,21.85,26.32,6.0,SE,4.0,26.4,,5.2,28.5,63.0,1.4398104265385299,0.20000000000000284,23.6,84.6,0,0.0,33.93333333333333,15.34,0.9798567700958665,-0.1997015525660636,4,True
2025-04-14,34.4,23.0,0.0,29.0,32.4,60.0,58.0,21.9,26.345,6.0,SW,4.2,26.8,,4.0,28.7,59.0,1.6140689362093867,-0.20000000000000284,23.6,84.6,1,0.0,34.46666666666667,12.4,0.9762766110869321,-0.21652708524481437,4,True
2025-04-15,34.8,22.0,0.0,30.2,32.8,76.0,61.0,24.85,31.4,6.0,SW,4.0,29.8,,6.2,28.4,68.5,1.2186920707065618,0.3999999999999986,23.6,84.6,2,0.0,34.6,9.6,0.9724075561219968,-0.23328854407545518,4,True
2025-04-16,34.8,23.0,0.0,29.8,32.4,67.0,57.0,22.950000000000003,28.05,5.0,SW,4.4,29.8,,8.2,28.9,62.0,1.5133831229512849,0.0,23.6,84.6,3,0.0,34.666666666666664,6.52,0.9682507501166718,-0.2499809690726521,4,True
2025-04-17,35.4,23.2,0.0,30.2,33.2,76.0,57.0,24.4,30.6,5.0,SW,4.2,30.0,,8.8,29.299999999999997,66.5,1.3653424839299284,0.6000000000000014,23.6,43.6,4,0.0,35.0,3.58,0.9638074231367307,-0.26659942067929354,4,True
2025-04-18,34.8,22.0,4.0,28.9,34.6,73.0,49.0,23.0,28.1,4.0,SW,4.0,30.4,,8.4,28.4,61.0,1.5088568494462196,-0.6000000000000014,10.0,47.6,0,0.0,35.0,4.78,0.9590788900341131,-0.28313898122818354,4,True
2025-04-19,35.0,21.8,1.4,30.2,34.8,67.0,48.0,22.75,27.675,5.0,SW,4.0,30.4,,7.8,28.4,57.5,1.6442670795247265,0.20000000000000284,11.4,49.0,1,0.0,35.06666666666666,3.38,0.9540665500578387,-0.2995947563972602,4,True
2025-04-20,37.0,24.8,0.0,32.8,35.4,59.0,49.0,23.3,28.605,5.0,SW,4.0,30.4,,9.0,30.9,54.0,2.0548561855635903,2.0,5.4,45.0,2,1.0,35.599999999999994,0.58,0.9487718864399473,-0.31596187665790293,4,True
2025-04-21,36.4,22.8,0.0,31.8,34.8,52.0,68.0,24.4,31.18,5.0,SW,4.2,31.8,,7.4,29.6,60.0,1.658672660048022,-0.6000000000000014,5.4,32.2,3,2.0,36.13333333333333,0.0,0.9431964659565866,-0.33223549871590435,4,True
2025-04-22,38.0,27.0,0.0,29.4,35.4,82.0,64.0,26.75,35.16,5.0,SW,4.2,29.8,,7.4,32.5,73.0,1.3205103111680696,1.6000000000000014,5.4,32.2,4,3.0,37.13333333333333,0.0,0.9373419384643772,-0.3484108069446808,4,True
2025-04-23,41.0,27.0,0.0,30.8,40.8,80.0,41.0,25.9,33.26,5.0,SW,4.2,31.0,,8.8,34.0,60.5,2.1011077828946516,3.0,5.4,32.2,5,3.0,38.46666666666667,0.0,0.9312100364121947,-0.3644830148102912,4,True
2025-04-24,41.0,27.0,0.0,30.0,38.8,85.0,45.0,26.0,33.68,6.0,SW,4.0,31.0,,9.0,34.0,65.0,1.8617410734509567,0.0,5.4,32.2,6,3.0,40.0,0.0,0.9248025743285089,-0.38044736628785164,4,True
2025-04-25,38.5,27.0,0.0,31.0,37.4,79.0,54.0,26.6,34.81999999999999,6.0,SW,4.0,31.2,,8.6,32.75,66.5,1.6616128591082746,-2.5,1.4,32.2,7,3.0,40.166666666666664,0.0,0.9181214482844365,-0.39629913726891813,4,True
2025-04-26,37.5,26.5,0.0,30.2,37.4,85.0,54.0,26.9,35.445,6.0,SW,4.0,31.0,,8.5,32.0,69.5,1.4502064958598533,-1.0,0.0,32.2,8,3.0,39.0,0.0,0.9111686353326631,-0.41203363695942635,4,True
2025-04-27,36.5,26.0,7.4,30.8,36.8,69.0,52.0,24.95,31.585,5.0,NE,3.0,30.2,,0.0,31.25,60.5,1.7999877468045224,-1.0,7.4,39.60000000000001,0,3.0,37.5,5.3,0.9039461929224011,-0.42764620926777464,4,True
2025-04-28,36.0,23.0,0.0,28.0,32.8,63.0,55.0,21.5,25.685000000000002,5.0,NE,3.5,28.5,,0.6,29.5,59.0,1.6903830424462845,-0.5,7.4,39.60000000000001,1,3.0,36.666666666666664,2.85,0.8964562582905575,-0.44313223418263453,4,True
2025-04-29,34.8,19.5,28.2,25.4,32.4,78.0,56.0,21.85,26.21,5.0,ENE,3.5,26.8,,3.4,27.15,67.0,1.1869558758476002,-1.2000000000000028,35.6,67.80000000000001,0,2.0,35.766666666666666,28.6,0.8887010478292915,-0.45848712914008766,4,True
2025-04-30,33.8,23.0,0.0,29.0,29.8,58.0,57.0,20.2,23.67,5.0,SE,4.2,29.5,,8.6,28.4,57.5,1.6442670795247265,-1.0,35.599999999999994,67.80000000000001,1,1.0,34.86666666666667,25.66,0.8806828564301475,-0.47370635037968,4,True
2025-05-01,34.0,23.0,0.0,28.4,30.2,82.0,,25.0,31.67,5.0,NE,,30.0,,7.2,28.5,,,0.20000000000000284,35.599999999999994,67.80000000000001,2,0.0,34.199999999999996,21.385,0.8724040568049612,-0.48878539428899265,5,True
2025-05-02,33.6,20.0,19.2,25.0,33.6,76.0,,20.4,23.96,5.0,SW,,26.5,,,26.8,,,-0.3999999999999986,54.8,87.0,0,0.0,33.800000000000004,36.565,0.8638670987837349,-0.503719798736334,5,True
2025-05-03,35.0,23.4,0.0,29.0,34.8,74.0,,23.8,29.47,4.0,SW,,29.5,,,29.2,,,1.3999999999999986,54.8,83.8,1,0.0,34.199999999999996,32.185,0.8550745085896932,-0.518505144391157,5,True
2025-05-04,35.0,24.6,0.0,29.6,34.6,,,,,4.0,SW,,29.4,,10.6,29.8,,,0.0,47.4,83.8,2,0.0,34.53333333333333,27.715,0.8460288880917339,-0.533137056031809,5,True
2025-05-05,36.0,23.5,0.0,29.0,36.0,,,,,4.0,SE,,31.8,,10.6,29.75,,,1.0,47.4,83.8,3,1.0,35.333333333333336,23.2525,0.8367329140344921,-0.5476112038402312,5,True
2025-05-06,35.8,26.0,0.0,29.0,34.4,,,,,5.0,NW,,31.8,,10.4,30.9,,,-0.20000000000000284,19.199999999999996,83.8,4,1.0,35.6,18.6175,0.8271893372462497,-0.5619233046832195,5,True
2025-05-07,36.2,21.8,5.8,29.6,32.4,,,,,4.0,NW,,29.8,,8.2,29.0,,,0.4000000000000057,24.999999999999996,89.6,0,2.0,36.0,20.0675,0.8174009818249189,-0.5760691233798758,5,True
2025-05-08,38.0,25.0,0.0,30.0,35.6,,,,,4.0,SW,,31.0,,7.8,31.5,,,1.7999999999999972,24.999999999999996,89.6,1,2.0,36.666666666666664,15.3425,0.8073707443023492,-0.5900444739548627,5,True
2025-05-09,39.0,25.5,0.0,32.4,38.2,,,,,4.0,SW,,32.0,,8.2,32.25,,,1.0,5.799999999999996,89.6,2,3.0,37.73333333333333,10.505,0.7971015927871943,-0.6038452208771035,5,True
2025-05-10,40.0,25.5,0.4,32.0,38.0,,,,,4.0,NW,,32.0,,10.5,32.75,,,1.0,6.199999999999997,90.0,3,3.0,39.0,5.9925,0.7865965660866021,-0.6174672802835514,5,True
2025-05-11,40.5,26.8,0.0,32.4,38.4,,,,,4.0,SW,,32.2,,9.2,33.65,,,0.5,6.199999999999997,72.4,4,3.0,39.833333333333336,0.945,0.7758587728069828,-0.6309066211876704,5,True
2025-05-12,39.0,22.5,26.8,29.4,38.6,,,,,4.0,SE,,31.0,,9.5,30.75,,,-1.5,33.0,99.2,0,3.0,39.833333333333336,23.1325,0.7648913904341226,-0.6441592666722685,5,True
2025-05-13,39.0,23.0,20.8,29.0,38.4,,,,,4.0,SE,,29.5,,10.0,31.0,,,0.0,53.8,114.0,0,3.0,39.5,39.2825,0.753697664392914,-0.6572212950663319,5,True
2025-05-14,36.5,25.8,0.0,30.6,36.4,,,,,5.0,SE,,30.8,,9.0,31.15,,,-2.5,48.0,114.0,1,3.0,38.166666666666664,34.61,0.742280907086982,-0.6700888411055113,5,True
2025-05-15,35.5,28.0,0.0,31.0,34.4,,,,,5.0,SW,,30.5,,9.0,31.75,,,-1.0,48.0,114.0,2,2.0,37.0,29.8475,0.7306444969184916,-0.6827580970759147,5,True
2025-05-16,35.8,27.5,1.6,31.0,34.4,,,,,4.0,SE,,31.8,,7.0,31.65,,,0.29999999999999716,49.6,115.6,3,1.0,35.93333333333334,26.7,0.7187918772884232,-0.6952253139408723,5,True
2025-05-17,35.5,26.4,0.0,30.4,33.8,,,,,4.0,SW,,31.5,,6.8,30.95,,,-0.29999999999999716,49.199999999999996,115.6,4,0.0,35.6,22.0575,0.7067265555776159,-0.7074868024503348,5,True
2025-05-18,36.5,26.2,0.8,30.2,33.8,,,,,4.0,SW,,31.5,,3.4,31.35,,,1.0,49.99999999999999,112.39999999999999,5,1.0,35.93333333333334,18.155,0.6944521021088763,-0.719538934232584,5,True
2025-05-19,35.6,26.0,0.0,30.0,34.8,,,,,5.0,SW,,30.5,,7.0,30.8,,,-0.8999999999999986,23.199999999999996,111.0,6,1.0,35.86666666666667,13.535,0.6819721490904629,-0.7313781428679254,5,True
2025-05-20,36.4,27.6,0.0,30.4,35.6,,,,,5.0,SW,,30.6,,7.5,32.0,,,0.7999999999999972,2.399999999999997,111.0,7,2.0,36.166666666666664,8.735,0.6692903895412567,-0.7430009249440493,5,True
2025-05-21,36.5,27.4,0.0,30.6,35.4,,,,,4.0,SW,,30.8,,7.0,31.95,,,0.10000000000000142,2.399999999999997,111.0,8,2.0,36.166666666666664,3.9425,0.6564105761979381,-0.7544038410927472,5,True
2025-05-22,34.2,23.0,19.8,26.0,32.4,,,,,4.0,SW,,29.0,,7.0,28.6,,,-2.299999999999997,22.199999999999996,130.8,0,2.0,35.699999999999996,19.4525,0.6433365204044917,-0.765583517007675,5,True
2025-05-23,34.8,26.0,0.0,29.0,30.8,,,,,4.0,SE,,30.5,,7.6,30.4,,,0.5999999999999943,20.599999999999998,130.8,1,1.0,35.166666666666664,14.8925,0.6300720909843687,-0.7765366444428655,5,True
2025-05-24,34.5,26.0,5.8,29.6,32.8,,,,,4.0,SE,,30.0,,,30.25,,,-0.29999999999999716,26.4,136.6,0,0.0,34.5,16.155,0.6166212130956382,-0.7872599821916922,5,True
2025-05-25,34.0,25.8,0.5,30.4,32.8,,,,,4.0,SW,,30.5,,1.6,29.9,,,-0.5,26.1,137.1,1,0.0,34.43333333333334,12.17,0.6029878670694714,-0.7977503570459932,5,True
2025-05-26,33.2,26.4,1.0,30.0,32.6,,,,,5.0,SE,,31.0,,1.6,29.8,,,-0.7999999999999972,27.1,138.1,2,0.0,33.9,8.7,0.5891760872322963,-0.8080046647350754,5,True
2025-05-27,32.8,26.0,2.8,29.0,31.8,,,,,3.0,NE,,30.0,,2.4,29.4,,,-0.4000000000000057,29.9,133.5,0,0.0,33.333333333333336,7.09,0.5751899607119775,-0.8180198708443175,5,True
2025-05-28,32.2,26.2,4.0,29.4,32.0,,,,,3.0,NE,,30.0,,6.2,29.200000000000003,,,-0.5999999999999943,33.9,137.5,0,0.0,32.73333333333333,6.71,0.5610336262283677,-0.8277930117131022,5,True
2025-05-29,32.0,26.0,1.4,28.0,28.8,,,,,3.0,NW,,29.0,,1.8,29.0,,,-0.20000000000000284,15.5,110.7,1,0.0,32.333333333333336,3.76,0.5467112728685939,-0.8373211953118121,5,True
2025-05-30,34.0,25.6,12.4,29.4,33.4,,,,,3.0,NW,,30.5,,3.6,29.8,,,2.0,27.9,123.1,0,0.0,32.73333333333333,11.69,0.5322271388474397,-0.8466016020976267,5,True
2025-05-31,36.4,26.5,0.0,30.0,34.6,,,,,3.0,SW,,31.0,,7.1,31.45,,,2.3999999999999986,22.1,123.1,1,1.0,34.13333333333333,6.9725,0.5175855102531889,-0.8556314858488706,5,True
2025-06-01,37.0,27.2,0.0,32.6,34.2,,,,,5.0,NW,,32.5,,6.2,32.1,,,0.6000000000000014,21.6,103.9,2,2.0,35.800000000000004,2.1575,0.5027907197793043,-0.8644081744776648,6,True
2025-06-02,39.0,26.0,6.4,32.4,36.4,,,,,5.0,NW,,32.0,,9.4,32.5,,,2.0,27.0,110.30000000000001,0,3.0,37.46666666666667,3.6825,0.4878471454423119,-0.8729290708206411,6,True
2025-06-03,38.5,25.5,0.0,30.0,36.6,,,,,5.0,NW,,32.0,,6.0,32.0,,,-0.5,24.200000000000003,110.30000000000001,1,3.0,38.166666666666664,0.0,0.47275920928627757,-0.881191653407483,6,True
2025-06-04,39.5,25.0,4.6,30.0,35.4,,,,,5.0,NW,,31.0,,5.0,32.25,,,1.0,24.800000000000004,114.9,0,3.0,39.0,0.0,0.4575313760742512,-0.8891934772070711,6,True
2025-06-05,35.8,25.0,0.0,30.6,32.2,,,,,3.0,NW,,31.0,,1.0,30.4,,,-3.700000000000003,23.4,114.9,1,2.0,37.93333333333333,0.0,0.44216815196707204,-0.8969321743510065,6,True
2025-06-06,36.5,26.4,0.0,31.0,34.6,,,,,3.0,SW,,32.0,,7.4,31.45,,,0.7000000000000028,11.0,109.10000000000001,2,2.0,37.266666666666666,0.0,0.42667408318992467,-0.9044054548343001,6,True
2025-06-07,36.2,26.0,1.2,29.6,34.0,,,,,3.0,SW,,32.0,,,31.1,,,-0.29999999999999716,12.2,110.30000000000001,3,2.0,36.166666666666664,0.0,0.4110537546870351,-0.9116111071930239,6,True
2025-06-08,37.0,26.4,0.0,30.8,35.8,,,,,5.0,SE,,31.0,,9.8,31.7,,,0.7999999999999972,12.2,110.30000000000001,4,3.0,36.56666666666667,0.0,0.3953117887649151,-0.9185469991587165,6,True
2025-06-09,36.8,26.4,0.0,32.0,35.2,,,,,5.0,SW,,31.0,,4.8,31.599999999999998,,,-0.20000000000000284,5.8,109.9,5,3.0,36.666666666666664,0.0,0.37945284372454435,-0.925211078289358,6,True
2025-06-10,36.2,26.8,0.0,31.4,34.8,,,,,5.0,SW,,32.5,,9.2,31.5,,,-0.5999999999999943,5.8,109.9,6,3.0,36.666666666666664,0.0,0.36348161248290634,-0.9316013725767187,6,True
2025-06-11,35.0,27.0,0.0,32.4,31.8,,,,,3.0,SE,,33.0,,3.5,31.0,,,-1.2000000000000028,1.2,83.10000000000001,7,2.0,36.0,0.0,0.3474028211842774,-0.9377159910299093,6,True
2025-06-12,35.0,26.4,0.0,31.0,32.8,,,,,4.0,SE,,32.8,,10.2,30.7,,,0.0,1.2,62.3,8,1.0,35.4,0.0,0.3312212278016865,-0.9435531242349544,6,True
2025-06-13,36.5,27.0,0.0,32.4,34.4,,,,,6.0,SW,,32.8,,9.3,31.75,,,1.5,1.2,62.3,9,1.0,35.5,0.0,0.31494162072895193,-0.9491110448902284,6,True
2025-06-14,37.0,27.0,0.0,32.0,35.4,,,,,5.0,SE,,32.5,,4.7,32.0,,,0.5,0.0,62.3,10,2.0,36.166666666666664,0.0,0.2985688173637202,-0.9543881083175908,6,True
2025-06-15,37.0,27.0,0.0,29.0,35.2,,,,,5.0,NE,,32.5,,2.6,32.0,,,0.0,0.0,60.699999999999996,11,3.0,36.833333333333336,0.0,0.2821076626819194,-0.9593827529490743,6,True
2025-06-16,35.0,27.0,1.2,27.4,32.8,,,,,4.0,NE,,29.0,,0.0,31.0,,,-2.0,1.2,61.9,12,2.0,36.333333333333336,0.0,0.26556302780405594,-0.9640935007889755,6,True
2025-06-17,32.0,26.4,7.4,27.0,26.0,,,,,5.0,NE,,30.0,,0.0,29.2,,,-3.0,8.6,68.5,0,1.0,34.666666666666664,3.02,0.24893980855376657,-0.9685189578512204,6,True
2025-06-18,30.5,25.5,6.0,28.0,26.5,,,,,4.0,NW,,29.0,,0.0,28.0,,,-1.5,14.600000000000001,74.5,0,0.0,32.5,4.82,0.23224292400907015,-0.9726578145718654,6,True
2025-06-19,27.5,22.5,38.2,24.0,27.4,,,,,3.0,SE,,25.5,,0.0,25.0,,,-3.0,52.800000000000004,112.7,0,0.0,30.0,39.27,0.21547731504673012,-0.976508846196619,6,True
2025-06-20,32.8,26.0,6.6,27.4,30.8,,,,,7.0,SW,,28.0,,0.0,29.4,,,5.299999999999997,59.400000000000006,119.3,0,0.0,30.266666666666666,41.46,0.19864794288017112,-0.9800709131432666,6,True
2025-06-21,34.6,25.8,0.0,30.0,33.6,,,,,5.0,SW,,30.0,,2.8,30.200000000000003,,,1.8000000000000043,59.400000000000006,99.5,1,0.0,31.633333333333336,36.93,0.18175978759137534,-0.9833429613388902,6,True
2025-06-22,35.0,26.0,0.0,30.2,33.0,,,,,4.0,SW,,30.0,,0.6,30.5,,,0.3999999999999986,59.400000000000006,99.5,2,0.0,34.13333333333333,32.355,0.16481784665719793,-0.9863240225317866,6,True
2025-06-23,33.8,26.0,2.2,27.0,32.8,,,,,3.0,SW,,29.0,,3.0,29.9,,,-1.2000000000000028,60.4,95.9,3,0.0,34.46666666666667,30.07,0.14782713347053048,-0.9890132145779883,6,True
2025-06-24,34.6,26.8,0.2,32.6,32.6,,,,,3.0,SE,,31.5,,2.8,30.700000000000003,,,0.8000000000000043,53.2,95.60000000000001,4,0.0,34.46666666666667,25.665,0.13079267585675922,-0.9914097417023038,6,True
2025-06-25,34.5,26.2,25.4,30.0,34.0,,,,,3.0,SE,,29.5,,3.2,30.35,,,-0.10000000000000142,72.6,120.0,0,0.0,34.300000000000004,46.5125,0.11371951458594969,-0.9935128947338007,6,True
2025-06-26,32.8,26.0,13.6,28.0,29.6,,,,,6.0,NE,,29.5,,2.0,29.4,,,-1.7000000000000028,48.0,130.79999999999998,0,0.0,33.96666666666666,55.7025,0.0966127018812031,-0.9953220513156602,6,True
2025-06-27,32.0,25.0,29.8,27.0,30.2,,,,,6.0,SW,,29.0,,1.8,28.5,,,-0.7999999999999972,71.19999999999999,156.6,0,0.0,33.1,81.2275,0.07947729992362097,-0.9968366760893436,6,True
2025-06-28,30.0,25.0,2.2,27.0,29.8,,,,,4.0,SW,,29.0,,0.0,27.5,,,-2.0,73.39999999999999,157.39999999999998,1,0.0,31.599999999999998,79.3025,0.062318379354325076,-0.998056320853012,6,True
2025-06-29,32.0,25.0,103.4,27.8,31.8,,,,,4.0,NW,,29.0,,0.0,28.5,,,2.0,176.8,248.40000000000003,0,0.0,31.333333333333332,100.0,0.04514101777397193,-0.9989806246941579,6,True
2025-06-30,30.5,24.0,18.6,28.0,29.0,,,,,4.0,NW,,29.5,,0.0,27.25,,,-1.5,193.20000000000002,267.0,0,0.0,30.833333333333332,100.0,0.02795029824021032,-0.999609314096404,6,True
2025-07-01,32.5,24.0,13.6,28.6,30.6,,,,,5.0,SE,,29.4,,3.5,28.25,,,2.0,206.6,280.6,0,0.0,31.666666666666668,100.0,0.01075130776352193,-0.9999422030204416,7,True
2025-07-02,32.0,26.0,9.8,27.6,30.0,,,,,4.0,SE,,30.0,,0.8,29.0,,,-0.5,191.0,284.0,0,0.0,31.666666666666668,100.0,-0.00645086419810515,-0.9999791929590823,7,True
2025-07-03,33.0,26.5,1.2,29.6,30.8,,,,,4.0,SE,,30.0,,2.4,29.75,,,1.0,178.6,285.2,1,0.0,32.5,96.7375,-0.023651127245231586,-0.9997202729664083,7,True
2025-07-04,31.8,25.5,20.4,29.0,30.8,,,,,7.0,SW,,30.0,,0.2,28.65,,,-1.1999999999999993,169.20000000000002,301.0,0,0.0,32.266666666666666,100.0,-0.04084439154329611,-0.9991655196610109,7,True
2025-07-05,31.0,25.5,1.8,28.4,30.8,,,,,7.0,SE,,28.5,,0.0,28.25,,,-0.8000000000000007,168.79999999999998,302.8,1,0.0,31.933333333333334,97.5625,-0.05802556932878035,-0.9983150972033183,7,True
2025-07-06,32.5,25.2,0.2,28.2,32.4,,,,,6.0,SE,,31.0,,0.0,28.85,,,1.5,65.60000000000001,303.0,2,0.0,31.766666666666666,93.435,-0.07518957641475855,-0.9971692572470178,7,True
2025-07-07,32.0,25.5,20.2,26.4,28.0,,,,,7.0,SE,,32.5,,0.0,28.75,,,-0.5,67.2,322.00000000000006,0,0.0,31.833333333333332,100.0,-0.09233133369539123,-0.9957283388645872,7,True
2025-07-08,28.8,25.5,51.0,26.0,27.0,,,,,8.0,SW,,28.0,,0.0,27.15,,,-3.1999999999999993,104.6,373.0,0,0.0,31.099999999999998,100.0,-0.10944576864891556,-0.993992768446958,7,True
2025-07-09,30.8,22.4,34.0,25.6,28.8,,,,,5.5,SW,,27.5,,0.0,26.6,,,2.0,128.8,407.0,0,0.0,30.53333333333333,100.0,-0.12652781683868314,-0.9919630595773397,7,True
2025-07-10,33.0,24.8,7.0,29.8,30.6,,,,,6.0,SW,,30.8,,4.2,28.9,,,2.1999999999999993,134.6,414.0,0,0.0,30.866666666666664,100.0,-0.1435724234118113,-0.9896398128792412,7,True
2025-07-11,33.0,26.8,0.0,30.6,30.8,,,,,5.0,SW,,30.8,,3.2,29.9,,,0.0,114.19999999999999,414.0,1,0.0,32.26666666666667,95.515,-0.16057454459499376,-0.9870237158387383,7,True
2025-07-12,34.6,27.5,0.0,31.0,31.8,,,,,4.0,NE,,31.0,,4.2,31.05,,,1.6000000000000014,112.4,414.0,2,0.0,33.53333333333333,90.8575,-0.17752914918703497,-0.984115542601034,7,True
2025-07-13,35.0,27.0,2.6,28.8,32.2,,,,,6.0,NW,,30.0,,4.2,31.0,,,0.3999999999999986,114.8,416.6,0,0.0,34.199999999999996,88.8075,-0.19443122004766195,-0.9809161537413774,7,True
2025-07-14,33.0,26.2,7.4,28.6,29.6,,,,,7.0,NW,,30.0,,0.0,29.6,,,-2.0,102.0,424.0,0,0.0,34.199999999999996,91.7675,-0.2112757555821793,-0.9774264960104055,7,True
2025-07-15,30.8,25.5,36.2,26.6,30.4,,,,,6.0,SW,,28.0,,0.0,28.15,,,-2.1999999999999993,87.20000000000002,460.20000000000005,0,0.0,32.93333333333333,100.0,-0.2280577712215198,-0.9736476020539838,7,True
2025-07-16,32.2,25.5,0.2,28.6,29.4,,,,,6.0,SE,,29.0,,1.4,28.85,,,1.4000000000000021,53.40000000000001,459.2,1,0.0,32.0,95.8725,-0.24477230089725957,-0.9695805901076308,7,True
2025-07-17,34.2,25.8,0.4,30.0,32.2,,,,,6.0,SE,,30.5,,6.2,30.0,,,2.0,46.80000000000001,452.2,2,0.0,32.4,91.7725,-0.2614143985111562,-0.965226663665613,7,True
2025-07-18,34.0,25.6,0.4,28.0,31.8,,,,,6.0,SE,,30.0,,4.2,29.8,,,-0.20000000000000284,47.20000000000001,446.6,3,0.0,33.46666666666667,87.7025,-0.2779791393987801,-0.9605871111248129,7,True
2025-07-19,35.0,25.5,0.0,30.0,32.4,,,,,6.0,NE,,31.0,,5.2,30.25,,,1.0,47.20000000000001,408.40000000000003,4,0.0,34.4,83.165,-0.2944616217868012,-0.9556633054034704,7,True
2025-07-20,35.0,26.4,1.0,30.2,32.8,,,,,6.0,NE,,30.5,,0.4,30.7,,,0.0,45.60000000000001,402.8,5,0.0,34.666666666666664,79.56,-0.3108569682435036,-0.9504567035349151,7,True
2025-07-21,34.4,26.4,46.0,31.0,32.4,,,,,6.0,SW,,31.0,,6.2,30.4,,,-0.6000000000000014,84.20000000000002,448.8,0,0.0,34.800000000000004,100.0,-0.3271603271220951,-0.9449688462364056,7,True
2025-07-22,34.4,26.4,14.4,31.0,32.8,,,,,7.0,SE,,31.0,,6.0,30.4,,,0.0,62.400000000000006,463.2,0,0.0,34.6,100.0,-0.34336687399638804,-0.939201357453208,7,True
2025-07-23,36.2,27.0,0.0,31.0,34.4,,,,,7.0,SE,,32.0,,10.4,31.6,,,1.8000000000000043,62.2,461.0,1,1.0,35.0,95.26,-0.3594718130884232,-0.9331559438780432,7,True
2025-07-24,34.8,27.0,0.0,30.0,34.4,,,,,5.0,NW,,31.5,,0.0,30.9,,,-1.4000000000000057,61.800000000000004,460.8,2,1.0,35.13333333333333,90.625,-0.3754703786876202,-0.9268343944460494,7,True
2025-07-25,30.4,26.0,3.0,27.0,30.2,,,,,4.0,NW,,29.0,,0.0,28.2,,,-4.399999999999999,64.4,438.4,0,1.0,33.800000000000004,89.395,-0.3913578365610259,-0.9202385798054075,7,True
2025-07-26,33.6,25.2,37.0,30.0,31.6,,,,,3.0,SW,,31.0,,1.4,29.4,,,3.200000000000003,101.4,461.8,0,0.0,32.93333333333333,100.0,-0.4071294853542516,-0.9133704517637858,7,True
2025-07-27,33.5,26.0,1.0,29.8,31.4,,,,,5.5,SE,,30.5,,2.6,29.75,,,-0.10000000000000142,101.4,433.0,1,0.0,32.5,96.5375,-0.4227806579826773,-0.9062320427107697,7,True
2025-07-28,32.2,26.4,6.0,29.0,31.4,,,,,5.0,NW,,30.0,,0.0,29.3,,,-1.2999999999999972,61.400000000000006,436.8,0,0.0,33.1,98.1425,-0.4383067230125192,-0.898825465016444,7,True
2025-07-29,32.2,26.0,23.2,28.0,31.2,,,,,7.0,NW,,29.5,,0.0,29.1,,,0.0,70.2,356.59999999999997,0,0.0,32.63333333333333,100.0,-0.45370308603134424,-0.8911529104063088,7,True
2025-07-30,32.0,26.0,1.8,27.0,31.4,,,,,7.0,SE,,29.4,,0.0,29.0,,,-0.20000000000000284,72.0,339.8,1,0.0,32.13333333333333,97.45,-0.46896519100763184,-0.8832166493127127,7,True
2025-07-31,32.0,26.0,15.0,27.6,31.6,,,,,7.0,SW,,29.0,,0.0,29.0,,,0.0,87.0,341.2,0,0.0,32.06666666666667,100.0,-0.48408852163897587,-0.8750190302029955,7,True
2025-08-01,34.4,26.0,3.2,29.6,32.8,88.0,70.0,27.049999999999997,35.760000000000005,5.0,SW,4.2,30.0,,3.8,30.2,79.0,0.9013164389215849,2.3999999999999986,87.2,334.59999999999997,0,0.0,32.800000000000004,100.0,-0.4990686026885319,-0.8665624788845385,8,True
2025-08-02,34.8,26.2,3.4,28.6,32.6,92.0,74.0,27.299999999999997,36.28,4.0,SE,3.4,30.0,,3.4,30.5,83.0,0.7422674844852498,0.3999999999999986,53.60000000000001,336.8,0,0.0,33.73333333333333,100.0,-0.5139010013093103,-0.8578494977869301,8,True
2025-08-03,35.0,26.4,11.2,29.4,32.8,91.0,72.0,27.4,36.504999999999995,5.0,SW,3.4,30.0,,3.2,30.7,81.5,0.8170393711653459,0.20000000000000284,63.800000000000004,327.6,0,0.0,34.73333333333333,100.0,-0.5285813283559292,-0.8488826652214553,8,True
2025-08-04,33.5,26.2,1.2,29.6,33.2,88.0,69.0,27.15,35.965,5.0,SE,2.4,30.0,,0.8,29.85,78.5,0.9044395165395411,-1.5,59.00000000000001,327.0,1,0.0,34.43333333333333,99.52,-0.5431052396834317,-0.8396646346181327,8,True
2025-08-05,33.5,26.5,0.0,28.6,32.6,92.0,72.0,27.0,35.65,5.0,SW,1.5,29.5,,0.5,30.0,82.0,0.7637517105766226,0.0,35.80000000000001,326.8,2,0.0,34.0,98.47,-0.5574684374327892,-0.8301981337405212,8,True
2025-08-06,32.0,23.5,25.4,26.0,31.6,97.0,61.0,24.299999999999997,30.43,4.0,SW,1.8,28.5,,0.0,27.75,79.0,0.782303626448806,-1.5,59.400000000000006,332.0,0,0.0,33.0,100.0,-0.5716666713027052,-0.8204859638785327,8,True
2025-08-07,31.8,23.5,0.0,28.0,31.4,80.0,61.0,23.65,29.23,4.0,NW,1.6,28.6,,0.0,27.65,70.5,1.0925557851170533,-0.1999999999999993,44.400000000000006,281.0,1,0.0,32.43333333333334,98.88,-0.5856957398073508,-0.8105309990194823,8,True
2025-08-08,30.4,23.5,44.6,25.0,29.0,100.0,91.0,26.15,33.975,4.0,SW,2.5,27.5,,0.4,26.95,95.5,0.15997027910906914,-1.4000000000000021,85.80000000000001,291.6,0,0.0,31.400000000000002,100.0,-0.5995514915196489,-0.8003361849976323,8,True
2025-08-09,33.4,26.0,0.8,30.0,32.4,77.0,61.0,24.65,31.05,4.0,SW,2.5,30.0,,5.5,29.7,69.0,1.292885130961377,3.0,83.20000000000002,285.4,1,0.0,31.866666666666664,99.05,-0.6132298262997502,-0.7899045386224707,8,True
2025-08-10,34.0,26.0,2.0,30.0,32.8,80.0,64.0,25.65,32.93,5.0,SW,2.6,30.0,,7.2,30.0,72.0,1.1880582164525237,0.6000000000000014,74.00000000000001,287.4,2,0.0,32.6,99.23,-0.6267266965083301,-0.7792391467859886,8,True
2025-08-11,35.4,26.0,0.0,30.0,33.8,88.0,61.0,26.6,34.894999999999996,6.0,SW,3.2,30.4,,7.6,30.7,74.5,1.126189403498179,1.3999999999999986,72.80000000000001,287.4,3,0.0,34.26666666666666,96.99,-0.6400381082043503,-0.7683431655492202,8,True
2025-08-12,35.0,27.4,0.0,31.0,32.8,81.0,70.0,27.049999999999997,35.760000000000005,7.0,SW,3.0,30.5,,3.0,31.2,75.5,1.1132798987281243,-0.3999999999999986,72.80000000000001,284.79999999999995,4,0.0,34.800000000000004,94.89,-0.65316012232693,-0.7572198192083127,8,True
2025-08-13,33.8,25.4,75.6,30.0,32.8,77.0,63.0,25.2,32.055,7.0,SW,3.5,30.5,,3.0,29.599999999999998,70.0,1.2440044950360163,-1.2000000000000028,123.0,353.0,0,0.0,34.73333333333333,100.0,-0.666088855860977,-0.7458723993404063,8,True
2025-08-14,32.5,25.0,0.0,30.2,31.8,73.0,62.0,24.3,30.38,7.0,SW,2.6,30.4,,2.4,28.75,67.5,1.2831548179281844,-1.2999999999999972,123.0,316.8,1,0.0,33.76666666666666,98.18,-0.6788204829862357,-0.734304263829602,8,True
2025-08-15,31.8,25.0,9.6,30.0,31.4,73.0,66.0,24.450000000000003,30.645000000000003,7.0,ENE,3.5,30.5,,0.0,28.4,69.5,1.1800034335412743,-0.6999999999999993,88.0,326.20000000000005,0,0.0,32.699999999999996,100.0,-0.6913512362094071,-0.722518835873311,8,True
2025-08-16,33.2,25.4,8.0,30.4,31.8,68.0,64.0,23.950000000000003,29.740000000000002,6.0,SE,3.2,30.0,,5.0,29.3,66.0,1.3857207299587344,1.4000000000000021,95.19999999999999,333.8,0,0.0,32.50000000000001,100.0,-0.7036774074790128,-0.7105196029692745,8,True
2025-08-17,33.2,26.0,0.0,28.8,32.8,88.0,67.0,26.200000000000003,34.015,6.0,SE,3.5,30.5,,6.4,29.6,77.5,0.9330033712770123,0.0,93.19999999999999,333.40000000000003,1,0.0,32.733333333333334,97.55,-0.7157953492826642,-0.6983101158835584,8,True
2025-08-18,31.8,26.0,3.2,28.6,30.8,88.0,,26.4,34.41,6.0,SW,3.0,29.4,,,28.9,,,-1.4000000000000021,96.39999999999999,336.6,0,0.0,32.733333333333334,98.65,-0.7277014757264236,-0.6858939875998223,8,True
2025-08-19,31.0,25.8,8.6,28.4,28.8,83.0,,25.3,32.24,6.0,SE,2.5,29.5,,,28.4,,,-0.8000000000000007,105.0,344.2,0,0.0,32.0,100.0,-0.7393922635959241,-0.673274892250183,8,True
2025-08-20,30.0,25.5,12.5,28.4,28.8,,,,,6.0,SE,2.6,28.5,,,27.75,,,-1.0,41.9,310.7,0,0.0,30.933333333333334,100.0,-0.7508642533989489,-0.6604565640279754,8,True
2025-08-21,29.0,25.0,0.0,28.6,28.4,,,,,6.0,SE,2.4,28.8,,,27.0,,,-1.0,41.9,296.29999999999995,1,0.0,30.0,98.32,-0.7621140503891487,-0.6474427960827475,8,True
2025-08-22,28.0,24.0,38.5,25.6,26.6,,,,,7.0,SE,2.4,26.8,,,26.0,,,-1.0,70.8,334.79999999999995,0,0.0,29.0,100.0,-0.7731383255706027,-0.6342374393978054,8,True
2025-08-23,28.0,24.0,22.0,25.2,26.4,,,,,4.0,SE,3.0,26.0,,,26.0,,,0.0,84.8,356.79999999999995,0,0.0,28.333333333333332,100.0,-0.7839338166829201,-0.620844401650647,8,True
2025-08-24,30.0,24.0,17.0,26.0,28.8,,,,,4.0,SE,2.5,26.5,,,27.0,,,2.0,101.8,370.79999999999995,0,0.0,28.666666666666668,100.0,-0.7944973291665992,-0.6072676460566135,8,True
2025-08-25,31.8,24.8,2.8,28.0,28.8,,,,,6.0,SE,2.4,28.0,,1.4,28.3,,,1.8000000000000007,101.39999999999999,336.59999999999997,0,0.0,29.933333333333337,100.0,-0.8048257371083452,-0.593511190196115,8,True
2025-08-26,32.8,25.8,0.2,29.0,30.8,,,,,6.0,NE,2.6,28.8,,5.0,29.299999999999997,,,0.9999999999999964,93.0,335.79999999999995,1,0.0,31.53333333333333,98.38,-0.8149159841660791,-0.5795791048257612,8,True
2025-08-27,32.6,25.6,2.2,29.0,30.8,,,,,6.0,NE,2.2,28.8,,5.2,29.1,,,-0.19999999999999574,82.7,332.0,2,0.0,32.4,99.04,-0.8247650844733614,-0.5654755126737576,8,True
2025-08-28,32.8,26.0,0.8,30.0,30.8,,,,,7.0,NE,2.5,29.8,,5.4,29.4,,,0.19999999999999574,83.5,309.59999999999997,3,0.0,32.733333333333334,98.09,-0.8343701235229537,-0.5512045872199277,8,True
2025-08-29,32.0,25.2,10.0,28.6,30.4,,,,,5.0,NE,2.4,28.4,,1.0,28.6,,,-0.7999999999999972,55.0,317.79999999999995,0,0.0,32.46666666666667,100.0,-0.8437282590292712,-0.5367705514607103,8,True
2025-08-30,33.0,25.0,1.4,29.0,30.8,,,,,7.0,NE,1.8,25.5,,8.0,29.0,,,1.0,34.4,304.2,1,0.0,32.6,100.0,-0.8528367217694595,-0.522177676659508,8,True
2025-08-31,33.5,26.0,0.0,29.4,31.6,,,,,6.0,NE,2.0,28.6,,8.5,29.75,,,0.5,17.4,301.0,2,0.0,32.833333333333336,98.6,-0.8616928164028521,-0.5074302810827518,8,True
2025-09-01,34.0,26.0,0.0,30.4,31.8,76.0,71.0,25.75,33.114999999999995,5.0,NE,3.4,30.5,,4.8,30.0,73.5,1.1244122405711385,0.5,14.6,297.6,3,0.0,33.5,96.22,-0.8702939222685674,-0.49253272872205434,9,True
2025-09-02,32.6,24.6,26.8,26.0,30.4,97.0,79.0,25.799999999999997,33.22,5.0,NE,2.0,28.5,,0.0,28.6,88.0,0.46968111584158123,-1.3999999999999986,41.2,313.20000000000005,0,0.0,33.36666666666667,100.0,-0.8786374941610001,-0.4774894280028391,9,True
2025-09-03,31.0,26.0,3.2,28.0,28.4,87.0,88.0,25.95,33.515,6.0,NE,2.0,28.5,,0.0,28.5,87.5,0.486422441398152,-1.6000000000000014,42.199999999999996,315.2,0,0.0,32.53333333333333,100.0,-0.886721063082993,-0.46230483047981086,9,True
2025-09-04,32.0,25.0,22.0,28.4,31.0,94.0,71.0,26.200000000000003,34.07,5.0,NE,2.4,28.4,,1.4,28.5,82.5,0.6809914179574129,1.0,63.4,337.2,0,0.0,31.866666666666664,100.0,-0.8945422369764496,-0.4469834295196742,9,True
2025-09-05,34.0,25.0,7.6,28.6,32.6,92.0,68.0,26.549999999999997,34.739999999999995,5.0,SW,3.2,28.4,,6.6,29.5,80.0,0.824577093876236,2.0,61.0,319.4,0,0.0,32.333333333333336,100.0,-0.9020987014301837,-0.4315297589714715,9,True
2025-09-06,33.6,25.5,0.2,29.6,32.6,88.0,68.0,26.65,34.945,5.0,SW,3.2,30.0,,6.0,29.55,78.0,0.9096491074734311,-0.3999999999999986,59.8,319.6,1,0.0,33.199999999999996,97.96,-0.9093882203647925,-0.4159483918249421,9,True
2025-09-07,34.0,25.8,0.0,29.8,32.8,92.0,,28.4,38.69,5.0,SE,3.4,30.0,,6.2,29.9,,,0.3999999999999986,59.8,275.0,2,0.0,33.86666666666667,95.58,-0.9164086366943458,-0.4002439388573056,9,True
2025-09-08,34.5,25.8,0.0,30.6,33.4,79.0,,26.4,34.21,5.0,SE,3.4,30.5,,6.6,30.15,,,0.5,59.8,274.20000000000005,3,0.0,34.03333333333333,93.2,-0.9231578729647039,-0.38442104726885545,9,True
2025-09-09,34.6,25.6,1.4,30.8,32.6,76.0,,26.0,33.61,6.0,SE,3.6,30.5,,7.0,30.1,,,0.10000000000000142,34.400000000000006,273.6,4,0.0,34.36666666666667,92.08,-0.9296339319682695,-0.3684843993077793,9,True
2025-09-10,34.5,26.0,0.0,30.0,32.4,87.0,,27.5,36.71,5.0,SE,3.8,30.5,,7.6,30.25,,,-0.10000000000000142,31.2,273.6,5,0.0,34.53333333333333,89.42,-0.9358348973349941,-0.35243871088460327,9,True
2025-09-11,34.0,26.2,0.0,31.0,32.6,79.0,,26.8,35.23,6.0,SW,3.2,31.0,,,30.1,,,-0.5,9.2,273.6,6,0.0,34.36666666666667,87.18,-0.9417589340994617,-0.33628873017668287,9,True
2025-09-12,33.0,26.4,4.4,30.8,31.8,81.0,,27.2,36.07,5.0,SE,3.4,30.0,,,29.7,,,-1.0,6.0,202.4,0,0.0,33.833333333333336,89.2,-0.9474042892438845,-0.32003923622313857,9,True
2025-09-13,32.0,26.4,0.0,28.6,31.2,91.0,,26.9,35.44,4.0,SE,3.0,29.8,,,29.2,,,-1.0,5.8,202.4,1,0.0,33.0,87.1,-0.9527692922168511,-0.30369503751065885,9,True
2025-09-14,32.0,26.0,3.6,28.6,31.0,91.0,,26.9,35.44,4.0,SE,3.0,29.6,,,29.0,,,0.0,9.4,196.4,0,0.0,32.333333333333336,88.6,-0.9578523554276669,-0.28726097055059635,9,True
2025-09-15,31.0,25.6,0.4,28.0,30.4,92.0,,26.6,34.82,4.0,SE,3.2,29.5,,,28.3,,,-1.0,9.8,188.8,1,0.0,31.666666666666668,86.76,-0.9626519747161487,-0.2707418984477642,9,True
2025-09-16,31.2,24.5,30.2,28.4,30.4,,,,,5.0,SE,3.2,30.5,,,27.85,,,0.1999999999999993,38.6,219.0,0,0.0,31.400000000000002,100.0,-0.9671667297977312,-0.2541427094613622,9,True
2025-09-17,32.5,24.6,0.8,29.0,31.2,,,,,4.0,SE,3.5,29.5,,5.0,28.55,,,1.3000000000000007,39.4,216.6,1,0.0,31.566666666666666,98.35,-0.97139528468375,-0.23746831555846842,9,True
2025-09-18,33.8,25.5,0.0,29.4,33.2,,,,,5.0,SE,4.0,29.5,,8.2,29.65,,,1.2999999999999972,39.4,208.0,2,0.0,32.5,95.55,-0.9753363880767837,-0.2207236509605022,9,True
2025-09-19,34.0,26.0,0.0,31.0,32.8,,,,,4.0,SE,3.0,30.5,,3.2,30.0,,,0.20000000000000284,35.0,195.5,3,0.0,33.43333333333333,93.45,-0.9789888737409319,-0.20391367068311472,9,True
2025-09-20,33.5,26.0,0.4,30.0,31.8,,,,,4.0,NE,3.0,30.5,,3.6,29.75,,,-0.5,35.4,195.9,4,0.0,33.766666666666666,91.75,-0.9823516608469237,-0.18704334906991657,9,True
2025-09-21,34.0,26.4,6.0,29.8,32.4,,,,,5.0,NW,3.0,29.8,,3.6,30.2,,,0.5,37.8,163.4,0,0.0,33.833333333333336,95.65,-0.9854237542919524,-0.17011767832049052,9,True
2025-09-22,33.0,24.4,36.4,28.0,31.4,,,,,5.0,NW,2.0,29.5,,,28.7,,,-1.0,73.8,177.79999999999998,0,0.0,33.5,100.0,-0.9882042449941422,-0.15314166701312007,9,True
2025-09-23,31.0,24.6,32.6,26.5,26.0,,,,,6.0,NW,2.2,28.5,,0.0,27.8,,,-2.0,76.19999999999999,193.39999999999998,0,0.0,32.666666666666664,100.0,-0.9906923101615609,-0.13612033862266704,9,True
2025-09-24,32.5,24.0,76.2,28.4,31.8,,,,,5.0,NE,2.0,28.5,,5.5,28.25,,,1.5,151.60000000000002,266.8,0,0.0,32.166666666666664,100.0,-0.9928872135356962,-0.11905873003404988,9,True
2025-09-25,32.5,24.5,4.2,3.0,32.8,,,,,4.0,SE,3.5,29.5,,8.8,28.5,,,0.0,155.8,270.8,0,0.0,32.0,100.0,-0.994788305609327,-0.10196189005174576,9,True
2025-09-26,32.5,26.0,7.8,29.6,31.6,,,,,5.0,SE,3.5,30.5,,,29.25,,,0.0,163.60000000000002,276.4,0,0.0,32.5,100.0,-0.9963950238187231,-0.08483487790576538,9,True
2025-09-27,31.0,25.4,33.0,29.8,30.8,,,,,5.0,SE,3.0,30.5,,,28.2,,,-1.5,196.2,308.6,0,0.0,32.0,100.0,-0.9977068927101168,-0.06768276175455162,9,True
2025-09-28,32.5,25.5,4.0,31.0,31.8,,,,,4.0,SE,4.2,31.0,,8.0,29.0,,,1.5,194.2,302.6,0,0.0,32.0,100.0,-0.9987235240803972,-0.050510617185222886,9,True
2025-09-29,33.5,26.5,0.4,31.8,32.2,,,,,4.0,NW,4.2,30.8,,8.0,30.0,,,1.0,158.20000000000002,301.59999999999997,1,0.0,32.333333333333336,97.46,-0.9994446170919858,-0.033323525711631344,9,True
2025-09-30,35.0,26.0,0.0,31.0,31.0,,,,,5.0,NW,4.0,31.0,,9.0,30.5,,,1.5,125.60000000000001,301.59999999999997,2,0.0,33.666666666666664,94.66,-0.9998699583618592,-0.016126573270657762,9,True
2025-10-01,33.8,25.8,0.0,32.4,33.8,70.0,,26.3,34.21,4.0,SE,,31.0,,5.5,29.799999999999997,,,-1.2000000000000028,49.40000000000001,301.59999999999997,3,0.0,34.1,90.19,-0.9999994220246925,0.001075151282798226,10,True
2025-10-02,30.5,25.6,14.4,28.0,30.4,83.0,,24.9,31.48,4.0,ESE,,28.5,,0.0,28.05,,,-3.299999999999997,59.60000000000001,289.2,0,0.0,33.1,100.0,-0.999832969770105,0.018276557681691223,10,True
2025-10-03,29.5,26.0,21.4,28.0,29.4,92.0,,26.6,34.82,5.0,SE,,28.0,,2.8,27.75,,,-1.0,73.20000000000002,307.4,0,0.0,31.266666666666666,100.0,-0.9993706508539969,0.03547255575312556,10,True
2025-10-04,31.0,,20.2,27.0,29.8,84.0,,24.1,30.01,6.0,SE,,29.5,,2.4,28.4,,,1.5,60.40000000000001,305.59999999999997,0,0.0,30.333333333333332,100.0,-0.9986126020839734,0.052658056924614005,10,True
2025-10-05,31.5,24.0,0.4,26.0,30.4,97.0,,25.4,32.43,6.0,SE,,29.5,,4.4,27.75,,,0.5,56.80000000000001,298.40000000000003,1,0.0,30.666666666666668,96.2375,-0.9975590477788613,0.06982797572987089,10,True
2025-10-06,31.5,23.5,1.2,25.4,30.6,97.0,,24.8,31.29,4.0,SE,,27.5,,3.3,27.5,,,0.0,57.600000000000016,299.4,2,0.0,31.333333333333332,93.3125,-0.9962102997023297,0.0869772313136861,10,True
2025-10-07,32.2,23.6,0.0,26.4,30.8,100.0,,26.4,34.14,4.0,SE,,28.5,,4.5,27.900000000000002,,,0.7000000000000028,57.600000000000016,299.4,3,0.0,31.733333333333334,89.1275,-0.9945667569706337,0.1041007489354256,10,True
2025-10-08,32.2,24.5,1.8,27.0,31.4,92.0,,25.6,32.82,5.0,NW,,28.5,,4.2,28.35,,,0.0,59.40000000000001,301.2,4,0.0,31.96666666666667,86.675,-0.9926289059345095,0.12119346147073601,10,True
2025-10-09,33.0,24.5,0.0,28.0,32.8,87.0,,25.7,33.02,4.0,NE,,28.0,,4.8,28.75,,,0.7999999999999972,45.000000000000014,299.8,5,0.0,32.46666666666667,82.3625,-0.9903973200352558,0.13825031091098192,10,True
2025-10-10,32.0,24.4,0.0,28.6,31.2,80.0,,24.9,31.48,5.0,NE,,28.5,,5.2,28.2,,,-1.0,23.600000000000012,299.8,6,0.0,32.4,78.1325,-0.9878726596350429,0.15526624985999563,10,True
2025-10-11,31.4,23.5,24.1,27.0,30.8,84.0,,24.1,30.01,4.0,NE,,28.0,,6.8,27.45,,,-0.6000000000000014,27.500000000000014,323.9,0,0.0,32.13333333333333,98.115,-0.9850556718215013,0.172236243027682,10,True
2025-10-12,31.5,23.5,0.0,27.4,31.4,83.0,,24.2,30.19,5.0,NE,,28.0,,8.6,27.5,,,0.10000000000000142,27.100000000000016,319.5,1,0.0,31.633333333333336,93.99,-0.981947190186646,0.18915526872004093,10,True
2025-10-13,31.5,23.0,0.0,27.4,31.4,81.0,,23.9,29.65,5.0,NE,,28.0,,7.0,27.25,,,0.0,25.900000000000013,319.5,2,0.0,31.46666666666667,89.9025,-0.9785481345802031,0.20601832032517084,10,True
2025-10-14,31.5,22.5,0.0,26.0,31.2,81.0,,22.9,27.92,4.0,NE,,27.6,,7.5,27.0,,,0.0,25.900000000000013,315.9,3,0.0,31.5,85.8525,-0.9748595108374125,0.22282040779479959,10,True
2025-10-15,32.0,21.5,0.0,26.0,31.4,74.0,,21.3,25.32,5.0,NE,,27.6,,8.8,26.75,,,0.5,24.100000000000016,315.5,4,0.0,31.666666666666668,81.84,-0.9708824104813836,0.2395565591209271,10,True
2025-10-16,31.0,21.5,0.0,26.0,30.4,72.0,,20.5,24.11,5.0,NE,,27.0,,8.2,26.25,,,-1.0,24.100000000000016,285.29999999999995,5,0.0,31.5,77.9025,-0.9666180104000972,0.2562218218071163,10,True
2025-10-17,32.0,22.2,0.0,27.0,30.2,55.0,,22.6,29.41,4.0,NE,,27.5,,7.0,27.1,,,1.0,24.100000000000016,284.5,6,0.0,31.666666666666668,73.8375,-0.9620675724981452,0.27281126433401914,10,True
2025-10-18,33.0,22.5,0.0,27.4,30.4,,,,,4.0,NE,,27.5,,8.0,27.75,,,1.0,0.0,284.5,7,0.0,32.0,69.675,-0.957232443323312,0.2893199776186952,10,True
2025-10-19,33.0,23.5,0.0,30.4,30.6,,,,,4.0,NE,,27.5,,8.0,28.25,,,0.0,0.0,284.5,8,0.0,32.666666666666664,65.4375,-0.9521140536681102,0.3057430764672831,10,True
2025-10-20,33.0,23.5,0.0,28.5,30.8,85.0,,25.6,36.52,5.0,NE,,28.0,,8.4,28.25,,,0.0,0.0,284.09999999999997,9,0.0,33.0,61.2,-0.9467139181463862,0.3220757010206104,10,True
2025-10-21,32.5,22.5,0.0,28.0,31.8,,,,,4.0,NE,,27.5,,7.2,27.5,,,-0.5,0.0,278.09999999999997,10,0.0,32.833333333333336,57.075,-0.9410336347451197,0.3383130181923075,10,True
2025-10-22,33.0,22.5,0.0,28.0,31.8,,,,,4.0,NE,,27.5,,8.8,27.75,,,0.5,0.0,241.70000000000002,11,0.0,32.833333333333336,52.9125,-0.9350748843515574,0.3544502230989869,10,True
2025-10-23,32.8,22.5,0.0,29.6,31.8,73.0,,24.1,30.01,4.0,NE,,27.4,,6.8,27.65,,,-0.20000000000000284,0.0,209.10000000000002,12,0.0,32.766666666666666,48.765,-0.9288394302558068,0.3704825404820963,10,True
2025-10-24,32.8,23.0,0.0,28.0,31.4,77.0,,23.0,29.3,4.0,NE,,27.5,,6.4,27.9,,,0.0,0.0,132.9,13,0.0,32.86666666666667,44.58,-0.9223291176290545,0.3864052261209853,10,True
2025-10-25,33.0,22.5,0.0,28.0,31.6,77.0,,23.7,29.3,5.0,NE,,27.5,,7.8,27.75,,,0.20000000000000284,0.0,128.70000000000002,14,0.0,32.86666666666667,40.4175,-0.9155458729775467,0.40221356823680365,10,True
2025-10-26,33.8,23.5,0.0,26.2,32.6,,,,,5.0,NE,,27.0,,7.4,28.65,,,0.7999999999999972,0.0,120.9,15,0.0,33.199999999999996,36.12,-0.9084917035725082,0.41790288888678667,10,True
2025-10-27,33.2,23.8,0.0,28.6,32.2,,,,,6.0,NE,,28.4,,5.4,28.5,,,-0.5999999999999943,0.0,87.9,16,0.0,33.333333333333336,31.845,-0.9011686968561569,0.4334685453485363,10,True
2025-10-28,33.2,23.8,0.0,30.0,32.4,,,,,6.0,NE,,28.5,,4.4,28.5,,,0.0,0.0,83.9,17,0.0,33.4,27.57,-0.8935790198239952,0.4489059314938798,10,True
2025-10-29,31.2,24.0,26.0,28.0,28.0,,,,,7.0,NE,,27.5,,0.0,27.6,,,-2.0000000000000036,26.000000000000014,109.5,0,0.0,32.53333333333334,49.43,-0.8857249183835637,0.4642104791518923,10,True
2025-10-30,30.6,23.6,16.0,26.5,29.9,,,,,6.0,SE,,27.0,,1.0,27.1,,,-0.5999999999999979,42.000000000000014,125.5,0,0.0,31.666666666666668,61.365,-0.8776087166898392,0.4793776594606945,10,True
2025-10-31,29.0,24.0,1.8,29.0,,,,,,6.0,SE,,28.0,,,26.5,,,-1.6000000000000014,43.80000000000001,127.3,1,0.0,30.266666666666666,59.19,-0.8692328164574792,0.4944029842076182,10,True
2025-11-01,32.8,25.0,0.0,28.0,31.2,87.0,,25.7,33.02,5.0,NW,,28.5,,4.5,28.9,,,3.799999999999997,43.80000000000001,112.9,2,0.0,30.799999999999997,54.855,-0.8605996962501181,0.5092820071573356,11,True
2025-11-02,32.0,25.4,0.0,28.4,30.2,85.0,,25.6,32.82,4.0,NW,,28.5,,0.5,28.7,,,-0.7999999999999972,43.80000000000001,91.5,3,0.0,31.266666666666666,50.55,-0.8517119107469189,0.5240103253675756,11,True
2025-11-03,30.2,21.5,0.0,26.0,29.2,84.0,,23.1,28.26,4.0,NW,,26.0,,5.5,25.85,,,-1.8000000000000007,43.80000000000001,71.30000000000001,4,0.0,31.666666666666668,46.6725,-0.8425720899866032,0.5385835804920232,11,True
2025-11-04,29.8,19.6,0.0,23.0,26.2,70.0,,17.2,19.61,4.0,NW,,25.5,,2.5,24.700000000000003,,,-0.3999999999999986,43.80000000000001,70.9,5,0.0,30.666666666666668,42.9675,-0.8331829385891785,0.5529974600700271,11,True
2025-11-05,31.0,19.6,0.0,24.0,26.8,67.0,,17.6,20.12,4.0,NW,,23.0,,7.2,25.3,,,1.1999999999999993,17.800000000000015,69.7,6,0.0,30.333333333333332,39.1725,-0.8235472349556007,0.5672476988027229,11,True
2025-11-06,31.2,20.0,0.0,24.0,30.8,75.0,,19.3,22.58,4.0,NW,,23.5,,7.0,25.6,,,0.1999999999999993,1.8000000000000143,69.7,7,0.0,30.666666666666668,35.3325,-0.8136678304455991,0.5813300798152042,11,True
2025-11-07,30.2,21.2,0.0,25.0,28.4,68.0,,19.7,21.56,5.0,NW,,24.0,,8.2,25.7,,,-1.0,0.0,67.9,8,0.0,30.8,31.4775,-0.8035476485339116,0.5952404359043674,11,True
2025-11-08,30.2,19.0,0.0,27.0,28.4,91.0,,22.5,27.25,4.0,NW,,23.0,,9.0,24.6,,,0.0,0.0,67.9,9,0.0,30.53333333333333,27.7875,-0.7931896839451843,0.6089746507720486,11,True
2025-11-09,30.0,18.5,0.0,23.4,27.2,,,,,4.0,NW,,22.5,,9.5,24.25,,,-0.1999999999999993,0.0,67.9,10,0.0,30.13333333333333,24.15,-0.7825970017677834,0.6225286602431057,11,True
2025-11-10,29.8,16.2,0.0,22.5,27.6,63.0,,15.0,17.04,4.0,NW,,21.0,,7.2,23.0,,,-0.1999999999999993,0.0,43.8,11,0.0,30.0,20.7,-0.7717727365467837,0.6358984534680745,11,True
2025-11-11,28.8,16.0,0.0,20.5,27.6,85.0,,17.2,19.49,4.0,NW,,21.0,,8.2,22.4,,,-1.0,0.0,43.8,12,0.0,29.53333333333333,17.34,-0.7607200913564104,0.6490800741100398,11,True
2025-11-12,27.8,15.5,0.0,20.6,27.4,80.0,,17.0,19.37,4.0,NW,,20.2,,9.0,21.65,,,-1.0,0.0,43.8,13,0.0,28.8,14.0925,-0.7494423368521953,0.6620696215153815,11,True
2025-11-13,27.8,15.0,0.0,20.5,26.4,73.0,,15.4,17.49,4.0,NW,,19.8,,8.0,21.4,,,0.0,0.0,43.8,14,0.0,28.133333333333336,10.8825,-0.7379428103031386,0.6748632518680403,11,True
2025-11-14,28.0,15.0,0.0,19.5,27.6,68.0,,13.5,15.47,4.0,NW,,19.5,,7.8,21.5,,,0.1999999999999993,0.0,43.8,15,0.0,27.86666666666667,7.6575,-0.7262249146041543,0.6874571793269664,11,True
2025-11-15,28.0,15.0,0.0,20.0,27.6,67.0,,13.8,15.77,4.0,NW,,19.0,,8.2,21.5,,,0.0,0.0,43.8,16,0.0,27.933333333333334,4.4325,-0.7142921172691032,0.699847677146407,11,True
2025-11-16,28.0,15.0,0.0,21.4,27.8,65.0,,14.6,16.61,4.0,NW,,20.5,,8.4,21.5,,,0.0,0.0,43.8,17,0.0,28.0,1.2075,-0.7021479494046978,0.712031078778713,11,True
2025-11-17,28.2,14.5,0.0,21.0,27.4,65.0,,14.1,16.08,4.0,NW,,19.0,,7.0,21.35,,,0.1999999999999993,0.0,43.8,18,0.0,28.066666666666666,0.0,-0.6897960046655887,0.7240037789593305,11,True
2025-11-18,29.0,14.5,0.0,21.0,27.8,73.0,,16.0,18.17,5.0,NE,,20.0,,8.0,21.75,,,0.8000000000000007,0.0,43.8,19,0.0,28.400000000000002,0.0,-0.6772399381909491,0.7357622347736525,11,True
2025-11-19,29.0,16.0,0.0,21.6,21.6,,,,,6.0,NE,,21.5,,7.6,22.5,,,0.0,0.0,43.8,20,0.0,28.733333333333334,0.0,-0.6644834655228552,0.7473029667054297,11,True
2025-11-20,30.5,16.0,0.0,22.6,22.6,,,,,6.0,NE,,22.5,,7.8,23.25,,,1.5,0.0,43.8,21,0.0,29.5,0.0,-0.6515303615068021,0.75862255966641,11,True
2025-11-21,30.0,17.0,0.0,21.0,27.8,77.0,,16.7,19.0,6.0,NE,,21.5,,6.0,23.5,,,-0.5,0.0,43.8,22,0.0,29.833333333333332,0.0,-0.6383844591746642,0.769717664006921,11,True
2025-11-22,29.5,20.5,0.0,21.6,27.6,,,,,6.0,NE,,21.5,,6.4,25.0,,,-0.5,0.0,43.8,23,0.0,30.0,0.0,-0.6250496486104377,0.7805849965070866,11,True
2025-11-23,29.0,17.0,0.0,21.2,27.8,,,,,5.0,NE,,20.0,,5.2,23.0,,,-0.5,0.0,43.8,24,0.0,29.5,0.0,-0.6115298757991053,0.7912213413483807,11,True
2025-11-24,28.0,17.0,0.0,21.0,27.4,,,,,5.0,NE,,20.0,,4.8,22.5,,,-1.0,0.0,43.8,25,0.0,28.833333333333332,0.0,-0.5978291414589552,0.801623551065242,11,True
2025-11-25,27.0,14.5,0.0,19.5,25.8,72.0,,14.2,16.19,6.0,NW,,19.0,,6.0,20.75,,,-1.0,0.0,43.8,26,0.0,28.0,0.0,-0.5839514998576998,0.8117885474764613,11,True
2025-11-26,26.8,13.4,0.0,18.5,25.4,50.0,,11.4,13.47,6.0,NE,,18.0,,7.4,20.1,,,-0.1999999999999993,0.0,43.8,27,0.0,27.266666666666666,0.0,-0.5699010576127624,0.821713322596059,11,True
2025-11-27,27.8,13.2,0.0,20.5,27.2,82.0,,17.1,19.49,6.0,NE,,18.5,,7.0,20.5,,,1.0,0.0,43.8,28,0.0,27.2,0.0,-0.5556819724760489,0.8313949395234058,11,True
2025-11-28,28.8,13.2,0.0,20.0,27.6,81.0,,16.7,19.0,6.0,NE,,19.0,,8.4,21.0,,,1.0,0.0,17.8,29,0.0,27.8,0.0,-0.5412984521036173,0.8408305333122887,11,True
2025-11-29,28.5,13.0,0.0,20.0,27.4,81.0,,16.7,19.0,5.0,NE,,19.0,,7.0,20.75,,,-0.3000000000000007,0.0,1.8,30,0.0,28.36666666666667,0.0,-0.5267547528105542,0.8500173118187018,11,True
2025-11-30,28.0,14.0,0.0,21.0,26.4,,,,,5.0,NE,,19.2,,7.4,21.0,,,-0.5,0.0,0.0,31,0.0,28.433333333333334,0.0,-0.5120551783114646,0.8589525565270845,11,True
2025-12-01,27.5,15.0,0.0,21.0,25.4,73.0,54.0,15.75,17.835,5.0,NE,,21.0,,1.0,21.25,63.5,0.9217904797432767,-0.5,0.0,0.0,32,0.0,28.0,0.0,-0.4972040784469378,0.8676336233547726,12,True
2025-12-02,28.0,15.5,0.0,21.8,26.4,62.0,55.0,15.95,18.134999999999998,5.0,NE,,21.0,,3.4,21.75,58.5,1.0806227935340222,0.5,0.0,0.0,33,0.0,27.833333333333332,0.0,-0.4822058478963526,0.8760579434344281,12,True
2025-12-03,26.8,16.5,0.0,21.2,24.6,65.0,53.0,14.45,16.45,5.0,NE,,20.2,,0.4,21.65,59.0,1.0611008294345083,-1.1999999999999993,0.0,0.0,34,0.0,27.433333333333337,0.0,-0.46706492487743034,0.8842230238742036,12,True
2025-12-04,26.5,13.4,0.0,21.2,26.0,59.0,38.0,11.75,13.815,4.0,NW,,19.0,,5.4,19.95,48.5,1.2004926791497266,-0.3000000000000007,0.0,0.0,35,0.0,27.100000000000005,0.0,-0.451785789832884,0.8921264484954345,12,True
2025-12-05,26.2,13.0,0.0,19.5,24.8,60.0,34.0,9.65,12.06,6.0,NW,,18.0,,7.5,19.6,47.0,1.2089330596807002,-0.3000000000000007,0.0,0.0,36,0.0,26.5,0.0,-0.4363729641045924,0.8997658785476209,12,True
2025-12-06,26.4,11.8,0.0,19.0,25.2,70.0,35.0,10.95,13.23,6.0,NW,,18.2,,8.0,19.1,52.5,1.0502913261528461,0.1999999999999993,0.0,0.0,37,0.0,26.366666666666664,0.0,-0.42083100859565564,0.9071390534005044,12,True
2025-12-07,25.8,12.8,0.0,19.8,24.8,72.0,43.0,13.05,15.094999999999999,6.0,NW,,17.4,,8.4,19.3,57.5,0.951514702987029,-0.5999999999999979,0.0,0.0,38,0.0,26.133333333333336,0.0,-0.4051645224207563,0.9142437912130223,12,True
2025-12-08,26.2,12.2,0.0,19.4,25.0,61.0,,11.8,13.87,6.0,NW,,17.0,,3.2,19.2,,,0.3999999999999986,0.0,0.0,39,0.0,26.13333333333333,0.0,-0.3893781415452015,0.9210779895789526,12,True
2025-12-09,26.6,13.5,0.0,18.0,25.8,71.0,,12.6,14.58,6.0,NW,,17.0,,5.6,20.05,,,0.40000000000000213,0.0,0.0,40,0.0,26.200000000000003,0.0,-0.37347653741307074,0.9276396261490467,12,True
2025-12-10,26.6,13.0,0.0,17.8,25.8,69.0,,12.0,14.2,5.0,NW,,17.0,,,19.8,,,0.0,0.0,0.0,41,0.0,26.46666666666667,0.0,-0.3574644155648614,0.9339267592294762,12,True
2025-12-11,26.4,12.4,0.0,18.0,25.4,53.0,,8.3,10.94,4.0,NW,,16.8,,6.8,19.4,,,-0.20000000000000284,0.0,0.0,42,0.0,26.53333333333333,0.0,-0.34134651424503615,0.9399375283564133,12,True
2025-12-12,26.0,12.5,0.0,17.0,25.4,76.0,,12.6,14.78,5.0,NW,,16.5,,1.4,19.25,,,-0.3999999999999986,0.0,0.0,43,0.0,26.333333333333332,0.0,-0.3251276029999093,0.9456701548465688,12,True
2025-12-13,26.0,14.0,0.0,18.0,25.6,75.0,,13.4,15.4,5.0,NW,,17.0,,2.8,20.0,,,0.0,0.0,0.0,44,0.0,26.13333333333333,0.0,-0.30881248126625377,0.9511229423235357,12,True
2025-12-14,26.5,14.5,0.0,18.6,25.4,79.0,,14.8,16.82,5.5,NW,,17.2,,7.0,20.5,,,0.5,0.0,0.0,45,0.0,26.166666666666668,0.0,-0.29240597695107734,0.9562942772197719,12,True
2025-12-15,26.8,13.5,0.0,19.0,25.4,72.0,,13.8,15.77,4.0,NW,,18.0,,6.4,20.15,,,0.3000000000000007,0.0,0.0,46,0.0,26.433333333333337,0.0,-0.27591294500296043,0.9611826292540837,12,True
2025-12-16,26.0,14.5,0.0,19.0,25.2,77.0,,13.8,15.77,4.0,NW,,18.0,,3.4,20.25,,,-0.8000000000000007,0.0,0.0,47,0.0,26.433333333333337,0.0,-0.2593382659754056,0.9657865518844574,12,True
2025-12-17,25.0,14.0,0.0,18.0,24.6,80.0,,14.6,16.67,4.0,NW,,17.5,,0.0,19.5,,,-1.0,0.0,0.0,48,0.0,25.933333333333337,0.0,-0.2426868445825954,0.9701046827361175,12,True
2025-12-18,25.8,13.5,0.0,18.5,23.6,77.0,,14.2,16.19,4.0,NW,,17.5,,1.0,19.65,,,0.8000000000000007,0.0,0.0,49,0.0,25.599999999999998,0.0,-0.22596360824801906,0.974135744004672,12,True
2025-12-19,25.8,14.0,0.0,18.0,23.4,84.0,,15.3,17.38,4.0,NW,,18.0,,0.0,19.9,,,0.0,0.0,0.0,50,0.0,25.53333333333333,0.0,-0.20917350564635637,0.9778785428342386,12,True
2025-12-20,25.5,13.5,0.0,15.0,23.8,93.0,,13.9,15.87,4.0,NW,,18.5,,0.0,19.5,,,-0.3000000000000007,0.0,0.0,51,0.0,25.7,0.0,-0.19232150523909483,0.9813319716704275,12,True
2025-12-21,25.0,13.0,0.0,15.4,23.4,91.0,,14.0,15.98,4.0,NW,,17.2,,0.0,19.0,,,-0.5,0.0,0.0,52,0.0,25.433333333333337,0.0,-0.17541259380427843,0.9844950085880858,12,True
2025-12-22,24.6,12.5,0.0,16.0,23.4,83.0,,13.1,15.7,4.0,NW,,17.0,,4.5,18.55,,,-0.3999999999999986,0.0,0.0,53,0.0,25.03333333333333,0.0,-0.15845177496083632,0.9873667175937016,12,True
2025-12-23,25.4,13.5,0.0,18.0,24.6,71.0,,12.6,14.58,5.0,NE,,17.4,,4.0,19.45,,,0.7999999999999972,0.0,0.0,54,0.0,25.0,0.0,-0.14144406768794202,0.9899462489023779,12,True
2025-12-24,23.5,13.5,0.0,17.5,23.2,80.0,,13.9,15.87,4.0,NE,,17.5,,0.0,18.5,,,-1.8999999999999986,0.0,0.0,55,0.0,24.5,0.0,-0.12439450483979998,0.9922328391893008,12,True
2025-12-25,22.2,12.0,0.0,14.5,21.8,84.0,,11.8,13.83,4.0,NE,,17.0,,0.0,17.1,,,-1.3000000000000007,0.0,0.0,56,0.0,23.7,0.0,-0.10730813165636247,0.9942258118156161,12,True
2025-12-26,22.8,10.8,0.0,17.2,22.2,68.0,,11.1,13.28,4.0,NE,,17.0,,0.0,16.8,,,0.6000000000000014,0.0,0.0,57,0.0,22.833333333333332,0.0,-0.09019000427034513,0.9959245770286599,12,True
2025-12-27,22.6,10.8,0.0,17.2,21.6,67.0,,10.9,13.0,4.0,NE,,17.0,,5.2,16.700000000000003,,,-0.1999999999999993,0.0,0.0,58,0.0,22.53333333333333,0.0,-0.07304518821104743,0.9973286321364752,12,True
2025-12-28,24.0,10.8,0.0,17.2,22.8,67.0,,10.9,13.03,4.0,NE,,16.5,,6.0,17.4,,,1.3999999999999986,0.0,0.0,59,0.0,23.133333333333336,0.0,-0.05587875690537313,0.9984375616565666,12,True
2025-12-29,22.5,10.5,0.0,14.0,18.8,89.0,,12.2,14.2,4.0,NE,,15.5,,0.0,16.5,,,-1.5,0.0,0.0,60,0.0,23.03333333333333,0.0,-0.03869579017652689,0.9992510374388481,12,True
2025-12-30,21.5,9.6,0.0,12.0,18.4,88.0,,8.8,11.36,4.5,NE,,15.0,,0.0,15.55,,,-1.0,0.0,0.0,61,0.0,22.666666666666668,0.0,-0.021501372740813793,0.999768818762748,12,True
2025-12-31,22.0,9.3,0.0,13.5,21.4,84.0,,10.7,12.86,5.0,NE,,14.5,,3.4,15.65,,,0.5,0.0,0.0,62,0.0,22.0,0.0,-0.004300592702981974,0.9999907524084426,12,True
2026-01-01,25.5,9.2,0.0,14.0,25.2,89.0,42.0,11.85,13.879999999999999,5.0,NW,,14.5,,5.0,17.35,65.5,0.6834892848874831,3.5,0.0,0.0,63,0.0,23.0,0.0,0.017201575418260506,0.9998520419557735,1,True
2026-01-02,25.2,11.5,0.0,17.0,25.0,74.0,41.0,11.5,13.6,4.0,NW,,16.0,,0.0,18.35,57.5,0.8966866196707928,-0.3000000000000007,0.0,0.0,64,0.0,24.233333333333334,0.0,0.03439806061360801,0.9994082116062598,1,True
2026-01-03,24.0,13.5,0.0,17.0,23.8,80.0,53.0,13.5,15.47,5.0,NW,,16.5,,0.0,18.75,66.5,0.7247236452508354,-1.1999999999999993,0.0,0.0,65,0.0,24.900000000000002,0.0,0.051584366869408364,0.9986686402879997,1,True
2026-01-04,25.0,12.5,0.0,16.4,24.6,79.0,31.0,9.65,12.219999999999999,4.0,NW,,16.5,,1.4,18.75,55.0,0.9735093742175402,1.0,0.0,0.0,66,0.0,24.733333333333334,0.0,0.06875540848113941,0.9976335468520451,1,True
2026-01-05,23.5,12.5,0.0,14.5,21.0,78.0,50.0,10.5,12.69,6.0,NW,,16.0,,1.2,18.0,64.0,0.7430361129577746,-1.5,0.0,0.0,67,0.0,24.166666666666668,0.0,0.08590610426133272,0.9963032375991965,1,True
2026-01-06,22.2,9.5,0.0,13.0,21.4,77.0,39.0,8.05,10.780000000000001,5.0,NW,,15.0,,5.2,15.85,58.0,0.756394227361159,-1.3000000000000007,0.0,0.0,68,0.0,23.566666666666663,0.0,0.10303137904317879,0.9946781061893646,1,True
2026-01-07,24.2,8.4,0.0,14.5,23.8,78.0,25.0,6.6,10.035,4.0,NW,,14.5,,2.8,16.3,51.5,0.8989099848647835,2.0,0.0,0.0,69,0.0,23.299999999999997,0.0,0.1201261651823505,0.9927586335250793,1,True
2026-01-08,24.8,10.2,0.0,14.5,24.0,78.0,25.0,6.8,10.190000000000001,4.0,NW,,14.5,,2.6,17.5,51.5,0.969993682826476,0.6000000000000014,0.0,0.0,70,0.0,23.73333333333333,0.0,0.13718540405660057,0.9905453876091833,1,True
2026-01-09,24.6,10.5,0.0,15.0,24.0,78.0,37.0,9.8,12.16,6.0,NW,,14.5,,7.4,17.55,57.5,0.852680906628816,-0.1999999999999993,0.0,0.0,71,0.0,24.53333333333333,0.0,0.1542040475626894,0.988039023376751,1,True
2026-01-10,25.5,9.5,0.0,13.5,24.8,67.0,22.0,4.5,8.56,6.0,NW,,15.5,,8.4,17.5,44.5,1.1099927710694724,0.8999999999999986,0.0,0.0,72,0.0,24.96666666666667,0.0,0.17117705961019986,0.985240282501282,1,True
2026-01-11,25.0,11.0,0.0,16.2,24.2,63.0,27.0,6.65,9.920000000000002,6.0,NW,,16.0,,7.6,18.0,45.0,1.135194061463267,-0.5,0.0,0.0,73,0.0,25.03333333333333,0.0,0.18809941761179758,0.9821499931752291,1,True
2026-01-12,25.5,11.4,0.0,16.5,24.4,56.0,29.0,6.35,9.645,6.0,NW,,16.0,,7.6,18.45,42.5,1.2207922386317178,0.5,0.0,0.0,74,0.0,25.333333333333332,0.0,0.20496611396949532,0.9787690698649216,1,True
2026-01-13,24.6,11.5,0.0,17.0,23.4,52.0,,7.0,10.01,5.0,NW,,16.0,,8.0,18.05,,,-0.8999999999999986,0.0,0.0,75,0.0,25.03333333333333,0.0,0.22177215755648186,0.975098513039961,1,True
2026-01-14,25.5,11.2,0.0,18.8,24.8,61.0,,11.0,13.2,4.0,NW,,16.0,,6.8,18.35,,,0.8999999999999986,0.0,0.0,76,0.0,25.2,0.0,0.23851257519407648,0.9711394088771653,1,True
2026-01-15,24.0,11.0,0.0,17.0,23.6,52.0,,7.0,10.01,4.0,NW,,16.0,,7.0,17.5,,,-1.5,0.0,0.0,77,0.0,24.7,0.0,0.2551824131233728,0.9668929289391521,1,True
2026-01-16,24.8,10.5,0.0,17.0,24.5,55.0,,8.0,10.7,4.5,NW,,15.5,,7.8,17.65,,,0.8000000000000007,0.0,0.0,78,0.0,24.766666666666666,0.0,0.2717767384711357,0.9623603298276545,1,True
2026-01-17,25.0,11.0,0.0,17.0,24.8,55.0,,8.0,10.72,4.5,NW,,16.0,,8.2,18.0,,,0.1999999999999993,0.0,0.0,79,0.0,24.599999999999998,0.0,0.2882906407095177,0.9575429528116719,1,True
2026-01-18,26.0,10.8,0.0,17.2,25.8,72.0,,12.1,14.11,4.0,NW,,16.5,,8.5,18.4,,,1.0,0.0,0.0,80,0.0,25.266666666666666,0.0,0.3047192331091634,0.9524422234305676,1,True
2026-01-19,28.5,11.0,0.0,17.5,27.4,70.0,,12.0,14.02,4.0,NW,,16.5,,6.2,19.75,,,2.5,0.0,0.0,81,0.0,26.5,0.0,0.321057654185271,0.9470596510722283,1,True
2026-01-20,29.0,14.0,0.0,19.0,27.8,72.0,,13.8,15.77,4.5,NW,,16.5,,3.0,21.5,,,0.5,0.0,0.0,82,0.0,27.833333333333332,0.0,0.3373010691361842,0.9413968285264122,1,True
2026-01-21,28.0,14.5,0.0,19.0,27.2,,,,,4.5,NW,,18.0,,1.0,21.25,,,-1.0,0.0,0.0,83,0.0,28.5,0.0,0.3534446712740877,0.9354554315134164,1,True
2026-01-22,28.0,14.0,0.0,18.4,27.2,,,,,4.5,NW,,17.0,,3.0,21.0,,,0.0,0.0,0.0,84,0.0,28.333333333333332,0.0,0.3694836834473831,0.9292372181882051,1,True
2026-01-23,28.0,12.0,0.0,17.5,27.2,,,,,5.0,NW,,17.0,,7.0,20.0,,,0.0,0.0,0.0,85,0.0,28.0,0.0,0.38541335945432564,0.9227440286201427,1,True
2026-01-24,29.0,12.0,0.0,17.5,27.8,,,,,5.0,NW,,20.0,,7.8,20.5,,,1.0,0.0,0.0,86,0.0,28.333333333333332,0.0,0.4012289854475009,0.9159777842484877,1,True
2026-01-25,27.8,13.5,0.0,18.5,27.4,,,,,5.0,NW,,20.0,,7.2,20.65,,,-1.1999999999999993,0.0,0.0,87,0.0,28.26666666666667,0.0,0.4169258813287287,0.908940487313808,1,True
2026-01-26,28.5,13.2,0.0,20.6,27.8,,,,,4.0,NE,,20.0,,7.0,20.85,,,0.6999999999999993,0.0,0.0,88,0.0,28.433333333333337,0.0,0.4324994021339788,0.901634220265486,1,True
2026-01-27,29.0,14.0,0.0,21.0,27.8,,,,,4.0,NW,,20.0,,6.4,21.5,,,0.5,0.0,0.0,89,0.0,28.433333333333337,0.0,0.44794493940789115,0.8940611451454876,1,True
2026-01-28,29.0,14.5,0.0,21.5,26.8,,,,,4.0,NW,,20.0,,3.0,21.75,,,0.0,0.0,0.0,90,0.0,28.833333333333332,0.0,0.4632579225674917,0.88622350294858,1,True
2026-01-29,29.0,14.5,0.0,19.0,26.2,,,,,5.0,NW,,20.0,,2.0,21.75,,,0.0,0.0,0.0,91,0.0,29.0,0.0,0.4784338202547012,0.8781236129591848,1,True
2026-01-30,26.8,17.0,0.0,20.0,25.4,,,,,6.0,NW,,20.0,,6.0,21.9,,,-2.1999999999999993,0.0,0.0,92,0.0,28.266666666666666,0.0,0.49346814167723735,0.8697638720650646,1,True
2026-01-31,27.4,16.5,0.0,19.0,26.8,,,,,6.0,NW,,20.0,,2.2,21.95,,,0.5999999999999979,0.0,0.0,93,0.0,27.733333333333334,0.0,0.5083564379375122,0.8611467540480452,1,True
2026-02-01,26.5,15.0,0.0,17.6,25.8,86.0,,15.2,17.26,5.0,NE,,18.0,,2.0,20.75,,,-0.8999999999999986,0.0,0.0,94,0.0,26.900000000000002,0.0,0.5230943033491326,0.8522748088519838,2,True
2026-02-02,28.6,15.4,0.0,17.5,27.4,82.0,,14.3,16.29,5.0,NW,,18.0,,8.2,22.0,,,2.1000000000000014,0.0,0.0,95,0.0,27.5,0.0,0.5376773767406141,0.8431506618282,2,True
2026-02-03,28.4,15.0,0.0,21.0,26.2,60.0,,12.9,14.87,6.0,NE,,20.5,,6.6,21.7,,,-0.20000000000000284,0.0,0.0,96,0.0,27.833333333333332,0.0,0.5521013427459208,0.8337770129585915,2,True
2026-02-04,28.8,15.4,0.0,18.5,26.4,60.0,,12.9,14.87,6.0,NE,,18.2,,6.4,22.1,,,0.40000000000000213,0.0,0.0,97,0.0,28.599999999999998,0.0,0.5663619330814524,0.8241566360566663,2,True
2026-02-05,28.8,15.4,0.0,20.6,26.6,61.0,,12.9,14.87,6.0,NE,,19.5,,5.5,22.1,,,0.0,0.0,0.0,98,0.0,28.666666666666668,0.0,0.580454927809098,0.8142923779467267,2,True
2026-02-06,27.8,15.0,0.0,19.0,27.2,68.0,,13.0,14.97,6.0,NE,,19.5,,6.0,21.4,,,-1.0,0.0,0.0,99,0.0,28.46666666666667,0.0,0.5943761565849831,0.804187157621448,2,True
2026-02-07,27.8,13.5,0.0,19.5,27.6,72.0,,13.8,15.77,6.0,NW,,19.5,,5.5,20.65,,,0.0,0.0,0.0,100,0.0,28.133333333333336,0.0,0.6081214998935418,0.7938439653781019,2,True
2026-02-08,28.0,14.0,0.0,19.8,27.6,69.0,,13.9,15.87,6.0,NW,,19.6,,6.0,21.0,,,0.1999999999999993,0.0,0.0,101,0.0,27.86666666666667,0.0,0.6216868902665479,0.7832658619336791,2,True
2026-02-09,28.6,13.5,0.0,20.0,27.6,48.0,,8.6,11.17,5.0,NW,,19.5,,8.5,21.05,,,0.6000000000000014,0.0,0.0,102,0.0,28.133333333333336,0.0,0.6350683134867438,0.7724559775191742,2,True
2026-02-10,28.8,13.4,0.0,20.0,28.0,56.0,,10.9,13.03,5.0,NW,,19.6,,8.5,21.1,,,0.1999999999999993,0.0,0.0,103,0.0,28.46666666666667,0.0,0.6482618097757122,0.7614175109532997,2,True
2026-02-11,30.0,12.5,0.0,20.0,29.6,56.0,,10.9,13.0,4.0,NE,,19.5,,8.5,21.25,,,1.1999999999999993,0.0,0.0,104,0.0,29.133333333333336,0.0,0.6612634749656386,0.7501537286959042,2,True
2026-02-12,29.8,12.5,0.0,21.0,29.6,52.0,,10.8,12.95,5.0,NE,,20.5,,8.8,21.15,,,-0.1999999999999993,0.0,0.0,105,0.0,29.53333333333333,0.0,0.6740694616546162,0.7386679638813748,2,True
2026-02-13,31.2,12.8,0.0,21.0,29.5,55.0,,11.7,13.47,6.0,NW,,20.5,,8.6,22.0,,,1.3999999999999986,0.0,0.0,106,0.0,30.333333333333332,0.0,0.6866759803451553,0.726963615332308,2,True
2026-02-14,30.4,12.6,0.0,21.6,29.4,64.0,,14.5,16.5,6.0,NW,,20.8,,8.4,21.5,,,-0.8000000000000007,0.0,0.0,107,0.0,30.46666666666667,0.0,0.6990793005655562,0.7150441465537444,2,True
2026-02-15,30.0,13.5,0.0,22.6,29.2,53.0,,12.4,14.39,6.0,NW,,21.5,,8.6,21.75,,,-0.3999999999999986,0.0,0.0,108,0.0,30.53333333333333,0.0,0.7112757519738152,0.7029130847082615,2,True
2026-02-16,30.6,14.5,0.0,23.0,29.8,52.0,,12.5,14.49,6.0,NW,,21.8,,8.5,22.55,,,0.6000000000000014,0.0,0.0,109,0.0,30.333333333333332,0.0,0.7232617254437388,0.6905740195722293,2,True
2026-02-17,30.5,15.5,0.0,21.0,29.6,65.0,,14.1,16.03,4.0,NW,,20.8,,8.5,23.0,,,-0.10000000000000142,0.0,0.0,110,0.0,30.366666666666664,0.0,0.7350336741329412,0.6780306024735382,2,True
2026-02-18,30.5,14.5,0.0,21.0,29.5,57.0,,12.1,14.11,5.0,NW,,21.0,,8.5,22.5,,,0.0,0.0,0.0,111,0.0,30.53333333333333,0.0,0.746588114532413,0.6652865452111116,2,True
2026-02-19,30.8,16.0,0.0,21.5,29.8,54.0,,11.8,13.83,6.0,NW,,21.0,,8.5,23.4,,,0.3000000000000007,0.0,0.0,112,0.0,30.599999999999998,0.0,0.7579216274973472,0.6523456189565257,2,True
2026-02-20,31.0,15.8,0.0,22.5,30.8,,,,,6.0,NW,,21.4,,6.5,23.4,,,0.1999999999999993,0.0,0.0,113,0.0,30.766666666666666,0.0,0.7690308592589181,0.6392116531380588,2,True
2026-02-21,32.0,,,,31.8,,,,,5.0,NW,,21.4,,6.0,,,,1.0,0.0,0.0,114,0.0,31.266666666666666,0.0,0.7799125224167177,0.6258885343075018,2,True
2026-02-22,31.0,18.5,0.0,23.5,31.8,,,,,4.5,SW,,22.5,,6.5,24.75,,,-1.0,0.0,0.0,115,0.0,31.333333333333332,0.0,0.7905633969115482,0.612380204990065,2,True
2026-02-23,31.0,19.0,0.0,24.0,30.4,,,,,4.5,SE,,22.6,,6.0,25.0,,,0.0,0.0,0.0,116,0.0,31.333333333333332,0.0,0.8009803309782905,0.5986906625177214,2,True
2026-02-24,31.2,19.0,12.2,20.5,29.8,,,,,6.0,NE,,23.2,,2.5,25.1,,,0.1999999999999993,12.200000000000014,12.2,0,0.0,31.066666666666666,8.435,0.8111602420785621,0.5848239578463322,2,True
2026-02-25,31.0,18.0,0.0,23.5,30.4,,,,,6.0,NW,,21.0,,8.5,24.5,,,-0.1999999999999993,12.200000000000014,12.2,1,0.0,31.066666666666666,4.76,0.8211001178128892,0.5707841943569036,2,True
2026-02-26,31.8,17.0,0.0,24.0,31.34,,,,,6.0,NE,,22.5,,8.0,24.4,,,0.8000000000000007,12.200000000000014,12.2,2,0.0,31.333333333333332,1.1,0.8307970168121247,0.5565755266413303,2,True
2026-02-27,32.0,17.0,0.0,23.0,31.6,,,,,6.0,NW,,22.5,,8.8,24.5,,,0.1999999999999993,12.200000000000014,12.2,3,0.0,31.599999999999998,0.0,0.8402480696078469,0.5422021592729844,2,True
2026-02-28,35.0,15.5,0.0,25.5,34.2,,,,,5.5,NW,,24.2,,8.5,25.25,,,3.0,12.200000000000014,12.2,4,0.0,32.93333333333333,0.0,0.8494504794814806,0.527668345562516,2,True
2026-03-01,35.0,19.5,0.0,24.0,33.6,64.0,,16.9,19.25,5.0,SE,,23.5,,6.0,27.25,,,0.0,12.200000000000014,12.2,5,0.0,34.0,0.0,0.8584015232918917,0.512978386299228,3,True
2026-03-02,34.8,19.0,0.0,24.5,33.4,62.0,,16.6,18.88,5.0,NW,,26.5,,9.2,26.9,,,-0.20000000000000284,12.200000000000014,12.2,6,0.0,34.93333333333333,0.0,0.8670985522812081,0.4981366284784055,3,True
2026-03-03,35.0,18.4,0.0,24.0,33.4,60.0,,15.8,17.94,5.0,SSW,,26.4,,8.0,26.7,,,0.20000000000000284,0.0,12.2,7,0.0,34.93333333333333,0.0,0.8755389928586302,0.4831474640149687,3,True
2026-03-04,33.0,19.0,0.0,25.0,32.6,59.0,,16.6,18.88,5.0,NW,,24.0,,9.2,26.0,,,-2.0,0.0,12.2,8,0.0,34.266666666666666,0.0,0.8837203473619977,0.4680153284438345,3,True
2026-03-05,33.0,19.0,0.0,25.0,32.6,65.0,,18.0,20.63,6.0,NW,,24.0,,8.5,26.0,,,0.0,0.0,12.2,9,0.0,33.666666666666664,0.0,0.8916401947968874,0.45274469960737107,3,True
2026-03-06,31.6,21.5,0.0,25.0,30.2,84.0,,22.0,26.43,6.0,SE,,27.0,,5.8,26.55,,,-1.3999999999999986,0.0,12.2,10,0.0,32.53333333333333,0.0,0.8992961915530253,0.4373400963303323,3,True
2026-03-07,32.0,21.6,0.0,24.5,31.6,96.0,,23.8,29.47,6.0,SE,,26.5,,5.4,26.8,,,0.3999999999999986,0.0,12.2,11,0.0,32.199999999999996,0.0,0.9066860720977985,0.4218060770826634,3,True
2026-03-08,32.0,21.8,0.0,26.2,31.8,85.0,,23.4,28.77,5.0,SE,,26.5,,1.4,26.9,,,0.0,0.0,12.2,12,0.0,31.866666666666664,0.0,0.9138076496466615,0.4061472386305789,3,True
2026-03-09,31.6,22.5,0.0,26.5,30.4,81.0,,22.9,27.92,5.0,SE,,27.5,,2.5,27.05,,,-0.3999999999999986,0.0,12.2,13,0.0,31.866666666666664,0.0,0.9206588168102428,0.3903682146763026,3,True
2026-03-10,31.0,23.5,0.0,26.0,30.4,87.0,,23.7,29.3,6.0,SE,,28.0,,0.0,27.25,,,-0.6000000000000014,0.0,12.2,14,0.0,31.53333333333333,0.0,0.9272375462179537,0.374473674486883,3,True
2026-03-11,31.6,23.5,0.0,26.0,30.6,87.0,,23.7,29.3,6.0,SE,,28.5,,0.0,27.55,,,0.6000000000000014,0.0,12.2,15,0.0,31.400000000000002,0.0,0.9335418911179212,0.35846832151248087,3,True
2026-03-12,32.5,23.5,0.0,27.5,31.6,81.0,,23.9,29.63,6.0,NW,,27.6,,0.0,28.0,,,0.8999999999999986,0.0,12.2,16,0.0,31.7,0.0,0.9395699859530622,0.342356891994542,3,True
2026-03-13,36.5,24.0,0.0,26.5,33.4,84.0,,23.5,28.95,6.0,SE,,29.0,,4.6,30.25,,,4.0,0.0,12.2,17,1.0,33.53333333333333,0.0,0.945320046913132,0.3261441535642696,3,True
2026-03-14,36.0,23.0,0.0,27.0,34.5,77.0,,22.6,27.41,6.0,SW,,28.5,,4.2,29.5,,,-0.5,0.0,12.2,18,2.0,35.0,0.0,0.9507903724625832,0.3098349038318025,3,True
2026-03-15,34.5,23.0,0.0,27.2,32.6,77.0,,22.8,27.75,7.0,S,,27.0,,4.0,28.75,,,-1.5,0.0,12.2,19,2.0,35.666666666666664,0.0,0.9559793438440766,0.2934339689665273,3,True
2026-03-16,33.4,20.8,7.4,26.0,31.6,69.0,,19.9,23.23,7.0,SW,,24.5,,6.8,27.1,,,-1.1000000000000014,7.400000000000015,19.6,0,1.0,34.63333333333333,3.335,0.9608854255574977,0.27694620226893646,3,True
2026-03-17,32.0,17.4,15.8,25.5,31.0,54.0,,15.5,17.6,6.0,NW,,23.0,,0.2,24.7,,,-1.3999999999999986,23.200000000000017,35.4,0,0.0,33.300000000000004,15.43,0.9655071658143364,0.2603764827344581,3,True
2026-03-18,33.4,22.0,0.0,28.0,32.4,69.0,,21.8,26.11,7.0,SE,,27.4,,7.6,27.7,,,1.3999999999999986,23.200000000000017,35.4,1,0.0,32.93333333333334,11.275,0.969843196967294,0.24372971360968387,3,True
2026-03-19,34.8,23.5,0.0,27.0,33.6,89.0,,24.1,30.01,8.0,SE,,27.4,,7.8,29.15,,,1.3999999999999986,23.200000000000017,35.4,2,0.0,33.4,6.9025,0.9738922359149924,0.22701082094141847,3,True
2026-03-20,32.0,22.0,0.0,24.6,31.8,,,,,6.0,SW,,24.8,,2.0,27.0,,,-2.799999999999997,23.200000000000017,35.4,3,0.0,33.4,2.8525,0.9776530844816641,0.2102247521189836,3,True
2026-03-21,31.0,20.0,1.4,21.0,25.5,,,,,6.0,SW,,24.0,,3.5,25.5,,,-1.0,24.600000000000016,36.8,4,0.0,32.599999999999994,0.4275,0.981124629771712,0.19337647441020586,3,True
2026-03-22,30.5,19.6,1.5,22.0,30.6,,,,,6.0,SW,,24.2,,6.5,25.05,,,-0.5,26.100000000000016,38.3,5,0.0,31.166666666666668,0.0,0.984305844499033,0.17647097349152166,3,True
2026-03-23,32.0,19.0,0.0,25.0,30.6,,,,,6.0,SW,,25.8,,7.4,25.5,,,1.5,18.700000000000017,38.3,6,0.0,31.166666666666668,0.0,0.9871957872910085,0.15951325197263655,3,True
2026-03-24,34.2,21.5,0.0,25.5,31.6,,,,,6.0,SW,,25.8,,6.5,27.85,,,2.200000000000003,2.900000000000014,38.3,7,0.0,32.233333333333334,0.0,0.9897936029670716,0.14250832791617088,3,True
2026-03-25,32.8,22.0,0.0,26.5,32.4,,,,,6.0,SW,,27.5,,7.0,27.4,,,-1.4000000000000057,2.900000000000014,38.3,8,0.0,33.0,0.0,0.992098522791769,0.12546123335273648,3,True
2026-03-26,33.8,22.8,0.0,27.0,32.6,73.0,,21.6,25.79,5.0,SE,,28.5,,7.6,28.299999999999997,,,1.0,2.900000000000014,26.1,9,0.0,33.6,0.0,0.9941098647022418,0.10837701279187609,3,True
2026-03-27,36.6,25.8,0.0,27.5,35.6,,,,,7.0,SE,,29.5,,7.6,31.200000000000003,,,2.8000000000000043,2.900000000000014,26.1,10,1.0,34.4,0.0,0.9958270335100595,0.09126072172931188,3,True
2026-03-28,33.8,19.4,20.4,25.6,32.6,,,,,4.0,SE,,27.2,,7.5,26.599999999999998,,,-2.8000000000000043,21.900000000000013,46.5,0,1.0,34.73333333333333,16.41,0.9972495210773451,0.07411742515094437,3,True
2026-03-29,33.5,22.0,0.0,27.6,32.8,,,,,5.0,SE,,27.5,,8.4,27.75,,,-0.29999999999999716,20.400000000000013,46.5,1,1.0,34.63333333333333,12.2475,0.998376906467142,0.056952196034039754,3,True
2026-03-30,33.0,24.8,0.0,28.5,32.6,,,,,6.0,SE,,27.5,,7.5,28.9,,,-0.5,20.400000000000013,46.5,2,0.0,33.43333333333334,7.9125,0.9992088560679753,0.03977011384605572,3,True
2026-03-31,31.5,21.5,26.8,24.0,31.4,,,,,6.0,NE,,26.0,,1.5,26.5,,,-1.5,47.20000000000002,73.3,0,0.0,32.666666666666664,30.7375,0.9997451236925734,0.022576263041545485,3,True
2026-04-01,36.6,21.5,0.0,27.0,35.6,87.0,,24.7,31.1,8.0,SW,,27.0,,8.2,29.05,,,5.100000000000001,47.20000000000002,73.3,1,1.0,33.699999999999996,26.38,0.9999855506507186,0.005375731557583884,4,True
2026-04-02,36.5,24.0,0.0,27.5,35.4,84.0,,24.5,30.74,8.0,SE,,27.5,,9.4,30.25,,,-0.10000000000000142,47.20000000000002,73.3,2,2.0,34.86666666666667,21.8425,0.9999300657962057,-0.011826390691832589,4,True
2026-04-03,37.0,23.4,0.0,29.0,36.2,,,,,7.0,SW,,29.5,,8.5,30.2,,,0.5,47.20000000000002,73.3,3,3.0,36.699999999999996,17.3125,0.9995786855478958,-0.029025013321975237,4,True
2026-04-04,37.8,25.4,0.0,29.5,36.4,,,,,8.0,SW,,29.5,,7.2,31.599999999999998,,,0.7999999999999972,26.800000000000015,73.3,4,3.0,37.1,12.5725,0.9989315138848577,-0.046215046983708354,4,True
2026-04-05,36.0,25.0,0.0,29.6,35.8,,,,,6.0,SW,,29.5,,0.6,30.5,,,-1.7999999999999972,26.800000000000015,73.3,5,3.0,36.93333333333333,7.9975,0.9979887423155984,-0.06339140486951038,4,True
2026-04-06,34.8,20.6,12.4,27.0,31.4,,,,,7.0,SE,,26.5,,6.0,27.7,,,-1.2000000000000028,39.20000000000002,85.7,0,2.0,36.199999999999996,16.2425,0.9967506498213929,-0.08054900421874167,4,True
2026-04-07,32.5,20.0,20.0,27.4,30.0,,,,,6.5,NE,,27.5,,5.8,26.25,,,-2.299999999999997,32.40000000000002,105.7,0,1.0,34.43333333333333,32.305,0.9952176027737294,-0.09768276782171598,4,True
2026-04-08,31.2,20.0,28.4,23.5,30.0,,,,,7.0,SW,,25.0,,6.0,25.6,,,-1.3000000000000007,60.80000000000001,134.1,0,0.0,32.833333333333336,56.865,0.9933900548258936,-0.11478762552212701,4,True
2026-04-09,30.0,20.4,13.0,21.0,29.8,,,,,7.0,NW,,25.0,,8.0,25.2,,,-1.1999999999999993,73.80000000000001,147.1,0,0.0,31.233333333333334,66.085,0.9912685467787256,-0.13185851571739118,4,True
2026-04-10,33.0,21.0,5.4,27.0,32.4,77.0,,22.6,27.41,6.0,NW,,26.5,,8.5,27.0,,,3.0,79.20000000000002,152.5,0,0.0,31.400000000000002,67.435,0.9888537064205885,-0.1488903868564548,4,True
2026-04-11,34.5,23.5,0.0,28.0,34.0,77.0,,23.7,29.3,7.0,NW,,29.8,,8.8,29.0,,,1.5,79.20000000000002,152.5,1,0.0,32.5,63.085,0.986146248341595,-0.16587819893463143,4,True
2026-04-12,36.0,23.8,0.0,29.4,35.4,,,,,6.0,SW,,30.0,,7.5,29.9,,,1.5,79.20000000000002,152.5,2,1.0,34.5,58.6,0.9831469737221499,-0.1828169249850199,4,True
2026-04-13,35.8,23.0,0.0,29.0,35.4,,,,,6.0,SW,,30.0,,8.4,29.4,,,-0.20000000000000284,66.80000000000001,152.5,3,1.0,35.43333333333333,54.19,0.9798567700958665,-0.1997015525660636,4,True
2026-04-14,36.0,25.0,0.0,28.6,34.8,,,,,5.0,NE,,30.0,,9.2,30.5,,,0.20000000000000284,46.80000000000002,152.5,4,2.0,35.93333333333333,49.615,0.9762766110869321,-0.21652708524481437,4,True
2026-04-15,35.4,24.5,0.0,28.5,34.4,,,,,6.5,SW,,31.0,,9.0,29.95,,,-0.6000000000000014,18.40000000000002,145.1,5,1.0,35.73333333333333,45.1225,0.9724075561219968,-0.23328854407545518,4,True
2026-04-16,33.8,26.5,0.0,29.0,31.6,,,,,6.5,SW,,31.5,,5.0,30.15,,,-1.6000000000000014,5.400000000000018,129.3,6,1.0,35.06666666666666,40.6,0.9682507501166718,-0.2499809690726521,4,True
2026-04-17,33.4,25.5,0.0,28.5,32.0,89.0,,26.4,34.41,6.0,SE,,31.0,,4.5,29.45,,,-0.3999999999999986,0.0,129.3,7,0.0,34.199999999999996,36.1825,0.9638074231367307,-0.26659942067929354,4,True
2026-04-18,34.2,25.5,0.0,29.6,32.8,84.0,,26.5,34.61,6.0,SW,,31.6,,4.5,29.85,,,0.8000000000000043,0.0,129.3,8,0.0,33.8,31.705,0.9590788900341131,-0.28313898122818354,4,True
2026-04-19,34.2,25.8,0.0,30.4,33.2,73.0,,25.0,31.67,6.0,SW,,31.5,,6.0,30.0,,,0.0,0.0,129.3,9,0.0,33.93333333333333,27.205,0.9540665500578387,-0.2995947563972602,4,True
2026-04-20,35.8,23.5,0.0,30.5,34.4,62.0,,22.2,26.95,6.0,SW,,31.5,,5.0,29.65,,,1.5999999999999943,0.0,127.9,10,0.0,34.733333333333334,22.7575,0.9487718864399473,-0.31596187665790293,4,True
2026-04-21,36.5,23.0,2.0,29.8,34.8,66.0,,22.8,27.75,7.0,SE,,31.5,,8.5,29.75,,,0.7000000000000028,2.0000000000000178,128.4,11,1.0,35.5,20.295,0.9431964659565866,-0.33223549871590435,4,True
2026-04-22,37.5,25.5,0.0,31.0,36.5,79.0,,26.8,35.23,6.0,SE,,30.4,,9.2,31.5,,,1.0,2.0000000000000178,128.4,12,2.0,36.6,15.57,0.9373419384643772,-0.3484108069446808,4,True
2026-04-23,37.5,26.5,0.0,29.4,36.8,83.0,,26.3,34.21,7.0,SE,,30.5,,8.5,32.0,,,0.0,2.0000000000000178,128.4,13,3.0,37.166666666666664,10.77,0.9312100364121947,-0.3644830148102912,4,True
2026-04-24,35.8,26.5,0.0,29.5,34.4,82.0,,26.0,33.61,7.0,SE,,31.2,,7.8,31.15,,,-1.7000000000000028,2.0000000000000178,128.4,14,2.0,36.93333333333333,6.0975,0.9248025743285089,-0.38044736628785164,4,True
2026-04-25,35.8,26.2,0.0,28.5,34.4,85.0,,25.6,32.82,7.0,SW,,32.5,,5.5,31.0,,,0.0,2.0000000000000178,128.4,15,1.0,36.36666666666667,1.4475,0.9181214482844365,-0.39629913726891813,4,True
2026-04-26,35.2,26.4,0.0,30.4,34.8,,,,,8.0,SW,,32.5,,5.0,30.8,,,-0.5999999999999943,2.0000000000000178,128.4,16,0.0,35.6,0.0,0.9111686353326631,-0.41203363695942635,4,True
2026-04-27,36.2,25.4,0.0,30.5,33.2,,,,,7.0,SW,,32.5,,8.0,30.8,,,1.0,2.0000000000000178,108.0,17,1.0,35.733333333333334,0.0,0.9039461929224011,-0.42764620926777464,4,True
2026-04-28,36.5,26.4,0.0,31.6,35.6,76.0,,26.9,35.44,7.0,SW,,32.4,,4.8,31.45,,,0.29999999999999716,0.0,108.0,18,2.0,35.96666666666667,0.0,0.8964562582905575,-0.44313223418263453,4,True
2026-04-29,35.4,,27.6,28.0,34.2,77.0,,23.7,29.3,7.0,NE,,31.6,,2.5,31.1,,,-1.1000000000000014,27.60000000000002,135.6,0,2.0,36.03333333333333,22.935,0.8887010478292915,-0.45848712914008766,4,True
2026-04-30,32.2,,50.6,25.2,30.0,,,,,6.0,SE,,34.5,,5.2,27.6,,,-3.1999999999999957,78.20000000000002,159.4,0,1.0,34.699999999999996,69.395,0.8806828564301475,-0.47370635037968,4,True
2026-05-01,32.2,19.0,38.6,25.2,31.8,85.0,,22.5,27.25,6.0,SW,,26.32,,5.0,25.6,,,0.0,116.80000000000003,198.0,0,0.0,33.26666666666667,100.0,0.8724040568049612,-0.48878539428899265,5,True
2026-05-02,30.0,20.0,11.0,25.8,29.8,,,,,6.0,SW,,26.5,,6.0,25.0,,,-2.200000000000003,127.80000000000003,209.0,0,0.0,31.46666666666667,100.0,0.8638670987837349,-0.503719798736334,5,True
2026-05-03,32.0,18.5,18.0,25.2,30.2,,,,,7.0,SW,,26.4,,4.9,25.25,,,2.0,145.8,227.0,0,0.0,31.400000000000002,100.0,0.8550745085896932,-0.518505144391157,5,True
2026-05-04,35.2,20.0,0.0,31.5,32.4,,,,,7.0,SW,,27.5,,7.0,27.6,,,3.200000000000003,145.8,227.0,1,0.0,32.4,95.86,0.8460288880917339,-0.533137056031809,5,True
2026-05-05,32.2,21.4,19.4,24.0,30.0,91.0,,22.5,27.25,7.0,SE,,27.0,,4.9,26.8,,,-3.0,165.20000000000002,246.4,0,0.0,33.13333333333333,100.0,0.8367329140344921,-0.5476112038402312,5,True
2026-05-06,34.0,24.4,0.0,28.0,34.0,,,,,6.5,SE,,28.8,,9.0,29.2,,,1.7999999999999972,137.60000000000002,234.0,1,0.0,33.800000000000004,95.62,0.8271893372462497,-0.5619233046832195,5,True
2026-05-07,35.0,25.0,0.0,30.0,34.4,,,,,6.0,SE,,30.0,,9.5,30.0,,,1.0,87.00000000000003,214.0,2,0.0,33.733333333333334,91.12,0.8174009818249189,-0.5760691233798758,5,True
2026-05-08,34.6,25.0,0.0,30.0,32.8,,,,,6.0,SE,,30.0,,5.0,29.8,,,-0.3999999999999986,48.40000000000002,185.6,3,0.0,34.53333333333333,86.65,0.8073707443023492,-0.5900444739548627,5,True
2026-05-09,33.8,21.8,2.2,27.0,33.2,,,,,4.5,NE,,28.5,,7.4,27.799999999999997,,,-0.8000000000000043,39.60000000000002,174.79999999999998,4,0.0,34.46666666666667,84.68,0.7971015927871943,-0.6038452208771035,5,True
2026-05-10,34.0,22.4,0.0,30.2,33.6,,,,,5.0,SW,,31.8,,6.3,28.2,,,0.20000000000000284,21.60000000000002,169.39999999999998,5,0.0,34.13333333333333,80.45,0.7865965660866021,-0.6174672802835514,5,True
2026-05-11,34.4,21.5,0.0,30.0,32.8,,,,,5.0,SW,,32.0,,6.1,27.95,,,0.3999999999999986,21.60000000000002,169.39999999999998,6,0.0,34.06666666666667,76.2575,0.7758587728069828,-0.6309066211876704,5,True
2026-05-12,34.0,25.0,0.0,32.2,32.2,,,,,7.0,SE,,32.4,,9.2,29.5,,,-0.3999999999999986,2.2000000000000215,169.39999999999998,7,0.0,34.13333333333333,71.8325,0.7648913904341226,-0.6441592666722685,5,True
2026-05-13,34.5,25.5,0.0,30.0,33.0,,,,,8.0,SW,,32.5,,10.5,30.0,,,0.5,2.2000000000000215,169.39999999999998,8,0.0,34.300000000000004,67.3325,0.753697664392914,-0.6572212950663319,5,True
2026-05-14,36.8,24.0,0.0,29.0,35.0,,,,,7.0,SW,,32.5,,10.0,30.4,,,2.299999999999997,2.2000000000000215,169.39999999999998,9,1.0,35.1,62.7725,0.742280907086982,-0.6700888411055113,5,True
2026-05-15,37.0,26.2,0.0,31.0,35.8,,,,,6.0,SE,,33.2,,10.0,31.6,,,0.20000000000000284,2.2000000000000215,169.39999999999998,10,2.0,36.1,58.0325,0.7306444969184916,-0.6827580970759147,5,True
2026-05-16,37.4,23.6,6.4,32.4,36.8,,,,,6.0,SW,,33.2,,9.0,30.5,,,0.3999999999999986,6.400000000000022,175.79999999999998,0,3.0,37.06666666666666,59.8575,0.7187918772884232,-0.6952253139408723,5,True
2026-05-17,38.4,26.8,0.0,32.4,37.6,,,,,6.0,SW,,33.5,,10.0,32.6,,,1.0,6.400000000000022,175.79999999999998,1,3.0,37.6,54.9675,0.7067265555776159,-0.7074868024503348,5,True
2026-05-18,40.0,26.6,0.0,32.4,38.0,,,,,6.0,SW,,33.5,,9.8,33.3,,,1.6000000000000014,6.400000000000022,175.79999999999998,2,3.0,38.6,49.9725,0.6944521021088763,-0.719538934232584,5,True
2026-05-19,37.5,26.6,0.0,32.6,36.8,,,,,6.0,SW,,33.5,,9.4,32.05,,,-2.5,6.400000000000022,175.79999999999998,3,3.0,38.63333333333333,45.165,0.6819721490904629,-0.7313781428679254,5,True
2026-05-20,39.0,26.0,0.0,31.0,36.8,,,,,7.0,SW,,33.0,,8.8,32.5,,,1.5,6.400000000000022,175.79999999999998,4,3.0,38.833333333333336,40.29,0.6692903895412567,-0.7430009249440493,5,True
2026-05-21,38.8,24.5,0.4,31.0,37.4,,,,,7.0,SW,,34.0,,9.5,31.65,,,-0.20000000000000284,6.800000000000022,174.2,5,3.0,38.43333333333333,35.9425,0.6564105761979381,-0.7544038410927472,5,True
2026-05-22,36.8,28.5,0.6,32.0,35.6,,,,,8.0,SW,,35.5,,9.0,32.65,,,-2.0,7.400000000000022,174.79999999999998,6,3.0,38.199999999999996,31.645,0.6433365204044917,-0.765583517007675,5,True
2026-05-23,38.0,29.5,0.0,32.5,37.2,,,,,9.0,SW,,35.0,,8.5,33.75,,,1.2000000000000028,1.0000000000000213,174.79999999999998,7,3.0,37.86666666666667,26.5825,0.6300720909843687,-0.7765366444428655,5,True
2026-05-24,38.0,29.5,0.0,32.6,37.4,,,,,9.0,SW,,34.5,,8.0,33.75,,,0.0,1.0000000000000213,174.79999999999998,8,3.0,37.6,21.52,0.6166212130956382,-0.7872599821916922,5,True
2026-05-25,37.8,28.0,0.0,31.5,36.8,,,,,9.0,SW,,34.5,,7.8,32.9,,,-0.20000000000000284,1.0000000000000213,174.79999999999998,9,3.0,37.93333333333333,16.585,0.6029878670694714,-0.7977503570459932,5,True
2026-05-26,39.2,28.2,0.0,31.6,37.8,,,,,9.0,SW,,35.5,,7.0,33.7,,,1.4000000000000057,1.0000000000000213,174.79999999999998,10,3.0,38.333333333333336,11.53,0.5891760872322963,-0.8080046647350754,5,True
2026-05-27,37.0,25.0,0.0,31.5,36.8,,,,,8.0,SW,,34.2,,7.0,31.0,,,-2.200000000000003,1.0000000000000213,174.79999999999998,11,3.0,38.0,6.88,0.5751899607119775,-0.8180198708443175,5,True
2026-05-28,36.0,24.0,0.0,30.5,35.4,,,,,8.0,SW,,34.0,,9.0,30.0,,,-1.0,0.6000000000000213,174.79999999999998,12,3.0,37.4,2.38,0.5610336262283677,-0.8277930117131022,5,True
2026-05-29,36.0,26.0,0.0,31.5,34.6,,,,,8.0,SE,,34.5,,3.5,31.0,,,0.0,0.0,147.2,13,3.0,36.333333333333336,0.0,0.5467112728685939,-0.8373211953118121,5,True
2026-05-30,34.6,22.8,13.4,27.0,33.6,,,,,7.0,NE,,30.5,,3.4,28.700000000000003,,,-1.3999999999999986,13.400000000000022,110.0,0,2.0,35.53333333333333,9.095,0.5322271388474397,-0.8466016020976267,5,True
2026-05-31,35.5,24.0,3.6,29.8,34.2,,,,,7.0,SW,,34.0,,5.6,29.75,,,0.8999999999999986,17.00000000000002,75.0,0,1.0,35.36666666666667,8.2325,0.5175855102531889,-0.8556314858488706,5,True
2026-06-01,37.0,26.5,0.0,32.0,35.0,,,,,8.0,SW,,33.0,,10.0,31.75,,,1.5,17.00000000000002,64.0,1,1.0,35.699999999999996,3.47,0.5027907197793043,-0.8644081744776648,6,True
2026-06-02,37.0,27.0,0.0,31.6,35.2,,,,,8.0,SW,,34.5,,8.0,32.0,,,0.0,17.00000000000002,46.0,2,2.0,36.5,0.0,0.4878471454423119,-0.8729290708206411,6,True
2026-06-03,39.0,25.5,0.0,31.5,36.8,,,,,8.0,NE,,34.0,,8.0,32.25,,,2.0,17.00000000000002,46.0,3,3.0,37.666666666666664,0.0,0.47275920928627757,-0.881191653407483,6,True
2026-06-04,38.8,25.0,0.0,32.6,36.5,,,,,6.0,NE,,34.5,,8.0,31.9,,,-0.20000000000000284,17.00000000000002,26.6,4,3.0,38.26666666666667,0.0,0.4575313760742512,-0.8891934772070711,6,True
2026-06-05,35.2,27.5,0.0,32.6,34.2,,,,,6.0,SW,,34.0,,4.0,31.35,,,-3.5999999999999943,17.00000000000002,26.6,5,2.0,37.666666666666664,0.0,0.44216815196707204,-0.8969321743510065,6,True
2026-06-06,35.0,26.0,0.0,31.5,34.6,,,,,7.0,SW,,34.0,,4.2,30.5,,,-0.20000000000000284,3.6000000000000214,26.6,6,1.0,36.333333333333336,0.0,0.42667408318992467,-0.9044054548343001,6,True
2026-06-07,37.5,25.8,0.0,31.6,34.2,,,,,7.0,SW,,34.5,,4.5,31.65,,,2.5,0.0,26.6,7,1.0,35.9,0.0,0.4110537546870351,-0.9116111071930239,6,True
2026-06-08,39.0,23.0,27.2,30.0,38.8,,,,,6.0,SW,,31.0,,7.8,31.0,,,1.5,27.20000000000002,51.6,0,2.0,37.166666666666664,22.55,0.3953117887649151,-0.9185469991587165,6,True
2026-06-09,37.2,26.5,0.0,31.0,34.0,,,,,7.0,SW,,32.0,,0.0,31.85,,,-1.7999999999999972,27.20000000000002,51.6,1,3.0,37.900000000000006,17.7725,0.37945284372454435,-0.925211078289358,6,True
2026-06-10,38.0,26.5,0.0,32.0,37.4,,,,,6.0,SW,,32.0,,4.8,32.25,,,0.7999999999999972,27.20000000000002,51.6,2,3.0,38.06666666666667,12.935,0.36348161248290634,-0.9316013725767187,6,True
2026-06-11,34.0,25.2,23.2,31.2,33.8,,,,,6.0,SW,,32.5,,5.2,29.6,,,-4.0,50.40000000000002,74.8,0,2.0,36.400000000000006,31.695,0.3474028211842774,-0.9377159910299093,6,True
2026-06-12,34.0,26.8,0.0,33.8,33.6,,,,,7.0,SW,,33.8,,7.0,30.4,,,0.0,50.40000000000002,74.8,1,1.0,35.333333333333336,27.135,0.3312212278016865,-0.9435531242349544,6,True
2026-06-13,36.5,26.0,0.0,31.2,35.8,,,,,7.0,SW,,33.5,,5.5,31.25,,,2.5,50.40000000000002,74.8,2,1.0,34.833333333333336,22.4475,0.31494162072895193,-0.9491110448902284,6,True
2026-06-14,36.5,25.6,0.0,30.6,34.8,,,,,6.0,SW,,32.0,,8.0,31.05,,,0.0,50.40000000000002,74.8,3,2.0,35.666666666666664,17.79,0.2985688173637202,-0.9543881083175908,6,True
2026-06-15,36.5,25.5,0.0,30.5,35.6,,,,,6.0,SW,,32.0,,6.3,31.0,,,0.0,23.20000000000002,68.39999999999999,4,3.0,36.5,13.14,0.2821076626819194,-0.9593827529490743,6,True
2026-06-16,36.2,27.0,0.0,32.2,35.8,,,,,6.0,SE,,33.5,,7.0,31.6,,,-0.29999999999999716,23.20000000000002,68.39999999999999,5,3.0,36.4,8.4,0.26556302780405594,-0.9640935007889755,6,True
2026-06-17,39.2,26.0,0.0,32.2,36.2,,,,,5.0,SE,,33.0,,9.0,32.6,,,3.0,23.20000000000002,68.39999999999999,6,3.0,37.300000000000004,3.51,0.24893980855376657,-0.9685189578512204,6,True
2026-06-18,38.0,28.0,0.0,31.5,36.8,,,,,6.0,SW,,32.2,,1.1,33.0,,,-1.2000000000000028,0.0,68.39999999999999,7,3.0,37.800000000000004,0.0,0.23224292400907015,-0.9726578145718654,6,True
2026-06-19,36.0,26.0,0.0,29.0,35.4,,,,,7.5,SW,,30.5,,1.4,31.0,,,-2.0,0.0,68.39999999999999,8,3.0,37.73333333333334,0.0,0.21547731504673012,-0.976508846196619,6,True
2026-06-20,35.4,23.0,111.0,29.0,33.5,,,,,7.0,SW,,30.5,,,29.2,,,-0.6000000000000014,111.00000000000003,179.0,0,2.0,36.46666666666666,100.0,0.19864794288017112,-0.9800709131432666,6,True
2026-06-21,34.0,24.0,20.4,28.5,33.8,,,,,7.0,SW,,29.2,,0.0,29.0,,,-1.3999999999999986,131.40000000000003,198.8,0,1.0,35.13333333333333,100.0,0.18175978759137534,-0.9833429613388902,6,True
2026-06-22,33.8,24.0,5.6,28.0,33.4,,,,,7.0,SW,,29.6,,0.0,28.9,,,-0.20000000000000284,137.00000000000003,204.4,0,0.0,34.4,100.0,0.16481784665719793,-0.9863240225317866,6,True
2026-06-23,35.5,26.6,0.0,30.0,31.8,,,,,7.0,SW,,30.0,,4.5,31.05,,,1.7000000000000028,137.00000000000003,204.4,1,0.0,34.43333333333333,95.3425,0.14782713347053048,-0.9890132145779883,6,True
2026-06-24,33.8,26.6,0.0,30.0,33.2,,,,,6.0,SW,,30.0,,0.0,30.2,,,-1.7000000000000028,137.00000000000003,204.4,2,0.0,34.36666666666667,90.8125,0.13079267585675922,-0.9914097417023038,6,True
2026-06-25,36.4,27.5,0.0,30.5,34.4,,,,,6.0,SW,,30.5,,1.6,31.95,,,2.6000000000000014,137.00000000000003,204.4,3,1.0,35.23333333333333,86.02,0.11371951458594969,-0.9935128947338007,6,True
2026-06-26,34.8,27.4,59.4,29.3,34.0,,,,,6.0,SW,,30.5,,1.0,31.099999999999998,,,-1.6000000000000014,196.40000000000003,263.8,0,1.0,35.0,100.0,0.0966127018812031,-0.9953220513156602,6,True
2026-06-27,35.4,27.2,0.0,30.5,34.2,,,,,6.0,SE,,32.0,,4.0,31.299999999999997,,,0.6000000000000014,85.40000000000003,263.8,1,1.0,35.53333333333333,95.305,0.07947729992362097,-0.9968366760893436,6,True
2026-06-28,36.0,27.5,0.0,30.0,35.4,,,,,5.5,SW,,31.8,,4.0,31.75,,,0.6000000000000014,65.00000000000003,263.8,2,1.0,35.4,90.5425,0.062318379354325076,-0.998056320853012,6,True
2026-06-29,37.0,26.5,0.0,30.0,36.6,,,,,7.0,SW,,31.8,,0.0,31.75,,,1.0,59.40000000000003,250.4,3,2.0,36.13333333333333,85.78,0.04514101777397193,-0.9989806246941579,6,True
2026-06-30,34.0,24.6,61.6,29.0,33.8,,,,,6.0,SW,,31.5,,,29.3,,,-3.0,121.00000000000003,308.4,0,2.0,35.666666666666664,100.0,0.02795029824021032,-0.999609314096404,6,True
2026-07-01,33.8,25.6,1.6,28.0,32.6,,,,,6.0,SE,6.0,30.5,,1.0,29.7,,,-0.20000000000000284,122.60000000000002,310.0,1,1.0,34.93333333333333,97.4,0.01075130776352193,-0.9999422030204416,7,True
2026-07-02,33.0,25.0,10.2,29.0,32.6,,,,,6.0,SE,6.0,30.4,,4.0,29.0,,,-0.7999999999999972,132.80000000000004,320.2,0,0.0,33.6,100.0,-0.00645086419810515,-0.9999791929590823,7,True
2026-07-03,33.8,26.5,11.4,30.0,31.8,,,,,6.0,SE,6.0,31.5,,3.6,30.15,,,0.7999999999999972,84.80000000000003,331.6,0,0.0,33.53333333333333,100.0,-0.023651127245231586,-0.9997202729664083,7,True
2026-07-04,32.2,26.5,16.2,29.0,27.6,,,,,6.0,SE,4.0,30.0,,0.0,29.35,,,-1.5999999999999943,101.00000000000003,347.8,0,0.0,33.0,100.0,-0.04084439154329611,-0.9991655196610109,7,True
2026-07-05,32.0,23.5,24.6,25.8,27.4,,,,,4.0,NE,4.0,32.2,,1.0,27.75,,,-0.20000000000000284,125.60000000000004,372.4,0,0.0,32.666666666666664,100.0,-0.05802556932878035,-0.9983150972033183,7,True
2026-07-06,30.8,25.2,11.0,26.0,27.4,,,,,6.0,SE,4.0,28.0,,0.0,28.0,,,-1.1999999999999993,136.60000000000002,383.4,0,0.0,31.666666666666668,100.0,-0.07518957641475855,-0.9971692572470178,7,True
2026-07-07,31.2,26.5,6.8,28.5,30.8,,,,,6.0,SW,4.0,28.0,,0.0,28.85,,,0.3999999999999986,81.80000000000003,390.2,0,0.0,31.333333333333332,100.0,-0.09233133369539123,-0.9957283388645872,7,True
2026-07-08,33.2,26.2,0.6,29.0,31.2,,,,,6.0,SW,6.0,31.2,,1.0,29.700000000000003,,,2.0000000000000036,80.80000000000004,363.6,1,0.0,31.733333333333334,96.4,-0.10944576864891556,-0.993992768446958,7,True
2026-07-09,31.2,25.5,6.4,27.0,30.8,,,,,8.0,SW,6.0,28.5,,0.0,28.35,,,-2.0000000000000036,77.00000000000003,370.0,0,0.0,31.86666666666667,98.6,-0.12652781683868314,-0.9919630595773397,7,True
2026-07-10,30.2,23.5,77.0,27.5,29.8,,,,,6.0,SW,6.0,28.0,,0.0,26.85,,,-1.0,142.60000000000002,447.0,0,0.0,31.53333333333333,100.0,-0.1435724234118113,-0.9896398128792412,7,True
2026-07-11,33.8,25.0,5.0,28.0,33.2,,,,,6.0,SW,6.0,29.0,,0.0,29.4,,,3.599999999999998,131.40000000000003,428.79999999999995,0,0.0,31.73333333333333,100.0,-0.16057454459499376,-0.9870237158387383,7,True
2026-07-12,33.8,26.5,0.0,30.0,33.2,,,,,6.0,SW,4.0,30.0,,0.0,30.15,,,0.0,106.80000000000003,428.79999999999995,1,0.0,32.599999999999994,97.2,-0.17752914918703497,-0.984115542601034,7,True
2026-07-13,32.0,28.0,0.0,30.0,3.6,,,,,4.0,NW,4.0,30.0,,0.0,30.0,,,-1.7999999999999972,95.80000000000003,428.79999999999995,2,0.0,33.199999999999996,94.4,-0.19443122004766195,-0.9809161537413774,7,True
2026-07-14,30.0,25.2,29.0,27.0,27.6,,,,,4.0,NE,6.0,28.0,,0.0,27.6,,,-2.0,118.00000000000003,457.79999999999995,0,0.0,31.933333333333326,100.0,-0.2112757555821793,-0.9774264960104055,7,True
2026-07-15,33.8,25.5,7.8,30.5,32.5,,,,,4.0,SE,6.0,30.5,,0.0,29.65,,,3.799999999999997,125.20000000000002,465.59999999999997,0,0.0,31.933333333333334,100.0,-0.2280577712215198,-0.9736476020539838,7,True
2026-07-16,30.5,26.0,6.6,29.0,30.2,,,,,4.0,SE,6.0,30.5,,0.0,28.25,,,-3.299999999999997,125.40000000000003,472.2,0,0.0,31.433333333333334,100.0,-0.24477230089725957,-0.9695805901076308,7,True
2026-07-17,31.5,25.2,18.0,27.5,30.8,,,,,4.0,SE,6.0,30.5,,0.0,28.35,,,1.0,66.40000000000003,490.2,0,0.0,31.933333333333334,100.0,-0.2614143985111562,-0.965226663665613,7,True
2026-07-18,33.5,26.0,2.4,30.0,32.2,,,,,4.0,SE,4.0,30.5,,2.6,29.75,,,2.0,63.800000000000026,492.59999999999997,1,0.0,31.833333333333332,99.6,-0.2779791393987801,-0.9605871111248129,7,True
2026-07-19,33.0,26.5,0.0,30.2,32.6,,,,,4.0,SE,4.0,31.4,,2.4,29.75,,,-0.5,63.800000000000026,492.59999999999997,2,0.0,32.666666666666664,96.8,-0.2944616217868012,-0.9556633054034704,7,True
2026-07-20,34.0,26.0,0.4,30.5,33.6,,,,,6.0,SE,6.0,31.5,,3.0,30.0,,,1.0,64.20000000000003,382.0,3,0.0,33.5,93.0,-0.3108569682435036,-0.9504567035349151,7,True
2026-07-21,32.2,24.0,113.4,26.5,27.8,,,,,6.0,SE,6.0,28.5,,0.0,28.1,,,-1.7999999999999972,148.60000000000002,475.0,0,0.0,33.06666666666667,100.0,-0.3271603271220951,-0.9449688462364056,7,True
2026-07-22,30.6,25.0,16.8,27.5,27.5,,,,,6.0,SE,6.0,29.0,,0.0,27.8,,,-1.6000000000000014,157.60000000000002,486.20000000000005,0,0.0,32.26666666666667,100.0,-0.34336687399638804,-0.939201357453208,7,True
2026-07-23,28.4,25.0,1.6,28.0,25.8,,,,,6.0,SW,6.0,28.5,,0.0,26.7,,,-2.200000000000003,152.60000000000002,487.8,1,0.0,30.400000000000002,97.4,-0.3594718130884232,-0.9331559438780432,7,True
2026-07-24,31.0,24.6,7.8,26.8,27.8,,,,,4.0,NE,4.0,29.0,,0.0,27.8,,,2.6000000000000014,142.40000000000003,495.6,0,0.0,30.0,100.0,-0.3754703786876202,-0.9268343944460494,7,True
2026-07-25,32.0,24.8,0.0,27.5,28.8,,,,,4.0,NE,4.0,29.0,,0.0,28.4,,,1.0,140.00000000000003,495.6,1,0.0,30.46666666666667,97.2,-0.3913578365610259,-0.9202385798054075,7,True
2026-07-26,32.5,24.4,3.0,27.8,31.2,,,,,2.0,NE,4.0,29.5,,0.0,28.45,,,0.5,143.00000000000003,439.2,0,0.0,31.833333333333332,97.4,-0.4071294853542516,-0.9133704517637858,7,True
2026-07-27,31.8,25.8,23.0,27.5,28.0,,,,,6.0,NE,4.0,29.0,,0.0,28.8,,,-0.6999999999999993,165.60000000000005,462.2,0,0.0,32.1,100.0,-0.4227806579826773,-0.9062320427107697,7,True
2026-07-28,29.0,25.0,53.0,26.0,28.4,,,,,6.0,SE,6.0,27.5,,1.0,27.0,,,-2.8000000000000007,105.20000000000003,515.2,0,0.0,31.099999999999998,100.0,-0.4383067230125192,-0.898825465016444,7,True
2026-07-29,29.8,24.6,19.2,28.0,27.0,,,,,9.0,NE,6.0,29.0,,0.8,27.200000000000003,,,0.8000000000000007,107.60000000000004,534.4,0,0.0,30.2,100.0,-0.45370308603134424,-0.8911529104063088,7,True
2026-07-30,31.0,25.0,16.6,29.0,30.0,,,,,9.0,SE,6.0,29.0,,0.8,28.0,,,1.1999999999999993,122.60000000000002,489.4,0,0.0,29.933333333333337,100.0,-0.46896519100763184,-0.8832166493127127,7,True
2026-07-31,31.6,26.0,0.0,29.0,31.4,,,,,8.0,SE,6.0,29.5,,1.8,28.8,,,0.6000000000000014,114.80000000000003,487.8,1,0.0,30.8,95.8,-0.48408852163897587,-0.8750190302029955,7,True
2026-08-01,33.2,26.0,4.6,29.4,30.2,,,,,7.0,SW,,30.0,,2.1,29.6,,,1.6000000000000014,119.40000000000003,482.20000000000005,0,0.0,31.933333333333337,95.96,-0.4990686026885319,-0.8665624788845385,8,True
2026-08-02,33.0,27.0,0.0,29.8,30.4,,,,,7.0,SE,,30.5,,2.8,30.0,,,-0.20000000000000284,116.40000000000003,470.8,1,0.0,32.6,91.46,-0.5139010013093103,-0.8578494977869301,8,True
2026-08-03,35.0,25.2,10.4,29.5,33.5,,,,,6.0,SE,,30.0,,4.0,30.1,,,2.0,103.80000000000003,465.0,0,0.0,33.73333333333334,97.345,-0.5285813283559292,-0.8488826652214553,8,True
2026-08-04,32.0,28.0,45.5,29.0,30.8,,,,,6.0,NE,,30.0,,7.6,30.0,,,-3.0,96.30000000000003,485.9,0,0.0,33.333333333333336,100.0,-0.5431052396834317,-0.8396646346181327,8,True
2026-08-05,33.0,26.5,0.4,29.0,31.8,,,,,5.0,SE,,26.5,,0.0,29.75,,,1.0,77.50000000000003,475.29999999999995,1,0.0,33.333333333333336,95.9375,-0.5574684374327892,-0.8301981337405212,8,True
2026-08-06,31.5,24.5,26.6,27.0,30.8,,,,,6.5,SW,,28.5,,0.0,28.0,,,-1.5,87.50000000000003,495.1,0,0.0,32.166666666666664,100.0,-0.5716666713027052,-0.8204859638785327,8,True
2026-08-07,30.8,26.0,4.8,27.5,29.6,,,,,6.0,SW,,29.5,,0.0,28.4,,,-0.6999999999999993,92.30000000000003,499.3,0,0.0,31.766666666666666,100.0,-0.5856957398073508,-0.8105309990194823,8,True
2026-08-08,28.0,26.0,12.6,27.4,28.0,,,,,6.0,SW,,29.4,,0.0,27.0,,,-2.8000000000000007,100.30000000000001,505.5,0,0.0,30.099999999999998,100.0,-0.5995514915196489,-0.8003361849976323,8,True
2026-08-09,32.0,25.9,5.5,28.5,28.8,,,,,6.0,SW,,29.5,,0.0,28.95,,,4.0,105.80000000000001,434.0,0,0.0,30.266666666666666,100.0,-0.6132298262997502,-0.7899045386224707,8,True
2026-08-10,31.0,26.0,0.0,30.0,30.8,,,,,5.0,SE,,31.0,,0.0,28.5,,,-1.0,95.40000000000003,429.0,1,0.0,30.333333333333332,95.725,-0.6267266965083301,-0.7792391467859886,8,True
2026-08-11,33.8,26.2,0.0,3.2,33.4,,,,,6.0,NW,,31.0,,4.4,30.0,,,2.799999999999997,49.90000000000003,429.0,2,0.0,32.266666666666666,91.225,-0.6400381082043503,-0.7683431655492202,8,True
2026-08-12,34.0,26.0,0.0,29.0,34.0,,,,,5.0,NW,,30.0,,2.5,30.0,,,0.20000000000000284,49.50000000000003,429.0,3,0.0,32.93333333333333,86.725,-0.65316012232693,-0.7572198192083127,8,True
2026-08-13,32.0,25.5,73.4,27.5,30.0,,,,,6.5,NW,,29.5,,0.0,28.75,,,-2.0,96.30000000000004,473.40000000000003,0,0.0,33.266666666666666,100.0,-0.666088855860977,-0.7458723993404063,8,True
2026-08-14,32.0,25.0,49.6,27.5,29.8,,,,,6.0,NE,,29.0,,0.0,28.5,,,0.0,141.10000000000005,515.2,0,0.0,32.666666666666664,100.0,-0.6788204829862357,-0.734304263829602,8,True
2026-08-15,31.4,26.4,12.2,29.0,30.0,,,,,6.0,SE,,29.2,,4.0,28.9,,,-0.6000000000000014,140.70000000000005,520.8,0,0.0,31.8,100.0,-0.6913512362094071,-0.722518835873311,8,True
2026-08-16,32.5,26.0,0.0,29.0,31.8,,,,,4.0,SE,,29.2,,5.7,29.25,,,1.1000000000000014,135.20000000000005,502.8,1,0.0,31.96666666666667,95.6125,-0.7036774074790128,-0.7105196029692745,8,True
2026-08-17,30.8,26.0,13.2,27.5,26.0,,,,,6.0,SW,,29.2,,5.5,28.4,,,-1.6999999999999993,148.40000000000003,513.6,0,0.0,31.566666666666666,100.0,-0.7157953492826642,-0.6983101158835584,8,True
2026-08-18,29.2,24.5,2.0,26.4,27.4,,,,,6.0,SW,,28.0,,5.2,26.85,,,-1.6000000000000014,150.40000000000003,515.6,1,0.0,30.833333333333332,97.9725,-0.7277014757264236,-0.6858939875998223,8,True
2026-08-19,33.0,25.2,2.6,29.4,32.8,,,,,6.0,SW,,29.8,,7.0,29.1,,,3.8000000000000007,153.00000000000006,517.8000000000001,0,0.0,31.0,96.2075,-0.7393922635959241,-0.673274892250183,8,True
2026-08-20,34.2,26.0,0.6,30.0,33.2,,,,,5.0,SE,,30.5,,6.5,30.1,,,1.2000000000000028,80.20000000000005,405.0,1,0.0,32.13333333333333,92.2925,-0.7508642533989489,-0.6604565640279754,8,True
2026-08-21,34.5,26.5,0.0,31.5,33.4,,,,,5.0,NW,,31.5,,4.5,30.5,,,0.29999999999999716,30.60000000000004,388.2,2,0.0,33.9,87.7175,-0.7621140503891487,-0.6474427960827475,8,True
2026-08-22,34.5,26.5,0.0,31.0,32.8,,,,,8.0,SE,,31.5,,5.2,30.5,,,0.0,18.40000000000004,386.6,3,0.0,34.4,83.1425,-0.7731383255706027,-0.6342374393978054,8,True
2026-08-23,34.5,26.8,0.8,31.0,31.0,,,,,8.0,SE,,30.5,,5.2,30.65,,,0.0,19.200000000000042,379.6,4,0.0,34.5,79.345,-0.7839338166829201,-0.620844401650647,8,True
2026-08-24,33.0,26.2,31.0,29.0,31.0,,,,,7.0,SE,,30.5,,1.5,29.6,,,-1.5,37.00000000000004,410.6,0,0.0,34.0,100.0,-0.7944973291665992,-0.6072676460566135,8,True
2026-08-25,33.2,26.5,7.2,29.0,31.5,,,,,6.0,SW,,30.5,,4.3,29.85,,,0.20000000000000284,42.200000000000045,414.8,0,0.0,33.56666666666667,100.0,-0.8048257371083452,-0.593511190196115,8,True
2026-08-26,34.4,27.5,0.2,29.0,29.4,,,,,5.0,NE,,31.0,,1.5,30.95,,,1.1999999999999957,39.80000000000004,392.0,1,0.0,33.53333333333333,95.5575,-0.8149159841660791,-0.5795791048257612,8,True
2026-08-27,34.0,26.5,26.2,30.0,33.6,,,,,5.0,SW,,31.0,,5.2,30.25,,,-0.3999999999999986,65.40000000000003,365.20000000000005,0,0.0,33.86666666666667,100.0,-0.8247650844733614,-0.5654755126737576,8,True
2026-08-28,33.6,25.0,82.2,29.0,29.8,,,,,7.0,NW,,30.0,,4.3,29.3,,,-0.3999999999999986,147.60000000000002,428.20000000000005,0,0.0,34.0,100.0,-0.8343701235229537,-0.5512045872199277,8,True
2026-08-29,33.8,25.6,5.4,28.5,30.8,,,,,6.0,NW,,30.0,,4.5,29.7,,,0.19999999999999574,153.00000000000003,417.0,0,0.0,33.8,100.0,-0.8437282590292712,-0.5367705514607103,8,True
2026-08-30,32.0,25.8,1.4,28.6,30.4,,,,,7.0,NW,,30.2,,3.0,28.9,,,-1.7999999999999972,153.60000000000002,418.40000000000003,1,0.0,33.13333333333333,97.065,-0.8528367217694595,-0.522177676659508,8,True
2026-08-31,30.5,26.0,1.8,29.0,29.0,,,,,7.0,ESE,,30.0,,0.0,28.25,,,-1.5,124.40000000000003,415.59999999999997,2,0.0,32.1,94.6275,-0.8616928164028521,-0.5074302810827518,8,True
