text,class_id,class_name
Yellowing and bronzing of leaves with fine speckled texture on upper surface. Curled margins visible. Orange-yellow spots on leaf surface. Powdery texture. Both leaf surfaces show discolouration.,1,LEAF_HOPPERS
Young flush with angular brown lesions at irregular positions. Rough raised texture at each wound centre. Brown patches on leaf margins. Tissue soft at edges. Worse in lower shaded canopy.,4,MOSQUITO_BUG
Rust-orange raised spots with powdery texture on lower leaf surface. Upper surface shows corresponding pale patches. Whitish flecks on leaf blade. Tip region most affected. Leaves feel dry.,2,LEAF_RUST
Dark necrotic patches with pale yellow borders appearing on lower canopy leaves. Soft texture at active edge. Raised lesions on tender flush. Scattered distribution. Tips show some dieback.,0,LEAF_BLIGHT
Fine white speckling uniformly distributed on upper leaf. Margins rolling and yellowing.,1,LEAF_HOPPERS
Orange-yellow powdery pustules on lower leaf surface. Corresponding pale spots visible on upper surface. Pale speckling on upper leaf surface. Margins slightly curled. Yellowing visible on some leaves.,2,LEAF_RUST
Orange pustules coalescing on lower leaf surface. Leaves yellowing and dropping in severely affected patches.,2,LEAF_RUST
Multiple small raised necrotic spots on tender shoots. Each spot has a sunken dark centre. Tips wilted. Portions of leaf removed. Skeletonized areas on some leaves. Frass present nearby.,4,MOSQUITO_BUG
Rust-coloured spore masses on abaxial surface. Upper leaf shows yellow-orange chlorotic spots above each pustule.,2,LEAF_RUST
Rust-coloured spore masses on abaxial surface. Upper leaf shows yellow-orange chlorotic spots above each pustule.,2,LEAF_RUST
Fine stippling on upper surface. Some leaf curl. Could reflect feeding damage or other stress. Brown spots on new foliage. Raised texture at lesion centres. Shoot tips look unhealthy.,1,LEAF_HOPPERS
Bleached stippling across leaf surface. Leaves brittle and discoloured. Tip dieback in severe cases. Brown spots on new foliage. Raised texture at lesion centres. Shoot tips look unhealthy.,1,LEAF_HOPPERS
Browning from leaf tip progressing inward. Soft water-soaked appearance at active edge. Whitish flecks on leaf blade. Tip region most affected. Leaves feel dry.,0,LEAF_BLIGHT
Rust-orange raised spots with powdery texture on lower leaf surface. Upper surface shows corresponding pale patches. Whitish flecks on leaf blade. Tip region most affected. Leaves feel dry.,2,LEAF_RUST
Brown spots on new foliage. Raised texture at lesion centres. Shoot tips look unhealthy. Necrotic areas on leaf blade. Margins discoloured. Spreading under humid conditions.,4,MOSQUITO_BUG
Orange deposits visible on leaf underside. Slow spread. Surrounding tissue slightly yellow. Portions of leaf removed. Skeletonized areas on some leaves. Frass present nearby.,2,LEAF_RUST
Multiple small raised necrotic spots on tender shoots. Each spot has a sunken dark centre. Tips wilted. Browning from leaf tip progressing inward. Soft water-soaked appearance at active edge.,4,MOSQUITO_BUG
Leaf lamina partially consumed leaving midrib and major veins. Feeding damage across multiple leaves in canopy. Orange deposits visible on leaf underside. Slow spread. Surrounding tissue slightly yellow.,3,LOOPER_CATERPILLARS
Upper leaf surface stripped away in patches. Veins exposed. Frass pellets and silk webbing visible nearby. Pale speckling on upper leaf surface. Margins slightly curled. Yellowing visible on some leaves.,3,LOOPER_CATERPILLARS
Portions of leaf removed. Skeletonized areas on some leaves. Frass present nearby.,3,LOOPER_CATERPILLARS
Large irregularly shaped brown areas on leaf blade. Margin tissue soft and disintegrating under moisture. Orange-yellow spots on leaf surface. Powdery texture. Both leaf surfaces show discolouration.,0,LEAF_BLIGHT
Skeletonized patches where only the major veins remain intact. Leaf edges highly irregular from feeding. Necrotic areas on leaf blade. Margins discoloured. Spreading under humid conditions.,3,LOOPER_CATERPILLARS
Brown patches on leaf margins. Tissue soft at edges. Worse in lower shaded canopy.,0,LEAF_BLIGHT
Rough corky raised spots on newly emerged leaves. Tips curled and discoloured. Lesions individually spaced. Leaf tissue missing in irregular patches. Ragged edges at margin. Origin not confirmed.,4,MOSQUITO_BUG
Necrotic areas on leaf blade. Margins discoloured. Spreading under humid conditions.,0,LEAF_BLIGHT
Tip burn on young leaves with pale stippled damage spreading toward mid-leaf. Veins still green.,1,LEAF_HOPPERS
Multiple small raised necrotic spots on tender shoots. Each spot has a sunken dark centre. Tips wilted.,4,MOSQUITO_BUG
Blighted areas beginning at leaf tip and progressing along margins. Entire leaf browning in advanced cases.,0,LEAF_BLIGHT
Browning from leaf tip progressing inward. Soft water-soaked appearance at active edge. Orange deposits visible on leaf underside. Slow spread. Surrounding tissue slightly yellow.,0,LEAF_BLIGHT
Necrotic areas on leaf blade. Margins discoloured. Spreading under humid conditions. Rust-coloured patches on lower leaf. Upper surface pale above affected areas.,0,LEAF_BLIGHT
Skeletonized patches where only the major veins remain intact. Leaf edges highly irregular from feeding.,3,LOOPER_CATERPILLARS
Brown patches on leaf margins. Tissue soft at edges. Worse in lower shaded canopy. Pale speckling on upper leaf surface. Margins slightly curled. Yellowing visible on some leaves.,0,LEAF_BLIGHT
Defoliated patches with only coarse veins remaining. Fine frass scattered on leaves beneath affected area.,3,LOOPER_CATERPILLARS
Fine stippling on upper surface. Some leaf curl. Could reflect feeding damage or other stress. Brown spots on new foliage. Raised texture at lesion centres. Shoot tips look unhealthy.,1,LEAF_HOPPERS
Uniform whitish flecking on leaf blade. Leaves feel papery and dry. Lower canopy most affected. Leaf tissue missing in irregular patches. Ragged edges at margin. Origin not confirmed.,1,LEAF_HOPPERS
Fine stippling on upper surface. Some leaf curl. Could reflect feeding damage or other stress. Holes and torn edges on leaf blade. Some veins exposed. Frass visible below.,1,LEAF_HOPPERS
Uniform whitish flecking on leaf blade. Leaves feel papery and dry. Lower canopy most affected. Raised lesions on tender flush. Scattered distribution. Tips show some dieback.,1,LEAF_HOPPERS
Bright orange urediniospore pustules scattered on underside of leaves. Spores dust off when touched.,2,LEAF_RUST
Leaf bronzing with dense pale stippling from tip toward base. Brittle texture on older affected leaves. Browning from leaf tip progressing inward. Soft water-soaked appearance at active edge.,1,LEAF_HOPPERS
Orange deposits visible on leaf underside. Slow spread. Surrounding tissue slightly yellow.,2,LEAF_RUST
Whitish flecks on leaf blade. Tip region most affected. Leaves feel dry.,1,LEAF_HOPPERS
Dark necrotic patches with pale yellow borders appearing on lower canopy leaves. Soft texture at active edge.,0,LEAF_BLIGHT
Leaf tissue missing in irregular patches. Ragged edges at margin. Origin not confirmed.,3,LOOPER_CATERPILLARS
Skeletonized patches where only the major veins remain intact. Leaf edges highly irregular from feeding. Whitish flecks on leaf blade. Tip region most affected. Leaves feel dry.,3,LOOPER_CATERPILLARS
Multiple small raised necrotic spots on tender shoots. Each spot has a sunken dark centre. Tips wilted.,4,MOSQUITO_BUG
Brown water-soaked lesions spreading inward from leaf margins. Tissue collapses rapidly under humid conditions. Orange-yellow spots on leaf surface. Powdery texture. Both leaf surfaces show discolouration.,0,LEAF_BLIGHT
Pale stippling pattern across upper leaf surface. Leaf margins curling upward. Colour fading to pale yellow.,1,LEAF_HOPPERS
Bright orange urediniospore pustules scattered on underside of leaves. Spores dust off when touched. Raised lesions on tender flush. Scattered distribution. Tips show some dieback.,2,LEAF_RUST
Brown necrosis expanding from tip and edges. More than half of some leaves showing blighted tissue. Small angular marks on young leaves. Some tip wilting visible. Cause not immediately clear.,0,LEAF_BLIGHT
Leaf tissue turning brown from edges inward. Water-soaked translucent border at leading edge of lesion. Small angular marks on young leaves. Some tip wilting visible. Cause not immediately clear.,0,LEAF_BLIGHT
Yellowing and bronzing of leaves with fine speckled texture on upper surface. Curled margins visible. Orange-yellow spots on leaf surface. Powdery texture. Both leaf surfaces show discolouration.,1,LEAF_HOPPERS
Holes and torn edges on leaf blade. Some veins exposed. Frass visible below. Browning from leaf tip progressing inward. Soft water-soaked appearance at active edge.,3,LOOPER_CATERPILLARS
Large irregularly shaped brown areas on leaf blade. Margin tissue soft and disintegrating under moisture. Holes and torn edges on leaf blade. Some veins exposed. Frass visible below.,0,LEAF_BLIGHT
Young flush with angular brown lesions at irregular positions. Rough raised texture at each wound centre. Brown patches on leaf margins. Tissue soft at edges. Worse in lower shaded canopy.,4,MOSQUITO_BUG
Orange pustules coalescing on lower leaf surface. Leaves yellowing and dropping in severely affected patches.,2,LEAF_RUST
Yellowing and bronzing of leaves with fine speckled texture on upper surface. Curled margins visible.,1,LEAF_HOPPERS
Irregular brown blotches covering large portions of the leaf blade. Adjacent tissue appears water-soaked. Raised lesions on tender flush. Scattered distribution. Tips show some dieback.,0,LEAF_BLIGHT
Leaf tissue turning brown from edges inward. Water-soaked translucent border at leading edge of lesion.,0,LEAF_BLIGHT
Yellow-orange raised pustules in irregular groups on leaf underside. Upper surface pale yellow above each cluster.,2,LEAF_RUST
Brown water-soaked lesions spreading inward from leaf margins. Tissue collapses rapidly under humid conditions. Whitish flecks on leaf blade. Tip region most affected. Leaves feel dry.,0,LEAF_BLIGHT
Young shoots with multiple stipple-like raised spots and tip wilting. Lesion centres sunken and darkened.,4,MOSQUITO_BUG
Bright orange urediniospore pustules scattered on underside of leaves. Spores dust off when touched. Brown spots on new foliage. Raised texture at lesion centres. Shoot tips look unhealthy.,2,LEAF_RUST
Orange-yellow spots on leaf surface. Powdery texture. Both leaf surfaces show discolouration. Browning from leaf tip progressing inward. Soft water-soaked appearance at active edge.,2,LEAF_RUST
Dark necrotic patches with pale yellow borders appearing on lower canopy leaves. Soft texture at active edge.,0,LEAF_BLIGHT
Rust-coloured patches on lower leaf. Upper surface pale above affected areas. Whitish flecks on leaf blade. Tip region most affected. Leaves feel dry.,2,LEAF_RUST
Small circular orange-rust coloured spots on adaxial surface. Powdery spore deposits on abaxial side. Fine stippling on upper surface. Some leaf curl. Could reflect feeding damage or other stress.,2,LEAF_RUST
Large irregularly shaped brown areas on leaf blade. Margin tissue soft and disintegrating under moisture. Small angular marks on young leaves. Some tip wilting visible. Cause not immediately clear.,0,LEAF_BLIGHT
Large irregular sections of leaf tissue removed. Frass deposits and silk threads present near damage sites.,3,LOOPER_CATERPILLARS
New growth showing shoot dieback with scattered corky raised spots. Pale outer ring around each lesion. Brown patches on leaf margins. Tissue soft at edges. Worse in lower shaded canopy.,4,MOSQUITO_BUG
Irregular holes across leaf blade with ragged edges. Frass pellets visible on remaining tissue beneath. Pale speckling on upper leaf surface. Margins slightly curled. Yellowing visible on some leaves.,3,LOOPER_CATERPILLARS
Leaf tissue turning brown from edges inward. Water-soaked translucent border at leading edge of lesion. Raised lesions on tender flush. Scattered distribution. Tips show some dieback.,0,LEAF_BLIGHT
New growth showing shoot dieback with scattered corky raised spots. Pale outer ring around each lesion. Brown patches on leaf margins. Tissue soft at edges. Worse in lower shaded canopy.,4,MOSQUITO_BUG
Leaf lamina partially consumed leaving midrib and major veins. Feeding damage across multiple leaves in canopy.,3,LOOPER_CATERPILLARS
Young shoots with multiple stipple-like raised spots and tip wilting. Lesion centres sunken and darkened. Leaf tissue missing in irregular patches. Ragged edges at margin. Origin not confirmed.,4,MOSQUITO_BUG
Whitish flecks on leaf blade. Tip region most affected. Leaves feel dry. Small angular marks on young leaves. Some tip wilting visible. Cause not immediately clear.,1,LEAF_HOPPERS
Leaf tips turning yellow-white with fine pale speckling. Leaf curl on newly emerged growth. Orange deposits visible on leaf underside. Slow spread. Surrounding tissue slightly yellow.,1,LEAF_HOPPERS
Rust-coloured spore masses on abaxial surface. Upper leaf shows yellow-orange chlorotic spots above each pustule. Necrotic areas on leaf blade. Margins discoloured. Spreading under humid conditions.,2,LEAF_RUST
Young shoots with multiple stipple-like raised spots and tip wilting. Lesion centres sunken and darkened. Browning from leaf tip progressing inward. Soft water-soaked appearance at active edge.,4,MOSQUITO_BUG
Portions of leaf removed. Skeletonized areas on some leaves. Frass present nearby. Rust-coloured patches on lower leaf. Upper surface pale above affected areas.,3,LOOPER_CATERPILLARS
Notched leaf margins and internal holes. Damage consistent with chewing from leaf edge inward. Necrotic areas on leaf blade. Margins discoloured. Spreading under humid conditions.,3,LOOPER_CATERPILLARS
New growth showing shoot dieback with scattered corky raised spots. Pale outer ring around each lesion.,4,MOSQUITO_BUG
Irregular holes across leaf blade with ragged edges. Frass pellets visible on remaining tissue beneath. Necrotic areas on leaf blade. Margins discoloured. Spreading under humid conditions.,3,LOOPER_CATERPILLARS
Leaf tissue turning brown from edges inward. Water-soaked translucent border at leading edge of lesion. Small angular marks on young leaves. Some tip wilting visible. Cause not immediately clear.,0,LEAF_BLIGHT
Rust-orange raised spots with powdery texture on lower leaf surface. Upper surface shows corresponding pale patches. Whitish flecks on leaf blade. Tip region most affected. Leaves feel dry.,2,LEAF_RUST
Raised lesions on tender flush. Scattered distribution. Tips show some dieback. Fine stippling on upper surface. Some leaf curl. Could reflect feeding damage or other stress.,4,MOSQUITO_BUG
Necrotic tan-brown patches with a darker outer ring. Spreads rapidly in moist dense canopy sections.,0,LEAF_BLIGHT
Yellowing and bronzing of leaves with fine speckled texture on upper surface. Curled margins visible.,1,LEAF_HOPPERS
Raised lesions on tender flush. Scattered distribution. Tips show some dieback. Whitish flecks on leaf blade. Tip region most affected. Leaves feel dry.,4,MOSQUITO_BUG
Small circular orange-rust coloured spots on adaxial surface. Powdery spore deposits on abaxial side. Brown spots on new foliage. Raised texture at lesion centres. Shoot tips look unhealthy.,2,LEAF_RUST
Leaf bronzing with dense pale stippling from tip toward base. Brittle texture on older affected leaves. Necrotic areas on leaf blade. Margins discoloured. Spreading under humid conditions.,1,LEAF_HOPPERS
Young shoots with multiple stipple-like raised spots and tip wilting. Lesion centres sunken and darkened. Orange deposits visible on leaf underside. Slow spread. Surrounding tissue slightly yellow.,4,MOSQUITO_BUG
Raised lesions on tender flush. Scattered distribution. Tips show some dieback. Portions of leaf removed. Skeletonized areas on some leaves. Frass present nearby.,4,MOSQUITO_BUG
Bleached stippling across leaf surface. Leaves brittle and discoloured. Tip dieback in severe cases.,1,LEAF_HOPPERS
Necrotic areas on leaf blade. Margins discoloured. Spreading under humid conditions.,0,LEAF_BLIGHT
Dark necrotic patches with pale yellow borders appearing on lower canopy leaves. Soft texture at active edge. Raised lesions on tender flush. Scattered distribution. Tips show some dieback.,0,LEAF_BLIGHT
Fine white speckling uniformly distributed on upper leaf. Margins rolling and yellowing.,1,LEAF_HOPPERS
Pale stippling pattern across upper leaf surface. Leaf margins curling upward. Colour fading to pale yellow. Portions of leaf removed. Skeletonized areas on some leaves. Frass present nearby.,1,LEAF_HOPPERS
Portions of leaf removed. Skeletonized areas on some leaves. Frass present nearby. Browning from leaf tip progressing inward. Soft water-soaked appearance at active edge.,3,LOOPER_CATERPILLARS
Fine white speckling uniformly distributed on upper leaf. Margins rolling and yellowing. Small angular marks on young leaves. Some tip wilting visible. Cause not immediately clear.,1,LEAF_HOPPERS
Upper leaf surface stripped away in patches. Veins exposed. Frass pellets and silk webbing visible nearby.,3,LOOPER_CATERPILLARS
Notched leaf margins and internal holes. Damage consistent with chewing from leaf edge inward.,3,LOOPER_CATERPILLARS
Brown necrosis expanding from tip and edges. More than half of some leaves showing blighted tissue.,0,LEAF_BLIGHT
Pale speckling on upper leaf surface. Margins slightly curled. Yellowing visible on some leaves.,1,LEAF_HOPPERS
Small angular marks on young leaves. Some tip wilting visible. Cause not immediately clear. Orange deposits visible on leaf underside. Slow spread. Surrounding tissue slightly yellow.,4,MOSQUITO_BUG
Bleached stippling across leaf surface. Leaves brittle and discoloured. Tip dieback in severe cases. Small angular marks on young leaves. Some tip wilting visible. Cause not immediately clear.,1,LEAF_HOPPERS
Brown spots on new foliage. Raised texture at lesion centres. Shoot tips look unhealthy. Whitish flecks on leaf blade. Tip region most affected. Leaves feel dry.,4,MOSQUITO_BUG
Necrotic tan-brown patches with a darker outer ring. Spreads rapidly in moist dense canopy sections.,0,LEAF_BLIGHT
Necrotic areas on leaf blade. Margins discoloured. Spreading under humid conditions.,0,LEAF_BLIGHT
Skeletonized patches where only the major veins remain intact. Leaf edges highly irregular from feeding. Rust-coloured patches on lower leaf. Upper surface pale above affected areas.,3,LOOPER_CATERPILLARS
Leaf tissue turning brown from edges inward. Water-soaked translucent border at leading edge of lesion.,0,LEAF_BLIGHT
Large irregular sections of leaf tissue removed. Frass deposits and silk threads present near damage sites. Orange-yellow spots on leaf surface. Powdery texture. Both leaf surfaces show discolouration.,3,LOOPER_CATERPILLARS
Raised angular marks on expanding leaves. Shoot tips bent and discoloured. Lesions not along veins. Brown patches on leaf margins. Tissue soft at edges. Worse in lower shaded canopy.,4,MOSQUITO_BUG
Raised lesions on tender flush. Scattered distribution. Tips show some dieback. Necrotic areas on leaf blade. Margins discoloured. Spreading under humid conditions.,4,MOSQUITO_BUG
Leaf tissue turning brown from edges inward. Water-soaked translucent border at leading edge of lesion. Whitish flecks on leaf blade. Tip region most affected. Leaves feel dry.,0,LEAF_BLIGHT
Brown water-soaked lesions spreading inward from leaf margins. Tissue collapses rapidly under humid conditions.,0,LEAF_BLIGHT
Leaf tissue missing in irregular patches. Ragged edges at margin. Origin not confirmed. Pale speckling on upper leaf surface. Margins slightly curled. Yellowing visible on some leaves.,3,LOOPER_CATERPILLARS
Rust-coloured patches on lower leaf. Upper surface pale above affected areas.,2,LEAF_RUST
Brown necrosis expanding from tip and edges. More than half of some leaves showing blighted tissue.,0,LEAF_BLIGHT
Irregular brown blotches covering large portions of the leaf blade. Adjacent tissue appears water-soaked.,0,LEAF_BLIGHT
Tip burn on young leaves with pale stippled damage spreading toward mid-leaf. Veins still green. Browning from leaf tip progressing inward. Soft water-soaked appearance at active edge.,1,LEAF_HOPPERS
Multiple small raised necrotic spots on tender shoots. Each spot has a sunken dark centre. Tips wilted. Orange deposits visible on leaf underside. Slow spread. Surrounding tissue slightly yellow.,4,MOSQUITO_BUG
Young flush with angular brown lesions at irregular positions. Rough raised texture at each wound centre. Rust-coloured patches on lower leaf. Upper surface pale above affected areas.,4,MOSQUITO_BUG
Dense orange-yellow pustule clusters on abaxial leaf surface. Surrounding tissue yellowing rapidly. Necrotic areas on leaf blade. Margins discoloured. Spreading under humid conditions.,2,LEAF_RUST
Yellow-orange raised pustules in irregular groups on leaf underside. Upper surface pale yellow above each cluster. Brown patches on leaf margins. Tissue soft at edges. Worse in lower shaded canopy.,2,LEAF_RUST
Orange-yellow spots on leaf surface. Powdery texture. Both leaf surfaces show discolouration.,2,LEAF_RUST
Orange-yellow powdery pustules on lower leaf surface. Corresponding pale spots visible on upper surface. Leaf tissue missing in irregular patches. Ragged edges at margin. Origin not confirmed.,2,LEAF_RUST
Rust-coloured spore masses on abaxial surface. Upper leaf shows yellow-orange chlorotic spots above each pustule. Leaf tissue missing in irregular patches. Ragged edges at margin. Origin not confirmed.,2,LEAF_RUST
Leaf tissue missing in irregular patches. Ragged edges at margin. Origin not confirmed. Small angular marks on young leaves. Some tip wilting visible. Cause not immediately clear.,3,LOOPER_CATERPILLARS
Tender leaves with rough brown patches and tip wilting. Scattered wound-like raised lesions throughout blade. Orange-yellow spots on leaf surface. Powdery texture. Both leaf surfaces show discolouration.,4,MOSQUITO_BUG
Young flush with angular brown lesions at irregular positions. Rough raised texture at each wound centre. Browning from leaf tip progressing inward. Soft water-soaked appearance at active edge.,4,MOSQUITO_BUG
Multiple small raised necrotic spots on tender shoots. Each spot has a sunken dark centre. Tips wilted.,4,MOSQUITO_BUG
Tip burn on young leaves with pale stippled damage spreading toward mid-leaf. Veins still green. Brown spots on new foliage. Raised texture at lesion centres. Shoot tips look unhealthy.,1,LEAF_HOPPERS
Pale stippling pattern across upper leaf surface. Leaf margins curling upward. Colour fading to pale yellow.,1,LEAF_HOPPERS
Tip burn on young leaves with pale stippled damage spreading toward mid-leaf. Veins still green. Necrotic areas on leaf blade. Margins discoloured. Spreading under humid conditions.,1,LEAF_HOPPERS
Skeletonized patches where only the major veins remain intact. Leaf edges highly irregular from feeding. Browning from leaf tip progressing inward. Soft water-soaked appearance at active edge.,3,LOOPER_CATERPILLARS
Small angular marks on young leaves. Some tip wilting visible. Cause not immediately clear. Orange deposits visible on leaf underside. Slow spread. Surrounding tissue slightly yellow.,4,MOSQUITO_BUG
Dark necrotic patches with pale yellow borders appearing on lower canopy leaves. Soft texture at active edge.,0,LEAF_BLIGHT
Raised lesions on tender flush. Scattered distribution. Tips show some dieback. Rust-coloured patches on lower leaf. Upper surface pale above affected areas.,4,MOSQUITO_BUG
Holes and torn edges on leaf blade. Some veins exposed. Frass visible below. Brown patches on leaf margins. Tissue soft at edges. Worse in lower shaded canopy.,3,LOOPER_CATERPILLARS
Leaf tips turning yellow-white with fine pale speckling. Leaf curl on newly emerged growth.,1,LEAF_HOPPERS
Brown water-soaked lesions spreading inward from leaf margins. Tissue collapses rapidly under humid conditions. Fine stippling on upper surface. Some leaf curl. Could reflect feeding damage or other stress.,0,LEAF_BLIGHT
Holes and torn edges on leaf blade. Some veins exposed. Frass visible below.,3,LOOPER_CATERPILLARS
Blighted areas beginning at leaf tip and progressing along margins. Entire leaf browning in advanced cases.,0,LEAF_BLIGHT
Rust-coloured spore masses on abaxial surface. Upper leaf shows yellow-orange chlorotic spots above each pustule.,2,LEAF_RUST
Orange-yellow spots on leaf surface. Powdery texture. Both leaf surfaces show discolouration. Whitish flecks on leaf blade. Tip region most affected. Leaves feel dry.,2,LEAF_RUST
Tip burn on young leaves with pale stippled damage spreading toward mid-leaf. Veins still green. Brown patches on leaf margins. Tissue soft at edges. Worse in lower shaded canopy.,1,LEAF_HOPPERS
Rust-orange raised spots with powdery texture on lower leaf surface. Upper surface shows corresponding pale patches. Necrotic areas on leaf blade. Margins discoloured. Spreading under humid conditions.,2,LEAF_RUST
Yellow-orange raised pustules in irregular groups on leaf underside. Upper surface pale yellow above each cluster.,2,LEAF_RUST
Brown spots on new foliage. Raised texture at lesion centres. Shoot tips look unhealthy. Holes and torn edges on leaf blade. Some veins exposed. Frass visible below.,4,MOSQUITO_BUG
Multiple small raised necrotic spots on tender shoots. Each spot has a sunken dark centre. Tips wilted. Portions of leaf removed. Skeletonized areas on some leaves. Frass present nearby.,4,MOSQUITO_BUG
Large irregularly shaped brown areas on leaf blade. Margin tissue soft and disintegrating under moisture.,0,LEAF_BLIGHT
Irregular brown blotches covering large portions of the leaf blade. Adjacent tissue appears water-soaked. Portions of leaf removed. Skeletonized areas on some leaves. Frass present nearby.,0,LEAF_BLIGHT
Large irregularly shaped brown areas on leaf blade. Margin tissue soft and disintegrating under moisture.,0,LEAF_BLIGHT
Orange pustules coalescing on lower leaf surface. Leaves yellowing and dropping in severely affected patches. Fine stippling on upper surface. Some leaf curl. Could reflect feeding damage or other stress.,2,LEAF_RUST
Multiple small raised necrotic spots on tender shoots. Each spot has a sunken dark centre. Tips wilted.,4,MOSQUITO_BUG
Brown necrosis expanding from tip and edges. More than half of some leaves showing blighted tissue.,0,LEAF_BLIGHT
Brown necrosis expanding from tip and edges. More than half of some leaves showing blighted tissue. Leaf tissue missing in irregular patches. Ragged edges at margin. Origin not confirmed.,0,LEAF_BLIGHT
Portions of leaf removed. Skeletonized areas on some leaves. Frass present nearby. Necrotic areas on leaf blade. Margins discoloured. Spreading under humid conditions.,3,LOOPER_CATERPILLARS
Bleached stippling across leaf surface. Leaves brittle and discoloured. Tip dieback in severe cases.,1,LEAF_HOPPERS
Whitish flecks on leaf blade. Tip region most affected. Leaves feel dry. Leaf tissue missing in irregular patches. Ragged edges at margin. Origin not confirmed.,1,LEAF_HOPPERS
Leaf tips turning yellow-white with fine pale speckling. Leaf curl on newly emerged growth. Leaf tissue missing in irregular patches. Ragged edges at margin. Origin not confirmed.,1,LEAF_HOPPERS
Rust-orange raised spots with powdery texture on lower leaf surface. Upper surface shows corresponding pale patches. Browning from leaf tip progressing inward. Soft water-soaked appearance at active edge.,2,LEAF_RUST
Rust-orange raised spots with powdery texture on lower leaf surface. Upper surface shows corresponding pale patches. Necrotic areas on leaf blade. Margins discoloured. Spreading under humid conditions.,2,LEAF_RUST
Young shoots with multiple stipple-like raised spots and tip wilting. Lesion centres sunken and darkened. Fine stippling on upper surface. Some leaf curl. Could reflect feeding damage or other stress.,4,MOSQUITO_BUG
Rust-coloured spore masses on abaxial surface. Upper leaf shows yellow-orange chlorotic spots above each pustule. Necrotic areas on leaf blade. Margins discoloured. Spreading under humid conditions.,2,LEAF_RUST
Brown necrosis expanding from tip and edges. More than half of some leaves showing blighted tissue.,0,LEAF_BLIGHT
Necrotic areas on leaf blade. Margins discoloured. Spreading under humid conditions.,0,LEAF_BLIGHT
Bleached stippling across leaf surface. Leaves brittle and discoloured. Tip dieback in severe cases.,1,LEAF_HOPPERS
Yellowing and bronzing of leaves with fine speckled texture on upper surface. Curled margins visible. Orange deposits visible on leaf underside. Slow spread. Surrounding tissue slightly yellow.,1,LEAF_HOPPERS
Pale stippling pattern across upper leaf surface. Leaf margins curling upward. Colour fading to pale yellow.,1,LEAF_HOPPERS
New growth showing shoot dieback with scattered corky raised spots. Pale outer ring around each lesion.,4,MOSQUITO_BUG
Rust-coloured spore masses on abaxial surface. Upper leaf shows yellow-orange chlorotic spots above each pustule. Raised lesions on tender flush. Scattered distribution. Tips show some dieback.,2,LEAF_RUST
Orange-yellow spots on leaf surface. Powdery texture. Both leaf surfaces show discolouration. Whitish flecks on leaf blade. Tip region most affected. Leaves feel dry.,2,LEAF_RUST
Orange-yellow spots on leaf surface. Powdery texture. Both leaf surfaces show discolouration. Holes and torn edges on leaf blade. Some veins exposed. Frass visible below.,2,LEAF_RUST
Bright orange urediniospore pustules scattered on underside of leaves. Spores dust off when touched. Brown patches on leaf margins. Tissue soft at edges. Worse in lower shaded canopy.,2,LEAF_RUST
Small angular marks on young leaves. Some tip wilting visible. Cause not immediately clear. Necrotic areas on leaf blade. Margins discoloured. Spreading under humid conditions.,4,MOSQUITO_BUG
Young flush with angular brown lesions at irregular positions. Rough raised texture at each wound centre.,4,MOSQUITO_BUG
Pale stippling pattern across upper leaf surface. Leaf margins curling upward. Colour fading to pale yellow. Raised lesions on tender flush. Scattered distribution. Tips show some dieback.,1,LEAF_HOPPERS
Whitish flecks on leaf blade. Tip region most affected. Leaves feel dry. Rust-coloured patches on lower leaf. Upper surface pale above affected areas.,1,LEAF_HOPPERS
Small circular orange-rust coloured spots on adaxial surface. Powdery spore deposits on abaxial side.,2,LEAF_RUST
Dense orange-yellow pustule clusters on abaxial leaf surface. Surrounding tissue yellowing rapidly.,2,LEAF_RUST
Blighted areas beginning at leaf tip and progressing along margins. Entire leaf browning in advanced cases.,0,LEAF_BLIGHT
Brown spots on new foliage. Raised texture at lesion centres. Shoot tips look unhealthy. Orange deposits visible on leaf underside. Slow spread. Surrounding tissue slightly yellow.,4,MOSQUITO_BUG
Small angular marks on young leaves. Some tip wilting visible. Cause not immediately clear. Necrotic areas on leaf blade. Margins discoloured. Spreading under humid conditions.,4,MOSQUITO_BUG
Leaf tissue missing in irregular patches. Ragged edges at margin. Origin not confirmed.,3,LOOPER_CATERPILLARS
Small angular marks on young leaves. Some tip wilting visible. Cause not immediately clear.,4,MOSQUITO_BUG
Dark necrotic patches with pale yellow borders appearing on lower canopy leaves. Soft texture at active edge. Whitish flecks on leaf blade. Tip region most affected. Leaves feel dry.,0,LEAF_BLIGHT
Whitish flecks on leaf blade. Tip region most affected. Leaves feel dry. Browning from leaf tip progressing inward. Soft water-soaked appearance at active edge.,1,LEAF_HOPPERS
Rust-orange raised spots with powdery texture on lower leaf surface. Upper surface shows corresponding pale patches. Whitish flecks on leaf blade. Tip region most affected. Leaves feel dry.,2,LEAF_RUST
Yellowing and bronzing of leaves with fine speckled texture on upper surface. Curled margins visible.,1,LEAF_HOPPERS
Leaf tips turning yellow-white with fine pale speckling. Leaf curl on newly emerged growth. Orange-yellow spots on leaf surface. Powdery texture. Both leaf surfaces show discolouration.,1,LEAF_HOPPERS
Small angular marks on young leaves. Some tip wilting visible. Cause not immediately clear. Rust-coloured patches on lower leaf. Upper surface pale above affected areas.,4,MOSQUITO_BUG
Skeletonized patches where only the major veins remain intact. Leaf edges highly irregular from feeding.,3,LOOPER_CATERPILLARS
Portions of leaf removed. Skeletonized areas on some leaves. Frass present nearby. Orange-yellow spots on leaf surface. Powdery texture. Both leaf surfaces show discolouration.,3,LOOPER_CATERPILLARS
Fine stippling on upper surface. Some leaf curl. Could reflect feeding damage or other stress.,1,LEAF_HOPPERS
Portions of leaf removed. Skeletonized areas on some leaves. Frass present nearby. Brown patches on leaf margins. Tissue soft at edges. Worse in lower shaded canopy.,3,LOOPER_CATERPILLARS
Rough corky raised spots on newly emerged leaves. Tips curled and discoloured. Lesions individually spaced.,4,MOSQUITO_BUG
Skeletonized patches where only the major veins remain intact. Leaf edges highly irregular from feeding. Raised lesions on tender flush. Scattered distribution. Tips show some dieback.,3,LOOPER_CATERPILLARS
Raised angular marks on expanding leaves. Shoot tips bent and discoloured. Lesions not along veins.,4,MOSQUITO_BUG
Portions of leaf removed. Skeletonized areas on some leaves. Frass present nearby.,3,LOOPER_CATERPILLARS
Holes and torn edges on leaf blade. Some veins exposed. Frass visible below. Small angular marks on young leaves. Some tip wilting visible. Cause not immediately clear.,3,LOOPER_CATERPILLARS
Leaf lamina partially consumed leaving midrib and major veins. Feeding damage across multiple leaves in canopy. Orange-yellow spots on leaf surface. Powdery texture. Both leaf surfaces show discolouration.,3,LOOPER_CATERPILLARS
Leaf tissue missing in irregular patches. Ragged edges at margin. Origin not confirmed.,3,LOOPER_CATERPILLARS
Raised angular marks on expanding leaves. Shoot tips bent and discoloured. Lesions not along veins.,4,MOSQUITO_BUG
Rust-coloured patches on lower leaf. Upper surface pale above affected areas.,2,LEAF_RUST
Large irregular sections of leaf tissue removed. Frass deposits and silk threads present near damage sites.,3,LOOPER_CATERPILLARS
Dark necrotic patches with pale yellow borders appearing on lower canopy leaves. Soft texture at active edge.,0,LEAF_BLIGHT
Extensive leaf tissue loss with ragged torn edges. Multiple feeding sites across several adjacent leaves. Whitish flecks on leaf blade. Tip region most affected. Leaves feel dry.,3,LOOPER_CATERPILLARS
Orange-yellow spots on leaf surface. Powdery texture. Both leaf surfaces show discolouration.,2,LEAF_RUST
Large irregular sections of leaf tissue removed. Frass deposits and silk threads present near damage sites.,3,LOOPER_CATERPILLARS
Brown water-soaked lesions spreading inward from leaf margins. Tissue collapses rapidly under humid conditions.,0,LEAF_BLIGHT
Large irregular sections of leaf tissue removed. Frass deposits and silk threads present near damage sites.,3,LOOPER_CATERPILLARS
Whitish flecks on leaf blade. Tip region most affected. Leaves feel dry. Orange-yellow spots on leaf surface. Powdery texture. Both leaf surfaces show discolouration.,1,LEAF_HOPPERS
Upper leaf surface stripped away in patches. Veins exposed. Frass pellets and silk webbing visible nearby.,3,LOOPER_CATERPILLARS
Orange-yellow spots on leaf surface. Powdery texture. Both leaf surfaces show discolouration.,2,LEAF_RUST
Upper leaf surface stripped away in patches. Veins exposed. Frass pellets and silk webbing visible nearby. Small angular marks on young leaves. Some tip wilting visible. Cause not immediately clear.,3,LOOPER_CATERPILLARS
Pale stippling pattern across upper leaf surface. Leaf margins curling upward. Colour fading to pale yellow.,1,LEAF_HOPPERS
Portions of leaf removed. Skeletonized areas on some leaves. Frass present nearby. Raised lesions on tender flush. Scattered distribution. Tips show some dieback.,3,LOOPER_CATERPILLARS
New growth showing shoot dieback with scattered corky raised spots. Pale outer ring around each lesion. Pale speckling on upper leaf surface. Margins slightly curled. Yellowing visible on some leaves.,4,MOSQUITO_BUG
Fine stippling on upper surface. Some leaf curl. Could reflect feeding damage or other stress.,1,LEAF_HOPPERS
Pale stippling pattern across upper leaf surface. Leaf margins curling upward. Colour fading to pale yellow.,1,LEAF_HOPPERS
Necrotic tan-brown patches with a darker outer ring. Spreads rapidly in moist dense canopy sections.,0,LEAF_BLIGHT
Dense orange-yellow pustule clusters on abaxial leaf surface. Surrounding tissue yellowing rapidly. Raised lesions on tender flush. Scattered distribution. Tips show some dieback.,2,LEAF_RUST
Yellow-orange raised pustules in irregular groups on leaf underside. Upper surface pale yellow above each cluster.,2,LEAF_RUST
Multiple small raised necrotic spots on tender shoots. Each spot has a sunken dark centre. Tips wilted.,4,MOSQUITO_BUG
Pale stippling pattern across upper leaf surface. Leaf margins curling upward. Colour fading to pale yellow.,1,LEAF_HOPPERS
Dark necrotic patches with pale yellow borders appearing on lower canopy leaves. Soft texture at active edge.,0,LEAF_BLIGHT
Small circular orange-rust coloured spots on adaxial surface. Powdery spore deposits on abaxial side. Fine stippling on upper surface. Some leaf curl. Could reflect feeding damage or other stress.,2,LEAF_RUST
Small angular marks on young leaves. Some tip wilting visible. Cause not immediately clear.,4,MOSQUITO_BUG
Brown patches on leaf margins. Tissue soft at edges. Worse in lower shaded canopy. Raised lesions on tender flush. Scattered distribution. Tips show some dieback.,0,LEAF_BLIGHT
Uniform whitish flecking on leaf blade. Leaves feel papery and dry. Lower canopy most affected. Necrotic areas on leaf blade. Margins discoloured. Spreading under humid conditions.,1,LEAF_HOPPERS
Leaf lamina partially consumed leaving midrib and major veins. Feeding damage across multiple leaves in canopy.,3,LOOPER_CATERPILLARS
Skeletonized patches where only the major veins remain intact. Leaf edges highly irregular from feeding. Raised lesions on tender flush. Scattered distribution. Tips show some dieback.,3,LOOPER_CATERPILLARS
New growth showing shoot dieback with scattered corky raised spots. Pale outer ring around each lesion. Whitish flecks on leaf blade. Tip region most affected. Leaves feel dry.,4,MOSQUITO_BUG
Small circular orange-rust coloured spots on adaxial surface. Powdery spore deposits on abaxial side.,2,LEAF_RUST
Pale speckling on upper leaf surface. Margins slightly curled. Yellowing visible on some leaves. Brown spots on new foliage. Raised texture at lesion centres. Shoot tips look unhealthy.,1,LEAF_HOPPERS
Large irregular sections of leaf tissue removed. Frass deposits and silk threads present near damage sites. Brown patches on leaf margins. Tissue soft at edges. Worse in lower shaded canopy.,3,LOOPER_CATERPILLARS
Pale speckling on upper leaf surface. Margins slightly curled. Yellowing visible on some leaves. Holes and torn edges on leaf blade. Some veins exposed. Frass visible below.,1,LEAF_HOPPERS
Brown spots on new foliage. Raised texture at lesion centres. Shoot tips look unhealthy. Rust-coloured patches on lower leaf. Upper surface pale above affected areas.,4,MOSQUITO_BUG
Extensive leaf tissue loss with ragged torn edges. Multiple feeding sites across several adjacent leaves. Brown spots on new foliage. Raised texture at lesion centres. Shoot tips look unhealthy.,3,LOOPER_CATERPILLARS
Brown necrosis expanding from tip and edges. More than half of some leaves showing blighted tissue.,0,LEAF_BLIGHT
Whitish flecks on leaf blade. Tip region most affected. Leaves feel dry. Small angular marks on young leaves. Some tip wilting visible. Cause not immediately clear.,1,LEAF_HOPPERS
Brown patches on leaf margins. Tissue soft at edges. Worse in lower shaded canopy.,0,LEAF_BLIGHT
Leaf tissue missing in irregular patches. Ragged edges at margin. Origin not confirmed.,3,LOOPER_CATERPILLARS
Small angular marks on young leaves. Some tip wilting visible. Cause not immediately clear. Necrotic areas on leaf blade. Margins discoloured. Spreading under humid conditions.,4,MOSQUITO_BUG
Raised lesions on tender flush. Scattered distribution. Tips show some dieback. Portions of leaf removed. Skeletonized areas on some leaves. Frass present nearby.,4,MOSQUITO_BUG
Pale speckling on upper leaf surface. Margins slightly curled. Yellowing visible on some leaves. Holes and torn edges on leaf blade. Some veins exposed. Frass visible below.,1,LEAF_HOPPERS
Raised angular marks on expanding leaves. Shoot tips bent and discoloured. Lesions not along veins. Portions of leaf removed. Skeletonized areas on some leaves. Frass present nearby.,4,MOSQUITO_BUG
Notched leaf margins and internal holes. Damage consistent with chewing from leaf edge inward. Pale speckling on upper leaf surface. Margins slightly curled. Yellowing visible on some leaves.,3,LOOPER_CATERPILLARS
Notched leaf margins and internal holes. Damage consistent with chewing from leaf edge inward. Orange-yellow spots on leaf surface. Powdery texture. Both leaf surfaces show discolouration.,3,LOOPER_CATERPILLARS
Brown necrosis expanding from tip and edges. More than half of some leaves showing blighted tissue. Holes and torn edges on leaf blade. Some veins exposed. Frass visible below.,0,LEAF_BLIGHT
Necrotic tan-brown patches with a darker outer ring. Spreads rapidly in moist dense canopy sections. Raised lesions on tender flush. Scattered distribution. Tips show some dieback.,0,LEAF_BLIGHT
Orange-yellow spots on leaf surface. Powdery texture. Both leaf surfaces show discolouration. Necrotic areas on leaf blade. Margins discoloured. Spreading under humid conditions.,2,LEAF_RUST
Leaf tissue turning brown from edges inward. Water-soaked translucent border at leading edge of lesion. Brown spots on new foliage. Raised texture at lesion centres. Shoot tips look unhealthy.,0,LEAF_BLIGHT
Leaf tissue turning brown from edges inward. Water-soaked translucent border at leading edge of lesion. Rust-coloured patches on lower leaf. Upper surface pale above affected areas.,0,LEAF_BLIGHT
Orange pustules coalescing on lower leaf surface. Leaves yellowing and dropping in severely affected patches.,2,LEAF_RUST
Pale speckling on upper leaf surface. Margins slightly curled. Yellowing visible on some leaves. Holes and torn edges on leaf blade. Some veins exposed. Frass visible below.,1,LEAF_HOPPERS
Leaf bronzing with dense pale stippling from tip toward base. Brittle texture on older affected leaves.,1,LEAF_HOPPERS
Large irregularly shaped brown areas on leaf blade. Margin tissue soft and disintegrating under moisture.,0,LEAF_BLIGHT
Orange-yellow powdery pustules on lower leaf surface. Corresponding pale spots visible on upper surface. Raised lesions on tender flush. Scattered distribution. Tips show some dieback.,2,LEAF_RUST
Brown spots on new foliage. Raised texture at lesion centres. Shoot tips look unhealthy. Rust-coloured patches on lower leaf. Upper surface pale above affected areas.,4,MOSQUITO_BUG
Brown spots on new foliage. Raised texture at lesion centres. Shoot tips look unhealthy.,4,MOSQUITO_BUG
Dense orange-yellow pustule clusters on abaxial leaf surface. Surrounding tissue yellowing rapidly.,2,LEAF_RUST
Orange pustules coalescing on lower leaf surface. Leaves yellowing and dropping in severely affected patches. Brown patches on leaf margins. Tissue soft at edges. Worse in lower shaded canopy.,2,LEAF_RUST
Bleached stippling across leaf surface. Leaves brittle and discoloured. Tip dieback in severe cases. Necrotic areas on leaf blade. Margins discoloured. Spreading under humid conditions.,1,LEAF_HOPPERS
Tip burn on young leaves with pale stippled damage spreading toward mid-leaf. Veins still green.,1,LEAF_HOPPERS
Brown water-soaked lesions spreading inward from leaf margins. Tissue collapses rapidly under humid conditions.,0,LEAF_BLIGHT
Irregular brown blotches covering large portions of the leaf blade. Adjacent tissue appears water-soaked.,0,LEAF_BLIGHT
Leaf bronzing with dense pale stippling from tip toward base. Brittle texture on older affected leaves.,1,LEAF_HOPPERS
Small circular orange-rust coloured spots on adaxial surface. Powdery spore deposits on abaxial side. Leaf tissue missing in irregular patches. Ragged edges at margin. Origin not confirmed.,2,LEAF_RUST
Raised angular marks on expanding leaves. Shoot tips bent and discoloured. Lesions not along veins.,4,MOSQUITO_BUG
Tender leaves with rough brown patches and tip wilting. Scattered wound-like raised lesions throughout blade.,4,MOSQUITO_BUG
Young shoots with multiple stipple-like raised spots and tip wilting. Lesion centres sunken and darkened.,4,MOSQUITO_BUG
Browning from leaf tip progressing inward. Soft water-soaked appearance at active edge. Portions of leaf removed. Skeletonized areas on some leaves. Frass present nearby.,0,LEAF_BLIGHT
Tender leaves with rough brown patches and tip wilting. Scattered wound-like raised lesions throughout blade. Pale speckling on upper leaf surface. Margins slightly curled. Yellowing visible on some leaves.,4,MOSQUITO_BUG
Raised lesions on tender flush. Scattered distribution. Tips show some dieback.,4,MOSQUITO_BUG
Skeletonized patches where only the major veins remain intact. Leaf edges highly irregular from feeding. Brown patches on leaf margins. Tissue soft at edges. Worse in lower shaded canopy.,3,LOOPER_CATERPILLARS
Orange deposits visible on leaf underside. Slow spread. Surrounding tissue slightly yellow. Fine stippling on upper surface. Some leaf curl. Could reflect feeding damage or other stress.,2,LEAF_RUST
Defoliated patches with only coarse veins remaining. Fine frass scattered on leaves beneath affected area. Raised lesions on tender flush. Scattered distribution. Tips show some dieback.,3,LOOPER_CATERPILLARS
Small circular orange-rust coloured spots on adaxial surface. Powdery spore deposits on abaxial side.,2,LEAF_RUST
Notched leaf margins and internal holes. Damage consistent with chewing from leaf edge inward. Orange-yellow spots on leaf surface. Powdery texture. Both leaf surfaces show discolouration.,3,LOOPER_CATERPILLARS
Leaf tips turning yellow-white with fine pale speckling. Leaf curl on newly emerged growth. Portions of leaf removed. Skeletonized areas on some leaves. Frass present nearby.,1,LEAF_HOPPERS
Orange-yellow powdery pustules on lower leaf surface. Corresponding pale spots visible on upper surface. Portions of leaf removed. Skeletonized areas on some leaves. Frass present nearby.,2,LEAF_RUST
Multiple small raised necrotic spots on tender shoots. Each spot has a sunken dark centre. Tips wilted.,4,MOSQUITO_BUG
Skeletonized patches where only the major veins remain intact. Leaf edges highly irregular from feeding. Whitish flecks on leaf blade. Tip region most affected. Leaves feel dry.,3,LOOPER_CATERPILLARS
Brown patches on leaf margins. Tissue soft at edges. Worse in lower shaded canopy. Orange-yellow spots on leaf surface. Powdery texture. Both leaf surfaces show discolouration.,0,LEAF_BLIGHT
Leaf tips turning yellow-white with fine pale speckling. Leaf curl on newly emerged growth. Orange deposits visible on leaf underside. Slow spread. Surrounding tissue slightly yellow.,1,LEAF_HOPPERS
Orange-yellow spots on leaf surface. Powdery texture. Both leaf surfaces show discolouration. Holes and torn edges on leaf blade. Some veins exposed. Frass visible below.,2,LEAF_RUST
Irregular holes across leaf blade with ragged edges. Frass pellets visible on remaining tissue beneath. Whitish flecks on leaf blade. Tip region most affected. Leaves feel dry.,3,LOOPER_CATERPILLARS
Orange-yellow powdery pustules on lower leaf surface. Corresponding pale spots visible on upper surface.,2,LEAF_RUST
Skeletonized patches where only the major veins remain intact. Leaf edges highly irregular from feeding. Brown spots on new foliage. Raised texture at lesion centres. Shoot tips look unhealthy.,3,LOOPER_CATERPILLARS
Leaf lamina partially consumed leaving midrib and major veins. Feeding damage across multiple leaves in canopy.,3,LOOPER_CATERPILLARS
Notched leaf margins and internal holes. Damage consistent with chewing from leaf edge inward. Brown patches on leaf margins. Tissue soft at edges. Worse in lower shaded canopy.,3,LOOPER_CATERPILLARS
Brown water-soaked lesions spreading inward from leaf margins. Tissue collapses rapidly under humid conditions.,0,LEAF_BLIGHT
Extensive leaf tissue loss with ragged torn edges. Multiple feeding sites across several adjacent leaves.,3,LOOPER_CATERPILLARS
Extensive leaf tissue loss with ragged torn edges. Multiple feeding sites across several adjacent leaves.,3,LOOPER_CATERPILLARS
Extensive leaf tissue loss with ragged torn edges. Multiple feeding sites across several adjacent leaves.,3,LOOPER_CATERPILLARS
Rough corky raised spots on newly emerged leaves. Tips curled and discoloured. Lesions individually spaced.,4,MOSQUITO_BUG
Extensive leaf tissue loss with ragged torn edges. Multiple feeding sites across several adjacent leaves.,3,LOOPER_CATERPILLARS
Leaf bronzing with dense pale stippling from tip toward base. Brittle texture on older affected leaves. Portions of leaf removed. Skeletonized areas on some leaves. Frass present nearby.,1,LEAF_HOPPERS
Pale speckling on upper leaf surface. Margins slightly curled. Yellowing visible on some leaves. Holes and torn edges on leaf blade. Some veins exposed. Frass visible below.,1,LEAF_HOPPERS
Pale speckling on upper leaf surface. Margins slightly curled. Yellowing visible on some leaves. Orange-yellow spots on leaf surface. Powdery texture. Both leaf surfaces show discolouration.,1,LEAF_HOPPERS
Brown patches on leaf margins. Tissue soft at edges. Worse in lower shaded canopy. Fine stippling on upper surface. Some leaf curl. Could reflect feeding damage or other stress.,0,LEAF_BLIGHT
Brown necrosis expanding from tip and edges. More than half of some leaves showing blighted tissue.,0,LEAF_BLIGHT
Rust-coloured spore masses on abaxial surface. Upper leaf shows yellow-orange chlorotic spots above each pustule. Fine stippling on upper surface. Some leaf curl. Could reflect feeding damage or other stress.,2,LEAF_RUST
Young flush with angular brown lesions at irregular positions. Rough raised texture at each wound centre. Portions of leaf removed. Skeletonized areas on some leaves. Frass present nearby.,4,MOSQUITO_BUG
Rust-coloured spore masses on abaxial surface. Upper leaf shows yellow-orange chlorotic spots above each pustule. Holes and torn edges on leaf blade. Some veins exposed. Frass visible below.,2,LEAF_RUST
Tip burn on young leaves with pale stippled damage spreading toward mid-leaf. Veins still green.,1,LEAF_HOPPERS
Leaf bronzing with dense pale stippling from tip toward base. Brittle texture on older affected leaves.,1,LEAF_HOPPERS
Whitish flecks on leaf blade. Tip region most affected. Leaves feel dry. Rust-coloured patches on lower leaf. Upper surface pale above affected areas.,1,LEAF_HOPPERS
Tip burn on young leaves with pale stippled damage spreading toward mid-leaf. Veins still green.,1,LEAF_HOPPERS
Whitish flecks on leaf blade. Tip region most affected. Leaves feel dry.,1,LEAF_HOPPERS
New growth showing shoot dieback with scattered corky raised spots. Pale outer ring around each lesion.,4,MOSQUITO_BUG
Extensive leaf tissue loss with ragged torn edges. Multiple feeding sites across several adjacent leaves.,3,LOOPER_CATERPILLARS
Young shoots with multiple stipple-like raised spots and tip wilting. Lesion centres sunken and darkened. Orange-yellow spots on leaf surface. Powdery texture. Both leaf surfaces show discolouration.,4,MOSQUITO_BUG
Yellowing and bronzing of leaves with fine speckled texture on upper surface. Curled margins visible. Brown spots on new foliage. Raised texture at lesion centres. Shoot tips look unhealthy.,1,LEAF_HOPPERS
Fine stippling on upper surface. Some leaf curl. Could reflect feeding damage or other stress. Orange-yellow spots on leaf surface. Powdery texture. Both leaf surfaces show discolouration.,1,LEAF_HOPPERS
Portions of leaf removed. Skeletonized areas on some leaves. Frass present nearby. Fine stippling on upper surface. Some leaf curl. Could reflect feeding damage or other stress.,3,LOOPER_CATERPILLARS
Uniform whitish flecking on leaf blade. Leaves feel papery and dry. Lower canopy most affected.,1,LEAF_HOPPERS
Leaf tissue turning brown from edges inward. Water-soaked translucent border at leading edge of lesion.,0,LEAF_BLIGHT
Irregular brown blotches covering large portions of the leaf blade. Adjacent tissue appears water-soaked. Small angular marks on young leaves. Some tip wilting visible. Cause not immediately clear.,0,LEAF_BLIGHT
Leaf tips turning yellow-white with fine pale speckling. Leaf curl on newly emerged growth.,1,LEAF_HOPPERS
Large irregular sections of leaf tissue removed. Frass deposits and silk threads present near damage sites.,3,LOOPER_CATERPILLARS
Tender flush showing multiple angular brown raised lesions. Tips stunted. Scattered distribution on new growth. Necrotic areas on leaf blade. Margins discoloured. Spreading under humid conditions.,4,MOSQUITO_BUG
Bright orange urediniospore pustules scattered on underside of leaves. Spores dust off when touched. Necrotic areas on leaf blade. Margins discoloured. Spreading under humid conditions.,2,LEAF_RUST
Uniform whitish flecking on leaf blade. Leaves feel papery and dry. Lower canopy most affected.,1,LEAF_HOPPERS
Irregular holes across leaf blade with ragged edges. Frass pellets visible on remaining tissue beneath. Orange deposits visible on leaf underside. Slow spread. Surrounding tissue slightly yellow.,3,LOOPER_CATERPILLARS
Leaf tissue turning brown from edges inward. Water-soaked translucent border at leading edge of lesion. Small angular marks on young leaves. Some tip wilting visible. Cause not immediately clear.,0,LEAF_BLIGHT
Young flush with angular brown lesions at irregular positions. Rough raised texture at each wound centre.,4,MOSQUITO_BUG
Pale speckling on upper leaf surface. Margins slightly curled. Yellowing visible on some leaves. Holes and torn edges on leaf blade. Some veins exposed. Frass visible below.,1,LEAF_HOPPERS
Young shoots with multiple stipple-like raised spots and tip wilting. Lesion centres sunken and darkened. Rust-coloured patches on lower leaf. Upper surface pale above affected areas.,4,MOSQUITO_BUG
Leaf bronzing with dense pale stippling from tip toward base. Brittle texture on older affected leaves. Necrotic areas on leaf blade. Margins discoloured. Spreading under humid conditions.,1,LEAF_HOPPERS
Uniform whitish flecking on leaf blade. Leaves feel papery and dry. Lower canopy most affected. Raised lesions on tender flush. Scattered distribution. Tips show some dieback.,1,LEAF_HOPPERS
Fine white speckling uniformly distributed on upper leaf. Margins rolling and yellowing.,1,LEAF_HOPPERS
Tender leaves with rough brown patches and tip wilting. Scattered wound-like raised lesions throughout blade. Brown patches on leaf margins. Tissue soft at edges. Worse in lower shaded canopy.,4,MOSQUITO_BUG
New growth showing shoot dieback with scattered corky raised spots. Pale outer ring around each lesion. Portions of leaf removed. Skeletonized areas on some leaves. Frass present nearby.,4,MOSQUITO_BUG
Small angular marks on young leaves. Some tip wilting visible. Cause not immediately clear.,4,MOSQUITO_BUG
Tender leaves with rough brown patches and tip wilting. Scattered wound-like raised lesions throughout blade.,4,MOSQUITO_BUG
Leaf tissue missing in irregular patches. Ragged edges at margin. Origin not confirmed. Orange-yellow spots on leaf surface. Powdery texture. Both leaf surfaces show discolouration.,3,LOOPER_CATERPILLARS
Irregular holes across leaf blade with ragged edges. Frass pellets visible on remaining tissue beneath. Raised lesions on tender flush. Scattered distribution. Tips show some dieback.,3,LOOPER_CATERPILLARS
Bright orange urediniospore pustules scattered on underside of leaves. Spores dust off when touched. Pale speckling on upper leaf surface. Margins slightly curled. Yellowing visible on some leaves.,2,LEAF_RUST
Necrotic areas on leaf blade. Margins discoloured. Spreading under humid conditions.,0,LEAF_BLIGHT
Necrotic areas on leaf blade. Margins discoloured. Spreading under humid conditions. Brown spots on new foliage. Raised texture at lesion centres. Shoot tips look unhealthy.,0,LEAF_BLIGHT
Pale stippling pattern across upper leaf surface. Leaf margins curling upward. Colour fading to pale yellow. Leaf tissue missing in irregular patches. Ragged edges at margin. Origin not confirmed.,1,LEAF_HOPPERS
Brown necrosis expanding from tip and edges. More than half of some leaves showing blighted tissue.,0,LEAF_BLIGHT
Notched leaf margins and internal holes. Damage consistent with chewing from leaf edge inward. Raised lesions on tender flush. Scattered distribution. Tips show some dieback.,3,LOOPER_CATERPILLARS
Notched leaf margins and internal holes. Damage consistent with chewing from leaf edge inward. Rust-coloured patches on lower leaf. Upper surface pale above affected areas.,3,LOOPER_CATERPILLARS
Leaf lamina partially consumed leaving midrib and major veins. Feeding damage across multiple leaves in canopy. Browning from leaf tip progressing inward. Soft water-soaked appearance at active edge.,3,LOOPER_CATERPILLARS
Orange-yellow powdery pustules on lower leaf surface. Corresponding pale spots visible on upper surface. Raised lesions on tender flush. Scattered distribution. Tips show some dieback.,2,LEAF_RUST
Defoliated patches with only coarse veins remaining. Fine frass scattered on leaves beneath affected area. Orange deposits visible on leaf underside. Slow spread. Surrounding tissue slightly yellow.,3,LOOPER_CATERPILLARS
Leaf tissue missing in irregular patches. Ragged edges at margin. Origin not confirmed. Pale speckling on upper leaf surface. Margins slightly curled. Yellowing visible on some leaves.,3,LOOPER_CATERPILLARS
Bright orange urediniospore pustules scattered on underside of leaves. Spores dust off when touched. Browning from leaf tip progressing inward. Soft water-soaked appearance at active edge.,2,LEAF_RUST
Irregular brown blotches covering large portions of the leaf blade. Adjacent tissue appears water-soaked. Portions of leaf removed. Skeletonized areas on some leaves. Frass present nearby.,0,LEAF_BLIGHT
Upper leaf surface stripped away in patches. Veins exposed. Frass pellets and silk webbing visible nearby. Necrotic areas on leaf blade. Margins discoloured. Spreading under humid conditions.,3,LOOPER_CATERPILLARS
Defoliated patches with only coarse veins remaining. Fine frass scattered on leaves beneath affected area. Pale speckling on upper leaf surface. Margins slightly curled. Yellowing visible on some leaves.,3,LOOPER_CATERPILLARS
Fine white speckling uniformly distributed on upper leaf. Margins rolling and yellowing. Brown spots on new foliage. Raised texture at lesion centres. Shoot tips look unhealthy.,1,LEAF_HOPPERS
Brown spots on new foliage. Raised texture at lesion centres. Shoot tips look unhealthy.,4,MOSQUITO_BUG
Bright orange urediniospore pustules scattered on underside of leaves. Spores dust off when touched.,2,LEAF_RUST
Dense orange-yellow pustule clusters on abaxial leaf surface. Surrounding tissue yellowing rapidly.,2,LEAF_RUST
Brown spots on new foliage. Raised texture at lesion centres. Shoot tips look unhealthy. Orange-yellow spots on leaf surface. Powdery texture. Both leaf surfaces show discolouration.,4,MOSQUITO_BUG
Raised lesions on tender flush. Scattered distribution. Tips show some dieback.,4,MOSQUITO_BUG
Rust-coloured patches on lower leaf. Upper surface pale above affected areas.,2,LEAF_RUST
Small circular orange-rust coloured spots on adaxial surface. Powdery spore deposits on abaxial side.,2,LEAF_RUST
Necrotic tan-brown patches with a darker outer ring. Spreads rapidly in moist dense canopy sections. Orange deposits visible on leaf underside. Slow spread. Surrounding tissue slightly yellow.,0,LEAF_BLIGHT
Bright orange urediniospore pustules scattered on underside of leaves. Spores dust off when touched.,2,LEAF_RUST
Blighted areas beginning at leaf tip and progressing along margins. Entire leaf browning in advanced cases. Rust-coloured patches on lower leaf. Upper surface pale above affected areas.,0,LEAF_BLIGHT
Orange pustules coalescing on lower leaf surface. Leaves yellowing and dropping in severely affected patches. Necrotic areas on leaf blade. Margins discoloured. Spreading under humid conditions.,2,LEAF_RUST
Necrotic areas on leaf blade. Margins discoloured. Spreading under humid conditions.,0,LEAF_BLIGHT
Dense orange-yellow pustule clusters on abaxial leaf surface. Surrounding tissue yellowing rapidly. Small angular marks on young leaves. Some tip wilting visible. Cause not immediately clear.,2,LEAF_RUST
Small circular orange-rust coloured spots on adaxial surface. Powdery spore deposits on abaxial side.,2,LEAF_RUST
Uniform whitish flecking on leaf blade. Leaves feel papery and dry. Lower canopy most affected. Raised lesions on tender flush. Scattered distribution. Tips show some dieback.,1,LEAF_HOPPERS
Fine white speckling uniformly distributed on upper leaf. Margins rolling and yellowing.,1,LEAF_HOPPERS
Raised angular marks on expanding leaves. Shoot tips bent and discoloured. Lesions not along veins. Whitish flecks on leaf blade. Tip region most affected. Leaves feel dry.,4,MOSQUITO_BUG
Portions of leaf removed. Skeletonized areas on some leaves. Frass present nearby. Whitish flecks on leaf blade. Tip region most affected. Leaves feel dry.,3,LOOPER_CATERPILLARS
Tender flush showing multiple angular brown raised lesions. Tips stunted. Scattered distribution on new growth. Brown patches on leaf margins. Tissue soft at edges. Worse in lower shaded canopy.,4,MOSQUITO_BUG
Orange-yellow powdery pustules on lower leaf surface. Corresponding pale spots visible on upper surface.,2,LEAF_RUST
Rust-orange raised spots with powdery texture on lower leaf surface. Upper surface shows corresponding pale patches.,2,LEAF_RUST
Tender flush showing multiple angular brown raised lesions. Tips stunted. Scattered distribution on new growth. Leaf tissue missing in irregular patches. Ragged edges at margin. Origin not confirmed.,4,MOSQUITO_BUG
Raised angular marks on expanding leaves. Shoot tips bent and discoloured. Lesions not along veins.,4,MOSQUITO_BUG
Multiple small raised necrotic spots on tender shoots. Each spot has a sunken dark centre. Tips wilted. Leaf tissue missing in irregular patches. Ragged edges at margin. Origin not confirmed.,4,MOSQUITO_BUG
Pale stippling pattern across upper leaf surface. Leaf margins curling upward. Colour fading to pale yellow. Small angular marks on young leaves. Some tip wilting visible. Cause not immediately clear.,1,LEAF_HOPPERS
Rust-coloured spore masses on abaxial surface. Upper leaf shows yellow-orange chlorotic spots above each pustule.,2,LEAF_RUST
Defoliated patches with only coarse veins remaining. Fine frass scattered on leaves beneath affected area.,3,LOOPER_CATERPILLARS
Leaf lamina partially consumed leaving midrib and major veins. Feeding damage across multiple leaves in canopy. Necrotic areas on leaf blade. Margins discoloured. Spreading under humid conditions.,3,LOOPER_CATERPILLARS
Young flush with angular brown lesions at irregular positions. Rough raised texture at each wound centre. Leaf tissue missing in irregular patches. Ragged edges at margin. Origin not confirmed.,4,MOSQUITO_BUG
Orange-yellow powdery pustules on lower leaf surface. Corresponding pale spots visible on upper surface.,2,LEAF_RUST
Leaf tissue turning brown from edges inward. Water-soaked translucent border at leading edge of lesion. Pale speckling on upper leaf surface. Margins slightly curled. Yellowing visible on some leaves.,0,LEAF_BLIGHT
Portions of leaf removed. Skeletonized areas on some leaves. Frass present nearby. Necrotic areas on leaf blade. Margins discoloured. Spreading under humid conditions.,3,LOOPER_CATERPILLARS
Tip burn on young leaves with pale stippled damage spreading toward mid-leaf. Veins still green.,1,LEAF_HOPPERS
Defoliated patches with only coarse veins remaining. Fine frass scattered on leaves beneath affected area.,3,LOOPER_CATERPILLARS
Leaf tips turning yellow-white with fine pale speckling. Leaf curl on newly emerged growth. Brown patches on leaf margins. Tissue soft at edges. Worse in lower shaded canopy.,1,LEAF_HOPPERS
New growth showing shoot dieback with scattered corky raised spots. Pale outer ring around each lesion. Whitish flecks on leaf blade. Tip region most affected. Leaves feel dry.,4,MOSQUITO_BUG
Large irregularly shaped brown areas on leaf blade. Margin tissue soft and disintegrating under moisture. Orange-yellow spots on leaf surface. Powdery texture. Both leaf surfaces show discolouration.,0,LEAF_BLIGHT
Whitish flecks on leaf blade. Tip region most affected. Leaves feel dry. Small angular marks on young leaves. Some tip wilting visible. Cause not immediately clear.,1,LEAF_HOPPERS
Brown necrosis expanding from tip and edges. More than half of some leaves showing blighted tissue.,0,LEAF_BLIGHT
Rust-coloured spore masses on abaxial surface. Upper leaf shows yellow-orange chlorotic spots above each pustule.,2,LEAF_RUST
Young flush with angular brown lesions at irregular positions. Rough raised texture at each wound centre. Holes and torn edges on leaf blade. Some veins exposed. Frass visible below.,4,MOSQUITO_BUG
Upper leaf surface stripped away in patches. Veins exposed. Frass pellets and silk webbing visible nearby. Small angular marks on young leaves. Some tip wilting visible. Cause not immediately clear.,3,LOOPER_CATERPILLARS
Notched leaf margins and internal holes. Damage consistent with chewing from leaf edge inward. Pale speckling on upper leaf surface. Margins slightly curled. Yellowing visible on some leaves.,3,LOOPER_CATERPILLARS
Leaf tips turning yellow-white with fine pale speckling. Leaf curl on newly emerged growth. Rust-coloured patches on lower leaf. Upper surface pale above affected areas.,1,LEAF_HOPPERS
Raised lesions on tender flush. Scattered distribution. Tips show some dieback. Orange deposits visible on leaf underside. Slow spread. Surrounding tissue slightly yellow.,4,MOSQUITO_BUG
Leaf bronzing with dense pale stippling from tip toward base. Brittle texture on older affected leaves. Holes and torn edges on leaf blade. Some veins exposed. Frass visible below.,1,LEAF_HOPPERS
Leaf tissue turning brown from edges inward. Water-soaked translucent border at leading edge of lesion. Rust-coloured patches on lower leaf. Upper surface pale above affected areas.,0,LEAF_BLIGHT
Large irregularly shaped brown areas on leaf blade. Margin tissue soft and disintegrating under moisture. Holes and torn edges on leaf blade. Some veins exposed. Frass visible below.,0,LEAF_BLIGHT
Holes and torn edges on leaf blade. Some veins exposed. Frass visible below. Brown spots on new foliage. Raised texture at lesion centres. Shoot tips look unhealthy.,3,LOOPER_CATERPILLARS
Defoliated patches with only coarse veins remaining. Fine frass scattered on leaves beneath affected area.,3,LOOPER_CATERPILLARS
Fine stippling on upper surface. Some leaf curl. Could reflect feeding damage or other stress. Brown spots on new foliage. Raised texture at lesion centres. Shoot tips look unhealthy.,1,LEAF_HOPPERS
Irregular holes across leaf blade with ragged edges. Frass pellets visible on remaining tissue beneath. Small angular marks on young leaves. Some tip wilting visible. Cause not immediately clear.,3,LOOPER_CATERPILLARS
Holes and torn edges on leaf blade. Some veins exposed. Frass visible below. Browning from leaf tip progressing inward. Soft water-soaked appearance at active edge.,3,LOOPER_CATERPILLARS
Irregular brown blotches covering large portions of the leaf blade. Adjacent tissue appears water-soaked.,0,LEAF_BLIGHT
Large irregular sections of leaf tissue removed. Frass deposits and silk threads present near damage sites.,3,LOOPER_CATERPILLARS
Whitish flecks on leaf blade. Tip region most affected. Leaves feel dry. Necrotic areas on leaf blade. Margins discoloured. Spreading under humid conditions.,1,LEAF_HOPPERS
Tender leaves with rough brown patches and tip wilting. Scattered wound-like raised lesions throughout blade. Orange-yellow spots on leaf surface. Powdery texture. Both leaf surfaces show discolouration.,4,MOSQUITO_BUG
Orange pustules coalescing on lower leaf surface. Leaves yellowing and dropping in severely affected patches. Necrotic areas on leaf blade. Margins discoloured. Spreading under humid conditions.,2,LEAF_RUST
Tender leaves with rough brown patches and tip wilting. Scattered wound-like raised lesions throughout blade. Necrotic areas on leaf blade. Margins discoloured. Spreading under humid conditions.,4,MOSQUITO_BUG
Pale stippling pattern across upper leaf surface. Leaf margins curling upward. Colour fading to pale yellow.,1,LEAF_HOPPERS
Leaf bronzing with dense pale stippling from tip toward base. Brittle texture on older affected leaves. Brown patches on leaf margins. Tissue soft at edges. Worse in lower shaded canopy.,1,LEAF_HOPPERS
Necrotic tan-brown patches with a darker outer ring. Spreads rapidly in moist dense canopy sections. Portions of leaf removed. Skeletonized areas on some leaves. Frass present nearby.,0,LEAF_BLIGHT
Tender leaves with rough brown patches and tip wilting. Scattered wound-like raised lesions throughout blade. Browning from leaf tip progressing inward. Soft water-soaked appearance at active edge.,4,MOSQUITO_BUG
Pale speckling on upper leaf surface. Margins slightly curled. Yellowing visible on some leaves.,1,LEAF_HOPPERS
Brown necrosis expanding from tip and edges. More than half of some leaves showing blighted tissue.,0,LEAF_BLIGHT
Rust-coloured patches on lower leaf. Upper surface pale above affected areas. Leaf tissue missing in irregular patches. Ragged edges at margin. Origin not confirmed.,2,LEAF_RUST
Notched leaf margins and internal holes. Damage consistent with chewing from leaf edge inward.,3,LOOPER_CATERPILLARS
Large irregularly shaped brown areas on leaf blade. Margin tissue soft and disintegrating under moisture.,0,LEAF_BLIGHT
Brown necrosis expanding from tip and edges. More than half of some leaves showing blighted tissue.,0,LEAF_BLIGHT
Leaf bronzing with dense pale stippling from tip toward base. Brittle texture on older affected leaves. Rust-coloured patches on lower leaf. Upper surface pale above affected areas.,1,LEAF_HOPPERS
Bright orange urediniospore pustules scattered on underside of leaves. Spores dust off when touched. Portions of leaf removed. Skeletonized areas on some leaves. Frass present nearby.,2,LEAF_RUST
Yellowing and bronzing of leaves with fine speckled texture on upper surface. Curled margins visible. Holes and torn edges on leaf blade. Some veins exposed. Frass visible below.,1,LEAF_HOPPERS
Raised angular marks on expanding leaves. Shoot tips bent and discoloured. Lesions not along veins. Whitish flecks on leaf blade. Tip region most affected. Leaves feel dry.,4,MOSQUITO_BUG
Large irregular sections of leaf tissue removed. Frass deposits and silk threads present near damage sites. Pale speckling on upper leaf surface. Margins slightly curled. Yellowing visible on some leaves.,3,LOOPER_CATERPILLARS
Leaf tissue turning brown from edges inward. Water-soaked translucent border at leading edge of lesion. Holes and torn edges on leaf blade. Some veins exposed. Frass visible below.,0,LEAF_BLIGHT
Browning from leaf tip progressing inward. Soft water-soaked appearance at active edge. Portions of leaf removed. Skeletonized areas on some leaves. Frass present nearby.,0,LEAF_BLIGHT
Pale speckling on upper leaf surface. Margins slightly curled. Yellowing visible on some leaves. Portions of leaf removed. Skeletonized areas on some leaves. Frass present nearby.,1,LEAF_HOPPERS
Orange pustules coalescing on lower leaf surface. Leaves yellowing and dropping in severely affected patches. Brown spots on new foliage. Raised texture at lesion centres. Shoot tips look unhealthy.,2,LEAF_RUST
Dense orange-yellow pustule clusters on abaxial leaf surface. Surrounding tissue yellowing rapidly. Small angular marks on young leaves. Some tip wilting visible. Cause not immediately clear.,2,LEAF_RUST
Rust-orange raised spots with powdery texture on lower leaf surface. Upper surface shows corresponding pale patches. Brown patches on leaf margins. Tissue soft at edges. Worse in lower shaded canopy.,2,LEAF_RUST
Browning from leaf tip progressing inward. Soft water-soaked appearance at active edge.,0,LEAF_BLIGHT
Dark necrotic patches with pale yellow borders appearing on lower canopy leaves. Soft texture at active edge. Leaf tissue missing in irregular patches. Ragged edges at margin. Origin not confirmed.,0,LEAF_BLIGHT
Whitish flecks on leaf blade. Tip region most affected. Leaves feel dry. Leaf tissue missing in irregular patches. Ragged edges at margin. Origin not confirmed.,1,LEAF_HOPPERS
New growth showing shoot dieback with scattered corky raised spots. Pale outer ring around each lesion. Pale speckling on upper leaf surface. Margins slightly curled. Yellowing visible on some leaves.,4,MOSQUITO_BUG
Brown patches on leaf margins. Tissue soft at edges. Worse in lower shaded canopy. Leaf tissue missing in irregular patches. Ragged edges at margin. Origin not confirmed.,0,LEAF_BLIGHT
Brown water-soaked lesions spreading inward from leaf margins. Tissue collapses rapidly under humid conditions.,0,LEAF_BLIGHT
Bright orange urediniospore pustules scattered on underside of leaves. Spores dust off when touched. Fine stippling on upper surface. Some leaf curl. Could reflect feeding damage or other stress.,2,LEAF_RUST
Irregular holes across leaf blade with ragged edges. Frass pellets visible on remaining tissue beneath. Raised lesions on tender flush. Scattered distribution. Tips show some dieback.,3,LOOPER_CATERPILLARS
Small circular orange-rust coloured spots on adaxial surface. Powdery spore deposits on abaxial side. Necrotic areas on leaf blade. Margins discoloured. Spreading under humid conditions.,2,LEAF_RUST
Leaf bronzing with dense pale stippling from tip toward base. Brittle texture on older affected leaves.,1,LEAF_HOPPERS
Fine stippling on upper surface. Some leaf curl. Could reflect feeding damage or other stress.,1,LEAF_HOPPERS
Necrotic tan-brown patches with a darker outer ring. Spreads rapidly in moist dense canopy sections. Rust-coloured patches on lower leaf. Upper surface pale above affected areas.,0,LEAF_BLIGHT
Browning from leaf tip progressing inward. Soft water-soaked appearance at active edge. Leaf tissue missing in irregular patches. Ragged edges at margin. Origin not confirmed.,0,LEAF_BLIGHT
Rough corky raised spots on newly emerged leaves. Tips curled and discoloured. Lesions individually spaced. Pale speckling on upper leaf surface. Margins slightly curled. Yellowing visible on some leaves.,4,MOSQUITO_BUG
Uniform whitish flecking on leaf blade. Leaves feel papery and dry. Lower canopy most affected. Brown patches on leaf margins. Tissue soft at edges. Worse in lower shaded canopy.,1,LEAF_HOPPERS
Pale speckling on upper leaf surface. Margins slightly curled. Yellowing visible on some leaves. Small angular marks on young leaves. Some tip wilting visible. Cause not immediately clear.,1,LEAF_HOPPERS
Leaf bronzing with dense pale stippling from tip toward base. Brittle texture on older affected leaves. Necrotic areas on leaf blade. Margins discoloured. Spreading under humid conditions.,1,LEAF_HOPPERS
Yellowing and bronzing of leaves with fine speckled texture on upper surface. Curled margins visible. Browning from leaf tip progressing inward. Soft water-soaked appearance at active edge.,1,LEAF_HOPPERS
Tender leaves with rough brown patches and tip wilting. Scattered wound-like raised lesions throughout blade.,4,MOSQUITO_BUG
Necrotic tan-brown patches with a darker outer ring. Spreads rapidly in moist dense canopy sections. Leaf tissue missing in irregular patches. Ragged edges at margin. Origin not confirmed.,0,LEAF_BLIGHT
Browning from leaf tip progressing inward. Soft water-soaked appearance at active edge.,0,LEAF_BLIGHT
New growth showing shoot dieback with scattered corky raised spots. Pale outer ring around each lesion. Whitish flecks on leaf blade. Tip region most affected. Leaves feel dry.,4,MOSQUITO_BUG
Uniform whitish flecking on leaf blade. Leaves feel papery and dry. Lower canopy most affected.,1,LEAF_HOPPERS
Brown water-soaked lesions spreading inward from leaf margins. Tissue collapses rapidly under humid conditions. Whitish flecks on leaf blade. Tip region most affected. Leaves feel dry.,0,LEAF_BLIGHT
Skeletonized patches where only the major veins remain intact. Leaf edges highly irregular from feeding.,3,LOOPER_CATERPILLARS
Upper leaf surface stripped away in patches. Veins exposed. Frass pellets and silk webbing visible nearby. Raised lesions on tender flush. Scattered distribution. Tips show some dieback.,3,LOOPER_CATERPILLARS
Small angular marks on young leaves. Some tip wilting visible. Cause not immediately clear. Leaf tissue missing in irregular patches. Ragged edges at margin. Origin not confirmed.,4,MOSQUITO_BUG
Rough corky raised spots on newly emerged leaves. Tips curled and discoloured. Lesions individually spaced.,4,MOSQUITO_BUG
Notched leaf margins and internal holes. Damage consistent with chewing from leaf edge inward. Necrotic areas on leaf blade. Margins discoloured. Spreading under humid conditions.,3,LOOPER_CATERPILLARS
Small angular marks on young leaves. Some tip wilting visible. Cause not immediately clear. Brown patches on leaf margins. Tissue soft at edges. Worse in lower shaded canopy.,4,MOSQUITO_BUG
New growth showing shoot dieback with scattered corky raised spots. Pale outer ring around each lesion. Portions of leaf removed. Skeletonized areas on some leaves. Frass present nearby.,4,MOSQUITO_BUG
Orange pustules coalescing on lower leaf surface. Leaves yellowing and dropping in severely affected patches.,2,LEAF_RUST
Dark necrotic patches with pale yellow borders appearing on lower canopy leaves. Soft texture at active edge. Portions of leaf removed. Skeletonized areas on some leaves. Frass present nearby.,0,LEAF_BLIGHT
New growth showing shoot dieback with scattered corky raised spots. Pale outer ring around each lesion.,4,MOSQUITO_BUG
Tender flush showing multiple angular brown raised lesions. Tips stunted. Scattered distribution on new growth. Browning from leaf tip progressing inward. Soft water-soaked appearance at active edge.,4,MOSQUITO_BUG
Rough corky raised spots on newly emerged leaves. Tips curled and discoloured. Lesions individually spaced. Necrotic areas on leaf blade. Margins discoloured. Spreading under humid conditions.,4,MOSQUITO_BUG
Uniform whitish flecking on leaf blade. Leaves feel papery and dry. Lower canopy most affected.,1,LEAF_HOPPERS
Bleached stippling across leaf surface. Leaves brittle and discoloured. Tip dieback in severe cases. Small angular marks on young leaves. Some tip wilting visible. Cause not immediately clear.,1,LEAF_HOPPERS
Yellowing and bronzing of leaves with fine speckled texture on upper surface. Curled margins visible. Brown patches on leaf margins. Tissue soft at edges. Worse in lower shaded canopy.,1,LEAF_HOPPERS
Extensive leaf tissue loss with ragged torn edges. Multiple feeding sites across several adjacent leaves.,3,LOOPER_CATERPILLARS
Yellowing and bronzing of leaves with fine speckled texture on upper surface. Curled margins visible.,1,LEAF_HOPPERS
Leaf tissue missing in irregular patches. Ragged edges at margin. Origin not confirmed.,3,LOOPER_CATERPILLARS
Irregular holes across leaf blade with ragged edges. Frass pellets visible on remaining tissue beneath.,3,LOOPER_CATERPILLARS
Browning from leaf tip progressing inward. Soft water-soaked appearance at active edge. Leaf tissue missing in irregular patches. Ragged edges at margin. Origin not confirmed.,0,LEAF_BLIGHT
Dark necrotic patches with pale yellow borders appearing on lower canopy leaves. Soft texture at active edge. Raised lesions on tender flush. Scattered distribution. Tips show some dieback.,0,LEAF_BLIGHT
Young shoots with multiple stipple-like raised spots and tip wilting. Lesion centres sunken and darkened. Whitish flecks on leaf blade. Tip region most affected. Leaves feel dry.,4,MOSQUITO_BUG
Raised lesions on tender flush. Scattered distribution. Tips show some dieback. Brown patches on leaf margins. Tissue soft at edges. Worse in lower shaded canopy.,4,MOSQUITO_BUG
Tender flush showing multiple angular brown raised lesions. Tips stunted. Scattered distribution on new growth. Fine stippling on upper surface. Some leaf curl. Could reflect feeding damage or other stress.,4,MOSQUITO_BUG
Defoliated patches with only coarse veins remaining. Fine frass scattered on leaves beneath affected area. Necrotic areas on leaf blade. Margins discoloured. Spreading under humid conditions.,3,LOOPER_CATERPILLARS
Orange-yellow powdery pustules on lower leaf surface. Corresponding pale spots visible on upper surface. Brown spots on new foliage. Raised texture at lesion centres. Shoot tips look unhealthy.,2,LEAF_RUST
Orange pustules coalescing on lower leaf surface. Leaves yellowing and dropping in severely affected patches. Holes and torn edges on leaf blade. Some veins exposed. Frass visible below.,2,LEAF_RUST
Brown water-soaked lesions spreading inward from leaf margins. Tissue collapses rapidly under humid conditions. Holes and torn edges on leaf blade. Some veins exposed. Frass visible below.,0,LEAF_BLIGHT
Brown water-soaked lesions spreading inward from leaf margins. Tissue collapses rapidly under humid conditions. Holes and torn edges on leaf blade. Some veins exposed. Frass visible below.,0,LEAF_BLIGHT
Leaf tissue missing in irregular patches. Ragged edges at margin. Origin not confirmed.,3,LOOPER_CATERPILLARS
Whitish flecks on leaf blade. Tip region most affected. Leaves feel dry. Orange deposits visible on leaf underside. Slow spread. Surrounding tissue slightly yellow.,1,LEAF_HOPPERS
Fine stippling on upper surface. Some leaf curl. Could reflect feeding damage or other stress. Raised lesions on tender flush. Scattered distribution. Tips show some dieback.,1,LEAF_HOPPERS
Brown patches on leaf margins. Tissue soft at edges. Worse in lower shaded canopy.,0,LEAF_BLIGHT
Tender flush showing multiple angular brown raised lesions. Tips stunted. Scattered distribution on new growth.,4,MOSQUITO_BUG
Orange deposits visible on leaf underside. Slow spread. Surrounding tissue slightly yellow. Portions of leaf removed. Skeletonized areas on some leaves. Frass present nearby.,2,LEAF_RUST
Necrotic areas on leaf blade. Margins discoloured. Spreading under humid conditions.,0,LEAF_BLIGHT
Upper leaf surface stripped away in patches. Veins exposed. Frass pellets and silk webbing visible nearby. Rust-coloured patches on lower leaf. Upper surface pale above affected areas.,3,LOOPER_CATERPILLARS
Yellowing and bronzing of leaves with fine speckled texture on upper surface. Curled margins visible.,1,LEAF_HOPPERS
Tender flush showing multiple angular brown raised lesions. Tips stunted. Scattered distribution on new growth. Holes and torn edges on leaf blade. Some veins exposed. Frass visible below.,4,MOSQUITO_BUG
Blighted areas beginning at leaf tip and progressing along margins. Entire leaf browning in advanced cases. Raised lesions on tender flush. Scattered distribution. Tips show some dieback.,0,LEAF_BLIGHT
Tender leaves with rough brown patches and tip wilting. Scattered wound-like raised lesions throughout blade.,4,MOSQUITO_BUG
Tender leaves with rough brown patches and tip wilting. Scattered wound-like raised lesions throughout blade. Orange deposits visible on leaf underside. Slow spread. Surrounding tissue slightly yellow.,4,MOSQUITO_BUG
Pale stippling pattern across upper leaf surface. Leaf margins curling upward. Colour fading to pale yellow.,1,LEAF_HOPPERS
Orange pustules coalescing on lower leaf surface. Leaves yellowing and dropping in severely affected patches. Necrotic areas on leaf blade. Margins discoloured. Spreading under humid conditions.,2,LEAF_RUST
Extensive leaf tissue loss with ragged torn edges. Multiple feeding sites across several adjacent leaves.,3,LOOPER_CATERPILLARS
Rough corky raised spots on newly emerged leaves. Tips curled and discoloured. Lesions individually spaced. Rust-coloured patches on lower leaf. Upper surface pale above affected areas.,4,MOSQUITO_BUG
Tender leaves with rough brown patches and tip wilting. Scattered wound-like raised lesions throughout blade. Whitish flecks on leaf blade. Tip region most affected. Leaves feel dry.,4,MOSQUITO_BUG
Skeletonized patches where only the major veins remain intact. Leaf edges highly irregular from feeding. Browning from leaf tip progressing inward. Soft water-soaked appearance at active edge.,3,LOOPER_CATERPILLARS
Dense orange-yellow pustule clusters on abaxial leaf surface. Surrounding tissue yellowing rapidly.,2,LEAF_RUST
Pale stippling pattern across upper leaf surface. Leaf margins curling upward. Colour fading to pale yellow. Holes and torn edges on leaf blade. Some veins exposed. Frass visible below.,1,LEAF_HOPPERS
Orange-yellow powdery pustules on lower leaf surface. Corresponding pale spots visible on upper surface. Browning from leaf tip progressing inward. Soft water-soaked appearance at active edge.,2,LEAF_RUST
Tender flush showing multiple angular brown raised lesions. Tips stunted. Scattered distribution on new growth. Brown patches on leaf margins. Tissue soft at edges. Worse in lower shaded canopy.,4,MOSQUITO_BUG
Dark necrotic patches with pale yellow borders appearing on lower canopy leaves. Soft texture at active edge.,0,LEAF_BLIGHT
Fine stippling on upper surface. Some leaf curl. Could reflect feeding damage or other stress. Leaf tissue missing in irregular patches. Ragged edges at margin. Origin not confirmed.,1,LEAF_HOPPERS
Rust-orange raised spots with powdery texture on lower leaf surface. Upper surface shows corresponding pale patches. Whitish flecks on leaf blade. Tip region most affected. Leaves feel dry.,2,LEAF_RUST
Leaf lamina partially consumed leaving midrib and major veins. Feeding damage across multiple leaves in canopy. Necrotic areas on leaf blade. Margins discoloured. Spreading under humid conditions.,3,LOOPER_CATERPILLARS
Young shoots with multiple stipple-like raised spots and tip wilting. Lesion centres sunken and darkened. Holes and torn edges on leaf blade. Some veins exposed. Frass visible below.,4,MOSQUITO_BUG
Leaf tissue missing in irregular patches. Ragged edges at margin. Origin not confirmed. Small angular marks on young leaves. Some tip wilting visible. Cause not immediately clear.,3,LOOPER_CATERPILLARS
Large irregular sections of leaf tissue removed. Frass deposits and silk threads present near damage sites. Orange-yellow spots on leaf surface. Powdery texture. Both leaf surfaces show discolouration.,3,LOOPER_CATERPILLARS
Yellow-orange raised pustules in irregular groups on leaf underside. Upper surface pale yellow above each cluster.,2,LEAF_RUST
Rust-coloured patches on lower leaf. Upper surface pale above affected areas. Leaf tissue missing in irregular patches. Ragged edges at margin. Origin not confirmed.,2,LEAF_RUST
Rust-coloured patches on lower leaf. Upper surface pale above affected areas. Whitish flecks on leaf blade. Tip region most affected. Leaves feel dry.,2,LEAF_RUST
Pale stippling pattern across upper leaf surface. Leaf margins curling upward. Colour fading to pale yellow. Rust-coloured patches on lower leaf. Upper surface pale above affected areas.,1,LEAF_HOPPERS
Necrotic tan-brown patches with a darker outer ring. Spreads rapidly in moist dense canopy sections. Brown spots on new foliage. Raised texture at lesion centres. Shoot tips look unhealthy.,0,LEAF_BLIGHT
Irregular brown blotches covering large portions of the leaf blade. Adjacent tissue appears water-soaked. Fine stippling on upper surface. Some leaf curl. Could reflect feeding damage or other stress.,0,LEAF_BLIGHT
Bleached stippling across leaf surface. Leaves brittle and discoloured. Tip dieback in severe cases. Rust-coloured patches on lower leaf. Upper surface pale above affected areas.,1,LEAF_HOPPERS
Brown necrosis expanding from tip and edges. More than half of some leaves showing blighted tissue. Fine stippling on upper surface. Some leaf curl. Could reflect feeding damage or other stress.,0,LEAF_BLIGHT
Fine stippling on upper surface. Some leaf curl. Could reflect feeding damage or other stress. Necrotic areas on leaf blade. Margins discoloured. Spreading under humid conditions.,1,LEAF_HOPPERS
Rough corky raised spots on newly emerged leaves. Tips curled and discoloured. Lesions individually spaced.,4,MOSQUITO_BUG
New growth showing shoot dieback with scattered corky raised spots. Pale outer ring around each lesion. Portions of leaf removed. Skeletonized areas on some leaves. Frass present nearby.,4,MOSQUITO_BUG
Pale speckling on upper leaf surface. Margins slightly curled. Yellowing visible on some leaves. Orange-yellow spots on leaf surface. Powdery texture. Both leaf surfaces show discolouration.,1,LEAF_HOPPERS
Upper leaf surface stripped away in patches. Veins exposed. Frass pellets and silk webbing visible nearby. Fine stippling on upper surface. Some leaf curl. Could reflect feeding damage or other stress.,3,LOOPER_CATERPILLARS
Necrotic areas on leaf blade. Margins discoloured. Spreading under humid conditions. Brown spots on new foliage. Raised texture at lesion centres. Shoot tips look unhealthy.,0,LEAF_BLIGHT
Raised lesions on tender flush. Scattered distribution. Tips show some dieback.,4,MOSQUITO_BUG
Young flush with angular brown lesions at irregular positions. Rough raised texture at each wound centre.,4,MOSQUITO_BUG
Browning from leaf tip progressing inward. Soft water-soaked appearance at active edge.,0,LEAF_BLIGHT
Raised angular marks on expanding leaves. Shoot tips bent and discoloured. Lesions not along veins. Pale speckling on upper leaf surface. Margins slightly curled. Yellowing visible on some leaves.,4,MOSQUITO_BUG
Orange-yellow powdery pustules on lower leaf surface. Corresponding pale spots visible on upper surface.,2,LEAF_RUST
Leaf tissue missing in irregular patches. Ragged edges at margin. Origin not confirmed.,3,LOOPER_CATERPILLARS
Orange-yellow powdery pustules on lower leaf surface. Corresponding pale spots visible on upper surface. Brown patches on leaf margins. Tissue soft at edges. Worse in lower shaded canopy.,2,LEAF_RUST
Necrotic areas on leaf blade. Margins discoloured. Spreading under humid conditions.,0,LEAF_BLIGHT
Dense orange-yellow pustule clusters on abaxial leaf surface. Surrounding tissue yellowing rapidly. Brown patches on leaf margins. Tissue soft at edges. Worse in lower shaded canopy.,2,LEAF_RUST
Irregular brown blotches covering large portions of the leaf blade. Adjacent tissue appears water-soaked. Portions of leaf removed. Skeletonized areas on some leaves. Frass present nearby.,0,LEAF_BLIGHT
Dense orange-yellow pustule clusters on abaxial leaf surface. Surrounding tissue yellowing rapidly.,2,LEAF_RUST
Brown spots on new foliage. Raised texture at lesion centres. Shoot tips look unhealthy. Orange deposits visible on leaf underside. Slow spread. Surrounding tissue slightly yellow.,4,MOSQUITO_BUG
Brown patches on leaf margins. Tissue soft at edges. Worse in lower shaded canopy.,0,LEAF_BLIGHT
Pale speckling on upper leaf surface. Margins slightly curled. Yellowing visible on some leaves.,1,LEAF_HOPPERS
Holes and torn edges on leaf blade. Some veins exposed. Frass visible below.,3,LOOPER_CATERPILLARS
Fine white speckling uniformly distributed on upper leaf. Margins rolling and yellowing.,1,LEAF_HOPPERS
Leaf bronzing with dense pale stippling from tip toward base. Brittle texture on older affected leaves. Small angular marks on young leaves. Some tip wilting visible. Cause not immediately clear.,1,LEAF_HOPPERS
New growth showing shoot dieback with scattered corky raised spots. Pale outer ring around each lesion.,4,MOSQUITO_BUG
Brown spots on new foliage. Raised texture at lesion centres. Shoot tips look unhealthy. Portions of leaf removed. Skeletonized areas on some leaves. Frass present nearby.,4,MOSQUITO_BUG
Orange-yellow spots on leaf surface. Powdery texture. Both leaf surfaces show discolouration.,2,LEAF_RUST
Yellow-orange raised pustules in irregular groups on leaf underside. Upper surface pale yellow above each cluster.,2,LEAF_RUST
Multiple small raised necrotic spots on tender shoots. Each spot has a sunken dark centre. Tips wilted. Whitish flecks on leaf blade. Tip region most affected. Leaves feel dry.,4,MOSQUITO_BUG
Tender leaves with rough brown patches and tip wilting. Scattered wound-like raised lesions throughout blade. Portions of leaf removed. Skeletonized areas on some leaves. Frass present nearby.,4,MOSQUITO_BUG
Irregular brown blotches covering large portions of the leaf blade. Adjacent tissue appears water-soaked. Portions of leaf removed. Skeletonized areas on some leaves. Frass present nearby.,0,LEAF_BLIGHT
Upper leaf surface stripped away in patches. Veins exposed. Frass pellets and silk webbing visible nearby.,3,LOOPER_CATERPILLARS
Fine stippling on upper surface. Some leaf curl. Could reflect feeding damage or other stress. Rust-coloured patches on lower leaf. Upper surface pale above affected areas.,1,LEAF_HOPPERS
Leaf bronzing with dense pale stippling from tip toward base. Brittle texture on older affected leaves.,1,LEAF_HOPPERS
Necrotic tan-brown patches with a darker outer ring. Spreads rapidly in moist dense canopy sections.,0,LEAF_BLIGHT
Small angular marks on young leaves. Some tip wilting visible. Cause not immediately clear. Orange deposits visible on leaf underside. Slow spread. Surrounding tissue slightly yellow.,4,MOSQUITO_BUG
Young shoots with multiple stipple-like raised spots and tip wilting. Lesion centres sunken and darkened. Browning from leaf tip progressing inward. Soft water-soaked appearance at active edge.,4,MOSQUITO_BUG
Rust-coloured spore masses on abaxial surface. Upper leaf shows yellow-orange chlorotic spots above each pustule. Portions of leaf removed. Skeletonized areas on some leaves. Frass present nearby.,2,LEAF_RUST
Necrotic tan-brown patches with a darker outer ring. Spreads rapidly in moist dense canopy sections.,0,LEAF_BLIGHT
Necrotic areas on leaf blade. Margins discoloured. Spreading under humid conditions. Portions of leaf removed. Skeletonized areas on some leaves. Frass present nearby.,0,LEAF_BLIGHT
Upper leaf surface stripped away in patches. Veins exposed. Frass pellets and silk webbing visible nearby.,3,LOOPER_CATERPILLARS
Whitish flecks on leaf blade. Tip region most affected. Leaves feel dry. Browning from leaf tip progressing inward. Soft water-soaked appearance at active edge.,1,LEAF_HOPPERS
Small angular marks on young leaves. Some tip wilting visible. Cause not immediately clear. Orange-yellow spots on leaf surface. Powdery texture. Both leaf surfaces show discolouration.,4,MOSQUITO_BUG
Young flush with angular brown lesions at irregular positions. Rough raised texture at each wound centre.,4,MOSQUITO_BUG
Upper leaf surface stripped away in patches. Veins exposed. Frass pellets and silk webbing visible nearby.,3,LOOPER_CATERPILLARS
Leaf tissue missing in irregular patches. Ragged edges at margin. Origin not confirmed.,3,LOOPER_CATERPILLARS
New growth showing shoot dieback with scattered corky raised spots. Pale outer ring around each lesion.,4,MOSQUITO_BUG
Dark necrotic patches with pale yellow borders appearing on lower canopy leaves. Soft texture at active edge. Orange deposits visible on leaf underside. Slow spread. Surrounding tissue slightly yellow.,0,LEAF_BLIGHT
Dense orange-yellow pustule clusters on abaxial leaf surface. Surrounding tissue yellowing rapidly.,2,LEAF_RUST
Multiple small raised necrotic spots on tender shoots. Each spot has a sunken dark centre. Tips wilted. Holes and torn edges on leaf blade. Some veins exposed. Frass visible below.,4,MOSQUITO_BUG
Brown patches on leaf margins. Tissue soft at edges. Worse in lower shaded canopy.,0,LEAF_BLIGHT
Multiple small raised necrotic spots on tender shoots. Each spot has a sunken dark centre. Tips wilted. Browning from leaf tip progressing inward. Soft water-soaked appearance at active edge.,4,MOSQUITO_BUG
Holes and torn edges on leaf blade. Some veins exposed. Frass visible below. Necrotic areas on leaf blade. Margins discoloured. Spreading under humid conditions.,3,LOOPER_CATERPILLARS
Brown water-soaked lesions spreading inward from leaf margins. Tissue collapses rapidly under humid conditions. Holes and torn edges on leaf blade. Some veins exposed. Frass visible below.,0,LEAF_BLIGHT
Orange-yellow spots on leaf surface. Powdery texture. Both leaf surfaces show discolouration. Whitish flecks on leaf blade. Tip region most affected. Leaves feel dry.,2,LEAF_RUST
New growth showing shoot dieback with scattered corky raised spots. Pale outer ring around each lesion. Holes and torn edges on leaf blade. Some veins exposed. Frass visible below.,4,MOSQUITO_BUG
Young shoots with multiple stipple-like raised spots and tip wilting. Lesion centres sunken and darkened.,4,MOSQUITO_BUG
Young shoots with multiple stipple-like raised spots and tip wilting. Lesion centres sunken and darkened. Brown patches on leaf margins. Tissue soft at edges. Worse in lower shaded canopy.,4,MOSQUITO_BUG
Portions of leaf removed. Skeletonized areas on some leaves. Frass present nearby.,3,LOOPER_CATERPILLARS
Rust-orange raised spots with powdery texture on lower leaf surface. Upper surface shows corresponding pale patches. Brown patches on leaf margins. Tissue soft at edges. Worse in lower shaded canopy.,2,LEAF_RUST
Necrotic areas on leaf blade. Margins discoloured. Spreading under humid conditions. Raised lesions on tender flush. Scattered distribution. Tips show some dieback.,0,LEAF_BLIGHT
Orange pustules coalescing on lower leaf surface. Leaves yellowing and dropping in severely affected patches. Raised lesions on tender flush. Scattered distribution. Tips show some dieback.,2,LEAF_RUST
Fine white speckling uniformly distributed on upper leaf. Margins rolling and yellowing. Browning from leaf tip progressing inward. Soft water-soaked appearance at active edge.,1,LEAF_HOPPERS
Necrotic tan-brown patches with a darker outer ring. Spreads rapidly in moist dense canopy sections. Portions of leaf removed. Skeletonized areas on some leaves. Frass present nearby.,0,LEAF_BLIGHT
Defoliated patches with only coarse veins remaining. Fine frass scattered on leaves beneath affected area. Raised lesions on tender flush. Scattered distribution. Tips show some dieback.,3,LOOPER_CATERPILLARS
Leaf tissue missing in irregular patches. Ragged edges at margin. Origin not confirmed.,3,LOOPER_CATERPILLARS
Bleached stippling across leaf surface. Leaves brittle and discoloured. Tip dieback in severe cases.,1,LEAF_HOPPERS
Rust-coloured spore masses on abaxial surface. Upper leaf shows yellow-orange chlorotic spots above each pustule. Brown patches on leaf margins. Tissue soft at edges. Worse in lower shaded canopy.,2,LEAF_RUST
Orange-yellow powdery pustules on lower leaf surface. Corresponding pale spots visible on upper surface. Brown patches on leaf margins. Tissue soft at edges. Worse in lower shaded canopy.,2,LEAF_RUST
Tender flush showing multiple angular brown raised lesions. Tips stunted. Scattered distribution on new growth.,4,MOSQUITO_BUG
Yellowing and bronzing of leaves with fine speckled texture on upper surface. Curled margins visible. Portions of leaf removed. Skeletonized areas on some leaves. Frass present nearby.,1,LEAF_HOPPERS
Notched leaf margins and internal holes. Damage consistent with chewing from leaf edge inward. Necrotic areas on leaf blade. Margins discoloured. Spreading under humid conditions.,3,LOOPER_CATERPILLARS
Leaf lamina partially consumed leaving midrib and major veins. Feeding damage across multiple leaves in canopy. Orange deposits visible on leaf underside. Slow spread. Surrounding tissue slightly yellow.,3,LOOPER_CATERPILLARS
Tender flush showing multiple angular brown raised lesions. Tips stunted. Scattered distribution on new growth.,4,MOSQUITO_BUG
Orange pustules coalescing on lower leaf surface. Leaves yellowing and dropping in severely affected patches.,2,LEAF_RUST
Orange pustules coalescing on lower leaf surface. Leaves yellowing and dropping in severely affected patches. Brown spots on new foliage. Raised texture at lesion centres. Shoot tips look unhealthy.,2,LEAF_RUST
Raised angular marks on expanding leaves. Shoot tips bent and discoloured. Lesions not along veins.,4,MOSQUITO_BUG
Blighted areas beginning at leaf tip and progressing along margins. Entire leaf browning in advanced cases.,0,LEAF_BLIGHT
Necrotic tan-brown patches with a darker outer ring. Spreads rapidly in moist dense canopy sections. Small angular marks on young leaves. Some tip wilting visible. Cause not immediately clear.,0,LEAF_BLIGHT
Raised lesions on tender flush. Scattered distribution. Tips show some dieback.,4,MOSQUITO_BUG
Browning from leaf tip progressing inward. Soft water-soaked appearance at active edge. Small angular marks on young leaves. Some tip wilting visible. Cause not immediately clear.,0,LEAF_BLIGHT
Tip burn on young leaves with pale stippled damage spreading toward mid-leaf. Veins still green.,1,LEAF_HOPPERS
Uniform whitish flecking on leaf blade. Leaves feel papery and dry. Lower canopy most affected. Browning from leaf tip progressing inward. Soft water-soaked appearance at active edge.,1,LEAF_HOPPERS
Necrotic tan-brown patches with a darker outer ring. Spreads rapidly in moist dense canopy sections.,0,LEAF_BLIGHT
Multiple small raised necrotic spots on tender shoots. Each spot has a sunken dark centre. Tips wilted. Browning from leaf tip progressing inward. Soft water-soaked appearance at active edge.,4,MOSQUITO_BUG
Necrotic areas on leaf blade. Margins discoloured. Spreading under humid conditions.,0,LEAF_BLIGHT
Brown spots on new foliage. Raised texture at lesion centres. Shoot tips look unhealthy. Pale speckling on upper leaf surface. Margins slightly curled. Yellowing visible on some leaves.,4,MOSQUITO_BUG
Fine stippling on upper surface. Some leaf curl. Could reflect feeding damage or other stress. Necrotic areas on leaf blade. Margins discoloured. Spreading under humid conditions.,1,LEAF_HOPPERS
Necrotic tan-brown patches with a darker outer ring. Spreads rapidly in moist dense canopy sections.,0,LEAF_BLIGHT
Leaf lamina partially consumed leaving midrib and major veins. Feeding damage across multiple leaves in canopy. Whitish flecks on leaf blade. Tip region most affected. Leaves feel dry.,3,LOOPER_CATERPILLARS
Blighted areas beginning at leaf tip and progressing along margins. Entire leaf browning in advanced cases. Whitish flecks on leaf blade. Tip region most affected. Leaves feel dry.,0,LEAF_BLIGHT
Orange-yellow spots on leaf surface. Powdery texture. Both leaf surfaces show discolouration.,2,LEAF_RUST
Large irregularly shaped brown areas on leaf blade. Margin tissue soft and disintegrating under moisture. Holes and torn edges on leaf blade. Some veins exposed. Frass visible below.,0,LEAF_BLIGHT
Tip burn on young leaves with pale stippled damage spreading toward mid-leaf. Veins still green.,1,LEAF_HOPPERS
Small circular orange-rust coloured spots on adaxial surface. Powdery spore deposits on abaxial side.,2,LEAF_RUST
Brown water-soaked lesions spreading inward from leaf margins. Tissue collapses rapidly under humid conditions. Brown spots on new foliage. Raised texture at lesion centres. Shoot tips look unhealthy.,0,LEAF_BLIGHT
Dense orange-yellow pustule clusters on abaxial leaf surface. Surrounding tissue yellowing rapidly. Holes and torn edges on leaf blade. Some veins exposed. Frass visible below.,2,LEAF_RUST
Multiple small raised necrotic spots on tender shoots. Each spot has a sunken dark centre. Tips wilted.,4,MOSQUITO_BUG
Orange pustules coalescing on lower leaf surface. Leaves yellowing and dropping in severely affected patches. Whitish flecks on leaf blade. Tip region most affected. Leaves feel dry.,2,LEAF_RUST
Leaf tissue missing in irregular patches. Ragged edges at margin. Origin not confirmed. Whitish flecks on leaf blade. Tip region most affected. Leaves feel dry.,3,LOOPER_CATERPILLARS
Uniform whitish flecking on leaf blade. Leaves feel papery and dry. Lower canopy most affected.,1,LEAF_HOPPERS
Portions of leaf removed. Skeletonized areas on some leaves. Frass present nearby. Orange-yellow spots on leaf surface. Powdery texture. Both leaf surfaces show discolouration.,3,LOOPER_CATERPILLARS
Fine stippling on upper surface. Some leaf curl. Could reflect feeding damage or other stress. Raised lesions on tender flush. Scattered distribution. Tips show some dieback.,1,LEAF_HOPPERS
Defoliated patches with only coarse veins remaining. Fine frass scattered on leaves beneath affected area.,3,LOOPER_CATERPILLARS
Orange-yellow powdery pustules on lower leaf surface. Corresponding pale spots visible on upper surface.,2,LEAF_RUST
Portions of leaf removed. Skeletonized areas on some leaves. Frass present nearby. Whitish flecks on leaf blade. Tip region most affected. Leaves feel dry.,3,LOOPER_CATERPILLARS
Orange deposits visible on leaf underside. Slow spread. Surrounding tissue slightly yellow. Holes and torn edges on leaf blade. Some veins exposed. Frass visible below.,2,LEAF_RUST
Yellow-orange raised pustules in irregular groups on leaf underside. Upper surface pale yellow above each cluster.,2,LEAF_RUST
Small circular orange-rust coloured spots on adaxial surface. Powdery spore deposits on abaxial side. Brown patches on leaf margins. Tissue soft at edges. Worse in lower shaded canopy.,2,LEAF_RUST
Defoliated patches with only coarse veins remaining. Fine frass scattered on leaves beneath affected area. Pale speckling on upper leaf surface. Margins slightly curled. Yellowing visible on some leaves.,3,LOOPER_CATERPILLARS
Brown water-soaked lesions spreading inward from leaf margins. Tissue collapses rapidly under humid conditions. Fine stippling on upper surface. Some leaf curl. Could reflect feeding damage or other stress.,0,LEAF_BLIGHT
Leaf tips turning yellow-white with fine pale speckling. Leaf curl on newly emerged growth.,1,LEAF_HOPPERS
New growth showing shoot dieback with scattered corky raised spots. Pale outer ring around each lesion.,4,MOSQUITO_BUG
Multiple small raised necrotic spots on tender shoots. Each spot has a sunken dark centre. Tips wilted.,4,MOSQUITO_BUG
Dense orange-yellow pustule clusters on abaxial leaf surface. Surrounding tissue yellowing rapidly.,2,LEAF_RUST
Large irregularly shaped brown areas on leaf blade. Margin tissue soft and disintegrating under moisture.,0,LEAF_BLIGHT
Tip burn on young leaves with pale stippled damage spreading toward mid-leaf. Veins still green.,1,LEAF_HOPPERS
Small circular orange-rust coloured spots on adaxial surface. Powdery spore deposits on abaxial side. Brown patches on leaf margins. Tissue soft at edges. Worse in lower shaded canopy.,2,LEAF_RUST
Rough corky raised spots on newly emerged leaves. Tips curled and discoloured. Lesions individually spaced.,4,MOSQUITO_BUG
Leaf tips turning yellow-white with fine pale speckling. Leaf curl on newly emerged growth. Browning from leaf tip progressing inward. Soft water-soaked appearance at active edge.,1,LEAF_HOPPERS
Brown patches on leaf margins. Tissue soft at edges. Worse in lower shaded canopy. Leaf tissue missing in irregular patches. Ragged edges at margin. Origin not confirmed.,0,LEAF_BLIGHT
Brown patches on leaf margins. Tissue soft at edges. Worse in lower shaded canopy.,0,LEAF_BLIGHT
Notched leaf margins and internal holes. Damage consistent with chewing from leaf edge inward. Small angular marks on young leaves. Some tip wilting visible. Cause not immediately clear.,3,LOOPER_CATERPILLARS
Browning from leaf tip progressing inward. Soft water-soaked appearance at active edge. Brown spots on new foliage. Raised texture at lesion centres. Shoot tips look unhealthy.,0,LEAF_BLIGHT
Large irregular sections of leaf tissue removed. Frass deposits and silk threads present near damage sites. Brown patches on leaf margins. Tissue soft at edges. Worse in lower shaded canopy.,3,LOOPER_CATERPILLARS
Leaf tips turning yellow-white with fine pale speckling. Leaf curl on newly emerged growth. Holes and torn edges on leaf blade. Some veins exposed. Frass visible below.,1,LEAF_HOPPERS
Fine stippling on upper surface. Some leaf curl. Could reflect feeding damage or other stress.,1,LEAF_HOPPERS
Brown water-soaked lesions spreading inward from leaf margins. Tissue collapses rapidly under humid conditions.,0,LEAF_BLIGHT
Leaf tips turning yellow-white with fine pale speckling. Leaf curl on newly emerged growth.,1,LEAF_HOPPERS
New growth showing shoot dieback with scattered corky raised spots. Pale outer ring around each lesion. Rust-coloured patches on lower leaf. Upper surface pale above affected areas.,4,MOSQUITO_BUG
Fine stippling on upper surface. Some leaf curl. Could reflect feeding damage or other stress.,1,LEAF_HOPPERS
Yellow-orange raised pustules in irregular groups on leaf underside. Upper surface pale yellow above each cluster. Brown spots on new foliage. Raised texture at lesion centres. Shoot tips look unhealthy.,2,LEAF_RUST
Raised lesions on tender flush. Scattered distribution. Tips show some dieback. Pale speckling on upper leaf surface. Margins slightly curled. Yellowing visible on some leaves.,4,MOSQUITO_BUG
Large irregular sections of leaf tissue removed. Frass deposits and silk threads present near damage sites.,3,LOOPER_CATERPILLARS
Small angular marks on young leaves. Some tip wilting visible. Cause not immediately clear.,4,MOSQUITO_BUG
Rust-coloured spore masses on abaxial surface. Upper leaf shows yellow-orange chlorotic spots above each pustule.,2,LEAF_RUST
Irregular holes across leaf blade with ragged edges. Frass pellets visible on remaining tissue beneath.,3,LOOPER_CATERPILLARS
Whitish flecks on leaf blade. Tip region most affected. Leaves feel dry. Leaf tissue missing in irregular patches. Ragged edges at margin. Origin not confirmed.,1,LEAF_HOPPERS
Rough corky raised spots on newly emerged leaves. Tips curled and discoloured. Lesions individually spaced.,4,MOSQUITO_BUG
Dark necrotic patches with pale yellow borders appearing on lower canopy leaves. Soft texture at active edge. Rust-coloured patches on lower leaf. Upper surface pale above affected areas.,0,LEAF_BLIGHT
Dense orange-yellow pustule clusters on abaxial leaf surface. Surrounding tissue yellowing rapidly.,2,LEAF_RUST
Tender leaves with rough brown patches and tip wilting. Scattered wound-like raised lesions throughout blade.,4,MOSQUITO_BUG
Yellowing and bronzing of leaves with fine speckled texture on upper surface. Curled margins visible. Browning from leaf tip progressing inward. Soft water-soaked appearance at active edge.,1,LEAF_HOPPERS
Bright orange urediniospore pustules scattered on underside of leaves. Spores dust off when touched.,2,LEAF_RUST
Upper leaf surface stripped away in patches. Veins exposed. Frass pellets and silk webbing visible nearby. Rust-coloured patches on lower leaf. Upper surface pale above affected areas.,3,LOOPER_CATERPILLARS
Pale speckling on upper leaf surface. Margins slightly curled. Yellowing visible on some leaves. Brown spots on new foliage. Raised texture at lesion centres. Shoot tips look unhealthy.,1,LEAF_HOPPERS
Fine white speckling uniformly distributed on upper leaf. Margins rolling and yellowing. Orange deposits visible on leaf underside. Slow spread. Surrounding tissue slightly yellow.,1,LEAF_HOPPERS
Orange-yellow spots on leaf surface. Powdery texture. Both leaf surfaces show discolouration.,2,LEAF_RUST
Necrotic areas on leaf blade. Margins discoloured. Spreading under humid conditions. Orange deposits visible on leaf underside. Slow spread. Surrounding tissue slightly yellow.,0,LEAF_BLIGHT
Rust-coloured spore masses on abaxial surface. Upper leaf shows yellow-orange chlorotic spots above each pustule. Small angular marks on young leaves. Some tip wilting visible. Cause not immediately clear.,2,LEAF_RUST
Small circular orange-rust coloured spots on adaxial surface. Powdery spore deposits on abaxial side. Whitish flecks on leaf blade. Tip region most affected. Leaves feel dry.,2,LEAF_RUST
Blighted areas beginning at leaf tip and progressing along margins. Entire leaf browning in advanced cases.,0,LEAF_BLIGHT
Yellow-orange raised pustules in irregular groups on leaf underside. Upper surface pale yellow above each cluster.,2,LEAF_RUST
Large irregularly shaped brown areas on leaf blade. Margin tissue soft and disintegrating under moisture.,0,LEAF_BLIGHT
Leaf tissue missing in irregular patches. Ragged edges at margin. Origin not confirmed.,3,LOOPER_CATERPILLARS
Rust-coloured patches on lower leaf. Upper surface pale above affected areas.,2,LEAF_RUST
Young shoots with multiple stipple-like raised spots and tip wilting. Lesion centres sunken and darkened. Portions of leaf removed. Skeletonized areas on some leaves. Frass present nearby.,4,MOSQUITO_BUG
Large irregularly shaped brown areas on leaf blade. Margin tissue soft and disintegrating under moisture.,0,LEAF_BLIGHT
Orange-yellow spots on leaf surface. Powdery texture. Both leaf surfaces show discolouration.,2,LEAF_RUST
Small angular marks on young leaves. Some tip wilting visible. Cause not immediately clear. Brown patches on leaf margins. Tissue soft at edges. Worse in lower shaded canopy.,4,MOSQUITO_BUG
Portions of leaf removed. Skeletonized areas on some leaves. Frass present nearby. Small angular marks on young leaves. Some tip wilting visible. Cause not immediately clear.,3,LOOPER_CATERPILLARS
Leaf tissue missing in irregular patches. Ragged edges at margin. Origin not confirmed. Pale speckling on upper leaf surface. Margins slightly curled. Yellowing visible on some leaves.,3,LOOPER_CATERPILLARS
Pale stippling pattern across upper leaf surface. Leaf margins curling upward. Colour fading to pale yellow. Browning from leaf tip progressing inward. Soft water-soaked appearance at active edge.,1,LEAF_HOPPERS
Dense orange-yellow pustule clusters on abaxial leaf surface. Surrounding tissue yellowing rapidly. Whitish flecks on leaf blade. Tip region most affected. Leaves feel dry.,2,LEAF_RUST
Pale stippling pattern across upper leaf surface. Leaf margins curling upward. Colour fading to pale yellow. Holes and torn edges on leaf blade. Some veins exposed. Frass visible below.,1,LEAF_HOPPERS
Uniform whitish flecking on leaf blade. Leaves feel papery and dry. Lower canopy most affected. Small angular marks on young leaves. Some tip wilting visible. Cause not immediately clear.,1,LEAF_HOPPERS
New growth showing shoot dieback with scattered corky raised spots. Pale outer ring around each lesion. Browning from leaf tip progressing inward. Soft water-soaked appearance at active edge.,4,MOSQUITO_BUG
Leaf tissue missing in irregular patches. Ragged edges at margin. Origin not confirmed.,3,LOOPER_CATERPILLARS
Skeletonized patches where only the major veins remain intact. Leaf edges highly irregular from feeding. Raised lesions on tender flush. Scattered distribution. Tips show some dieback.,3,LOOPER_CATERPILLARS
Orange deposits visible on leaf underside. Slow spread. Surrounding tissue slightly yellow. Raised lesions on tender flush. Scattered distribution. Tips show some dieback.,2,LEAF_RUST
Tender flush showing multiple angular brown raised lesions. Tips stunted. Scattered distribution on new growth. Pale speckling on upper leaf surface. Margins slightly curled. Yellowing visible on some leaves.,4,MOSQUITO_BUG
Dense orange-yellow pustule clusters on abaxial leaf surface. Surrounding tissue yellowing rapidly. Raised lesions on tender flush. Scattered distribution. Tips show some dieback.,2,LEAF_RUST
Holes and torn edges on leaf blade. Some veins exposed. Frass visible below.,3,LOOPER_CATERPILLARS
Bleached stippling across leaf surface. Leaves brittle and discoloured. Tip dieback in severe cases. Portions of leaf removed. Skeletonized areas on some leaves. Frass present nearby.,1,LEAF_HOPPERS
Rust-coloured spore masses on abaxial surface. Upper leaf shows yellow-orange chlorotic spots above each pustule. Holes and torn edges on leaf blade. Some veins exposed. Frass visible below.,2,LEAF_RUST
Leaf tissue missing in irregular patches. Ragged edges at margin. Origin not confirmed. Browning from leaf tip progressing inward. Soft water-soaked appearance at active edge.,3,LOOPER_CATERPILLARS
Brown patches on leaf margins. Tissue soft at edges. Worse in lower shaded canopy.,0,LEAF_BLIGHT
Large irregularly shaped brown areas on leaf blade. Margin tissue soft and disintegrating under moisture. Whitish flecks on leaf blade. Tip region most affected. Leaves feel dry.,0,LEAF_BLIGHT
Brown patches on leaf margins. Tissue soft at edges. Worse in lower shaded canopy.,0,LEAF_BLIGHT
Young flush with angular brown lesions at irregular positions. Rough raised texture at each wound centre. Necrotic areas on leaf blade. Margins discoloured. Spreading under humid conditions.,4,MOSQUITO_BUG
Fine white speckling uniformly distributed on upper leaf. Margins rolling and yellowing.,1,LEAF_HOPPERS
Upper leaf surface stripped away in patches. Veins exposed. Frass pellets and silk webbing visible nearby.,3,LOOPER_CATERPILLARS
Leaf tips turning yellow-white with fine pale speckling. Leaf curl on newly emerged growth.,1,LEAF_HOPPERS
Dark necrotic patches with pale yellow borders appearing on lower canopy leaves. Soft texture at active edge. Leaf tissue missing in irregular patches. Ragged edges at margin. Origin not confirmed.,0,LEAF_BLIGHT
Orange pustules coalescing on lower leaf surface. Leaves yellowing and dropping in severely affected patches. Raised lesions on tender flush. Scattered distribution. Tips show some dieback.,2,LEAF_RUST
Large irregularly shaped brown areas on leaf blade. Margin tissue soft and disintegrating under moisture. Orange deposits visible on leaf underside. Slow spread. Surrounding tissue slightly yellow.,0,LEAF_BLIGHT
Brown patches on leaf margins. Tissue soft at edges. Worse in lower shaded canopy.,0,LEAF_BLIGHT
Pale speckling on upper leaf surface. Margins slightly curled. Yellowing visible on some leaves.,1,LEAF_HOPPERS
Leaf tissue turning brown from edges inward. Water-soaked translucent border at leading edge of lesion. Brown spots on new foliage. Raised texture at lesion centres. Shoot tips look unhealthy.,0,LEAF_BLIGHT
Rust-coloured spore masses on abaxial surface. Upper leaf shows yellow-orange chlorotic spots above each pustule. Pale speckling on upper leaf surface. Margins slightly curled. Yellowing visible on some leaves.,2,LEAF_RUST
Rust-coloured patches on lower leaf. Upper surface pale above affected areas. Brown spots on new foliage. Raised texture at lesion centres. Shoot tips look unhealthy.,2,LEAF_RUST
Leaf lamina partially consumed leaving midrib and major veins. Feeding damage across multiple leaves in canopy. Necrotic areas on leaf blade. Margins discoloured. Spreading under humid conditions.,3,LOOPER_CATERPILLARS
Defoliated patches with only coarse veins remaining. Fine frass scattered on leaves beneath affected area. Brown spots on new foliage. Raised texture at lesion centres. Shoot tips look unhealthy.,3,LOOPER_CATERPILLARS
Portions of leaf removed. Skeletonized areas on some leaves. Frass present nearby. Raised lesions on tender flush. Scattered distribution. Tips show some dieback.,3,LOOPER_CATERPILLARS
Large irregularly shaped brown areas on leaf blade. Margin tissue soft and disintegrating under moisture.,0,LEAF_BLIGHT
Tender flush showing multiple angular brown raised lesions. Tips stunted. Scattered distribution on new growth.,4,MOSQUITO_BUG
Irregular holes across leaf blade with ragged edges. Frass pellets visible on remaining tissue beneath.,3,LOOPER_CATERPILLARS
Yellow-orange raised pustules in irregular groups on leaf underside. Upper surface pale yellow above each cluster. Raised lesions on tender flush. Scattered distribution. Tips show some dieback.,2,LEAF_RUST
Browning from leaf tip progressing inward. Soft water-soaked appearance at active edge. Orange-yellow spots on leaf surface. Powdery texture. Both leaf surfaces show discolouration.,0,LEAF_BLIGHT
Upper leaf surface stripped away in patches. Veins exposed. Frass pellets and silk webbing visible nearby. Orange-yellow spots on leaf surface. Powdery texture. Both leaf surfaces show discolouration.,3,LOOPER_CATERPILLARS
Whitish flecks on leaf blade. Tip region most affected. Leaves feel dry. Browning from leaf tip progressing inward. Soft water-soaked appearance at active edge.,1,LEAF_HOPPERS
Young flush with angular brown lesions at irregular positions. Rough raised texture at each wound centre. Orange-yellow spots on leaf surface. Powdery texture. Both leaf surfaces show discolouration.,4,MOSQUITO_BUG
Fine stippling on upper surface. Some leaf curl. Could reflect feeding damage or other stress.,1,LEAF_HOPPERS
Leaf tissue turning brown from edges inward. Water-soaked translucent border at leading edge of lesion. Whitish flecks on leaf blade. Tip region most affected. Leaves feel dry.,0,LEAF_BLIGHT
Brown spots on new foliage. Raised texture at lesion centres. Shoot tips look unhealthy.,4,MOSQUITO_BUG
Young shoots with multiple stipple-like raised spots and tip wilting. Lesion centres sunken and darkened. Orange deposits visible on leaf underside. Slow spread. Surrounding tissue slightly yellow.,4,MOSQUITO_BUG
Orange pustules coalescing on lower leaf surface. Leaves yellowing and dropping in severely affected patches.,2,LEAF_RUST
Tender leaves with rough brown patches and tip wilting. Scattered wound-like raised lesions throughout blade. Fine stippling on upper surface. Some leaf curl. Could reflect feeding damage or other stress.,4,MOSQUITO_BUG
Leaf lamina partially consumed leaving midrib and major veins. Feeding damage across multiple leaves in canopy. Necrotic areas on leaf blade. Margins discoloured. Spreading under humid conditions.,3,LOOPER_CATERPILLARS
Irregular holes across leaf blade with ragged edges. Frass pellets visible on remaining tissue beneath.,3,LOOPER_CATERPILLARS
Young shoots with multiple stipple-like raised spots and tip wilting. Lesion centres sunken and darkened. Holes and torn edges on leaf blade. Some veins exposed. Frass visible below.,4,MOSQUITO_BUG
Yellow-orange raised pustules in irregular groups on leaf underside. Upper surface pale yellow above each cluster. Portions of leaf removed. Skeletonized areas on some leaves. Frass present nearby.,2,LEAF_RUST
Necrotic areas on leaf blade. Margins discoloured. Spreading under humid conditions.,0,LEAF_BLIGHT
Rust-coloured spore masses on abaxial surface. Upper leaf shows yellow-orange chlorotic spots above each pustule.,2,LEAF_RUST
Pale speckling on upper leaf surface. Margins slightly curled. Yellowing visible on some leaves.,1,LEAF_HOPPERS
Young flush with angular brown lesions at irregular positions. Rough raised texture at each wound centre. Necrotic areas on leaf blade. Margins discoloured. Spreading under humid conditions.,4,MOSQUITO_BUG
Rust-orange raised spots with powdery texture on lower leaf surface. Upper surface shows corresponding pale patches. Raised lesions on tender flush. Scattered distribution. Tips show some dieback.,2,LEAF_RUST
Rust-coloured patches on lower leaf. Upper surface pale above affected areas.,2,LEAF_RUST
Necrotic tan-brown patches with a darker outer ring. Spreads rapidly in moist dense canopy sections. Whitish flecks on leaf blade. Tip region most affected. Leaves feel dry.,0,LEAF_BLIGHT
Holes and torn edges on leaf blade. Some veins exposed. Frass visible below.,3,LOOPER_CATERPILLARS
Leaf tips turning yellow-white with fine pale speckling. Leaf curl on newly emerged growth. Orange-yellow spots on leaf surface. Powdery texture. Both leaf surfaces show discolouration.,1,LEAF_HOPPERS
Irregular holes across leaf blade with ragged edges. Frass pellets visible on remaining tissue beneath.,3,LOOPER_CATERPILLARS
Orange pustules coalescing on lower leaf surface. Leaves yellowing and dropping in severely affected patches.,2,LEAF_RUST
Orange-yellow spots on leaf surface. Powdery texture. Both leaf surfaces show discolouration. Whitish flecks on leaf blade. Tip region most affected. Leaves feel dry.,2,LEAF_RUST
Rough corky raised spots on newly emerged leaves. Tips curled and discoloured. Lesions individually spaced. Whitish flecks on leaf blade. Tip region most affected. Leaves feel dry.,4,MOSQUITO_BUG
Extensive leaf tissue loss with ragged torn edges. Multiple feeding sites across several adjacent leaves.,3,LOOPER_CATERPILLARS
Fine stippling on upper surface. Some leaf curl. Could reflect feeding damage or other stress. Small angular marks on young leaves. Some tip wilting visible. Cause not immediately clear.,1,LEAF_HOPPERS
Pale speckling on upper leaf surface. Margins slightly curled. Yellowing visible on some leaves. Holes and torn edges on leaf blade. Some veins exposed. Frass visible below.,1,LEAF_HOPPERS
Orange deposits visible on leaf underside. Slow spread. Surrounding tissue slightly yellow. Small angular marks on young leaves. Some tip wilting visible. Cause not immediately clear.,2,LEAF_RUST
Leaf tissue missing in irregular patches. Ragged edges at margin. Origin not confirmed. Browning from leaf tip progressing inward. Soft water-soaked appearance at active edge.,3,LOOPER_CATERPILLARS
Young shoots with multiple stipple-like raised spots and tip wilting. Lesion centres sunken and darkened.,4,MOSQUITO_BUG
Notched leaf margins and internal holes. Damage consistent with chewing from leaf edge inward. Raised lesions on tender flush. Scattered distribution. Tips show some dieback.,3,LOOPER_CATERPILLARS
Orange-yellow spots on leaf surface. Powdery texture. Both leaf surfaces show discolouration.,2,LEAF_RUST
Young shoots with multiple stipple-like raised spots and tip wilting. Lesion centres sunken and darkened.,4,MOSQUITO_BUG
Yellowing and bronzing of leaves with fine speckled texture on upper surface. Curled margins visible. Leaf tissue missing in irregular patches. Ragged edges at margin. Origin not confirmed.,1,LEAF_HOPPERS
New growth showing shoot dieback with scattered corky raised spots. Pale outer ring around each lesion. Browning from leaf tip progressing inward. Soft water-soaked appearance at active edge.,4,MOSQUITO_BUG
New growth showing shoot dieback with scattered corky raised spots. Pale outer ring around each lesion. Browning from leaf tip progressing inward. Soft water-soaked appearance at active edge.,4,MOSQUITO_BUG
Tender leaves with rough brown patches and tip wilting. Scattered wound-like raised lesions throughout blade. Orange deposits visible on leaf underside. Slow spread. Surrounding tissue slightly yellow.,4,MOSQUITO_BUG
Orange pustules coalescing on lower leaf surface. Leaves yellowing and dropping in severely affected patches. Brown spots on new foliage. Raised texture at lesion centres. Shoot tips look unhealthy.,2,LEAF_RUST
Browning from leaf tip progressing inward. Soft water-soaked appearance at active edge. Small angular marks on young leaves. Some tip wilting visible. Cause not immediately clear.,0,LEAF_BLIGHT
Necrotic tan-brown patches with a darker outer ring. Spreads rapidly in moist dense canopy sections. Brown spots on new foliage. Raised texture at lesion centres. Shoot tips look unhealthy.,0,LEAF_BLIGHT
Skeletonized patches where only the major veins remain intact. Leaf edges highly irregular from feeding.,3,LOOPER_CATERPILLARS
Dense orange-yellow pustule clusters on abaxial leaf surface. Surrounding tissue yellowing rapidly. Fine stippling on upper surface. Some leaf curl. Could reflect feeding damage or other stress.,2,LEAF_RUST
Leaf bronzing with dense pale stippling from tip toward base. Brittle texture on older affected leaves.,1,LEAF_HOPPERS
Tender flush showing multiple angular brown raised lesions. Tips stunted. Scattered distribution on new growth.,4,MOSQUITO_BUG
Pale speckling on upper leaf surface. Margins slightly curled. Yellowing visible on some leaves. Brown spots on new foliage. Raised texture at lesion centres. Shoot tips look unhealthy.,1,LEAF_HOPPERS
Defoliated patches with only coarse veins remaining. Fine frass scattered on leaves beneath affected area.,3,LOOPER_CATERPILLARS
Holes and torn edges on leaf blade. Some veins exposed. Frass visible below. Brown spots on new foliage. Raised texture at lesion centres. Shoot tips look unhealthy.,3,LOOPER_CATERPILLARS
Tender flush showing multiple angular brown raised lesions. Tips stunted. Scattered distribution on new growth.,4,MOSQUITO_BUG
Defoliated patches with only coarse veins remaining. Fine frass scattered on leaves beneath affected area.,3,LOOPER_CATERPILLARS
Yellowing and bronzing of leaves with fine speckled texture on upper surface. Curled margins visible. Orange-yellow spots on leaf surface. Powdery texture. Both leaf surfaces show discolouration.,1,LEAF_HOPPERS
Whitish flecks on leaf blade. Tip region most affected. Leaves feel dry. Necrotic areas on leaf blade. Margins discoloured. Spreading under humid conditions.,1,LEAF_HOPPERS
Yellowing and bronzing of leaves with fine speckled texture on upper surface. Curled margins visible.,1,LEAF_HOPPERS
Brown patches on leaf margins. Tissue soft at edges. Worse in lower shaded canopy.,0,LEAF_BLIGHT
Upper leaf surface stripped away in patches. Veins exposed. Frass pellets and silk webbing visible nearby.,3,LOOPER_CATERPILLARS
Leaf tissue turning brown from edges inward. Water-soaked translucent border at leading edge of lesion. Pale speckling on upper leaf surface. Margins slightly curled. Yellowing visible on some leaves.,0,LEAF_BLIGHT
Young shoots with multiple stipple-like raised spots and tip wilting. Lesion centres sunken and darkened. Rust-coloured patches on lower leaf. Upper surface pale above affected areas.,4,MOSQUITO_BUG
Rust-coloured spore masses on abaxial surface. Upper leaf shows yellow-orange chlorotic spots above each pustule. Browning from leaf tip progressing inward. Soft water-soaked appearance at active edge.,2,LEAF_RUST
Orange-yellow powdery pustules on lower leaf surface. Corresponding pale spots visible on upper surface.,2,LEAF_RUST
Extensive leaf tissue loss with ragged torn edges. Multiple feeding sites across several adjacent leaves. Rust-coloured patches on lower leaf. Upper surface pale above affected areas.,3,LOOPER_CATERPILLARS
Bleached stippling across leaf surface. Leaves brittle and discoloured. Tip dieback in severe cases.,1,LEAF_HOPPERS
Small circular orange-rust coloured spots on adaxial surface. Powdery spore deposits on abaxial side. Necrotic areas on leaf blade. Margins discoloured. Spreading under humid conditions.,2,LEAF_RUST
Brown water-soaked lesions spreading inward from leaf margins. Tissue collapses rapidly under humid conditions. Pale speckling on upper leaf surface. Margins slightly curled. Yellowing visible on some leaves.,0,LEAF_BLIGHT
Brown patches on leaf margins. Tissue soft at edges. Worse in lower shaded canopy. Brown spots on new foliage. Raised texture at lesion centres. Shoot tips look unhealthy.,0,LEAF_BLIGHT
Irregular brown blotches covering large portions of the leaf blade. Adjacent tissue appears water-soaked. Pale speckling on upper leaf surface. Margins slightly curled. Yellowing visible on some leaves.,0,LEAF_BLIGHT
Holes and torn edges on leaf blade. Some veins exposed. Frass visible below. Rust-coloured patches on lower leaf. Upper surface pale above affected areas.,3,LOOPER_CATERPILLARS
Bright orange urediniospore pustules scattered on underside of leaves. Spores dust off when touched. Whitish flecks on leaf blade. Tip region most affected. Leaves feel dry.,2,LEAF_RUST
Orange pustules coalescing on lower leaf surface. Leaves yellowing and dropping in severely affected patches. Whitish flecks on leaf blade. Tip region most affected. Leaves feel dry.,2,LEAF_RUST
Defoliated patches with only coarse veins remaining. Fine frass scattered on leaves beneath affected area.,3,LOOPER_CATERPILLARS
Orange-yellow powdery pustules on lower leaf surface. Corresponding pale spots visible on upper surface. Brown patches on leaf margins. Tissue soft at edges. Worse in lower shaded canopy.,2,LEAF_RUST
Small circular orange-rust coloured spots on adaxial surface. Powdery spore deposits on abaxial side.,2,LEAF_RUST
Browning from leaf tip progressing inward. Soft water-soaked appearance at active edge. Rust-coloured patches on lower leaf. Upper surface pale above affected areas.,0,LEAF_BLIGHT
Orange deposits visible on leaf underside. Slow spread. Surrounding tissue slightly yellow.,2,LEAF_RUST
Raised angular marks on expanding leaves. Shoot tips bent and discoloured. Lesions not along veins. Browning from leaf tip progressing inward. Soft water-soaked appearance at active edge.,4,MOSQUITO_BUG
Leaf bronzing with dense pale stippling from tip toward base. Brittle texture on older affected leaves. Portions of leaf removed. Skeletonized areas on some leaves. Frass present nearby.,1,LEAF_HOPPERS
Extensive leaf tissue loss with ragged torn edges. Multiple feeding sites across several adjacent leaves.,3,LOOPER_CATERPILLARS
Extensive leaf tissue loss with ragged torn edges. Multiple feeding sites across several adjacent leaves.,3,LOOPER_CATERPILLARS
Dense orange-yellow pustule clusters on abaxial leaf surface. Surrounding tissue yellowing rapidly. Pale speckling on upper leaf surface. Margins slightly curled. Yellowing visible on some leaves.,2,LEAF_RUST
Small circular orange-rust coloured spots on adaxial surface. Powdery spore deposits on abaxial side.,2,LEAF_RUST
Brown water-soaked lesions spreading inward from leaf margins. Tissue collapses rapidly under humid conditions. Leaf tissue missing in irregular patches. Ragged edges at margin. Origin not confirmed.,0,LEAF_BLIGHT
Yellowing and bronzing of leaves with fine speckled texture on upper surface. Curled margins visible. Necrotic areas on leaf blade. Margins discoloured. Spreading under humid conditions.,1,LEAF_HOPPERS
Brown spots on new foliage. Raised texture at lesion centres. Shoot tips look unhealthy. Whitish flecks on leaf blade. Tip region most affected. Leaves feel dry.,4,MOSQUITO_BUG
Orange-yellow powdery pustules on lower leaf surface. Corresponding pale spots visible on upper surface.,2,LEAF_RUST
Leaf bronzing with dense pale stippling from tip toward base. Brittle texture on older affected leaves. Rust-coloured patches on lower leaf. Upper surface pale above affected areas.,1,LEAF_HOPPERS
Leaf lamina partially consumed leaving midrib and major veins. Feeding damage across multiple leaves in canopy. Small angular marks on young leaves. Some tip wilting visible. Cause not immediately clear.,3,LOOPER_CATERPILLARS
Yellow-orange raised pustules in irregular groups on leaf underside. Upper surface pale yellow above each cluster. Brown patches on leaf margins. Tissue soft at edges. Worse in lower shaded canopy.,2,LEAF_RUST
Bleached stippling across leaf surface. Leaves brittle and discoloured. Tip dieback in severe cases. Brown patches on leaf margins. Tissue soft at edges. Worse in lower shaded canopy.,1,LEAF_HOPPERS
Irregular brown blotches covering large portions of the leaf blade. Adjacent tissue appears water-soaked. Portions of leaf removed. Skeletonized areas on some leaves. Frass present nearby.,0,LEAF_BLIGHT
Notched leaf margins and internal holes. Damage consistent with chewing from leaf edge inward. Necrotic areas on leaf blade. Margins discoloured. Spreading under humid conditions.,3,LOOPER_CATERPILLARS
Orange-yellow spots on leaf surface. Powdery texture. Both leaf surfaces show discolouration. Fine stippling on upper surface. Some leaf curl. Could reflect feeding damage or other stress.,2,LEAF_RUST
Upper leaf surface stripped away in patches. Veins exposed. Frass pellets and silk webbing visible nearby. Orange deposits visible on leaf underside. Slow spread. Surrounding tissue slightly yellow.,3,LOOPER_CATERPILLARS
Leaf tissue missing in irregular patches. Ragged edges at margin. Origin not confirmed. Whitish flecks on leaf blade. Tip region most affected. Leaves feel dry.,3,LOOPER_CATERPILLARS
Necrotic areas on leaf blade. Margins discoloured. Spreading under humid conditions.,0,LEAF_BLIGHT
Uniform whitish flecking on leaf blade. Leaves feel papery and dry. Lower canopy most affected. Leaf tissue missing in irregular patches. Ragged edges at margin. Origin not confirmed.,1,LEAF_HOPPERS
Leaf lamina partially consumed leaving midrib and major veins. Feeding damage across multiple leaves in canopy. Browning from leaf tip progressing inward. Soft water-soaked appearance at active edge.,3,LOOPER_CATERPILLARS
Leaf tips turning yellow-white with fine pale speckling. Leaf curl on newly emerged growth.,1,LEAF_HOPPERS
Leaf tips turning yellow-white with fine pale speckling. Leaf curl on newly emerged growth. Orange-yellow spots on leaf surface. Powdery texture. Both leaf surfaces show discolouration.,1,LEAF_HOPPERS
Dark necrotic patches with pale yellow borders appearing on lower canopy leaves. Soft texture at active edge. Pale speckling on upper leaf surface. Margins slightly curled. Yellowing visible on some leaves.,0,LEAF_BLIGHT
Bleached stippling across leaf surface. Leaves brittle and discoloured. Tip dieback in severe cases. Small angular marks on young leaves. Some tip wilting visible. Cause not immediately clear.,1,LEAF_HOPPERS
Bleached stippling across leaf surface. Leaves brittle and discoloured. Tip dieback in severe cases. Raised lesions on tender flush. Scattered distribution. Tips show some dieback.,1,LEAF_HOPPERS
Orange-yellow powdery pustules on lower leaf surface. Corresponding pale spots visible on upper surface. Browning from leaf tip progressing inward. Soft water-soaked appearance at active edge.,2,LEAF_RUST
Small circular orange-rust coloured spots on adaxial surface. Powdery spore deposits on abaxial side. Portions of leaf removed. Skeletonized areas on some leaves. Frass present nearby.,2,LEAF_RUST
Large irregular sections of leaf tissue removed. Frass deposits and silk threads present near damage sites.,3,LOOPER_CATERPILLARS
Necrotic tan-brown patches with a darker outer ring. Spreads rapidly in moist dense canopy sections. Rust-coloured patches on lower leaf. Upper surface pale above affected areas.,0,LEAF_BLIGHT
Irregular brown blotches covering large portions of the leaf blade. Adjacent tissue appears water-soaked. Orange deposits visible on leaf underside. Slow spread. Surrounding tissue slightly yellow.,0,LEAF_BLIGHT
Orange-yellow powdery pustules on lower leaf surface. Corresponding pale spots visible on upper surface. Holes and torn edges on leaf blade. Some veins exposed. Frass visible below.,2,LEAF_RUST
Fine white speckling uniformly distributed on upper leaf. Margins rolling and yellowing. Orange deposits visible on leaf underside. Slow spread. Surrounding tissue slightly yellow.,1,LEAF_HOPPERS
Orange deposits visible on leaf underside. Slow spread. Surrounding tissue slightly yellow. Leaf tissue missing in irregular patches. Ragged edges at margin. Origin not confirmed.,2,LEAF_RUST
Brown spots on new foliage. Raised texture at lesion centres. Shoot tips look unhealthy.,4,MOSQUITO_BUG
Necrotic areas on leaf blade. Margins discoloured. Spreading under humid conditions. Brown spots on new foliage. Raised texture at lesion centres. Shoot tips look unhealthy.,0,LEAF_BLIGHT
Irregular brown blotches covering large portions of the leaf blade. Adjacent tissue appears water-soaked. Orange deposits visible on leaf underside. Slow spread. Surrounding tissue slightly yellow.,0,LEAF_BLIGHT
Small angular marks on young leaves. Some tip wilting visible. Cause not immediately clear. Pale speckling on upper leaf surface. Margins slightly curled. Yellowing visible on some leaves.,4,MOSQUITO_BUG
Rust-coloured patches on lower leaf. Upper surface pale above affected areas. Pale speckling on upper leaf surface. Margins slightly curled. Yellowing visible on some leaves.,2,LEAF_RUST
Fine white speckling uniformly distributed on upper leaf. Margins rolling and yellowing. Rust-coloured patches on lower leaf. Upper surface pale above affected areas.,1,LEAF_HOPPERS
Irregular brown blotches covering large portions of the leaf blade. Adjacent tissue appears water-soaked.,0,LEAF_BLIGHT
Leaf tissue turning brown from edges inward. Water-soaked translucent border at leading edge of lesion.,0,LEAF_BLIGHT
Rust-coloured patches on lower leaf. Upper surface pale above affected areas.,2,LEAF_RUST
Raised angular marks on expanding leaves. Shoot tips bent and discoloured. Lesions not along veins. Brown patches on leaf margins. Tissue soft at edges. Worse in lower shaded canopy.,4,MOSQUITO_BUG
Rust-coloured patches on lower leaf. Upper surface pale above affected areas. Pale speckling on upper leaf surface. Margins slightly curled. Yellowing visible on some leaves.,2,LEAF_RUST
Brown necrosis expanding from tip and edges. More than half of some leaves showing blighted tissue.,0,LEAF_BLIGHT
Raised angular marks on expanding leaves. Shoot tips bent and discoloured. Lesions not along veins. Rust-coloured patches on lower leaf. Upper surface pale above affected areas.,4,MOSQUITO_BUG
Dense orange-yellow pustule clusters on abaxial leaf surface. Surrounding tissue yellowing rapidly. Necrotic areas on leaf blade. Margins discoloured. Spreading under humid conditions.,2,LEAF_RUST
Uniform whitish flecking on leaf blade. Leaves feel papery and dry. Lower canopy most affected. Browning from leaf tip progressing inward. Soft water-soaked appearance at active edge.,1,LEAF_HOPPERS
Leaf tissue missing in irregular patches. Ragged edges at margin. Origin not confirmed. Orange deposits visible on leaf underside. Slow spread. Surrounding tissue slightly yellow.,3,LOOPER_CATERPILLARS
Young shoots with multiple stipple-like raised spots and tip wilting. Lesion centres sunken and darkened. Rust-coloured patches on lower leaf. Upper surface pale above affected areas.,4,MOSQUITO_BUG
Bleached stippling across leaf surface. Leaves brittle and discoloured. Tip dieback in severe cases. Rust-coloured patches on lower leaf. Upper surface pale above affected areas.,1,LEAF_HOPPERS
Leaf tips turning yellow-white with fine pale speckling. Leaf curl on newly emerged growth. Orange-yellow spots on leaf surface. Powdery texture. Both leaf surfaces show discolouration.,1,LEAF_HOPPERS
Large irregular sections of leaf tissue removed. Frass deposits and silk threads present near damage sites. Necrotic areas on leaf blade. Margins discoloured. Spreading under humid conditions.,3,LOOPER_CATERPILLARS
Brown spots on new foliage. Raised texture at lesion centres. Shoot tips look unhealthy. Browning from leaf tip progressing inward. Soft water-soaked appearance at active edge.,4,MOSQUITO_BUG
Tender leaves with rough brown patches and tip wilting. Scattered wound-like raised lesions throughout blade.,4,MOSQUITO_BUG
Notched leaf margins and internal holes. Damage consistent with chewing from leaf edge inward. Pale speckling on upper leaf surface. Margins slightly curled. Yellowing visible on some leaves.,3,LOOPER_CATERPILLARS
Whitish flecks on leaf blade. Tip region most affected. Leaves feel dry.,1,LEAF_HOPPERS
Browning from leaf tip progressing inward. Soft water-soaked appearance at active edge. Brown spots on new foliage. Raised texture at lesion centres. Shoot tips look unhealthy.,0,LEAF_BLIGHT
Brown water-soaked lesions spreading inward from leaf margins. Tissue collapses rapidly under humid conditions.,0,LEAF_BLIGHT
Rust-orange raised spots with powdery texture on lower leaf surface. Upper surface shows corresponding pale patches. Raised lesions on tender flush. Scattered distribution. Tips show some dieback.,2,LEAF_RUST
Yellowing and bronzing of leaves with fine speckled texture on upper surface. Curled margins visible. Brown spots on new foliage. Raised texture at lesion centres. Shoot tips look unhealthy.,1,LEAF_HOPPERS
Orange-yellow spots on leaf surface. Powdery texture. Both leaf surfaces show discolouration. Brown spots on new foliage. Raised texture at lesion centres. Shoot tips look unhealthy.,2,LEAF_RUST
Pale stippling pattern across upper leaf surface. Leaf margins curling upward. Colour fading to pale yellow.,1,LEAF_HOPPERS
Young flush with angular brown lesions at irregular positions. Rough raised texture at each wound centre. Brown patches on leaf margins. Tissue soft at edges. Worse in lower shaded canopy.,4,MOSQUITO_BUG
Multiple small raised necrotic spots on tender shoots. Each spot has a sunken dark centre. Tips wilted. Pale speckling on upper leaf surface. Margins slightly curled. Yellowing visible on some leaves.,4,MOSQUITO_BUG
Whitish flecks on leaf blade. Tip region most affected. Leaves feel dry.,1,LEAF_HOPPERS
Bleached stippling across leaf surface. Leaves brittle and discoloured. Tip dieback in severe cases.,1,LEAF_HOPPERS
Multiple small raised necrotic spots on tender shoots. Each spot has a sunken dark centre. Tips wilted.,4,MOSQUITO_BUG
Young flush with angular brown lesions at irregular positions. Rough raised texture at each wound centre. Orange-yellow spots on leaf surface. Powdery texture. Both leaf surfaces show discolouration.,4,MOSQUITO_BUG
Blighted areas beginning at leaf tip and progressing along margins. Entire leaf browning in advanced cases. Fine stippling on upper surface. Some leaf curl. Could reflect feeding damage or other stress.,0,LEAF_BLIGHT
Bleached stippling across leaf surface. Leaves brittle and discoloured. Tip dieback in severe cases. Orange deposits visible on leaf underside. Slow spread. Surrounding tissue slightly yellow.,1,LEAF_HOPPERS
Orange-yellow spots on leaf surface. Powdery texture. Both leaf surfaces show discolouration.,2,LEAF_RUST
Bleached stippling across leaf surface. Leaves brittle and discoloured. Tip dieback in severe cases. Brown spots on new foliage. Raised texture at lesion centres. Shoot tips look unhealthy.,1,LEAF_HOPPERS
Yellowing and bronzing of leaves with fine speckled texture on upper surface. Curled margins visible. Portions of leaf removed. Skeletonized areas on some leaves. Frass present nearby.,1,LEAF_HOPPERS
Leaf bronzing with dense pale stippling from tip toward base. Brittle texture on older affected leaves.,1,LEAF_HOPPERS
Blighted areas beginning at leaf tip and progressing along margins. Entire leaf browning in advanced cases.,0,LEAF_BLIGHT
Rough corky raised spots on newly emerged leaves. Tips curled and discoloured. Lesions individually spaced. Orange deposits visible on leaf underside. Slow spread. Surrounding tissue slightly yellow.,4,MOSQUITO_BUG
Browning from leaf tip progressing inward. Soft water-soaked appearance at active edge.,0,LEAF_BLIGHT
Leaf lamina partially consumed leaving midrib and major veins. Feeding damage across multiple leaves in canopy. Raised lesions on tender flush. Scattered distribution. Tips show some dieback.,3,LOOPER_CATERPILLARS
Dense orange-yellow pustule clusters on abaxial leaf surface. Surrounding tissue yellowing rapidly.,2,LEAF_RUST
Leaf lamina partially consumed leaving midrib and major veins. Feeding damage across multiple leaves in canopy.,3,LOOPER_CATERPILLARS
Leaf lamina partially consumed leaving midrib and major veins. Feeding damage across multiple leaves in canopy.,3,LOOPER_CATERPILLARS
Fine stippling on upper surface. Some leaf curl. Could reflect feeding damage or other stress.,1,LEAF_HOPPERS
Orange-yellow spots on leaf surface. Powdery texture. Both leaf surfaces show discolouration. Whitish flecks on leaf blade. Tip region most affected. Leaves feel dry.,2,LEAF_RUST
Fine white speckling uniformly distributed on upper leaf. Margins rolling and yellowing. Brown patches on leaf margins. Tissue soft at edges. Worse in lower shaded canopy.,1,LEAF_HOPPERS
Leaf tips turning yellow-white with fine pale speckling. Leaf curl on newly emerged growth.,1,LEAF_HOPPERS
Multiple small raised necrotic spots on tender shoots. Each spot has a sunken dark centre. Tips wilted.,4,MOSQUITO_BUG
Skeletonized patches where only the major veins remain intact. Leaf edges highly irregular from feeding. Pale speckling on upper leaf surface. Margins slightly curled. Yellowing visible on some leaves.,3,LOOPER_CATERPILLARS
Rust-coloured patches on lower leaf. Upper surface pale above affected areas. Whitish flecks on leaf blade. Tip region most affected. Leaves feel dry.,2,LEAF_RUST
Defoliated patches with only coarse veins remaining. Fine frass scattered on leaves beneath affected area.,3,LOOPER_CATERPILLARS
Extensive leaf tissue loss with ragged torn edges. Multiple feeding sites across several adjacent leaves. Brown patches on leaf margins. Tissue soft at edges. Worse in lower shaded canopy.,3,LOOPER_CATERPILLARS
Uniform whitish flecking on leaf blade. Leaves feel papery and dry. Lower canopy most affected.,1,LEAF_HOPPERS
Young flush with angular brown lesions at irregular positions. Rough raised texture at each wound centre. Orange-yellow spots on leaf surface. Powdery texture. Both leaf surfaces show discolouration.,4,MOSQUITO_BUG
Extensive leaf tissue loss with ragged torn edges. Multiple feeding sites across several adjacent leaves.,3,LOOPER_CATERPILLARS
Leaf tissue turning brown from edges inward. Water-soaked translucent border at leading edge of lesion. Small angular marks on young leaves. Some tip wilting visible. Cause not immediately clear.,0,LEAF_BLIGHT
Leaf tissue missing in irregular patches. Ragged edges at margin. Origin not confirmed. Orange-yellow spots on leaf surface. Powdery texture. Both leaf surfaces show discolouration.,3,LOOPER_CATERPILLARS
Rust-orange raised spots with powdery texture on lower leaf surface. Upper surface shows corresponding pale patches. Leaf tissue missing in irregular patches. Ragged edges at margin. Origin not confirmed.,2,LEAF_RUST
Pale speckling on upper leaf surface. Margins slightly curled. Yellowing visible on some leaves.,1,LEAF_HOPPERS
Rough corky raised spots on newly emerged leaves. Tips curled and discoloured. Lesions individually spaced. Rust-coloured patches on lower leaf. Upper surface pale above affected areas.,4,MOSQUITO_BUG
Fine stippling on upper surface. Some leaf curl. Could reflect feeding damage or other stress. Necrotic areas on leaf blade. Margins discoloured. Spreading under humid conditions.,1,LEAF_HOPPERS
Small circular orange-rust coloured spots on adaxial surface. Powdery spore deposits on abaxial side.,2,LEAF_RUST
Dense orange-yellow pustule clusters on abaxial leaf surface. Surrounding tissue yellowing rapidly. Pale speckling on upper leaf surface. Margins slightly curled. Yellowing visible on some leaves.,2,LEAF_RUST
Leaf bronzing with dense pale stippling from tip toward base. Brittle texture on older affected leaves. Orange deposits visible on leaf underside. Slow spread. Surrounding tissue slightly yellow.,1,LEAF_HOPPERS
Rust-coloured patches on lower leaf. Upper surface pale above affected areas. Browning from leaf tip progressing inward. Soft water-soaked appearance at active edge.,2,LEAF_RUST
Holes and torn edges on leaf blade. Some veins exposed. Frass visible below. Browning from leaf tip progressing inward. Soft water-soaked appearance at active edge.,3,LOOPER_CATERPILLARS
Leaf tips turning yellow-white with fine pale speckling. Leaf curl on newly emerged growth. Portions of leaf removed. Skeletonized areas on some leaves. Frass present nearby.,1,LEAF_HOPPERS
Young flush with angular brown lesions at irregular positions. Rough raised texture at each wound centre.,4,MOSQUITO_BUG
Raised lesions on tender flush. Scattered distribution. Tips show some dieback.,4,MOSQUITO_BUG
Leaf tissue turning brown from edges inward. Water-soaked translucent border at leading edge of lesion.,0,LEAF_BLIGHT
Large irregular sections of leaf tissue removed. Frass deposits and silk threads present near damage sites. Brown patches on leaf margins. Tissue soft at edges. Worse in lower shaded canopy.,3,LOOPER_CATERPILLARS
Yellow-orange raised pustules in irregular groups on leaf underside. Upper surface pale yellow above each cluster. Whitish flecks on leaf blade. Tip region most affected. Leaves feel dry.,2,LEAF_RUST
Young shoots with multiple stipple-like raised spots and tip wilting. Lesion centres sunken and darkened. Browning from leaf tip progressing inward. Soft water-soaked appearance at active edge.,4,MOSQUITO_BUG
Tender flush showing multiple angular brown raised lesions. Tips stunted. Scattered distribution on new growth. Holes and torn edges on leaf blade. Some veins exposed. Frass visible below.,4,MOSQUITO_BUG
Upper leaf surface stripped away in patches. Veins exposed. Frass pellets and silk webbing visible nearby.,3,LOOPER_CATERPILLARS
Large irregularly shaped brown areas on leaf blade. Margin tissue soft and disintegrating under moisture. Orange-yellow spots on leaf surface. Powdery texture. Both leaf surfaces show discolouration.,0,LEAF_BLIGHT
Leaf lamina partially consumed leaving midrib and major veins. Feeding damage across multiple leaves in canopy. Raised lesions on tender flush. Scattered distribution. Tips show some dieback.,3,LOOPER_CATERPILLARS
Tip burn on young leaves with pale stippled damage spreading toward mid-leaf. Veins still green.,1,LEAF_HOPPERS
Small angular marks on young leaves. Some tip wilting visible. Cause not immediately clear.,4,MOSQUITO_BUG
Large irregularly shaped brown areas on leaf blade. Margin tissue soft and disintegrating under moisture. Rust-coloured patches on lower leaf. Upper surface pale above affected areas.,0,LEAF_BLIGHT
Upper leaf surface stripped away in patches. Veins exposed. Frass pellets and silk webbing visible nearby.,3,LOOPER_CATERPILLARS
Bleached stippling across leaf surface. Leaves brittle and discoloured. Tip dieback in severe cases.,1,LEAF_HOPPERS
Brown water-soaked lesions spreading inward from leaf margins. Tissue collapses rapidly under humid conditions. Portions of leaf removed. Skeletonized areas on some leaves. Frass present nearby.,0,LEAF_BLIGHT
Holes and torn edges on leaf blade. Some veins exposed. Frass visible below. Fine stippling on upper surface. Some leaf curl. Could reflect feeding damage or other stress.,3,LOOPER_CATERPILLARS
Brown water-soaked lesions spreading inward from leaf margins. Tissue collapses rapidly under humid conditions. Raised lesions on tender flush. Scattered distribution. Tips show some dieback.,0,LEAF_BLIGHT
Portions of leaf removed. Skeletonized areas on some leaves. Frass present nearby. Small angular marks on young leaves. Some tip wilting visible. Cause not immediately clear.,3,LOOPER_CATERPILLARS
Orange-yellow spots on leaf surface. Powdery texture. Both leaf surfaces show discolouration. Brown patches on leaf margins. Tissue soft at edges. Worse in lower shaded canopy.,2,LEAF_RUST
Necrotic areas on leaf blade. Margins discoloured. Spreading under humid conditions. Leaf tissue missing in irregular patches. Ragged edges at margin. Origin not confirmed.,0,LEAF_BLIGHT
Pale speckling on upper leaf surface. Margins slightly curled. Yellowing visible on some leaves. Portions of leaf removed. Skeletonized areas on some leaves. Frass present nearby.,1,LEAF_HOPPERS
Fine stippling on upper surface. Some leaf curl. Could reflect feeding damage or other stress. Raised lesions on tender flush. Scattered distribution. Tips show some dieback.,1,LEAF_HOPPERS
Holes and torn edges on leaf blade. Some veins exposed. Frass visible below. Browning from leaf tip progressing inward. Soft water-soaked appearance at active edge.,3,LOOPER_CATERPILLARS
Irregular holes across leaf blade with ragged edges. Frass pellets visible on remaining tissue beneath. Pale speckling on upper leaf surface. Margins slightly curled. Yellowing visible on some leaves.,3,LOOPER_CATERPILLARS
Orange pustules coalescing on lower leaf surface. Leaves yellowing and dropping in severely affected patches.,2,LEAF_RUST
Holes and torn edges on leaf blade. Some veins exposed. Frass visible below. Orange deposits visible on leaf underside. Slow spread. Surrounding tissue slightly yellow.,3,LOOPER_CATERPILLARS
Small angular marks on young leaves. Some tip wilting visible. Cause not immediately clear.,4,MOSQUITO_BUG
Necrotic areas on leaf blade. Margins discoloured. Spreading under humid conditions. Small angular marks on young leaves. Some tip wilting visible. Cause not immediately clear.,0,LEAF_BLIGHT
Leaf tissue missing in irregular patches. Ragged edges at margin. Origin not confirmed.,3,LOOPER_CATERPILLARS
Browning from leaf tip progressing inward. Soft water-soaked appearance at active edge. Pale speckling on upper leaf surface. Margins slightly curled. Yellowing visible on some leaves.,0,LEAF_BLIGHT
Rust-coloured patches on lower leaf. Upper surface pale above affected areas. Brown spots on new foliage. Raised texture at lesion centres. Shoot tips look unhealthy.,2,LEAF_RUST
Yellow-orange raised pustules in irregular groups on leaf underside. Upper surface pale yellow above each cluster. Portions of leaf removed. Skeletonized areas on some leaves. Frass present nearby.,2,LEAF_RUST
Raised angular marks on expanding leaves. Shoot tips bent and discoloured. Lesions not along veins. Portions of leaf removed. Skeletonized areas on some leaves. Frass present nearby.,4,MOSQUITO_BUG
Dense orange-yellow pustule clusters on abaxial leaf surface. Surrounding tissue yellowing rapidly. Browning from leaf tip progressing inward. Soft water-soaked appearance at active edge.,2,LEAF_RUST
Orange-yellow spots on leaf surface. Powdery texture. Both leaf surfaces show discolouration. Brown spots on new foliage. Raised texture at lesion centres. Shoot tips look unhealthy.,2,LEAF_RUST
Raised angular marks on expanding leaves. Shoot tips bent and discoloured. Lesions not along veins.,4,MOSQUITO_BUG
Multiple small raised necrotic spots on tender shoots. Each spot has a sunken dark centre. Tips wilted.,4,MOSQUITO_BUG
Irregular brown blotches covering large portions of the leaf blade. Adjacent tissue appears water-soaked.,0,LEAF_BLIGHT
Raised angular marks on expanding leaves. Shoot tips bent and discoloured. Lesions not along veins.,4,MOSQUITO_BUG
Rust-orange raised spots with powdery texture on lower leaf surface. Upper surface shows corresponding pale patches. Necrotic areas on leaf blade. Margins discoloured. Spreading under humid conditions.,2,LEAF_RUST
Rust-coloured spore masses on abaxial surface. Upper leaf shows yellow-orange chlorotic spots above each pustule.,2,LEAF_RUST
Irregular holes across leaf blade with ragged edges. Frass pellets visible on remaining tissue beneath. Brown patches on leaf margins. Tissue soft at edges. Worse in lower shaded canopy.,3,LOOPER_CATERPILLARS
Upper leaf surface stripped away in patches. Veins exposed. Frass pellets and silk webbing visible nearby.,3,LOOPER_CATERPILLARS
Upper leaf surface stripped away in patches. Veins exposed. Frass pellets and silk webbing visible nearby.,3,LOOPER_CATERPILLARS
Dense orange-yellow pustule clusters on abaxial leaf surface. Surrounding tissue yellowing rapidly. Leaf tissue missing in irregular patches. Ragged edges at margin. Origin not confirmed.,2,LEAF_RUST
Dark necrotic patches with pale yellow borders appearing on lower canopy leaves. Soft texture at active edge. Fine stippling on upper surface. Some leaf curl. Could reflect feeding damage or other stress.,0,LEAF_BLIGHT
Multiple small raised necrotic spots on tender shoots. Each spot has a sunken dark centre. Tips wilted.,4,MOSQUITO_BUG
Tender flush showing multiple angular brown raised lesions. Tips stunted. Scattered distribution on new growth. Portions of leaf removed. Skeletonized areas on some leaves. Frass present nearby.,4,MOSQUITO_BUG
Raised lesions on tender flush. Scattered distribution. Tips show some dieback.,4,MOSQUITO_BUG
Tender flush showing multiple angular brown raised lesions. Tips stunted. Scattered distribution on new growth.,4,MOSQUITO_BUG
Small angular marks on young leaves. Some tip wilting visible. Cause not immediately clear.,4,MOSQUITO_BUG
Tip burn on young leaves with pale stippled damage spreading toward mid-leaf. Veins still green. Small angular marks on young leaves. Some tip wilting visible. Cause not immediately clear.,1,LEAF_HOPPERS
Brown patches on leaf margins. Tissue soft at edges. Worse in lower shaded canopy.,0,LEAF_BLIGHT
Notched leaf margins and internal holes. Damage consistent with chewing from leaf edge inward. Raised lesions on tender flush. Scattered distribution. Tips show some dieback.,3,LOOPER_CATERPILLARS
Brown patches on leaf margins. Tissue soft at edges. Worse in lower shaded canopy.,0,LEAF_BLIGHT
Irregular holes across leaf blade with ragged edges. Frass pellets visible on remaining tissue beneath. Browning from leaf tip progressing inward. Soft water-soaked appearance at active edge.,3,LOOPER_CATERPILLARS
Raised angular marks on expanding leaves. Shoot tips bent and discoloured. Lesions not along veins. Rust-coloured patches on lower leaf. Upper surface pale above affected areas.,4,MOSQUITO_BUG
Notched leaf margins and internal holes. Damage consistent with chewing from leaf edge inward. Brown patches on leaf margins. Tissue soft at edges. Worse in lower shaded canopy.,3,LOOPER_CATERPILLARS
Large irregular sections of leaf tissue removed. Frass deposits and silk threads present near damage sites. Necrotic areas on leaf blade. Margins discoloured. Spreading under humid conditions.,3,LOOPER_CATERPILLARS
Rust-coloured spore masses on abaxial surface. Upper leaf shows yellow-orange chlorotic spots above each pustule.,2,LEAF_RUST
Tender leaves with rough brown patches and tip wilting. Scattered wound-like raised lesions throughout blade.,4,MOSQUITO_BUG
Brown spots on new foliage. Raised texture at lesion centres. Shoot tips look unhealthy. Portions of leaf removed. Skeletonized areas on some leaves. Frass present nearby.,4,MOSQUITO_BUG
Pale speckling on upper leaf surface. Margins slightly curled. Yellowing visible on some leaves. Holes and torn edges on leaf blade. Some veins exposed. Frass visible below.,1,LEAF_HOPPERS
Tender flush showing multiple angular brown raised lesions. Tips stunted. Scattered distribution on new growth. Leaf tissue missing in irregular patches. Ragged edges at margin. Origin not confirmed.,4,MOSQUITO_BUG
Orange deposits visible on leaf underside. Slow spread. Surrounding tissue slightly yellow.,2,LEAF_RUST
Pale speckling on upper leaf surface. Margins slightly curled. Yellowing visible on some leaves.,1,LEAF_HOPPERS
Brown necrosis expanding from tip and edges. More than half of some leaves showing blighted tissue.,0,LEAF_BLIGHT
Irregular holes across leaf blade with ragged edges. Frass pellets visible on remaining tissue beneath. Orange-yellow spots on leaf surface. Powdery texture. Both leaf surfaces show discolouration.,3,LOOPER_CATERPILLARS
Rust-orange raised spots with powdery texture on lower leaf surface. Upper surface shows corresponding pale patches. Leaf tissue missing in irregular patches. Ragged edges at margin. Origin not confirmed.,2,LEAF_RUST
New growth showing shoot dieback with scattered corky raised spots. Pale outer ring around each lesion. Necrotic areas on leaf blade. Margins discoloured. Spreading under humid conditions.,4,MOSQUITO_BUG
Raised angular marks on expanding leaves. Shoot tips bent and discoloured. Lesions not along veins. Fine stippling on upper surface. Some leaf curl. Could reflect feeding damage or other stress.,4,MOSQUITO_BUG
Dense orange-yellow pustule clusters on abaxial leaf surface. Surrounding tissue yellowing rapidly.,2,LEAF_RUST
Brown necrosis expanding from tip and edges. More than half of some leaves showing blighted tissue. Orange deposits visible on leaf underside. Slow spread. Surrounding tissue slightly yellow.,0,LEAF_BLIGHT
Young flush with angular brown lesions at irregular positions. Rough raised texture at each wound centre. Orange deposits visible on leaf underside. Slow spread. Surrounding tissue slightly yellow.,4,MOSQUITO_BUG
Young flush with angular brown lesions at irregular positions. Rough raised texture at each wound centre.,4,MOSQUITO_BUG
Raised lesions on tender flush. Scattered distribution. Tips show some dieback. Fine stippling on upper surface. Some leaf curl. Could reflect feeding damage or other stress.,4,MOSQUITO_BUG
Brown spots on new foliage. Raised texture at lesion centres. Shoot tips look unhealthy. Orange deposits visible on leaf underside. Slow spread. Surrounding tissue slightly yellow.,4,MOSQUITO_BUG
Large irregularly shaped brown areas on leaf blade. Margin tissue soft and disintegrating under moisture. Rust-coloured patches on lower leaf. Upper surface pale above affected areas.,0,LEAF_BLIGHT
Uniform whitish flecking on leaf blade. Leaves feel papery and dry. Lower canopy most affected. Necrotic areas on leaf blade. Margins discoloured. Spreading under humid conditions.,1,LEAF_HOPPERS
Orange pustules coalescing on lower leaf surface. Leaves yellowing and dropping in severely affected patches.,2,LEAF_RUST
Multiple small raised necrotic spots on tender shoots. Each spot has a sunken dark centre. Tips wilted.,4,MOSQUITO_BUG
Upper leaf surface stripped away in patches. Veins exposed. Frass pellets and silk webbing visible nearby.,3,LOOPER_CATERPILLARS
Bright orange urediniospore pustules scattered on underside of leaves. Spores dust off when touched. Raised lesions on tender flush. Scattered distribution. Tips show some dieback.,2,LEAF_RUST
Necrotic tan-brown patches with a darker outer ring. Spreads rapidly in moist dense canopy sections.,0,LEAF_BLIGHT
Necrotic areas on leaf blade. Margins discoloured. Spreading under humid conditions. Raised lesions on tender flush. Scattered distribution. Tips show some dieback.,0,LEAF_BLIGHT
Brown necrosis expanding from tip and edges. More than half of some leaves showing blighted tissue. Portions of leaf removed. Skeletonized areas on some leaves. Frass present nearby.,0,LEAF_BLIGHT
Leaf lamina partially consumed leaving midrib and major veins. Feeding damage across multiple leaves in canopy. Orange-yellow spots on leaf surface. Powdery texture. Both leaf surfaces show discolouration.,3,LOOPER_CATERPILLARS
Rust-coloured spore masses on abaxial surface. Upper leaf shows yellow-orange chlorotic spots above each pustule. Whitish flecks on leaf blade. Tip region most affected. Leaves feel dry.,2,LEAF_RUST
Blighted areas beginning at leaf tip and progressing along margins. Entire leaf browning in advanced cases. Rust-coloured patches on lower leaf. Upper surface pale above affected areas.,0,LEAF_BLIGHT
Rough corky raised spots on newly emerged leaves. Tips curled and discoloured. Lesions individually spaced.,4,MOSQUITO_BUG
Large irregular sections of leaf tissue removed. Frass deposits and silk threads present near damage sites.,3,LOOPER_CATERPILLARS
Upper leaf surface stripped away in patches. Veins exposed. Frass pellets and silk webbing visible nearby.,3,LOOPER_CATERPILLARS
Young flush with angular brown lesions at irregular positions. Rough raised texture at each wound centre. Whitish flecks on leaf blade. Tip region most affected. Leaves feel dry.,4,MOSQUITO_BUG
Orange pustules coalescing on lower leaf surface. Leaves yellowing and dropping in severely affected patches. Portions of leaf removed. Skeletonized areas on some leaves. Frass present nearby.,2,LEAF_RUST
Rough corky raised spots on newly emerged leaves. Tips curled and discoloured. Lesions individually spaced. Brown patches on leaf margins. Tissue soft at edges. Worse in lower shaded canopy.,4,MOSQUITO_BUG
Rough corky raised spots on newly emerged leaves. Tips curled and discoloured. Lesions individually spaced.,4,MOSQUITO_BUG
Young shoots with multiple stipple-like raised spots and tip wilting. Lesion centres sunken and darkened. Rust-coloured patches on lower leaf. Upper surface pale above affected areas.,4,MOSQUITO_BUG
Large irregular sections of leaf tissue removed. Frass deposits and silk threads present near damage sites.,3,LOOPER_CATERPILLARS
Extensive leaf tissue loss with ragged torn edges. Multiple feeding sites across several adjacent leaves.,3,LOOPER_CATERPILLARS
Tender leaves with rough brown patches and tip wilting. Scattered wound-like raised lesions throughout blade. Leaf tissue missing in irregular patches. Ragged edges at margin. Origin not confirmed.,4,MOSQUITO_BUG
Irregular holes across leaf blade with ragged edges. Frass pellets visible on remaining tissue beneath. Orange-yellow spots on leaf surface. Powdery texture. Both leaf surfaces show discolouration.,3,LOOPER_CATERPILLARS
Raised lesions on tender flush. Scattered distribution. Tips show some dieback. Leaf tissue missing in irregular patches. Ragged edges at margin. Origin not confirmed.,4,MOSQUITO_BUG
Bright orange urediniospore pustules scattered on underside of leaves. Spores dust off when touched. Portions of leaf removed. Skeletonized areas on some leaves. Frass present nearby.,2,LEAF_RUST
Large irregular sections of leaf tissue removed. Frass deposits and silk threads present near damage sites.,3,LOOPER_CATERPILLARS
Holes and torn edges on leaf blade. Some veins exposed. Frass visible below. Rust-coloured patches on lower leaf. Upper surface pale above affected areas.,3,LOOPER_CATERPILLARS
Brown water-soaked lesions spreading inward from leaf margins. Tissue collapses rapidly under humid conditions.,0,LEAF_BLIGHT
Dense orange-yellow pustule clusters on abaxial leaf surface. Surrounding tissue yellowing rapidly. Pale speckling on upper leaf surface. Margins slightly curled. Yellowing visible on some leaves.,2,LEAF_RUST
Pale stippling pattern across upper leaf surface. Leaf margins curling upward. Colour fading to pale yellow. Rust-coloured patches on lower leaf. Upper surface pale above affected areas.,1,LEAF_HOPPERS
Yellowing and bronzing of leaves with fine speckled texture on upper surface. Curled margins visible. Browning from leaf tip progressing inward. Soft water-soaked appearance at active edge.,1,LEAF_HOPPERS
Orange-yellow powdery pustules on lower leaf surface. Corresponding pale spots visible on upper surface. Whitish flecks on leaf blade. Tip region most affected. Leaves feel dry.,2,LEAF_RUST
Orange-yellow powdery pustules on lower leaf surface. Corresponding pale spots visible on upper surface.,2,LEAF_RUST
Raised angular marks on expanding leaves. Shoot tips bent and discoloured. Lesions not along veins. Holes and torn edges on leaf blade. Some veins exposed. Frass visible below.,4,MOSQUITO_BUG
Whitish flecks on leaf blade. Tip region most affected. Leaves feel dry. Small angular marks on young leaves. Some tip wilting visible. Cause not immediately clear.,1,LEAF_HOPPERS
Rust-coloured spore masses on abaxial surface. Upper leaf shows yellow-orange chlorotic spots above each pustule. Leaf tissue missing in irregular patches. Ragged edges at margin. Origin not confirmed.,2,LEAF_RUST
Tip burn on young leaves with pale stippled damage spreading toward mid-leaf. Veins still green.,1,LEAF_HOPPERS
Large irregularly shaped brown areas on leaf blade. Margin tissue soft and disintegrating under moisture.,0,LEAF_BLIGHT
Orange-yellow powdery pustules on lower leaf surface. Corresponding pale spots visible on upper surface.,2,LEAF_RUST
Irregular holes across leaf blade with ragged edges. Frass pellets visible on remaining tissue beneath.,3,LOOPER_CATERPILLARS
Leaf lamina partially consumed leaving midrib and major veins. Feeding damage across multiple leaves in canopy. Fine stippling on upper surface. Some leaf curl. Could reflect feeding damage or other stress.,3,LOOPER_CATERPILLARS
Irregular brown blotches covering large portions of the leaf blade. Adjacent tissue appears water-soaked. Brown spots on new foliage. Raised texture at lesion centres. Shoot tips look unhealthy.,0,LEAF_BLIGHT
Raised lesions on tender flush. Scattered distribution. Tips show some dieback.,4,MOSQUITO_BUG
Leaf bronzing with dense pale stippling from tip toward base. Brittle texture on older affected leaves. Small angular marks on young leaves. Some tip wilting visible. Cause not immediately clear.,1,LEAF_HOPPERS
Raised angular marks on expanding leaves. Shoot tips bent and discoloured. Lesions not along veins.,4,MOSQUITO_BUG
Orange pustules coalescing on lower leaf surface. Leaves yellowing and dropping in severely affected patches. Portions of leaf removed. Skeletonized areas on some leaves. Frass present nearby.,2,LEAF_RUST
Orange deposits visible on leaf underside. Slow spread. Surrounding tissue slightly yellow. Holes and torn edges on leaf blade. Some veins exposed. Frass visible below.,2,LEAF_RUST
Leaf tissue turning brown from edges inward. Water-soaked translucent border at leading edge of lesion.,0,LEAF_BLIGHT
Leaf tips turning yellow-white with fine pale speckling. Leaf curl on newly emerged growth. Rust-coloured patches on lower leaf. Upper surface pale above affected areas.,1,LEAF_HOPPERS
Irregular holes across leaf blade with ragged edges. Frass pellets visible on remaining tissue beneath.,3,LOOPER_CATERPILLARS
Blighted areas beginning at leaf tip and progressing along margins. Entire leaf browning in advanced cases.,0,LEAF_BLIGHT
Fine stippling on upper surface. Some leaf curl. Could reflect feeding damage or other stress. Orange-yellow spots on leaf surface. Powdery texture. Both leaf surfaces show discolouration.,1,LEAF_HOPPERS
Defoliated patches with only coarse veins remaining. Fine frass scattered on leaves beneath affected area. Pale speckling on upper leaf surface. Margins slightly curled. Yellowing visible on some leaves.,3,LOOPER_CATERPILLARS
Brown water-soaked lesions spreading inward from leaf margins. Tissue collapses rapidly under humid conditions. Holes and torn edges on leaf blade. Some veins exposed. Frass visible below.,0,LEAF_BLIGHT
Orange deposits visible on leaf underside. Slow spread. Surrounding tissue slightly yellow. Brown patches on leaf margins. Tissue soft at edges. Worse in lower shaded canopy.,2,LEAF_RUST
Orange deposits visible on leaf underside. Slow spread. Surrounding tissue slightly yellow. Pale speckling on upper leaf surface. Margins slightly curled. Yellowing visible on some leaves.,2,LEAF_RUST
Portions of leaf removed. Skeletonized areas on some leaves. Frass present nearby. Brown spots on new foliage. Raised texture at lesion centres. Shoot tips look unhealthy.,3,LOOPER_CATERPILLARS
Small circular orange-rust coloured spots on adaxial surface. Powdery spore deposits on abaxial side.,2,LEAF_RUST
Orange-yellow powdery pustules on lower leaf surface. Corresponding pale spots visible on upper surface.,2,LEAF_RUST
Holes and torn edges on leaf blade. Some veins exposed. Frass visible below. Necrotic areas on leaf blade. Margins discoloured. Spreading under humid conditions.,3,LOOPER_CATERPILLARS
Browning from leaf tip progressing inward. Soft water-soaked appearance at active edge. Brown spots on new foliage. Raised texture at lesion centres. Shoot tips look unhealthy.,0,LEAF_BLIGHT
Necrotic tan-brown patches with a darker outer ring. Spreads rapidly in moist dense canopy sections. Rust-coloured patches on lower leaf. Upper surface pale above affected areas.,0,LEAF_BLIGHT
Orange pustules coalescing on lower leaf surface. Leaves yellowing and dropping in severely affected patches.,2,LEAF_RUST
Pale speckling on upper leaf surface. Margins slightly curled. Yellowing visible on some leaves. Small angular marks on young leaves. Some tip wilting visible. Cause not immediately clear.,1,LEAF_HOPPERS
Brown spots on new foliage. Raised texture at lesion centres. Shoot tips look unhealthy.,4,MOSQUITO_BUG
Necrotic tan-brown patches with a darker outer ring. Spreads rapidly in moist dense canopy sections. Orange-yellow spots on leaf surface. Powdery texture. Both leaf surfaces show discolouration.,0,LEAF_BLIGHT
Whitish flecks on leaf blade. Tip region most affected. Leaves feel dry. Brown patches on leaf margins. Tissue soft at edges. Worse in lower shaded canopy.,1,LEAF_HOPPERS
Orange deposits visible on leaf underside. Slow spread. Surrounding tissue slightly yellow.,2,LEAF_RUST
Bright orange urediniospore pustules scattered on underside of leaves. Spores dust off when touched.,2,LEAF_RUST
Browning from leaf tip progressing inward. Soft water-soaked appearance at active edge.,0,LEAF_BLIGHT
Young shoots with multiple stipple-like raised spots and tip wilting. Lesion centres sunken and darkened. Whitish flecks on leaf blade. Tip region most affected. Leaves feel dry.,4,MOSQUITO_BUG
Tender leaves with rough brown patches and tip wilting. Scattered wound-like raised lesions throughout blade. Holes and torn edges on leaf blade. Some veins exposed. Frass visible below.,4,MOSQUITO_BUG
Notched leaf margins and internal holes. Damage consistent with chewing from leaf edge inward.,3,LOOPER_CATERPILLARS
Large irregularly shaped brown areas on leaf blade. Margin tissue soft and disintegrating under moisture. Leaf tissue missing in irregular patches. Ragged edges at margin. Origin not confirmed.,0,LEAF_BLIGHT
Orange pustules coalescing on lower leaf surface. Leaves yellowing and dropping in severely affected patches.,2,LEAF_RUST
Leaf bronzing with dense pale stippling from tip toward base. Brittle texture on older affected leaves.,1,LEAF_HOPPERS
Leaf tissue missing in irregular patches. Ragged edges at margin. Origin not confirmed. Raised lesions on tender flush. Scattered distribution. Tips show some dieback.,3,LOOPER_CATERPILLARS
Young flush with angular brown lesions at irregular positions. Rough raised texture at each wound centre.,4,MOSQUITO_BUG
Extensive leaf tissue loss with ragged torn edges. Multiple feeding sites across several adjacent leaves. Pale speckling on upper leaf surface. Margins slightly curled. Yellowing visible on some leaves.,3,LOOPER_CATERPILLARS
Brown spots on new foliage. Raised texture at lesion centres. Shoot tips look unhealthy.,4,MOSQUITO_BUG
Irregular brown blotches covering large portions of the leaf blade. Adjacent tissue appears water-soaked.,0,LEAF_BLIGHT
Fine white speckling uniformly distributed on upper leaf. Margins rolling and yellowing. Holes and torn edges on leaf blade. Some veins exposed. Frass visible below.,1,LEAF_HOPPERS
Brown necrosis expanding from tip and edges. More than half of some leaves showing blighted tissue. Brown spots on new foliage. Raised texture at lesion centres. Shoot tips look unhealthy.,0,LEAF_BLIGHT
Raised angular marks on expanding leaves. Shoot tips bent and discoloured. Lesions not along veins. Portions of leaf removed. Skeletonized areas on some leaves. Frass present nearby.,4,MOSQUITO_BUG
Uniform whitish flecking on leaf blade. Leaves feel papery and dry. Lower canopy most affected.,1,LEAF_HOPPERS
Orange-yellow powdery pustules on lower leaf surface. Corresponding pale spots visible on upper surface.,2,LEAF_RUST
Rust-coloured patches on lower leaf. Upper surface pale above affected areas. Small angular marks on young leaves. Some tip wilting visible. Cause not immediately clear.,2,LEAF_RUST
Holes and torn edges on leaf blade. Some veins exposed. Frass visible below.,3,LOOPER_CATERPILLARS
Leaf bronzing with dense pale stippling from tip toward base. Brittle texture on older affected leaves. Brown spots on new foliage. Raised texture at lesion centres. Shoot tips look unhealthy.,1,LEAF_HOPPERS
Skeletonized patches where only the major veins remain intact. Leaf edges highly irregular from feeding. Necrotic areas on leaf blade. Margins discoloured. Spreading under humid conditions.,3,LOOPER_CATERPILLARS
Yellow-orange raised pustules in irregular groups on leaf underside. Upper surface pale yellow above each cluster.,2,LEAF_RUST
Rust-orange raised spots with powdery texture on lower leaf surface. Upper surface shows corresponding pale patches. Brown patches on leaf margins. Tissue soft at edges. Worse in lower shaded canopy.,2,LEAF_RUST
Leaf lamina partially consumed leaving midrib and major veins. Feeding damage across multiple leaves in canopy. Brown patches on leaf margins. Tissue soft at edges. Worse in lower shaded canopy.,3,LOOPER_CATERPILLARS
Notched leaf margins and internal holes. Damage consistent with chewing from leaf edge inward. Rust-coloured patches on lower leaf. Upper surface pale above affected areas.,3,LOOPER_CATERPILLARS
Bright orange urediniospore pustules scattered on underside of leaves. Spores dust off when touched. Small angular marks on young leaves. Some tip wilting visible. Cause not immediately clear.,2,LEAF_RUST
Brown necrosis expanding from tip and edges. More than half of some leaves showing blighted tissue.,0,LEAF_BLIGHT
Blighted areas beginning at leaf tip and progressing along margins. Entire leaf browning in advanced cases. Raised lesions on tender flush. Scattered distribution. Tips show some dieback.,0,LEAF_BLIGHT
Leaf bronzing with dense pale stippling from tip toward base. Brittle texture on older affected leaves. Browning from leaf tip progressing inward. Soft water-soaked appearance at active edge.,1,LEAF_HOPPERS
Irregular brown blotches covering large portions of the leaf blade. Adjacent tissue appears water-soaked.,0,LEAF_BLIGHT
Young flush with angular brown lesions at irregular positions. Rough raised texture at each wound centre. Fine stippling on upper surface. Some leaf curl. Could reflect feeding damage or other stress.,4,MOSQUITO_BUG
Blighted areas beginning at leaf tip and progressing along margins. Entire leaf browning in advanced cases. Rust-coloured patches on lower leaf. Upper surface pale above affected areas.,0,LEAF_BLIGHT
Small circular orange-rust coloured spots on adaxial surface. Powdery spore deposits on abaxial side. Brown patches on leaf margins. Tissue soft at edges. Worse in lower shaded canopy.,2,LEAF_RUST
Leaf lamina partially consumed leaving midrib and major veins. Feeding damage across multiple leaves in canopy. Pale speckling on upper leaf surface. Margins slightly curled. Yellowing visible on some leaves.,3,LOOPER_CATERPILLARS
Raised lesions on tender flush. Scattered distribution. Tips show some dieback. Leaf tissue missing in irregular patches. Ragged edges at margin. Origin not confirmed.,4,MOSQUITO_BUG
Fine stippling on upper surface. Some leaf curl. Could reflect feeding damage or other stress.,1,LEAF_HOPPERS
Fine white speckling uniformly distributed on upper leaf. Margins rolling and yellowing. Portions of leaf removed. Skeletonized areas on some leaves. Frass present nearby.,1,LEAF_HOPPERS
Necrotic tan-brown patches with a darker outer ring. Spreads rapidly in moist dense canopy sections. Fine stippling on upper surface. Some leaf curl. Could reflect feeding damage or other stress.,0,LEAF_BLIGHT
Rust-coloured patches on lower leaf. Upper surface pale above affected areas.,2,LEAF_RUST
Browning from leaf tip progressing inward. Soft water-soaked appearance at active edge. Rust-coloured patches on lower leaf. Upper surface pale above affected areas.,0,LEAF_BLIGHT
Leaf bronzing with dense pale stippling from tip toward base. Brittle texture on older affected leaves. Orange-yellow spots on leaf surface. Powdery texture. Both leaf surfaces show discolouration.,1,LEAF_HOPPERS
Necrotic tan-brown patches with a darker outer ring. Spreads rapidly in moist dense canopy sections. Orange deposits visible on leaf underside. Slow spread. Surrounding tissue slightly yellow.,0,LEAF_BLIGHT
Yellow-orange raised pustules in irregular groups on leaf underside. Upper surface pale yellow above each cluster. Brown spots on new foliage. Raised texture at lesion centres. Shoot tips look unhealthy.,2,LEAF_RUST
Orange-yellow powdery pustules on lower leaf surface. Corresponding pale spots visible on upper surface.,2,LEAF_RUST
Rust-orange raised spots with powdery texture on lower leaf surface. Upper surface shows corresponding pale patches.,2,LEAF_RUST
Brown spots on new foliage. Raised texture at lesion centres. Shoot tips look unhealthy.,4,MOSQUITO_BUG
Notched leaf margins and internal holes. Damage consistent with chewing from leaf edge inward. Whitish flecks on leaf blade. Tip region most affected. Leaves feel dry.,3,LOOPER_CATERPILLARS
Extensive leaf tissue loss with ragged torn edges. Multiple feeding sites across several adjacent leaves. Orange-yellow spots on leaf surface. Powdery texture. Both leaf surfaces show discolouration.,3,LOOPER_CATERPILLARS
Fine stippling on upper surface. Some leaf curl. Could reflect feeding damage or other stress. Necrotic areas on leaf blade. Margins discoloured. Spreading under humid conditions.,1,LEAF_HOPPERS
Defoliated patches with only coarse veins remaining. Fine frass scattered on leaves beneath affected area. Raised lesions on tender flush. Scattered distribution. Tips show some dieback.,3,LOOPER_CATERPILLARS
Holes and torn edges on leaf blade. Some veins exposed. Frass visible below. Whitish flecks on leaf blade. Tip region most affected. Leaves feel dry.,3,LOOPER_CATERPILLARS
Irregular brown blotches covering large portions of the leaf blade. Adjacent tissue appears water-soaked.,0,LEAF_BLIGHT
Rust-coloured spore masses on abaxial surface. Upper leaf shows yellow-orange chlorotic spots above each pustule. Fine stippling on upper surface. Some leaf curl. Could reflect feeding damage or other stress.,2,LEAF_RUST
Raised angular marks on expanding leaves. Shoot tips bent and discoloured. Lesions not along veins. Leaf tissue missing in irregular patches. Ragged edges at margin. Origin not confirmed.,4,MOSQUITO_BUG
Necrotic areas on leaf blade. Margins discoloured. Spreading under humid conditions. Whitish flecks on leaf blade. Tip region most affected. Leaves feel dry.,0,LEAF_BLIGHT
Orange pustules coalescing on lower leaf surface. Leaves yellowing and dropping in severely affected patches. Holes and torn edges on leaf blade. Some veins exposed. Frass visible below.,2,LEAF_RUST
Leaf tissue missing in irregular patches. Ragged edges at margin. Origin not confirmed. Brown patches on leaf margins. Tissue soft at edges. Worse in lower shaded canopy.,3,LOOPER_CATERPILLARS
Portions of leaf removed. Skeletonized areas on some leaves. Frass present nearby. Brown patches on leaf margins. Tissue soft at edges. Worse in lower shaded canopy.,3,LOOPER_CATERPILLARS
Large irregular sections of leaf tissue removed. Frass deposits and silk threads present near damage sites.,3,LOOPER_CATERPILLARS
Brown necrosis expanding from tip and edges. More than half of some leaves showing blighted tissue. Portions of leaf removed. Skeletonized areas on some leaves. Frass present nearby.,0,LEAF_BLIGHT
Yellowing and bronzing of leaves with fine speckled texture on upper surface. Curled margins visible. Raised lesions on tender flush. Scattered distribution. Tips show some dieback.,1,LEAF_HOPPERS
Necrotic areas on leaf blade. Margins discoloured. Spreading under humid conditions. Pale speckling on upper leaf surface. Margins slightly curled. Yellowing visible on some leaves.,0,LEAF_BLIGHT
Defoliated patches with only coarse veins remaining. Fine frass scattered on leaves beneath affected area.,3,LOOPER_CATERPILLARS
Necrotic tan-brown patches with a darker outer ring. Spreads rapidly in moist dense canopy sections. Fine stippling on upper surface. Some leaf curl. Could reflect feeding damage or other stress.,0,LEAF_BLIGHT
Young shoots with multiple stipple-like raised spots and tip wilting. Lesion centres sunken and darkened. Necrotic areas on leaf blade. Margins discoloured. Spreading under humid conditions.,4,MOSQUITO_BUG
Defoliated patches with only coarse veins remaining. Fine frass scattered on leaves beneath affected area.,3,LOOPER_CATERPILLARS
Multiple small raised necrotic spots on tender shoots. Each spot has a sunken dark centre. Tips wilted.,4,MOSQUITO_BUG
Small circular orange-rust coloured spots on adaxial surface. Powdery spore deposits on abaxial side. Pale speckling on upper leaf surface. Margins slightly curled. Yellowing visible on some leaves.,2,LEAF_RUST
Raised lesions on tender flush. Scattered distribution. Tips show some dieback. Portions of leaf removed. Skeletonized areas on some leaves. Frass present nearby.,4,MOSQUITO_BUG
Rust-orange raised spots with powdery texture on lower leaf surface. Upper surface shows corresponding pale patches.,2,LEAF_RUST
Bleached stippling across leaf surface. Leaves brittle and discoloured. Tip dieback in severe cases. Orange-yellow spots on leaf surface. Powdery texture. Both leaf surfaces show discolouration.,1,LEAF_HOPPERS
Fine stippling on upper surface. Some leaf curl. Could reflect feeding damage or other stress.,1,LEAF_HOPPERS
Skeletonized patches where only the major veins remain intact. Leaf edges highly irregular from feeding. Orange deposits visible on leaf underside. Slow spread. Surrounding tissue slightly yellow.,3,LOOPER_CATERPILLARS
Brown water-soaked lesions spreading inward from leaf margins. Tissue collapses rapidly under humid conditions.,0,LEAF_BLIGHT
Upper leaf surface stripped away in patches. Veins exposed. Frass pellets and silk webbing visible nearby. Necrotic areas on leaf blade. Margins discoloured. Spreading under humid conditions.,3,LOOPER_CATERPILLARS
Young shoots with multiple stipple-like raised spots and tip wilting. Lesion centres sunken and darkened.,4,MOSQUITO_BUG
Pale stippling pattern across upper leaf surface. Leaf margins curling upward. Colour fading to pale yellow. Small angular marks on young leaves. Some tip wilting visible. Cause not immediately clear.,1,LEAF_HOPPERS
Necrotic areas on leaf blade. Margins discoloured. Spreading under humid conditions. Brown spots on new foliage. Raised texture at lesion centres. Shoot tips look unhealthy.,0,LEAF_BLIGHT
Bright orange urediniospore pustules scattered on underside of leaves. Spores dust off when touched. Brown spots on new foliage. Raised texture at lesion centres. Shoot tips look unhealthy.,2,LEAF_RUST
Extensive leaf tissue loss with ragged torn edges. Multiple feeding sites across several adjacent leaves.,3,LOOPER_CATERPILLARS
Raised angular marks on expanding leaves. Shoot tips bent and discoloured. Lesions not along veins. Whitish flecks on leaf blade. Tip region most affected. Leaves feel dry.,4,MOSQUITO_BUG
Irregular brown blotches covering large portions of the leaf blade. Adjacent tissue appears water-soaked.,0,LEAF_BLIGHT
Dark necrotic patches with pale yellow borders appearing on lower canopy leaves. Soft texture at active edge. Small angular marks on young leaves. Some tip wilting visible. Cause not immediately clear.,0,LEAF_BLIGHT
Brown spots on new foliage. Raised texture at lesion centres. Shoot tips look unhealthy. Leaf tissue missing in irregular patches. Ragged edges at margin. Origin not confirmed.,4,MOSQUITO_BUG
Yellow-orange raised pustules in irregular groups on leaf underside. Upper surface pale yellow above each cluster.,2,LEAF_RUST
Defoliated patches with only coarse veins remaining. Fine frass scattered on leaves beneath affected area. Raised lesions on tender flush. Scattered distribution. Tips show some dieback.,3,LOOPER_CATERPILLARS
Young flush with angular brown lesions at irregular positions. Rough raised texture at each wound centre.,4,MOSQUITO_BUG
Fine stippling on upper surface. Some leaf curl. Could reflect feeding damage or other stress. Rust-coloured patches on lower leaf. Upper surface pale above affected areas.,1,LEAF_HOPPERS
Rust-coloured spore masses on abaxial surface. Upper leaf shows yellow-orange chlorotic spots above each pustule. Necrotic areas on leaf blade. Margins discoloured. Spreading under humid conditions.,2,LEAF_RUST
Young flush with angular brown lesions at irregular positions. Rough raised texture at each wound centre. Whitish flecks on leaf blade. Tip region most affected. Leaves feel dry.,4,MOSQUITO_BUG
Defoliated patches with only coarse veins remaining. Fine frass scattered on leaves beneath affected area. Pale speckling on upper leaf surface. Margins slightly curled. Yellowing visible on some leaves.,3,LOOPER_CATERPILLARS
Extensive leaf tissue loss with ragged torn edges. Multiple feeding sites across several adjacent leaves. Orange deposits visible on leaf underside. Slow spread. Surrounding tissue slightly yellow.,3,LOOPER_CATERPILLARS
Dense orange-yellow pustule clusters on abaxial leaf surface. Surrounding tissue yellowing rapidly. Portions of leaf removed. Skeletonized areas on some leaves. Frass present nearby.,2,LEAF_RUST
Pale speckling on upper leaf surface. Margins slightly curled. Yellowing visible on some leaves.,1,LEAF_HOPPERS
Skeletonized patches where only the major veins remain intact. Leaf edges highly irregular from feeding. Small angular marks on young leaves. Some tip wilting visible. Cause not immediately clear.,3,LOOPER_CATERPILLARS
Fine white speckling uniformly distributed on upper leaf. Margins rolling and yellowing.,1,LEAF_HOPPERS
Orange-yellow spots on leaf surface. Powdery texture. Both leaf surfaces show discolouration. Small angular marks on young leaves. Some tip wilting visible. Cause not immediately clear.,2,LEAF_RUST
Bright orange urediniospore pustules scattered on underside of leaves. Spores dust off when touched. Portions of leaf removed. Skeletonized areas on some leaves. Frass present nearby.,2,LEAF_RUST
Irregular brown blotches covering large portions of the leaf blade. Adjacent tissue appears water-soaked. Leaf tissue missing in irregular patches. Ragged edges at margin. Origin not confirmed.,0,LEAF_BLIGHT
Necrotic areas on leaf blade. Margins discoloured. Spreading under humid conditions.,0,LEAF_BLIGHT
Small angular marks on young leaves. Some tip wilting visible. Cause not immediately clear. Holes and torn edges on leaf blade. Some veins exposed. Frass visible below.,4,MOSQUITO_BUG
Brown spots on new foliage. Raised texture at lesion centres. Shoot tips look unhealthy. Necrotic areas on leaf blade. Margins discoloured. Spreading under humid conditions.,4,MOSQUITO_BUG
Young shoots with multiple stipple-like raised spots and tip wilting. Lesion centres sunken and darkened. Orange-yellow spots on leaf surface. Powdery texture. Both leaf surfaces show discolouration.,4,MOSQUITO_BUG
Bleached stippling across leaf surface. Leaves brittle and discoloured. Tip dieback in severe cases. Orange-yellow spots on leaf surface. Powdery texture. Both leaf surfaces show discolouration.,1,LEAF_HOPPERS
Tip burn on young leaves with pale stippled damage spreading toward mid-leaf. Veins still green. Necrotic areas on leaf blade. Margins discoloured. Spreading under humid conditions.,1,LEAF_HOPPERS
Brown necrosis expanding from tip and edges. More than half of some leaves showing blighted tissue. Leaf tissue missing in irregular patches. Ragged edges at margin. Origin not confirmed.,0,LEAF_BLIGHT
Necrotic tan-brown patches with a darker outer ring. Spreads rapidly in moist dense canopy sections.,0,LEAF_BLIGHT
Raised lesions on tender flush. Scattered distribution. Tips show some dieback. Brown patches on leaf margins. Tissue soft at edges. Worse in lower shaded canopy.,4,MOSQUITO_BUG
Necrotic areas on leaf blade. Margins discoloured. Spreading under humid conditions.,0,LEAF_BLIGHT
Blighted areas beginning at leaf tip and progressing along margins. Entire leaf browning in advanced cases. Holes and torn edges on leaf blade. Some veins exposed. Frass visible below.,0,LEAF_BLIGHT
Pale speckling on upper leaf surface. Margins slightly curled. Yellowing visible on some leaves. Orange deposits visible on leaf underside. Slow spread. Surrounding tissue slightly yellow.,1,LEAF_HOPPERS
Fine white speckling uniformly distributed on upper leaf. Margins rolling and yellowing. Browning from leaf tip progressing inward. Soft water-soaked appearance at active edge.,1,LEAF_HOPPERS
Small angular marks on young leaves. Some tip wilting visible. Cause not immediately clear.,4,MOSQUITO_BUG
Irregular holes across leaf blade with ragged edges. Frass pellets visible on remaining tissue beneath. Fine stippling on upper surface. Some leaf curl. Could reflect feeding damage or other stress.,3,LOOPER_CATERPILLARS
Orange-yellow powdery pustules on lower leaf surface. Corresponding pale spots visible on upper surface. Brown spots on new foliage. Raised texture at lesion centres. Shoot tips look unhealthy.,2,LEAF_RUST
Leaf tips turning yellow-white with fine pale speckling. Leaf curl on newly emerged growth. Rust-coloured patches on lower leaf. Upper surface pale above affected areas.,1,LEAF_HOPPERS
Notched leaf margins and internal holes. Damage consistent with chewing from leaf edge inward. Necrotic areas on leaf blade. Margins discoloured. Spreading under humid conditions.,3,LOOPER_CATERPILLARS
Extensive leaf tissue loss with ragged torn edges. Multiple feeding sites across several adjacent leaves.,3,LOOPER_CATERPILLARS
Dense orange-yellow pustule clusters on abaxial leaf surface. Surrounding tissue yellowing rapidly.,2,LEAF_RUST
Orange pustules coalescing on lower leaf surface. Leaves yellowing and dropping in severely affected patches. Whitish flecks on leaf blade. Tip region most affected. Leaves feel dry.,2,LEAF_RUST
Blighted areas beginning at leaf tip and progressing along margins. Entire leaf browning in advanced cases. Portions of leaf removed. Skeletonized areas on some leaves. Frass present nearby.,0,LEAF_BLIGHT
Small circular orange-rust coloured spots on adaxial surface. Powdery spore deposits on abaxial side.,2,LEAF_RUST
Skeletonized patches where only the major veins remain intact. Leaf edges highly irregular from feeding.,3,LOOPER_CATERPILLARS
Leaf tips turning yellow-white with fine pale speckling. Leaf curl on newly emerged growth.,1,LEAF_HOPPERS
Rust-orange raised spots with powdery texture on lower leaf surface. Upper surface shows corresponding pale patches. Browning from leaf tip progressing inward. Soft water-soaked appearance at active edge.,2,LEAF_RUST
Orange-yellow powdery pustules on lower leaf surface. Corresponding pale spots visible on upper surface. Holes and torn edges on leaf blade. Some veins exposed. Frass visible below.,2,LEAF_RUST
Tender leaves with rough brown patches and tip wilting. Scattered wound-like raised lesions throughout blade.,4,MOSQUITO_BUG
Brown patches on leaf margins. Tissue soft at edges. Worse in lower shaded canopy.,0,LEAF_BLIGHT
Yellow-orange raised pustules in irregular groups on leaf underside. Upper surface pale yellow above each cluster.,2,LEAF_RUST
Young shoots with multiple stipple-like raised spots and tip wilting. Lesion centres sunken and darkened. Orange-yellow spots on leaf surface. Powdery texture. Both leaf surfaces show discolouration.,4,MOSQUITO_BUG
Young shoots with multiple stipple-like raised spots and tip wilting. Lesion centres sunken and darkened. Pale speckling on upper leaf surface. Margins slightly curled. Yellowing visible on some leaves.,4,MOSQUITO_BUG
Pale speckling on upper leaf surface. Margins slightly curled. Yellowing visible on some leaves. Orange-yellow spots on leaf surface. Powdery texture. Both leaf surfaces show discolouration.,1,LEAF_HOPPERS
Whitish flecks on leaf blade. Tip region most affected. Leaves feel dry.,1,LEAF_HOPPERS
Orange pustules coalescing on lower leaf surface. Leaves yellowing and dropping in severely affected patches.,2,LEAF_RUST
Defoliated patches with only coarse veins remaining. Fine frass scattered on leaves beneath affected area. Small angular marks on young leaves. Some tip wilting visible. Cause not immediately clear.,3,LOOPER_CATERPILLARS
Large irregularly shaped brown areas on leaf blade. Margin tissue soft and disintegrating under moisture.,0,LEAF_BLIGHT
Blighted areas beginning at leaf tip and progressing along margins. Entire leaf browning in advanced cases. Holes and torn edges on leaf blade. Some veins exposed. Frass visible below.,0,LEAF_BLIGHT
Leaf tissue missing in irregular patches. Ragged edges at margin. Origin not confirmed.,3,LOOPER_CATERPILLARS
Necrotic tan-brown patches with a darker outer ring. Spreads rapidly in moist dense canopy sections. Pale speckling on upper leaf surface. Margins slightly curled. Yellowing visible on some leaves.,0,LEAF_BLIGHT
Necrotic areas on leaf blade. Margins discoloured. Spreading under humid conditions.,0,LEAF_BLIGHT
Pale speckling on upper leaf surface. Margins slightly curled. Yellowing visible on some leaves. Necrotic areas on leaf blade. Margins discoloured. Spreading under humid conditions.,1,LEAF_HOPPERS
Holes and torn edges on leaf blade. Some veins exposed. Frass visible below.,3,LOOPER_CATERPILLARS
Holes and torn edges on leaf blade. Some veins exposed. Frass visible below.,3,LOOPER_CATERPILLARS
Young flush with angular brown lesions at irregular positions. Rough raised texture at each wound centre.,4,MOSQUITO_BUG
Tip burn on young leaves with pale stippled damage spreading toward mid-leaf. Veins still green.,1,LEAF_HOPPERS
Necrotic tan-brown patches with a darker outer ring. Spreads rapidly in moist dense canopy sections.,0,LEAF_BLIGHT
Raised angular marks on expanding leaves. Shoot tips bent and discoloured. Lesions not along veins.,4,MOSQUITO_BUG
Fine stippling on upper surface. Some leaf curl. Could reflect feeding damage or other stress.,1,LEAF_HOPPERS
Uniform whitish flecking on leaf blade. Leaves feel papery and dry. Lower canopy most affected. Brown spots on new foliage. Raised texture at lesion centres. Shoot tips look unhealthy.,1,LEAF_HOPPERS
Tip burn on young leaves with pale stippled damage spreading toward mid-leaf. Veins still green. Necrotic areas on leaf blade. Margins discoloured. Spreading under humid conditions.,1,LEAF_HOPPERS
Orange-yellow spots on leaf surface. Powdery texture. Both leaf surfaces show discolouration. Fine stippling on upper surface. Some leaf curl. Could reflect feeding damage or other stress.,2,LEAF_RUST
Tender flush showing multiple angular brown raised lesions. Tips stunted. Scattered distribution on new growth.,4,MOSQUITO_BUG
Bleached stippling across leaf surface. Leaves brittle and discoloured. Tip dieback in severe cases.,1,LEAF_HOPPERS
Extensive leaf tissue loss with ragged torn edges. Multiple feeding sites across several adjacent leaves.,3,LOOPER_CATERPILLARS
Dark necrotic patches with pale yellow borders appearing on lower canopy leaves. Soft texture at active edge. Fine stippling on upper surface. Some leaf curl. Could reflect feeding damage or other stress.,0,LEAF_BLIGHT
Skeletonized patches where only the major veins remain intact. Leaf edges highly irregular from feeding. Orange deposits visible on leaf underside. Slow spread. Surrounding tissue slightly yellow.,3,LOOPER_CATERPILLARS
Dark necrotic patches with pale yellow borders appearing on lower canopy leaves. Soft texture at active edge.,0,LEAF_BLIGHT
Leaf tissue turning brown from edges inward. Water-soaked translucent border at leading edge of lesion.,0,LEAF_BLIGHT
Large irregular sections of leaf tissue removed. Frass deposits and silk threads present near damage sites. Browning from leaf tip progressing inward. Soft water-soaked appearance at active edge.,3,LOOPER_CATERPILLARS
Yellow-orange raised pustules in irregular groups on leaf underside. Upper surface pale yellow above each cluster.,2,LEAF_RUST
Fine stippling on upper surface. Some leaf curl. Could reflect feeding damage or other stress.,1,LEAF_HOPPERS
Leaf bronzing with dense pale stippling from tip toward base. Brittle texture on older affected leaves. Orange deposits visible on leaf underside. Slow spread. Surrounding tissue slightly yellow.,1,LEAF_HOPPERS
Fine white speckling uniformly distributed on upper leaf. Margins rolling and yellowing. Portions of leaf removed. Skeletonized areas on some leaves. Frass present nearby.,1,LEAF_HOPPERS
Rough corky raised spots on newly emerged leaves. Tips curled and discoloured. Lesions individually spaced. Orange-yellow spots on leaf surface. Powdery texture. Both leaf surfaces show discolouration.,4,MOSQUITO_BUG
Pale stippling pattern across upper leaf surface. Leaf margins curling upward. Colour fading to pale yellow. Necrotic areas on leaf blade. Margins discoloured. Spreading under humid conditions.,1,LEAF_HOPPERS
Rust-coloured patches on lower leaf. Upper surface pale above affected areas.,2,LEAF_RUST
Small angular marks on young leaves. Some tip wilting visible. Cause not immediately clear. Orange-yellow spots on leaf surface. Powdery texture. Both leaf surfaces show discolouration.,4,MOSQUITO_BUG
Uniform whitish flecking on leaf blade. Leaves feel papery and dry. Lower canopy most affected.,1,LEAF_HOPPERS
Whitish flecks on leaf blade. Tip region most affected. Leaves feel dry. Portions of leaf removed. Skeletonized areas on some leaves. Frass present nearby.,1,LEAF_HOPPERS
Small circular orange-rust coloured spots on adaxial surface. Powdery spore deposits on abaxial side. Necrotic areas on leaf blade. Margins discoloured. Spreading under humid conditions.,2,LEAF_RUST
Leaf tips turning yellow-white with fine pale speckling. Leaf curl on newly emerged growth. Brown patches on leaf margins. Tissue soft at edges. Worse in lower shaded canopy.,1,LEAF_HOPPERS
Rough corky raised spots on newly emerged leaves. Tips curled and discoloured. Lesions individually spaced. Orange deposits visible on leaf underside. Slow spread. Surrounding tissue slightly yellow.,4,MOSQUITO_BUG
Raised lesions on tender flush. Scattered distribution. Tips show some dieback.,4,MOSQUITO_BUG
Necrotic tan-brown patches with a darker outer ring. Spreads rapidly in moist dense canopy sections. Fine stippling on upper surface. Some leaf curl. Could reflect feeding damage or other stress.,0,LEAF_BLIGHT
Brown patches on leaf margins. Tissue soft at edges. Worse in lower shaded canopy. Holes and torn edges on leaf blade. Some veins exposed. Frass visible below.,0,LEAF_BLIGHT
Tender flush showing multiple angular brown raised lesions. Tips stunted. Scattered distribution on new growth. Fine stippling on upper surface. Some leaf curl. Could reflect feeding damage or other stress.,4,MOSQUITO_BUG
Upper leaf surface stripped away in patches. Veins exposed. Frass pellets and silk webbing visible nearby.,3,LOOPER_CATERPILLARS
Necrotic tan-brown patches with a darker outer ring. Spreads rapidly in moist dense canopy sections. Pale speckling on upper leaf surface. Margins slightly curled. Yellowing visible on some leaves.,0,LEAF_BLIGHT
Portions of leaf removed. Skeletonized areas on some leaves. Frass present nearby. Browning from leaf tip progressing inward. Soft water-soaked appearance at active edge.,3,LOOPER_CATERPILLARS
Pale speckling on upper leaf surface. Margins slightly curled. Yellowing visible on some leaves. Rust-coloured patches on lower leaf. Upper surface pale above affected areas.,1,LEAF_HOPPERS
Small angular marks on young leaves. Some tip wilting visible. Cause not immediately clear.,4,MOSQUITO_BUG
Pale speckling on upper leaf surface. Margins slightly curled. Yellowing visible on some leaves. Small angular marks on young leaves. Some tip wilting visible. Cause not immediately clear.,1,LEAF_HOPPERS
Orange-yellow spots on leaf surface. Powdery texture. Both leaf surfaces show discolouration.,2,LEAF_RUST
Necrotic areas on leaf blade. Margins discoloured. Spreading under humid conditions.,0,LEAF_BLIGHT
Young flush with angular brown lesions at irregular positions. Rough raised texture at each wound centre. Whitish flecks on leaf blade. Tip region most affected. Leaves feel dry.,4,MOSQUITO_BUG
Holes and torn edges on leaf blade. Some veins exposed. Frass visible below. Orange deposits visible on leaf underside. Slow spread. Surrounding tissue slightly yellow.,3,LOOPER_CATERPILLARS
Multiple small raised necrotic spots on tender shoots. Each spot has a sunken dark centre. Tips wilted. Browning from leaf tip progressing inward. Soft water-soaked appearance at active edge.,4,MOSQUITO_BUG
Dark necrotic patches with pale yellow borders appearing on lower canopy leaves. Soft texture at active edge.,0,LEAF_BLIGHT
Raised angular marks on expanding leaves. Shoot tips bent and discoloured. Lesions not along veins.,4,MOSQUITO_BUG
Fine white speckling uniformly distributed on upper leaf. Margins rolling and yellowing.,1,LEAF_HOPPERS
Bleached stippling across leaf surface. Leaves brittle and discoloured. Tip dieback in severe cases. Rust-coloured patches on lower leaf. Upper surface pale above affected areas.,1,LEAF_HOPPERS
Notched leaf margins and internal holes. Damage consistent with chewing from leaf edge inward.,3,LOOPER_CATERPILLARS
Orange deposits visible on leaf underside. Slow spread. Surrounding tissue slightly yellow. Portions of leaf removed. Skeletonized areas on some leaves. Frass present nearby.,2,LEAF_RUST
Young flush with angular brown lesions at irregular positions. Rough raised texture at each wound centre.,4,MOSQUITO_BUG
Tender flush showing multiple angular brown raised lesions. Tips stunted. Scattered distribution on new growth. Fine stippling on upper surface. Some leaf curl. Could reflect feeding damage or other stress.,4,MOSQUITO_BUG
Brown necrosis expanding from tip and edges. More than half of some leaves showing blighted tissue.,0,LEAF_BLIGHT
Skeletonized patches where only the major veins remain intact. Leaf edges highly irregular from feeding. Browning from leaf tip progressing inward. Soft water-soaked appearance at active edge.,3,LOOPER_CATERPILLARS
Orange deposits visible on leaf underside. Slow spread. Surrounding tissue slightly yellow.,2,LEAF_RUST
Leaf bronzing with dense pale stippling from tip toward base. Brittle texture on older affected leaves. Orange-yellow spots on leaf surface. Powdery texture. Both leaf surfaces show discolouration.,1,LEAF_HOPPERS
Uniform whitish flecking on leaf blade. Leaves feel papery and dry. Lower canopy most affected.,1,LEAF_HOPPERS
Young flush with angular brown lesions at irregular positions. Rough raised texture at each wound centre. Rust-coloured patches on lower leaf. Upper surface pale above affected areas.,4,MOSQUITO_BUG
Brown patches on leaf margins. Tissue soft at edges. Worse in lower shaded canopy. Orange-yellow spots on leaf surface. Powdery texture. Both leaf surfaces show discolouration.,0,LEAF_BLIGHT
Orange-yellow spots on leaf surface. Powdery texture. Both leaf surfaces show discolouration.,2,LEAF_RUST
Tender leaves with rough brown patches and tip wilting. Scattered wound-like raised lesions throughout blade. Whitish flecks on leaf blade. Tip region most affected. Leaves feel dry.,4,MOSQUITO_BUG
Tender leaves with rough brown patches and tip wilting. Scattered wound-like raised lesions throughout blade.,4,MOSQUITO_BUG
Brown necrosis expanding from tip and edges. More than half of some leaves showing blighted tissue. Fine stippling on upper surface. Some leaf curl. Could reflect feeding damage or other stress.,0,LEAF_BLIGHT
Tender leaves with rough brown patches and tip wilting. Scattered wound-like raised lesions throughout blade. Browning from leaf tip progressing inward. Soft water-soaked appearance at active edge.,4,MOSQUITO_BUG
Rust-orange raised spots with powdery texture on lower leaf surface. Upper surface shows corresponding pale patches.,2,LEAF_RUST
Irregular brown blotches covering large portions of the leaf blade. Adjacent tissue appears water-soaked.,0,LEAF_BLIGHT
Irregular holes across leaf blade with ragged edges. Frass pellets visible on remaining tissue beneath.,3,LOOPER_CATERPILLARS
Leaf tissue missing in irregular patches. Ragged edges at margin. Origin not confirmed. Pale speckling on upper leaf surface. Margins slightly curled. Yellowing visible on some leaves.,3,LOOPER_CATERPILLARS
Dense orange-yellow pustule clusters on abaxial leaf surface. Surrounding tissue yellowing rapidly. Small angular marks on young leaves. Some tip wilting visible. Cause not immediately clear.,2,LEAF_RUST
Tender leaves with rough brown patches and tip wilting. Scattered wound-like raised lesions throughout blade.,4,MOSQUITO_BUG
Uniform whitish flecking on leaf blade. Leaves feel papery and dry. Lower canopy most affected. Necrotic areas on leaf blade. Margins discoloured. Spreading under humid conditions.,1,LEAF_HOPPERS
Dense orange-yellow pustule clusters on abaxial leaf surface. Surrounding tissue yellowing rapidly.,2,LEAF_RUST
Orange deposits visible on leaf underside. Slow spread. Surrounding tissue slightly yellow. Pale speckling on upper leaf surface. Margins slightly curled. Yellowing visible on some leaves.,2,LEAF_RUST
Brown spots on new foliage. Raised texture at lesion centres. Shoot tips look unhealthy. Fine stippling on upper surface. Some leaf curl. Could reflect feeding damage or other stress.,4,MOSQUITO_BUG
Irregular brown blotches covering large portions of the leaf blade. Adjacent tissue appears water-soaked. Whitish flecks on leaf blade. Tip region most affected. Leaves feel dry.,0,LEAF_BLIGHT
Small angular marks on young leaves. Some tip wilting visible. Cause not immediately clear. Whitish flecks on leaf blade. Tip region most affected. Leaves feel dry.,4,MOSQUITO_BUG
Large irregularly shaped brown areas on leaf blade. Margin tissue soft and disintegrating under moisture. Whitish flecks on leaf blade. Tip region most affected. Leaves feel dry.,0,LEAF_BLIGHT
Skeletonized patches where only the major veins remain intact. Leaf edges highly irregular from feeding.,3,LOOPER_CATERPILLARS
Dense orange-yellow pustule clusters on abaxial leaf surface. Surrounding tissue yellowing rapidly.,2,LEAF_RUST
Upper leaf surface stripped away in patches. Veins exposed. Frass pellets and silk webbing visible nearby.,3,LOOPER_CATERPILLARS
Yellow-orange raised pustules in irregular groups on leaf underside. Upper surface pale yellow above each cluster.,2,LEAF_RUST
Fine white speckling uniformly distributed on upper leaf. Margins rolling and yellowing. Raised lesions on tender flush. Scattered distribution. Tips show some dieback.,1,LEAF_HOPPERS
Portions of leaf removed. Skeletonized areas on some leaves. Frass present nearby. Necrotic areas on leaf blade. Margins discoloured. Spreading under humid conditions.,3,LOOPER_CATERPILLARS
Portions of leaf removed. Skeletonized areas on some leaves. Frass present nearby.,3,LOOPER_CATERPILLARS
Tender leaves with rough brown patches and tip wilting. Scattered wound-like raised lesions throughout blade.,4,MOSQUITO_BUG
Fine white speckling uniformly distributed on upper leaf. Margins rolling and yellowing.,1,LEAF_HOPPERS
New growth showing shoot dieback with scattered corky raised spots. Pale outer ring around each lesion. Whitish flecks on leaf blade. Tip region most affected. Leaves feel dry.,4,MOSQUITO_BUG
Yellow-orange raised pustules in irregular groups on leaf underside. Upper surface pale yellow above each cluster. Browning from leaf tip progressing inward. Soft water-soaked appearance at active edge.,2,LEAF_RUST
Young shoots with multiple stipple-like raised spots and tip wilting. Lesion centres sunken and darkened.,4,MOSQUITO_BUG
Brown patches on leaf margins. Tissue soft at edges. Worse in lower shaded canopy. Holes and torn edges on leaf blade. Some veins exposed. Frass visible below.,0,LEAF_BLIGHT
Raised angular marks on expanding leaves. Shoot tips bent and discoloured. Lesions not along veins. Portions of leaf removed. Skeletonized areas on some leaves. Frass present nearby.,4,MOSQUITO_BUG
Large irregularly shaped brown areas on leaf blade. Margin tissue soft and disintegrating under moisture. Leaf tissue missing in irregular patches. Ragged edges at margin. Origin not confirmed.,0,LEAF_BLIGHT
Orange-yellow spots on leaf surface. Powdery texture. Both leaf surfaces show discolouration.,2,LEAF_RUST
Leaf tips turning yellow-white with fine pale speckling. Leaf curl on newly emerged growth. Rust-coloured patches on lower leaf. Upper surface pale above affected areas.,1,LEAF_HOPPERS
Yellow-orange raised pustules in irregular groups on leaf underside. Upper surface pale yellow above each cluster.,2,LEAF_RUST
Leaf bronzing with dense pale stippling from tip toward base. Brittle texture on older affected leaves. Raised lesions on tender flush. Scattered distribution. Tips show some dieback.,1,LEAF_HOPPERS
Brown spots on new foliage. Raised texture at lesion centres. Shoot tips look unhealthy.,4,MOSQUITO_BUG
Yellow-orange raised pustules in irregular groups on leaf underside. Upper surface pale yellow above each cluster. Necrotic areas on leaf blade. Margins discoloured. Spreading under humid conditions.,2,LEAF_RUST
Brown patches on leaf margins. Tissue soft at edges. Worse in lower shaded canopy. Brown spots on new foliage. Raised texture at lesion centres. Shoot tips look unhealthy.,0,LEAF_BLIGHT
Browning from leaf tip progressing inward. Soft water-soaked appearance at active edge.,0,LEAF_BLIGHT
Notched leaf margins and internal holes. Damage consistent with chewing from leaf edge inward.,3,LOOPER_CATERPILLARS
Yellow-orange raised pustules in irregular groups on leaf underside. Upper surface pale yellow above each cluster. Fine stippling on upper surface. Some leaf curl. Could reflect feeding damage or other stress.,2,LEAF_RUST
Defoliated patches with only coarse veins remaining. Fine frass scattered on leaves beneath affected area.,3,LOOPER_CATERPILLARS
Leaf tips turning yellow-white with fine pale speckling. Leaf curl on newly emerged growth.,1,LEAF_HOPPERS
Rust-coloured spore masses on abaxial surface. Upper leaf shows yellow-orange chlorotic spots above each pustule. Raised lesions on tender flush. Scattered distribution. Tips show some dieback.,2,LEAF_RUST
Upper leaf surface stripped away in patches. Veins exposed. Frass pellets and silk webbing visible nearby. Orange deposits visible on leaf underside. Slow spread. Surrounding tissue slightly yellow.,3,LOOPER_CATERPILLARS
Leaf tissue missing in irregular patches. Ragged edges at margin. Origin not confirmed. Whitish flecks on leaf blade. Tip region most affected. Leaves feel dry.,3,LOOPER_CATERPILLARS
Dark necrotic patches with pale yellow borders appearing on lower canopy leaves. Soft texture at active edge.,0,LEAF_BLIGHT
Brown patches on leaf margins. Tissue soft at edges. Worse in lower shaded canopy. Brown spots on new foliage. Raised texture at lesion centres. Shoot tips look unhealthy.,0,LEAF_BLIGHT
Leaf lamina partially consumed leaving midrib and major veins. Feeding damage across multiple leaves in canopy. Raised lesions on tender flush. Scattered distribution. Tips show some dieback.,3,LOOPER_CATERPILLARS
Brown necrosis expanding from tip and edges. More than half of some leaves showing blighted tissue. Rust-coloured patches on lower leaf. Upper surface pale above affected areas.,0,LEAF_BLIGHT
Bright orange urediniospore pustules scattered on underside of leaves. Spores dust off when touched.,2,LEAF_RUST
Defoliated patches with only coarse veins remaining. Fine frass scattered on leaves beneath affected area.,3,LOOPER_CATERPILLARS
Irregular holes across leaf blade with ragged edges. Frass pellets visible on remaining tissue beneath. Orange deposits visible on leaf underside. Slow spread. Surrounding tissue slightly yellow.,3,LOOPER_CATERPILLARS
Whitish flecks on leaf blade. Tip region most affected. Leaves feel dry. Rust-coloured patches on lower leaf. Upper surface pale above affected areas.,1,LEAF_HOPPERS
Leaf tissue turning brown from edges inward. Water-soaked translucent border at leading edge of lesion. Portions of leaf removed. Skeletonized areas on some leaves. Frass present nearby.,0,LEAF_BLIGHT
Young shoots with multiple stipple-like raised spots and tip wilting. Lesion centres sunken and darkened.,4,MOSQUITO_BUG
Rough corky raised spots on newly emerged leaves. Tips curled and discoloured. Lesions individually spaced. Whitish flecks on leaf blade. Tip region most affected. Leaves feel dry.,4,MOSQUITO_BUG
Rust-coloured patches on lower leaf. Upper surface pale above affected areas. Fine stippling on upper surface. Some leaf curl. Could reflect feeding damage or other stress.,2,LEAF_RUST
New growth showing shoot dieback with scattered corky raised spots. Pale outer ring around each lesion. Brown patches on leaf margins. Tissue soft at edges. Worse in lower shaded canopy.,4,MOSQUITO_BUG
Young shoots with multiple stipple-like raised spots and tip wilting. Lesion centres sunken and darkened. Brown patches on leaf margins. Tissue soft at edges. Worse in lower shaded canopy.,4,MOSQUITO_BUG
Notched leaf margins and internal holes. Damage consistent with chewing from leaf edge inward. Raised lesions on tender flush. Scattered distribution. Tips show some dieback.,3,LOOPER_CATERPILLARS
Rust-coloured patches on lower leaf. Upper surface pale above affected areas. Raised lesions on tender flush. Scattered distribution. Tips show some dieback.,2,LEAF_RUST
Notched leaf margins and internal holes. Damage consistent with chewing from leaf edge inward. Brown patches on leaf margins. Tissue soft at edges. Worse in lower shaded canopy.,3,LOOPER_CATERPILLARS
Extensive leaf tissue loss with ragged torn edges. Multiple feeding sites across several adjacent leaves.,3,LOOPER_CATERPILLARS
Rust-coloured spore masses on abaxial surface. Upper leaf shows yellow-orange chlorotic spots above each pustule.,2,LEAF_RUST
Tender flush showing multiple angular brown raised lesions. Tips stunted. Scattered distribution on new growth. Orange deposits visible on leaf underside. Slow spread. Surrounding tissue slightly yellow.,4,MOSQUITO_BUG
Tender flush showing multiple angular brown raised lesions. Tips stunted. Scattered distribution on new growth.,4,MOSQUITO_BUG
Brown water-soaked lesions spreading inward from leaf margins. Tissue collapses rapidly under humid conditions. Small angular marks on young leaves. Some tip wilting visible. Cause not immediately clear.,0,LEAF_BLIGHT
Upper leaf surface stripped away in patches. Veins exposed. Frass pellets and silk webbing visible nearby. Pale speckling on upper leaf surface. Margins slightly curled. Yellowing visible on some leaves.,3,LOOPER_CATERPILLARS
Raised angular marks on expanding leaves. Shoot tips bent and discoloured. Lesions not along veins. Fine stippling on upper surface. Some leaf curl. Could reflect feeding damage or other stress.,4,MOSQUITO_BUG
Tender leaves with rough brown patches and tip wilting. Scattered wound-like raised lesions throughout blade. Browning from leaf tip progressing inward. Soft water-soaked appearance at active edge.,4,MOSQUITO_BUG
Blighted areas beginning at leaf tip and progressing along margins. Entire leaf browning in advanced cases. Fine stippling on upper surface. Some leaf curl. Could reflect feeding damage or other stress.,0,LEAF_BLIGHT
Uniform whitish flecking on leaf blade. Leaves feel papery and dry. Lower canopy most affected.,1,LEAF_HOPPERS
Leaf lamina partially consumed leaving midrib and major veins. Feeding damage across multiple leaves in canopy. Pale speckling on upper leaf surface. Margins slightly curled. Yellowing visible on some leaves.,3,LOOPER_CATERPILLARS
Browning from leaf tip progressing inward. Soft water-soaked appearance at active edge.,0,LEAF_BLIGHT
Irregular brown blotches covering large portions of the leaf blade. Adjacent tissue appears water-soaked. Leaf tissue missing in irregular patches. Ragged edges at margin. Origin not confirmed.,0,LEAF_BLIGHT
Blighted areas beginning at leaf tip and progressing along margins. Entire leaf browning in advanced cases. Brown spots on new foliage. Raised texture at lesion centres. Shoot tips look unhealthy.,0,LEAF_BLIGHT
Fine white speckling uniformly distributed on upper leaf. Margins rolling and yellowing. Small angular marks on young leaves. Some tip wilting visible. Cause not immediately clear.,1,LEAF_HOPPERS
Irregular holes across leaf blade with ragged edges. Frass pellets visible on remaining tissue beneath.,3,LOOPER_CATERPILLARS
Necrotic tan-brown patches with a darker outer ring. Spreads rapidly in moist dense canopy sections.,0,LEAF_BLIGHT
Pale stippling pattern across upper leaf surface. Leaf margins curling upward. Colour fading to pale yellow.,1,LEAF_HOPPERS
Necrotic areas on leaf blade. Margins discoloured. Spreading under humid conditions. Whitish flecks on leaf blade. Tip region most affected. Leaves feel dry.,0,LEAF_BLIGHT
Bright orange urediniospore pustules scattered on underside of leaves. Spores dust off when touched.,2,LEAF_RUST
Small circular orange-rust coloured spots on adaxial surface. Powdery spore deposits on abaxial side. Fine stippling on upper surface. Some leaf curl. Could reflect feeding damage or other stress.,2,LEAF_RUST
Orange pustules coalescing on lower leaf surface. Leaves yellowing and dropping in severely affected patches.,2,LEAF_RUST
Raised angular marks on expanding leaves. Shoot tips bent and discoloured. Lesions not along veins. Necrotic areas on leaf blade. Margins discoloured. Spreading under humid conditions.,4,MOSQUITO_BUG
New growth showing shoot dieback with scattered corky raised spots. Pale outer ring around each lesion.,4,MOSQUITO_BUG
Tender leaves with rough brown patches and tip wilting. Scattered wound-like raised lesions throughout blade.,4,MOSQUITO_BUG
Large irregular sections of leaf tissue removed. Frass deposits and silk threads present near damage sites.,3,LOOPER_CATERPILLARS
Brown spots on new foliage. Raised texture at lesion centres. Shoot tips look unhealthy.,4,MOSQUITO_BUG
Pale stippling pattern across upper leaf surface. Leaf margins curling upward. Colour fading to pale yellow. Rust-coloured patches on lower leaf. Upper surface pale above affected areas.,1,LEAF_HOPPERS
Portions of leaf removed. Skeletonized areas on some leaves. Frass present nearby. Whitish flecks on leaf blade. Tip region most affected. Leaves feel dry.,3,LOOPER_CATERPILLARS
Browning from leaf tip progressing inward. Soft water-soaked appearance at active edge. Brown spots on new foliage. Raised texture at lesion centres. Shoot tips look unhealthy.,0,LEAF_BLIGHT
Tender flush showing multiple angular brown raised lesions. Tips stunted. Scattered distribution on new growth. Holes and torn edges on leaf blade. Some veins exposed. Frass visible below.,4,MOSQUITO_BUG
Raised angular marks on expanding leaves. Shoot tips bent and discoloured. Lesions not along veins. Rust-coloured patches on lower leaf. Upper surface pale above affected areas.,4,MOSQUITO_BUG
Holes and torn edges on leaf blade. Some veins exposed. Frass visible below.,3,LOOPER_CATERPILLARS
Leaf tissue missing in irregular patches. Ragged edges at margin. Origin not confirmed.,3,LOOPER_CATERPILLARS
Small circular orange-rust coloured spots on adaxial surface. Powdery spore deposits on abaxial side. Leaf tissue missing in irregular patches. Ragged edges at margin. Origin not confirmed.,2,LEAF_RUST
Brown necrosis expanding from tip and edges. More than half of some leaves showing blighted tissue. Whitish flecks on leaf blade. Tip region most affected. Leaves feel dry.,0,LEAF_BLIGHT
Orange-yellow spots on leaf surface. Powdery texture. Both leaf surfaces show discolouration. Leaf tissue missing in irregular patches. Ragged edges at margin. Origin not confirmed.,2,LEAF_RUST
Leaf lamina partially consumed leaving midrib and major veins. Feeding damage across multiple leaves in canopy. Browning from leaf tip progressing inward. Soft water-soaked appearance at active edge.,3,LOOPER_CATERPILLARS
Irregular brown blotches covering large portions of the leaf blade. Adjacent tissue appears water-soaked.,0,LEAF_BLIGHT
Leaf tips turning yellow-white with fine pale speckling. Leaf curl on newly emerged growth. Rust-coloured patches on lower leaf. Upper surface pale above affected areas.,1,LEAF_HOPPERS
Young shoots with multiple stipple-like raised spots and tip wilting. Lesion centres sunken and darkened. Fine stippling on upper surface. Some leaf curl. Could reflect feeding damage or other stress.,4,MOSQUITO_BUG
Browning from leaf tip progressing inward. Soft water-soaked appearance at active edge. Orange-yellow spots on leaf surface. Powdery texture. Both leaf surfaces show discolouration.,0,LEAF_BLIGHT
Orange-yellow powdery pustules on lower leaf surface. Corresponding pale spots visible on upper surface. Necrotic areas on leaf blade. Margins discoloured. Spreading under humid conditions.,2,LEAF_RUST
Orange-yellow powdery pustules on lower leaf surface. Corresponding pale spots visible on upper surface.,2,LEAF_RUST
Holes and torn edges on leaf blade. Some veins exposed. Frass visible below. Brown patches on leaf margins. Tissue soft at edges. Worse in lower shaded canopy.,3,LOOPER_CATERPILLARS
New growth showing shoot dieback with scattered corky raised spots. Pale outer ring around each lesion. Orange deposits visible on leaf underside. Slow spread. Surrounding tissue slightly yellow.,4,MOSQUITO_BUG
Yellowing and bronzing of leaves with fine speckled texture on upper surface. Curled margins visible.,1,LEAF_HOPPERS
Holes and torn edges on leaf blade. Some veins exposed. Frass visible below.,3,LOOPER_CATERPILLARS
Leaf tissue missing in irregular patches. Ragged edges at margin. Origin not confirmed. Brown spots on new foliage. Raised texture at lesion centres. Shoot tips look unhealthy.,3,LOOPER_CATERPILLARS
Small angular marks on young leaves. Some tip wilting visible. Cause not immediately clear.,4,MOSQUITO_BUG
Necrotic tan-brown patches with a darker outer ring. Spreads rapidly in moist dense canopy sections. Leaf tissue missing in irregular patches. Ragged edges at margin. Origin not confirmed.,0,LEAF_BLIGHT
Uniform whitish flecking on leaf blade. Leaves feel papery and dry. Lower canopy most affected.,1,LEAF_HOPPERS
Leaf tissue turning brown from edges inward. Water-soaked translucent border at leading edge of lesion. Rust-coloured patches on lower leaf. Upper surface pale above affected areas.,0,LEAF_BLIGHT
Young flush with angular brown lesions at irregular positions. Rough raised texture at each wound centre. Brown patches on leaf margins. Tissue soft at edges. Worse in lower shaded canopy.,4,MOSQUITO_BUG
Irregular holes across leaf blade with ragged edges. Frass pellets visible on remaining tissue beneath.,3,LOOPER_CATERPILLARS
Orange-yellow spots on leaf surface. Powdery texture. Both leaf surfaces show discolouration.,2,LEAF_RUST
Whitish flecks on leaf blade. Tip region most affected. Leaves feel dry.,1,LEAF_HOPPERS
Uniform whitish flecking on leaf blade. Leaves feel papery and dry. Lower canopy most affected. Orange-yellow spots on leaf surface. Powdery texture. Both leaf surfaces show discolouration.,1,LEAF_HOPPERS
Tender flush showing multiple angular brown raised lesions. Tips stunted. Scattered distribution on new growth.,4,MOSQUITO_BUG
Leaf lamina partially consumed leaving midrib and major veins. Feeding damage across multiple leaves in canopy. Necrotic areas on leaf blade. Margins discoloured. Spreading under humid conditions.,3,LOOPER_CATERPILLARS
Bright orange urediniospore pustules scattered on underside of leaves. Spores dust off when touched.,2,LEAF_RUST
Large irregular sections of leaf tissue removed. Frass deposits and silk threads present near damage sites.,3,LOOPER_CATERPILLARS
Leaf tips turning yellow-white with fine pale speckling. Leaf curl on newly emerged growth. Brown patches on leaf margins. Tissue soft at edges. Worse in lower shaded canopy.,1,LEAF_HOPPERS
Brown patches on leaf margins. Tissue soft at edges. Worse in lower shaded canopy.,0,LEAF_BLIGHT
New growth showing shoot dieback with scattered corky raised spots. Pale outer ring around each lesion. Leaf tissue missing in irregular patches. Ragged edges at margin. Origin not confirmed.,4,MOSQUITO_BUG
Necrotic tan-brown patches with a darker outer ring. Spreads rapidly in moist dense canopy sections. Raised lesions on tender flush. Scattered distribution. Tips show some dieback.,0,LEAF_BLIGHT
Large irregularly shaped brown areas on leaf blade. Margin tissue soft and disintegrating under moisture. Raised lesions on tender flush. Scattered distribution. Tips show some dieback.,0,LEAF_BLIGHT
Defoliated patches with only coarse veins remaining. Fine frass scattered on leaves beneath affected area.,3,LOOPER_CATERPILLARS
Blighted areas beginning at leaf tip and progressing along margins. Entire leaf browning in advanced cases.,0,LEAF_BLIGHT
Brown spots on new foliage. Raised texture at lesion centres. Shoot tips look unhealthy. Portions of leaf removed. Skeletonized areas on some leaves. Frass present nearby.,4,MOSQUITO_BUG
Notched leaf margins and internal holes. Damage consistent with chewing from leaf edge inward. Rust-coloured patches on lower leaf. Upper surface pale above affected areas.,3,LOOPER_CATERPILLARS
Pale stippling pattern across upper leaf surface. Leaf margins curling upward. Colour fading to pale yellow.,1,LEAF_HOPPERS
Pale speckling on upper leaf surface. Margins slightly curled. Yellowing visible on some leaves. Orange deposits visible on leaf underside. Slow spread. Surrounding tissue slightly yellow.,1,LEAF_HOPPERS
Bright orange urediniospore pustules scattered on underside of leaves. Spores dust off when touched. Necrotic areas on leaf blade. Margins discoloured. Spreading under humid conditions.,2,LEAF_RUST
Rust-orange raised spots with powdery texture on lower leaf surface. Upper surface shows corresponding pale patches.,2,LEAF_RUST
Pale stippling pattern across upper leaf surface. Leaf margins curling upward. Colour fading to pale yellow.,1,LEAF_HOPPERS
New growth showing shoot dieback with scattered corky raised spots. Pale outer ring around each lesion. Holes and torn edges on leaf blade. Some veins exposed. Frass visible below.,4,MOSQUITO_BUG
Fine stippling on upper surface. Some leaf curl. Could reflect feeding damage or other stress. Small angular marks on young leaves. Some tip wilting visible. Cause not immediately clear.,1,LEAF_HOPPERS
Tender flush showing multiple angular brown raised lesions. Tips stunted. Scattered distribution on new growth.,4,MOSQUITO_BUG
Orange-yellow spots on leaf surface. Powdery texture. Both leaf surfaces show discolouration.,2,LEAF_RUST
Notched leaf margins and internal holes. Damage consistent with chewing from leaf edge inward. Orange-yellow spots on leaf surface. Powdery texture. Both leaf surfaces show discolouration.,3,LOOPER_CATERPILLARS
Tender flush showing multiple angular brown raised lesions. Tips stunted. Scattered distribution on new growth. Rust-coloured patches on lower leaf. Upper surface pale above affected areas.,4,MOSQUITO_BUG
Brown water-soaked lesions spreading inward from leaf margins. Tissue collapses rapidly under humid conditions. Whitish flecks on leaf blade. Tip region most affected. Leaves feel dry.,0,LEAF_BLIGHT
Tender leaves with rough brown patches and tip wilting. Scattered wound-like raised lesions throughout blade. Fine stippling on upper surface. Some leaf curl. Could reflect feeding damage or other stress.,4,MOSQUITO_BUG
Bright orange urediniospore pustules scattered on underside of leaves. Spores dust off when touched. Brown spots on new foliage. Raised texture at lesion centres. Shoot tips look unhealthy.,2,LEAF_RUST
Rust-orange raised spots with powdery texture on lower leaf surface. Upper surface shows corresponding pale patches. Brown spots on new foliage. Raised texture at lesion centres. Shoot tips look unhealthy.,2,LEAF_RUST
Portions of leaf removed. Skeletonized areas on some leaves. Frass present nearby. Brown patches on leaf margins. Tissue soft at edges. Worse in lower shaded canopy.,3,LOOPER_CATERPILLARS
Holes and torn edges on leaf blade. Some veins exposed. Frass visible below.,3,LOOPER_CATERPILLARS
Irregular brown blotches covering large portions of the leaf blade. Adjacent tissue appears water-soaked. Brown spots on new foliage. Raised texture at lesion centres. Shoot tips look unhealthy.,0,LEAF_BLIGHT
Small angular marks on young leaves. Some tip wilting visible. Cause not immediately clear. Orange deposits visible on leaf underside. Slow spread. Surrounding tissue slightly yellow.,4,MOSQUITO_BUG
Rust-coloured patches on lower leaf. Upper surface pale above affected areas.,2,LEAF_RUST
Large irregularly shaped brown areas on leaf blade. Margin tissue soft and disintegrating under moisture. Small angular marks on young leaves. Some tip wilting visible. Cause not immediately clear.,0,LEAF_BLIGHT
Small circular orange-rust coloured spots on adaxial surface. Powdery spore deposits on abaxial side. Whitish flecks on leaf blade. Tip region most affected. Leaves feel dry.,2,LEAF_RUST
Rust-coloured spore masses on abaxial surface. Upper leaf shows yellow-orange chlorotic spots above each pustule.,2,LEAF_RUST
Fine stippling on upper surface. Some leaf curl. Could reflect feeding damage or other stress.,1,LEAF_HOPPERS
New growth showing shoot dieback with scattered corky raised spots. Pale outer ring around each lesion. Orange-yellow spots on leaf surface. Powdery texture. Both leaf surfaces show discolouration.,4,MOSQUITO_BUG
Leaf tissue missing in irregular patches. Ragged edges at margin. Origin not confirmed. Whitish flecks on leaf blade. Tip region most affected. Leaves feel dry.,3,LOOPER_CATERPILLARS
Leaf bronzing with dense pale stippling from tip toward base. Brittle texture on older affected leaves. Portions of leaf removed. Skeletonized areas on some leaves. Frass present nearby.,1,LEAF_HOPPERS
Irregular holes across leaf blade with ragged edges. Frass pellets visible on remaining tissue beneath. Browning from leaf tip progressing inward. Soft water-soaked appearance at active edge.,3,LOOPER_CATERPILLARS
Yellow-orange raised pustules in irregular groups on leaf underside. Upper surface pale yellow above each cluster. Raised lesions on tender flush. Scattered distribution. Tips show some dieback.,2,LEAF_RUST
New growth showing shoot dieback with scattered corky raised spots. Pale outer ring around each lesion. Portions of leaf removed. Skeletonized areas on some leaves. Frass present nearby.,4,MOSQUITO_BUG
Multiple small raised necrotic spots on tender shoots. Each spot has a sunken dark centre. Tips wilted.,4,MOSQUITO_BUG
Leaf tissue turning brown from edges inward. Water-soaked translucent border at leading edge of lesion.,0,LEAF_BLIGHT
Small angular marks on young leaves. Some tip wilting visible. Cause not immediately clear. Browning from leaf tip progressing inward. Soft water-soaked appearance at active edge.,4,MOSQUITO_BUG
Orange deposits visible on leaf underside. Slow spread. Surrounding tissue slightly yellow. Holes and torn edges on leaf blade. Some veins exposed. Frass visible below.,2,LEAF_RUST
Extensive leaf tissue loss with ragged torn edges. Multiple feeding sites across several adjacent leaves. Rust-coloured patches on lower leaf. Upper surface pale above affected areas.,3,LOOPER_CATERPILLARS
Leaf tips turning yellow-white with fine pale speckling. Leaf curl on newly emerged growth.,1,LEAF_HOPPERS
Orange deposits visible on leaf underside. Slow spread. Surrounding tissue slightly yellow. Pale speckling on upper leaf surface. Margins slightly curled. Yellowing visible on some leaves.,2,LEAF_RUST
Leaf lamina partially consumed leaving midrib and major veins. Feeding damage across multiple leaves in canopy.,3,LOOPER_CATERPILLARS
Leaf bronzing with dense pale stippling from tip toward base. Brittle texture on older affected leaves.,1,LEAF_HOPPERS
Uniform whitish flecking on leaf blade. Leaves feel papery and dry. Lower canopy most affected. Browning from leaf tip progressing inward. Soft water-soaked appearance at active edge.,1,LEAF_HOPPERS
Leaf tissue turning brown from edges inward. Water-soaked translucent border at leading edge of lesion.,0,LEAF_BLIGHT
Blighted areas beginning at leaf tip and progressing along margins. Entire leaf browning in advanced cases. Holes and torn edges on leaf blade. Some veins exposed. Frass visible below.,0,LEAF_BLIGHT
Notched leaf margins and internal holes. Damage consistent with chewing from leaf edge inward. Pale speckling on upper leaf surface. Margins slightly curled. Yellowing visible on some leaves.,3,LOOPER_CATERPILLARS
Multiple small raised necrotic spots on tender shoots. Each spot has a sunken dark centre. Tips wilted.,4,MOSQUITO_BUG
Rust-orange raised spots with powdery texture on lower leaf surface. Upper surface shows corresponding pale patches. Pale speckling on upper leaf surface. Margins slightly curled. Yellowing visible on some leaves.,2,LEAF_RUST
Portions of leaf removed. Skeletonized areas on some leaves. Frass present nearby.,3,LOOPER_CATERPILLARS
Tip burn on young leaves with pale stippled damage spreading toward mid-leaf. Veins still green. Brown spots on new foliage. Raised texture at lesion centres. Shoot tips look unhealthy.,1,LEAF_HOPPERS
Bleached stippling across leaf surface. Leaves brittle and discoloured. Tip dieback in severe cases.,1,LEAF_HOPPERS
Young shoots with multiple stipple-like raised spots and tip wilting. Lesion centres sunken and darkened. Portions of leaf removed. Skeletonized areas on some leaves. Frass present nearby.,4,MOSQUITO_BUG
Orange deposits visible on leaf underside. Slow spread. Surrounding tissue slightly yellow.,2,LEAF_RUST
Skeletonized patches where only the major veins remain intact. Leaf edges highly irregular from feeding. Small angular marks on young leaves. Some tip wilting visible. Cause not immediately clear.,3,LOOPER_CATERPILLARS
Yellow-orange raised pustules in irregular groups on leaf underside. Upper surface pale yellow above each cluster.,2,LEAF_RUST
Rough corky raised spots on newly emerged leaves. Tips curled and discoloured. Lesions individually spaced.,4,MOSQUITO_BUG
Young flush with angular brown lesions at irregular positions. Rough raised texture at each wound centre. Portions of leaf removed. Skeletonized areas on some leaves. Frass present nearby.,4,MOSQUITO_BUG
Necrotic areas on leaf blade. Margins discoloured. Spreading under humid conditions.,0,LEAF_BLIGHT
Rough corky raised spots on newly emerged leaves. Tips curled and discoloured. Lesions individually spaced. Browning from leaf tip progressing inward. Soft water-soaked appearance at active edge.,4,MOSQUITO_BUG
Brown patches on leaf margins. Tissue soft at edges. Worse in lower shaded canopy.,0,LEAF_BLIGHT
Fine stippling on upper surface. Some leaf curl. Could reflect feeding damage or other stress.,1,LEAF_HOPPERS
Rust-coloured patches on lower leaf. Upper surface pale above affected areas.,2,LEAF_RUST
Yellowing and bronzing of leaves with fine speckled texture on upper surface. Curled margins visible. Necrotic areas on leaf blade. Margins discoloured. Spreading under humid conditions.,1,LEAF_HOPPERS
Leaf bronzing with dense pale stippling from tip toward base. Brittle texture on older affected leaves. Holes and torn edges on leaf blade. Some veins exposed. Frass visible below.,1,LEAF_HOPPERS
Fine white speckling uniformly distributed on upper leaf. Margins rolling and yellowing.,1,LEAF_HOPPERS
Fine stippling on upper surface. Some leaf curl. Could reflect feeding damage or other stress.,1,LEAF_HOPPERS
Whitish flecks on leaf blade. Tip region most affected. Leaves feel dry. Orange deposits visible on leaf underside. Slow spread. Surrounding tissue slightly yellow.,1,LEAF_HOPPERS
Raised lesions on tender flush. Scattered distribution. Tips show some dieback.,4,MOSQUITO_BUG
Tip burn on young leaves with pale stippled damage spreading toward mid-leaf. Veins still green. Browning from leaf tip progressing inward. Soft water-soaked appearance at active edge.,1,LEAF_HOPPERS
Raised angular marks on expanding leaves. Shoot tips bent and discoloured. Lesions not along veins.,4,MOSQUITO_BUG
New growth showing shoot dieback with scattered corky raised spots. Pale outer ring around each lesion.,4,MOSQUITO_BUG
Raised lesions on tender flush. Scattered distribution. Tips show some dieback. Fine stippling on upper surface. Some leaf curl. Could reflect feeding damage or other stress.,4,MOSQUITO_BUG
Raised angular marks on expanding leaves. Shoot tips bent and discoloured. Lesions not along veins.,4,MOSQUITO_BUG
Necrotic areas on leaf blade. Margins discoloured. Spreading under humid conditions.,0,LEAF_BLIGHT
Necrotic tan-brown patches with a darker outer ring. Spreads rapidly in moist dense canopy sections. Small angular marks on young leaves. Some tip wilting visible. Cause not immediately clear.,0,LEAF_BLIGHT
Tender leaves with rough brown patches and tip wilting. Scattered wound-like raised lesions throughout blade. Leaf tissue missing in irregular patches. Ragged edges at margin. Origin not confirmed.,4,MOSQUITO_BUG
Pale stippling pattern across upper leaf surface. Leaf margins curling upward. Colour fading to pale yellow. Orange-yellow spots on leaf surface. Powdery texture. Both leaf surfaces show discolouration.,1,LEAF_HOPPERS
Rust-coloured patches on lower leaf. Upper surface pale above affected areas.,2,LEAF_RUST
Extensive leaf tissue loss with ragged torn edges. Multiple feeding sites across several adjacent leaves. Raised lesions on tender flush. Scattered distribution. Tips show some dieback.,3,LOOPER_CATERPILLARS
Bleached stippling across leaf surface. Leaves brittle and discoloured. Tip dieback in severe cases.,1,LEAF_HOPPERS
Orange pustules coalescing on lower leaf surface. Leaves yellowing and dropping in severely affected patches.,2,LEAF_RUST
Pale stippling pattern across upper leaf surface. Leaf margins curling upward. Colour fading to pale yellow.,1,LEAF_HOPPERS
Bright orange urediniospore pustules scattered on underside of leaves. Spores dust off when touched. Brown patches on leaf margins. Tissue soft at edges. Worse in lower shaded canopy.,2,LEAF_RUST
Skeletonized patches where only the major veins remain intact. Leaf edges highly irregular from feeding. Fine stippling on upper surface. Some leaf curl. Could reflect feeding damage or other stress.,3,LOOPER_CATERPILLARS
Yellow-orange raised pustules in irregular groups on leaf underside. Upper surface pale yellow above each cluster. Leaf tissue missing in irregular patches. Ragged edges at margin. Origin not confirmed.,2,LEAF_RUST
Holes and torn edges on leaf blade. Some veins exposed. Frass visible below. Rust-coloured patches on lower leaf. Upper surface pale above affected areas.,3,LOOPER_CATERPILLARS
New growth showing shoot dieback with scattered corky raised spots. Pale outer ring around each lesion.,4,MOSQUITO_BUG
Small circular orange-rust coloured spots on adaxial surface. Powdery spore deposits on abaxial side. Browning from leaf tip progressing inward. Soft water-soaked appearance at active edge.,2,LEAF_RUST
Brown necrosis expanding from tip and edges. More than half of some leaves showing blighted tissue. Orange deposits visible on leaf underside. Slow spread. Surrounding tissue slightly yellow.,0,LEAF_BLIGHT
Orange pustules coalescing on lower leaf surface. Leaves yellowing and dropping in severely affected patches.,2,LEAF_RUST
Orange deposits visible on leaf underside. Slow spread. Surrounding tissue slightly yellow. Necrotic areas on leaf blade. Margins discoloured. Spreading under humid conditions.,2,LEAF_RUST
Multiple small raised necrotic spots on tender shoots. Each spot has a sunken dark centre. Tips wilted. Orange deposits visible on leaf underside. Slow spread. Surrounding tissue slightly yellow.,4,MOSQUITO_BUG
Rust-coloured spore masses on abaxial surface. Upper leaf shows yellow-orange chlorotic spots above each pustule. Small angular marks on young leaves. Some tip wilting visible. Cause not immediately clear.,2,LEAF_RUST
Necrotic areas on leaf blade. Margins discoloured. Spreading under humid conditions. Small angular marks on young leaves. Some tip wilting visible. Cause not immediately clear.,0,LEAF_BLIGHT
Leaf tissue turning brown from edges inward. Water-soaked translucent border at leading edge of lesion.,0,LEAF_BLIGHT
Upper leaf surface stripped away in patches. Veins exposed. Frass pellets and silk webbing visible nearby. Rust-coloured patches on lower leaf. Upper surface pale above affected areas.,3,LOOPER_CATERPILLARS
Fine white speckling uniformly distributed on upper leaf. Margins rolling and yellowing.,1,LEAF_HOPPERS
Orange-yellow powdery pustules on lower leaf surface. Corresponding pale spots visible on upper surface.,2,LEAF_RUST
Defoliated patches with only coarse veins remaining. Fine frass scattered on leaves beneath affected area. Whitish flecks on leaf blade. Tip region most affected. Leaves feel dry.,3,LOOPER_CATERPILLARS
Tender flush showing multiple angular brown raised lesions. Tips stunted. Scattered distribution on new growth. Portions of leaf removed. Skeletonized areas on some leaves. Frass present nearby.,4,MOSQUITO_BUG
Browning from leaf tip progressing inward. Soft water-soaked appearance at active edge. Orange-yellow spots on leaf surface. Powdery texture. Both leaf surfaces show discolouration.,0,LEAF_BLIGHT
Fine white speckling uniformly distributed on upper leaf. Margins rolling and yellowing. Necrotic areas on leaf blade. Margins discoloured. Spreading under humid conditions.,1,LEAF_HOPPERS
Large irregular sections of leaf tissue removed. Frass deposits and silk threads present near damage sites. Browning from leaf tip progressing inward. Soft water-soaked appearance at active edge.,3,LOOPER_CATERPILLARS
Small angular marks on young leaves. Some tip wilting visible. Cause not immediately clear. Portions of leaf removed. Skeletonized areas on some leaves. Frass present nearby.,4,MOSQUITO_BUG
Raised lesions on tender flush. Scattered distribution. Tips show some dieback. Brown patches on leaf margins. Tissue soft at edges. Worse in lower shaded canopy.,4,MOSQUITO_BUG
Irregular holes across leaf blade with ragged edges. Frass pellets visible on remaining tissue beneath.,3,LOOPER_CATERPILLARS
Tip burn on young leaves with pale stippled damage spreading toward mid-leaf. Veins still green. Brown patches on leaf margins. Tissue soft at edges. Worse in lower shaded canopy.,1,LEAF_HOPPERS
Bright orange urediniospore pustules scattered on underside of leaves. Spores dust off when touched. Leaf tissue missing in irregular patches. Ragged edges at margin. Origin not confirmed.,2,LEAF_RUST
Browning from leaf tip progressing inward. Soft water-soaked appearance at active edge. Whitish flecks on leaf blade. Tip region most affected. Leaves feel dry.,0,LEAF_BLIGHT
Upper leaf surface stripped away in patches. Veins exposed. Frass pellets and silk webbing visible nearby. Whitish flecks on leaf blade. Tip region most affected. Leaves feel dry.,3,LOOPER_CATERPILLARS
Leaf tissue turning brown from edges inward. Water-soaked translucent border at leading edge of lesion. Holes and torn edges on leaf blade. Some veins exposed. Frass visible below.,0,LEAF_BLIGHT
Notched leaf margins and internal holes. Damage consistent with chewing from leaf edge inward.,3,LOOPER_CATERPILLARS
Defoliated patches with only coarse veins remaining. Fine frass scattered on leaves beneath affected area.,3,LOOPER_CATERPILLARS
Small circular orange-rust coloured spots on adaxial surface. Powdery spore deposits on abaxial side. Holes and torn edges on leaf blade. Some veins exposed. Frass visible below.,2,LEAF_RUST
Young flush with angular brown lesions at irregular positions. Rough raised texture at each wound centre. Rust-coloured patches on lower leaf. Upper surface pale above affected areas.,4,MOSQUITO_BUG
Large irregularly shaped brown areas on leaf blade. Margin tissue soft and disintegrating under moisture. Pale speckling on upper leaf surface. Margins slightly curled. Yellowing visible on some leaves.,0,LEAF_BLIGHT
Holes and torn edges on leaf blade. Some veins exposed. Frass visible below. Raised lesions on tender flush. Scattered distribution. Tips show some dieback.,3,LOOPER_CATERPILLARS
Orange deposits visible on leaf underside. Slow spread. Surrounding tissue slightly yellow.,2,LEAF_RUST
Notched leaf margins and internal holes. Damage consistent with chewing from leaf edge inward.,3,LOOPER_CATERPILLARS
Rough corky raised spots on newly emerged leaves. Tips curled and discoloured. Lesions individually spaced. Brown patches on leaf margins. Tissue soft at edges. Worse in lower shaded canopy.,4,MOSQUITO_BUG
Bright orange urediniospore pustules scattered on underside of leaves. Spores dust off when touched.,2,LEAF_RUST
Orange deposits visible on leaf underside. Slow spread. Surrounding tissue slightly yellow.,2,LEAF_RUST
Defoliated patches with only coarse veins remaining. Fine frass scattered on leaves beneath affected area.,3,LOOPER_CATERPILLARS
Raised lesions on tender flush. Scattered distribution. Tips show some dieback.,4,MOSQUITO_BUG
Whitish flecks on leaf blade. Tip region most affected. Leaves feel dry. Browning from leaf tip progressing inward. Soft water-soaked appearance at active edge.,1,LEAF_HOPPERS
Young shoots with multiple stipple-like raised spots and tip wilting. Lesion centres sunken and darkened. Rust-coloured patches on lower leaf. Upper surface pale above affected areas.,4,MOSQUITO_BUG
Uniform whitish flecking on leaf blade. Leaves feel papery and dry. Lower canopy most affected.,1,LEAF_HOPPERS
Raised lesions on tender flush. Scattered distribution. Tips show some dieback.,4,MOSQUITO_BUG
Brown water-soaked lesions spreading inward from leaf margins. Tissue collapses rapidly under humid conditions. Leaf tissue missing in irregular patches. Ragged edges at margin. Origin not confirmed.,0,LEAF_BLIGHT
Leaf tips turning yellow-white with fine pale speckling. Leaf curl on newly emerged growth.,1,LEAF_HOPPERS
Large irregular sections of leaf tissue removed. Frass deposits and silk threads present near damage sites.,3,LOOPER_CATERPILLARS
Raised lesions on tender flush. Scattered distribution. Tips show some dieback.,4,MOSQUITO_BUG
Tip burn on young leaves with pale stippled damage spreading toward mid-leaf. Veins still green.,1,LEAF_HOPPERS
Portions of leaf removed. Skeletonized areas on some leaves. Frass present nearby. Rust-coloured patches on lower leaf. Upper surface pale above affected areas.,3,LOOPER_CATERPILLARS
Skeletonized patches where only the major veins remain intact. Leaf edges highly irregular from feeding.,3,LOOPER_CATERPILLARS
Brown patches on leaf margins. Tissue soft at edges. Worse in lower shaded canopy.,0,LEAF_BLIGHT
Necrotic areas on leaf blade. Margins discoloured. Spreading under humid conditions.,0,LEAF_BLIGHT
Tender flush showing multiple angular brown raised lesions. Tips stunted. Scattered distribution on new growth. Holes and torn edges on leaf blade. Some veins exposed. Frass visible below.,4,MOSQUITO_BUG
Upper leaf surface stripped away in patches. Veins exposed. Frass pellets and silk webbing visible nearby. Brown patches on leaf margins. Tissue soft at edges. Worse in lower shaded canopy.,3,LOOPER_CATERPILLARS
Young shoots with multiple stipple-like raised spots and tip wilting. Lesion centres sunken and darkened. Leaf tissue missing in irregular patches. Ragged edges at margin. Origin not confirmed.,4,MOSQUITO_BUG
Orange pustules coalescing on lower leaf surface. Leaves yellowing and dropping in severely affected patches.,2,LEAF_RUST
Dark necrotic patches with pale yellow borders appearing on lower canopy leaves. Soft texture at active edge.,0,LEAF_BLIGHT
Orange-yellow powdery pustules on lower leaf surface. Corresponding pale spots visible on upper surface. Holes and torn edges on leaf blade. Some veins exposed. Frass visible below.,2,LEAF_RUST
Orange-yellow spots on leaf surface. Powdery texture. Both leaf surfaces show discolouration. Leaf tissue missing in irregular patches. Ragged edges at margin. Origin not confirmed.,2,LEAF_RUST
Portions of leaf removed. Skeletonized areas on some leaves. Frass present nearby.,3,LOOPER_CATERPILLARS
Rust-orange raised spots with powdery texture on lower leaf surface. Upper surface shows corresponding pale patches. Small angular marks on young leaves. Some tip wilting visible. Cause not immediately clear.,2,LEAF_RUST
Portions of leaf removed. Skeletonized areas on some leaves. Frass present nearby. Browning from leaf tip progressing inward. Soft water-soaked appearance at active edge.,3,LOOPER_CATERPILLARS
Rough corky raised spots on newly emerged leaves. Tips curled and discoloured. Lesions individually spaced.,4,MOSQUITO_BUG
Necrotic tan-brown patches with a darker outer ring. Spreads rapidly in moist dense canopy sections.,0,LEAF_BLIGHT
Whitish flecks on leaf blade. Tip region most affected. Leaves feel dry.,1,LEAF_HOPPERS
Browning from leaf tip progressing inward. Soft water-soaked appearance at active edge.,0,LEAF_BLIGHT
Orange deposits visible on leaf underside. Slow spread. Surrounding tissue slightly yellow.,2,LEAF_RUST
Defoliated patches with only coarse veins remaining. Fine frass scattered on leaves beneath affected area. Brown spots on new foliage. Raised texture at lesion centres. Shoot tips look unhealthy.,3,LOOPER_CATERPILLARS
Rust-coloured spore masses on abaxial surface. Upper leaf shows yellow-orange chlorotic spots above each pustule. Raised lesions on tender flush. Scattered distribution. Tips show some dieback.,2,LEAF_RUST
New growth showing shoot dieback with scattered corky raised spots. Pale outer ring around each lesion.,4,MOSQUITO_BUG
Young shoots with multiple stipple-like raised spots and tip wilting. Lesion centres sunken and darkened.,4,MOSQUITO_BUG
Holes and torn edges on leaf blade. Some veins exposed. Frass visible below.,3,LOOPER_CATERPILLARS
Whitish flecks on leaf blade. Tip region most affected. Leaves feel dry. Brown patches on leaf margins. Tissue soft at edges. Worse in lower shaded canopy.,1,LEAF_HOPPERS
Browning from leaf tip progressing inward. Soft water-soaked appearance at active edge. Raised lesions on tender flush. Scattered distribution. Tips show some dieback.,0,LEAF_BLIGHT
Tender leaves with rough brown patches and tip wilting. Scattered wound-like raised lesions throughout blade. Browning from leaf tip progressing inward. Soft water-soaked appearance at active edge.,4,MOSQUITO_BUG
Rust-orange raised spots with powdery texture on lower leaf surface. Upper surface shows corresponding pale patches. Pale speckling on upper leaf surface. Margins slightly curled. Yellowing visible on some leaves.,2,LEAF_RUST
Pale speckling on upper leaf surface. Margins slightly curled. Yellowing visible on some leaves. Brown patches on leaf margins. Tissue soft at edges. Worse in lower shaded canopy.,1,LEAF_HOPPERS
Blighted areas beginning at leaf tip and progressing along margins. Entire leaf browning in advanced cases. Holes and torn edges on leaf blade. Some veins exposed. Frass visible below.,0,LEAF_BLIGHT
Brown necrosis expanding from tip and edges. More than half of some leaves showing blighted tissue. Raised lesions on tender flush. Scattered distribution. Tips show some dieback.,0,LEAF_BLIGHT
Rust-coloured spore masses on abaxial surface. Upper leaf shows yellow-orange chlorotic spots above each pustule.,2,LEAF_RUST
Small circular orange-rust coloured spots on adaxial surface. Powdery spore deposits on abaxial side. Small angular marks on young leaves. Some tip wilting visible. Cause not immediately clear.,2,LEAF_RUST
Necrotic tan-brown patches with a darker outer ring. Spreads rapidly in moist dense canopy sections.,0,LEAF_BLIGHT
Uniform whitish flecking on leaf blade. Leaves feel papery and dry. Lower canopy most affected. Holes and torn edges on leaf blade. Some veins exposed. Frass visible below.,1,LEAF_HOPPERS
Small circular orange-rust coloured spots on adaxial surface. Powdery spore deposits on abaxial side.,2,LEAF_RUST
Large irregular sections of leaf tissue removed. Frass deposits and silk threads present near damage sites.,3,LOOPER_CATERPILLARS
Yellowing and bronzing of leaves with fine speckled texture on upper surface. Curled margins visible. Brown patches on leaf margins. Tissue soft at edges. Worse in lower shaded canopy.,1,LEAF_HOPPERS
Extensive leaf tissue loss with ragged torn edges. Multiple feeding sites across several adjacent leaves. Rust-coloured patches on lower leaf. Upper surface pale above affected areas.,3,LOOPER_CATERPILLARS
Irregular brown blotches covering large portions of the leaf blade. Adjacent tissue appears water-soaked. Portions of leaf removed. Skeletonized areas on some leaves. Frass present nearby.,0,LEAF_BLIGHT
Blighted areas beginning at leaf tip and progressing along margins. Entire leaf browning in advanced cases. Fine stippling on upper surface. Some leaf curl. Could reflect feeding damage or other stress.,0,LEAF_BLIGHT
Irregular holes across leaf blade with ragged edges. Frass pellets visible on remaining tissue beneath.,3,LOOPER_CATERPILLARS
Orange-yellow powdery pustules on lower leaf surface. Corresponding pale spots visible on upper surface. Necrotic areas on leaf blade. Margins discoloured. Spreading under humid conditions.,2,LEAF_RUST
Leaf bronzing with dense pale stippling from tip toward base. Brittle texture on older affected leaves. Brown patches on leaf margins. Tissue soft at edges. Worse in lower shaded canopy.,1,LEAF_HOPPERS
Brown water-soaked lesions spreading inward from leaf margins. Tissue collapses rapidly under humid conditions.,0,LEAF_BLIGHT
Leaf bronzing with dense pale stippling from tip toward base. Brittle texture on older affected leaves.,1,LEAF_HOPPERS
Tip burn on young leaves with pale stippled damage spreading toward mid-leaf. Veins still green.,1,LEAF_HOPPERS
Irregular holes across leaf blade with ragged edges. Frass pellets visible on remaining tissue beneath.,3,LOOPER_CATERPILLARS
Necrotic areas on leaf blade. Margins discoloured. Spreading under humid conditions. Orange deposits visible on leaf underside. Slow spread. Surrounding tissue slightly yellow.,0,LEAF_BLIGHT
Multiple small raised necrotic spots on tender shoots. Each spot has a sunken dark centre. Tips wilted. Necrotic areas on leaf blade. Margins discoloured. Spreading under humid conditions.,4,MOSQUITO_BUG
Portions of leaf removed. Skeletonized areas on some leaves. Frass present nearby. Necrotic areas on leaf blade. Margins discoloured. Spreading under humid conditions.,3,LOOPER_CATERPILLARS
Leaf tissue missing in irregular patches. Ragged edges at margin. Origin not confirmed. Pale speckling on upper leaf surface. Margins slightly curled. Yellowing visible on some leaves.,3,LOOPER_CATERPILLARS
Rust-coloured spore masses on abaxial surface. Upper leaf shows yellow-orange chlorotic spots above each pustule. Browning from leaf tip progressing inward. Soft water-soaked appearance at active edge.,2,LEAF_RUST
Blighted areas beginning at leaf tip and progressing along margins. Entire leaf browning in advanced cases.,0,LEAF_BLIGHT
Bleached stippling across leaf surface. Leaves brittle and discoloured. Tip dieback in severe cases. Small angular marks on young leaves. Some tip wilting visible. Cause not immediately clear.,1,LEAF_HOPPERS
Large irregular sections of leaf tissue removed. Frass deposits and silk threads present near damage sites.,3,LOOPER_CATERPILLARS
Defoliated patches with only coarse veins remaining. Fine frass scattered on leaves beneath affected area.,3,LOOPER_CATERPILLARS
Whitish flecks on leaf blade. Tip region most affected. Leaves feel dry.,1,LEAF_HOPPERS
Dark necrotic patches with pale yellow borders appearing on lower canopy leaves. Soft texture at active edge.,0,LEAF_BLIGHT
Pale speckling on upper leaf surface. Margins slightly curled. Yellowing visible on some leaves.,1,LEAF_HOPPERS
Rough corky raised spots on newly emerged leaves. Tips curled and discoloured. Lesions individually spaced. Orange deposits visible on leaf underside. Slow spread. Surrounding tissue slightly yellow.,4,MOSQUITO_BUG
Rust-orange raised spots with powdery texture on lower leaf surface. Upper surface shows corresponding pale patches. Necrotic areas on leaf blade. Margins discoloured. Spreading under humid conditions.,2,LEAF_RUST
Defoliated patches with only coarse veins remaining. Fine frass scattered on leaves beneath affected area. Orange deposits visible on leaf underside. Slow spread. Surrounding tissue slightly yellow.,3,LOOPER_CATERPILLARS
Tip burn on young leaves with pale stippled damage spreading toward mid-leaf. Veins still green. Raised lesions on tender flush. Scattered distribution. Tips show some dieback.,1,LEAF_HOPPERS
Large irregularly shaped brown areas on leaf blade. Margin tissue soft and disintegrating under moisture.,0,LEAF_BLIGHT
Irregular holes across leaf blade with ragged edges. Frass pellets visible on remaining tissue beneath. Whitish flecks on leaf blade. Tip region most affected. Leaves feel dry.,3,LOOPER_CATERPILLARS
Multiple small raised necrotic spots on tender shoots. Each spot has a sunken dark centre. Tips wilted.,4,MOSQUITO_BUG
Rough corky raised spots on newly emerged leaves. Tips curled and discoloured. Lesions individually spaced. Pale speckling on upper leaf surface. Margins slightly curled. Yellowing visible on some leaves.,4,MOSQUITO_BUG
New growth showing shoot dieback with scattered corky raised spots. Pale outer ring around each lesion. Pale speckling on upper leaf surface. Margins slightly curled. Yellowing visible on some leaves.,4,MOSQUITO_BUG
Uniform whitish flecking on leaf blade. Leaves feel papery and dry. Lower canopy most affected. Small angular marks on young leaves. Some tip wilting visible. Cause not immediately clear.,1,LEAF_HOPPERS
Pale speckling on upper leaf surface. Margins slightly curled. Yellowing visible on some leaves. Leaf tissue missing in irregular patches. Ragged edges at margin. Origin not confirmed.,1,LEAF_HOPPERS
Brown necrosis expanding from tip and edges. More than half of some leaves showing blighted tissue.,0,LEAF_BLIGHT
Uniform whitish flecking on leaf blade. Leaves feel papery and dry. Lower canopy most affected. Raised lesions on tender flush. Scattered distribution. Tips show some dieback.,1,LEAF_HOPPERS
Leaf tissue turning brown from edges inward. Water-soaked translucent border at leading edge of lesion.,0,LEAF_BLIGHT
Dark necrotic patches with pale yellow borders appearing on lower canopy leaves. Soft texture at active edge. Orange-yellow spots on leaf surface. Powdery texture. Both leaf surfaces show discolouration.,0,LEAF_BLIGHT
Yellow-orange raised pustules in irregular groups on leaf underside. Upper surface pale yellow above each cluster. Pale speckling on upper leaf surface. Margins slightly curled. Yellowing visible on some leaves.,2,LEAF_RUST
Brown necrosis expanding from tip and edges. More than half of some leaves showing blighted tissue.,0,LEAF_BLIGHT
Leaf lamina partially consumed leaving midrib and major veins. Feeding damage across multiple leaves in canopy. Pale speckling on upper leaf surface. Margins slightly curled. Yellowing visible on some leaves.,3,LOOPER_CATERPILLARS
Multiple small raised necrotic spots on tender shoots. Each spot has a sunken dark centre. Tips wilted.,4,MOSQUITO_BUG
Yellow-orange raised pustules in irregular groups on leaf underside. Upper surface pale yellow above each cluster. Pale speckling on upper leaf surface. Margins slightly curled. Yellowing visible on some leaves.,2,LEAF_RUST
Tender flush showing multiple angular brown raised lesions. Tips stunted. Scattered distribution on new growth. Orange-yellow spots on leaf surface. Powdery texture. Both leaf surfaces show discolouration.,4,MOSQUITO_BUG
Whitish flecks on leaf blade. Tip region most affected. Leaves feel dry. Necrotic areas on leaf blade. Margins discoloured. Spreading under humid conditions.,1,LEAF_HOPPERS
Browning from leaf tip progressing inward. Soft water-soaked appearance at active edge. Raised lesions on tender flush. Scattered distribution. Tips show some dieback.,0,LEAF_BLIGHT
Tender flush showing multiple angular brown raised lesions. Tips stunted. Scattered distribution on new growth. Browning from leaf tip progressing inward. Soft water-soaked appearance at active edge.,4,MOSQUITO_BUG
Orange deposits visible on leaf underside. Slow spread. Surrounding tissue slightly yellow.,2,LEAF_RUST
Irregular brown blotches covering large portions of the leaf blade. Adjacent tissue appears water-soaked. Fine stippling on upper surface. Some leaf curl. Could reflect feeding damage or other stress.,0,LEAF_BLIGHT
Raised lesions on tender flush. Scattered distribution. Tips show some dieback. Necrotic areas on leaf blade. Margins discoloured. Spreading under humid conditions.,4,MOSQUITO_BUG
Young shoots with multiple stipple-like raised spots and tip wilting. Lesion centres sunken and darkened. Portions of leaf removed. Skeletonized areas on some leaves. Frass present nearby.,4,MOSQUITO_BUG
Leaf lamina partially consumed leaving midrib and major veins. Feeding damage across multiple leaves in canopy. Fine stippling on upper surface. Some leaf curl. Could reflect feeding damage or other stress.,3,LOOPER_CATERPILLARS
Young flush with angular brown lesions at irregular positions. Rough raised texture at each wound centre. Necrotic areas on leaf blade. Margins discoloured. Spreading under humid conditions.,4,MOSQUITO_BUG
Leaf tips turning yellow-white with fine pale speckling. Leaf curl on newly emerged growth.,1,LEAF_HOPPERS
Brown water-soaked lesions spreading inward from leaf margins. Tissue collapses rapidly under humid conditions.,0,LEAF_BLIGHT
Yellow-orange raised pustules in irregular groups on leaf underside. Upper surface pale yellow above each cluster.,2,LEAF_RUST
Yellow-orange raised pustules in irregular groups on leaf underside. Upper surface pale yellow above each cluster.,2,LEAF_RUST
Dark necrotic patches with pale yellow borders appearing on lower canopy leaves. Soft texture at active edge.,0,LEAF_BLIGHT
Bleached stippling across leaf surface. Leaves brittle and discoloured. Tip dieback in severe cases. Raised lesions on tender flush. Scattered distribution. Tips show some dieback.,1,LEAF_HOPPERS
Leaf tips turning yellow-white with fine pale speckling. Leaf curl on newly emerged growth. Raised lesions on tender flush. Scattered distribution. Tips show some dieback.,1,LEAF_HOPPERS
Raised lesions on tender flush. Scattered distribution. Tips show some dieback.,4,MOSQUITO_BUG
Bleached stippling across leaf surface. Leaves brittle and discoloured. Tip dieback in severe cases. Portions of leaf removed. Skeletonized areas on some leaves. Frass present nearby.,1,LEAF_HOPPERS
Fine white speckling uniformly distributed on upper leaf. Margins rolling and yellowing.,1,LEAF_HOPPERS
Browning from leaf tip progressing inward. Soft water-soaked appearance at active edge. Leaf tissue missing in irregular patches. Ragged edges at margin. Origin not confirmed.,0,LEAF_BLIGHT
Orange-yellow powdery pustules on lower leaf surface. Corresponding pale spots visible on upper surface.,2,LEAF_RUST
Rust-coloured patches on lower leaf. Upper surface pale above affected areas. Raised lesions on tender flush. Scattered distribution. Tips show some dieback.,2,LEAF_RUST
Pale speckling on upper leaf surface. Margins slightly curled. Yellowing visible on some leaves. Orange-yellow spots on leaf surface. Powdery texture. Both leaf surfaces show discolouration.,1,LEAF_HOPPERS
Extensive leaf tissue loss with ragged torn edges. Multiple feeding sites across several adjacent leaves. Necrotic areas on leaf blade. Margins discoloured. Spreading under humid conditions.,3,LOOPER_CATERPILLARS
Blighted areas beginning at leaf tip and progressing along margins. Entire leaf browning in advanced cases.,0,LEAF_BLIGHT
Tender flush showing multiple angular brown raised lesions. Tips stunted. Scattered distribution on new growth.,4,MOSQUITO_BUG
Tender leaves with rough brown patches and tip wilting. Scattered wound-like raised lesions throughout blade. Necrotic areas on leaf blade. Margins discoloured. Spreading under humid conditions.,4,MOSQUITO_BUG
Brown spots on new foliage. Raised texture at lesion centres. Shoot tips look unhealthy. Orange-yellow spots on leaf surface. Powdery texture. Both leaf surfaces show discolouration.,4,MOSQUITO_BUG
Leaf bronzing with dense pale stippling from tip toward base. Brittle texture on older affected leaves. Holes and torn edges on leaf blade. Some veins exposed. Frass visible below.,1,LEAF_HOPPERS
Bleached stippling across leaf surface. Leaves brittle and discoloured. Tip dieback in severe cases. Raised lesions on tender flush. Scattered distribution. Tips show some dieback.,1,LEAF_HOPPERS
Leaf lamina partially consumed leaving midrib and major veins. Feeding damage across multiple leaves in canopy. Necrotic areas on leaf blade. Margins discoloured. Spreading under humid conditions.,3,LOOPER_CATERPILLARS
Multiple small raised necrotic spots on tender shoots. Each spot has a sunken dark centre. Tips wilted.,4,MOSQUITO_BUG
Fine white speckling uniformly distributed on upper leaf. Margins rolling and yellowing. Leaf tissue missing in irregular patches. Ragged edges at margin. Origin not confirmed.,1,LEAF_HOPPERS
Blighted areas beginning at leaf tip and progressing along margins. Entire leaf browning in advanced cases. Leaf tissue missing in irregular patches. Ragged edges at margin. Origin not confirmed.,0,LEAF_BLIGHT
Upper leaf surface stripped away in patches. Veins exposed. Frass pellets and silk webbing visible nearby.,3,LOOPER_CATERPILLARS
Whitish flecks on leaf blade. Tip region most affected. Leaves feel dry.,1,LEAF_HOPPERS
Fine white speckling uniformly distributed on upper leaf. Margins rolling and yellowing.,1,LEAF_HOPPERS
Irregular holes across leaf blade with ragged edges. Frass pellets visible on remaining tissue beneath.,3,LOOPER_CATERPILLARS
Rust-coloured spore masses on abaxial surface. Upper leaf shows yellow-orange chlorotic spots above each pustule.,2,LEAF_RUST
Notched leaf margins and internal holes. Damage consistent with chewing from leaf edge inward.,3,LOOPER_CATERPILLARS
Uniform whitish flecking on leaf blade. Leaves feel papery and dry. Lower canopy most affected. Brown spots on new foliage. Raised texture at lesion centres. Shoot tips look unhealthy.,1,LEAF_HOPPERS
Brown necrosis expanding from tip and edges. More than half of some leaves showing blighted tissue. Rust-coloured patches on lower leaf. Upper surface pale above affected areas.,0,LEAF_BLIGHT
Young shoots with multiple stipple-like raised spots and tip wilting. Lesion centres sunken and darkened. Fine stippling on upper surface. Some leaf curl. Could reflect feeding damage or other stress.,4,MOSQUITO_BUG
Leaf lamina partially consumed leaving midrib and major veins. Feeding damage across multiple leaves in canopy. Fine stippling on upper surface. Some leaf curl. Could reflect feeding damage or other stress.,3,LOOPER_CATERPILLARS
Rust-orange raised spots with powdery texture on lower leaf surface. Upper surface shows corresponding pale patches.,2,LEAF_RUST
Browning from leaf tip progressing inward. Soft water-soaked appearance at active edge. Raised lesions on tender flush. Scattered distribution. Tips show some dieback.,0,LEAF_BLIGHT
Notched leaf margins and internal holes. Damage consistent with chewing from leaf edge inward. Raised lesions on tender flush. Scattered distribution. Tips show some dieback.,3,LOOPER_CATERPILLARS
Tender flush showing multiple angular brown raised lesions. Tips stunted. Scattered distribution on new growth.,4,MOSQUITO_BUG
Yellow-orange raised pustules in irregular groups on leaf underside. Upper surface pale yellow above each cluster.,2,LEAF_RUST
Dense orange-yellow pustule clusters on abaxial leaf surface. Surrounding tissue yellowing rapidly.,2,LEAF_RUST
Browning from leaf tip progressing inward. Soft water-soaked appearance at active edge.,0,LEAF_BLIGHT
Young shoots with multiple stipple-like raised spots and tip wilting. Lesion centres sunken and darkened. Portions of leaf removed. Skeletonized areas on some leaves. Frass present nearby.,4,MOSQUITO_BUG
Orange-yellow powdery pustules on lower leaf surface. Corresponding pale spots visible on upper surface.,2,LEAF_RUST
Pale speckling on upper leaf surface. Margins slightly curled. Yellowing visible on some leaves. Rust-coloured patches on lower leaf. Upper surface pale above affected areas.,1,LEAF_HOPPERS
Bright orange urediniospore pustules scattered on underside of leaves. Spores dust off when touched. Holes and torn edges on leaf blade. Some veins exposed. Frass visible below.,2,LEAF_RUST
Brown necrosis expanding from tip and edges. More than half of some leaves showing blighted tissue.,0,LEAF_BLIGHT
Small angular marks on young leaves. Some tip wilting visible. Cause not immediately clear. Fine stippling on upper surface. Some leaf curl. Could reflect feeding damage or other stress.,4,MOSQUITO_BUG
Yellowing and bronzing of leaves with fine speckled texture on upper surface. Curled margins visible. Small angular marks on young leaves. Some tip wilting visible. Cause not immediately clear.,1,LEAF_HOPPERS
Rust-coloured spore masses on abaxial surface. Upper leaf shows yellow-orange chlorotic spots above each pustule.,2,LEAF_RUST
Bright orange urediniospore pustules scattered on underside of leaves. Spores dust off when touched. Browning from leaf tip progressing inward. Soft water-soaked appearance at active edge.,2,LEAF_RUST
Fine white speckling uniformly distributed on upper leaf. Margins rolling and yellowing. Orange-yellow spots on leaf surface. Powdery texture. Both leaf surfaces show discolouration.,1,LEAF_HOPPERS
Leaf tissue turning brown from edges inward. Water-soaked translucent border at leading edge of lesion. Portions of leaf removed. Skeletonized areas on some leaves. Frass present nearby.,0,LEAF_BLIGHT
Young flush with angular brown lesions at irregular positions. Rough raised texture at each wound centre. Leaf tissue missing in irregular patches. Ragged edges at margin. Origin not confirmed.,4,MOSQUITO_BUG
Portions of leaf removed. Skeletonized areas on some leaves. Frass present nearby.,3,LOOPER_CATERPILLARS
Leaf tissue missing in irregular patches. Ragged edges at margin. Origin not confirmed.,3,LOOPER_CATERPILLARS
Brown necrosis expanding from tip and edges. More than half of some leaves showing blighted tissue. Portions of leaf removed. Skeletonized areas on some leaves. Frass present nearby.,0,LEAF_BLIGHT
Raised angular marks on expanding leaves. Shoot tips bent and discoloured. Lesions not along veins. Pale speckling on upper leaf surface. Margins slightly curled. Yellowing visible on some leaves.,4,MOSQUITO_BUG
Extensive leaf tissue loss with ragged torn edges. Multiple feeding sites across several adjacent leaves. Rust-coloured patches on lower leaf. Upper surface pale above affected areas.,3,LOOPER_CATERPILLARS
Notched leaf margins and internal holes. Damage consistent with chewing from leaf edge inward.,3,LOOPER_CATERPILLARS
Large irregularly shaped brown areas on leaf blade. Margin tissue soft and disintegrating under moisture. Fine stippling on upper surface. Some leaf curl. Could reflect feeding damage or other stress.,0,LEAF_BLIGHT
Rough corky raised spots on newly emerged leaves. Tips curled and discoloured. Lesions individually spaced.,4,MOSQUITO_BUG
Yellowing and bronzing of leaves with fine speckled texture on upper surface. Curled margins visible. Brown spots on new foliage. Raised texture at lesion centres. Shoot tips look unhealthy.,1,LEAF_HOPPERS
Brown spots on new foliage. Raised texture at lesion centres. Shoot tips look unhealthy.,4,MOSQUITO_BUG
Rust-coloured spore masses on abaxial surface. Upper leaf shows yellow-orange chlorotic spots above each pustule. Pale speckling on upper leaf surface. Margins slightly curled. Yellowing visible on some leaves.,2,LEAF_RUST
Rough corky raised spots on newly emerged leaves. Tips curled and discoloured. Lesions individually spaced. Brown patches on leaf margins. Tissue soft at edges. Worse in lower shaded canopy.,4,MOSQUITO_BUG
Yellow-orange raised pustules in irregular groups on leaf underside. Upper surface pale yellow above each cluster. Browning from leaf tip progressing inward. Soft water-soaked appearance at active edge.,2,LEAF_RUST
Orange deposits visible on leaf underside. Slow spread. Surrounding tissue slightly yellow.,2,LEAF_RUST
Brown water-soaked lesions spreading inward from leaf margins. Tissue collapses rapidly under humid conditions.,0,LEAF_BLIGHT
Pale stippling pattern across upper leaf surface. Leaf margins curling upward. Colour fading to pale yellow. Rust-coloured patches on lower leaf. Upper surface pale above affected areas.,1,LEAF_HOPPERS
Orange-yellow powdery pustules on lower leaf surface. Corresponding pale spots visible on upper surface. Pale speckling on upper leaf surface. Margins slightly curled. Yellowing visible on some leaves.,2,LEAF_RUST
Rust-orange raised spots with powdery texture on lower leaf surface. Upper surface shows corresponding pale patches. Browning from leaf tip progressing inward. Soft water-soaked appearance at active edge.,2,LEAF_RUST
Leaf tissue turning brown from edges inward. Water-soaked translucent border at leading edge of lesion. Brown spots on new foliage. Raised texture at lesion centres. Shoot tips look unhealthy.,0,LEAF_BLIGHT
Upper leaf surface stripped away in patches. Veins exposed. Frass pellets and silk webbing visible nearby. Necrotic areas on leaf blade. Margins discoloured. Spreading under humid conditions.,3,LOOPER_CATERPILLARS
Portions of leaf removed. Skeletonized areas on some leaves. Frass present nearby.,3,LOOPER_CATERPILLARS
Rust-coloured patches on lower leaf. Upper surface pale above affected areas. Browning from leaf tip progressing inward. Soft water-soaked appearance at active edge.,2,LEAF_RUST
Orange pustules coalescing on lower leaf surface. Leaves yellowing and dropping in severely affected patches. Fine stippling on upper surface. Some leaf curl. Could reflect feeding damage or other stress.,2,LEAF_RUST
Pale stippling pattern across upper leaf surface. Leaf margins curling upward. Colour fading to pale yellow. Browning from leaf tip progressing inward. Soft water-soaked appearance at active edge.,1,LEAF_HOPPERS
Leaf lamina partially consumed leaving midrib and major veins. Feeding damage across multiple leaves in canopy.,3,LOOPER_CATERPILLARS
Skeletonized patches where only the major veins remain intact. Leaf edges highly irregular from feeding.,3,LOOPER_CATERPILLARS
Young flush with angular brown lesions at irregular positions. Rough raised texture at each wound centre. Whitish flecks on leaf blade. Tip region most affected. Leaves feel dry.,4,MOSQUITO_BUG
Upper leaf surface stripped away in patches. Veins exposed. Frass pellets and silk webbing visible nearby. Orange-yellow spots on leaf surface. Powdery texture. Both leaf surfaces show discolouration.,3,LOOPER_CATERPILLARS
Skeletonized patches where only the major veins remain intact. Leaf edges highly irregular from feeding.,3,LOOPER_CATERPILLARS
Rust-coloured spore masses on abaxial surface. Upper leaf shows yellow-orange chlorotic spots above each pustule.,2,LEAF_RUST
Orange deposits visible on leaf underside. Slow spread. Surrounding tissue slightly yellow.,2,LEAF_RUST
Tender leaves with rough brown patches and tip wilting. Scattered wound-like raised lesions throughout blade. Rust-coloured patches on lower leaf. Upper surface pale above affected areas.,4,MOSQUITO_BUG
Orange deposits visible on leaf underside. Slow spread. Surrounding tissue slightly yellow. Raised lesions on tender flush. Scattered distribution. Tips show some dieback.,2,LEAF_RUST
Browning from leaf tip progressing inward. Soft water-soaked appearance at active edge.,0,LEAF_BLIGHT
Pale speckling on upper leaf surface. Margins slightly curled. Yellowing visible on some leaves.,1,LEAF_HOPPERS
Raised lesions on tender flush. Scattered distribution. Tips show some dieback. Fine stippling on upper surface. Some leaf curl. Could reflect feeding damage or other stress.,4,MOSQUITO_BUG
Small circular orange-rust coloured spots on adaxial surface. Powdery spore deposits on abaxial side. Small angular marks on young leaves. Some tip wilting visible. Cause not immediately clear.,2,LEAF_RUST
Pale speckling on upper leaf surface. Margins slightly curled. Yellowing visible on some leaves.,1,LEAF_HOPPERS
Young flush with angular brown lesions at irregular positions. Rough raised texture at each wound centre. Whitish flecks on leaf blade. Tip region most affected. Leaves feel dry.,4,MOSQUITO_BUG
Yellow-orange raised pustules in irregular groups on leaf underside. Upper surface pale yellow above each cluster. Fine stippling on upper surface. Some leaf curl. Could reflect feeding damage or other stress.,2,LEAF_RUST
Orange-yellow powdery pustules on lower leaf surface. Corresponding pale spots visible on upper surface. Brown spots on new foliage. Raised texture at lesion centres. Shoot tips look unhealthy.,2,LEAF_RUST
Upper leaf surface stripped away in patches. Veins exposed. Frass pellets and silk webbing visible nearby.,3,LOOPER_CATERPILLARS
Raised angular marks on expanding leaves. Shoot tips bent and discoloured. Lesions not along veins.,4,MOSQUITO_BUG
Necrotic tan-brown patches with a darker outer ring. Spreads rapidly in moist dense canopy sections. Leaf tissue missing in irregular patches. Ragged edges at margin. Origin not confirmed.,0,LEAF_BLIGHT
Leaf tips turning yellow-white with fine pale speckling. Leaf curl on newly emerged growth.,1,LEAF_HOPPERS
Irregular brown blotches covering large portions of the leaf blade. Adjacent tissue appears water-soaked. Small angular marks on young leaves. Some tip wilting visible. Cause not immediately clear.,0,LEAF_BLIGHT
Raised angular marks on expanding leaves. Shoot tips bent and discoloured. Lesions not along veins. Necrotic areas on leaf blade. Margins discoloured. Spreading under humid conditions.,4,MOSQUITO_BUG
New growth showing shoot dieback with scattered corky raised spots. Pale outer ring around each lesion. Browning from leaf tip progressing inward. Soft water-soaked appearance at active edge.,4,MOSQUITO_BUG
Orange deposits visible on leaf underside. Slow spread. Surrounding tissue slightly yellow. Brown patches on leaf margins. Tissue soft at edges. Worse in lower shaded canopy.,2,LEAF_RUST
Bleached stippling across leaf surface. Leaves brittle and discoloured. Tip dieback in severe cases. Rust-coloured patches on lower leaf. Upper surface pale above affected areas.,1,LEAF_HOPPERS
Tender flush showing multiple angular brown raised lesions. Tips stunted. Scattered distribution on new growth.,4,MOSQUITO_BUG
Necrotic areas on leaf blade. Margins discoloured. Spreading under humid conditions. Whitish flecks on leaf blade. Tip region most affected. Leaves feel dry.,0,LEAF_BLIGHT
Brown water-soaked lesions spreading inward from leaf margins. Tissue collapses rapidly under humid conditions.,0,LEAF_BLIGHT
Fine white speckling uniformly distributed on upper leaf. Margins rolling and yellowing. Brown spots on new foliage. Raised texture at lesion centres. Shoot tips look unhealthy.,1,LEAF_HOPPERS
Brown water-soaked lesions spreading inward from leaf margins. Tissue collapses rapidly under humid conditions.,0,LEAF_BLIGHT
Dense orange-yellow pustule clusters on abaxial leaf surface. Surrounding tissue yellowing rapidly.,2,LEAF_RUST
Irregular holes across leaf blade with ragged edges. Frass pellets visible on remaining tissue beneath. Small angular marks on young leaves. Some tip wilting visible. Cause not immediately clear.,3,LOOPER_CATERPILLARS
Bleached stippling across leaf surface. Leaves brittle and discoloured. Tip dieback in severe cases.,1,LEAF_HOPPERS
Leaf bronzing with dense pale stippling from tip toward base. Brittle texture on older affected leaves. Brown spots on new foliage. Raised texture at lesion centres. Shoot tips look unhealthy.,1,LEAF_HOPPERS
Young flush with angular brown lesions at irregular positions. Rough raised texture at each wound centre.,4,MOSQUITO_BUG
Small circular orange-rust coloured spots on adaxial surface. Powdery spore deposits on abaxial side. Fine stippling on upper surface. Some leaf curl. Could reflect feeding damage or other stress.,2,LEAF_RUST
Rough corky raised spots on newly emerged leaves. Tips curled and discoloured. Lesions individually spaced.,4,MOSQUITO_BUG
Fine white speckling uniformly distributed on upper leaf. Margins rolling and yellowing.,1,LEAF_HOPPERS
Young flush with angular brown lesions at irregular positions. Rough raised texture at each wound centre. Holes and torn edges on leaf blade. Some veins exposed. Frass visible below.,4,MOSQUITO_BUG
Large irregular sections of leaf tissue removed. Frass deposits and silk threads present near damage sites. Rust-coloured patches on lower leaf. Upper surface pale above affected areas.,3,LOOPER_CATERPILLARS
Pale stippling pattern across upper leaf surface. Leaf margins curling upward. Colour fading to pale yellow.,1,LEAF_HOPPERS
Extensive leaf tissue loss with ragged torn edges. Multiple feeding sites across several adjacent leaves.,3,LOOPER_CATERPILLARS
Rust-coloured spore masses on abaxial surface. Upper leaf shows yellow-orange chlorotic spots above each pustule. Necrotic areas on leaf blade. Margins discoloured. Spreading under humid conditions.,2,LEAF_RUST
Tip burn on young leaves with pale stippled damage spreading toward mid-leaf. Veins still green. Portions of leaf removed. Skeletonized areas on some leaves. Frass present nearby.,1,LEAF_HOPPERS
Notched leaf margins and internal holes. Damage consistent with chewing from leaf edge inward. Raised lesions on tender flush. Scattered distribution. Tips show some dieback.,3,LOOPER_CATERPILLARS
Necrotic areas on leaf blade. Margins discoloured. Spreading under humid conditions. Orange-yellow spots on leaf surface. Powdery texture. Both leaf surfaces show discolouration.,0,LEAF_BLIGHT
Fine white speckling uniformly distributed on upper leaf. Margins rolling and yellowing. Browning from leaf tip progressing inward. Soft water-soaked appearance at active edge.,1,LEAF_HOPPERS
Blighted areas beginning at leaf tip and progressing along margins. Entire leaf browning in advanced cases.,0,LEAF_BLIGHT
Defoliated patches with only coarse veins remaining. Fine frass scattered on leaves beneath affected area. Brown patches on leaf margins. Tissue soft at edges. Worse in lower shaded canopy.,3,LOOPER_CATERPILLARS
Fine stippling on upper surface. Some leaf curl. Could reflect feeding damage or other stress. Small angular marks on young leaves. Some tip wilting visible. Cause not immediately clear.,1,LEAF_HOPPERS
Whitish flecks on leaf blade. Tip region most affected. Leaves feel dry. Raised lesions on tender flush. Scattered distribution. Tips show some dieback.,1,LEAF_HOPPERS
Extensive leaf tissue loss with ragged torn edges. Multiple feeding sites across several adjacent leaves. Browning from leaf tip progressing inward. Soft water-soaked appearance at active edge.,3,LOOPER_CATERPILLARS
Necrotic tan-brown patches with a darker outer ring. Spreads rapidly in moist dense canopy sections. Leaf tissue missing in irregular patches. Ragged edges at margin. Origin not confirmed.,0,LEAF_BLIGHT
Orange pustules coalescing on lower leaf surface. Leaves yellowing and dropping in severely affected patches.,2,LEAF_RUST
Brown patches on leaf margins. Tissue soft at edges. Worse in lower shaded canopy. Portions of leaf removed. Skeletonized areas on some leaves. Frass present nearby.,0,LEAF_BLIGHT
Raised angular marks on expanding leaves. Shoot tips bent and discoloured. Lesions not along veins.,4,MOSQUITO_BUG
Brown patches on leaf margins. Tissue soft at edges. Worse in lower shaded canopy. Orange-yellow spots on leaf surface. Powdery texture. Both leaf surfaces show discolouration.,0,LEAF_BLIGHT
Orange-yellow spots on leaf surface. Powdery texture. Both leaf surfaces show discolouration.,2,LEAF_RUST
Orange-yellow powdery pustules on lower leaf surface. Corresponding pale spots visible on upper surface. Pale speckling on upper leaf surface. Margins slightly curled. Yellowing visible on some leaves.,2,LEAF_RUST
Blighted areas beginning at leaf tip and progressing along margins. Entire leaf browning in advanced cases. Leaf tissue missing in irregular patches. Ragged edges at margin. Origin not confirmed.,0,LEAF_BLIGHT
Young shoots with multiple stipple-like raised spots and tip wilting. Lesion centres sunken and darkened.,4,MOSQUITO_BUG
Yellow-orange raised pustules in irregular groups on leaf underside. Upper surface pale yellow above each cluster. Brown spots on new foliage. Raised texture at lesion centres. Shoot tips look unhealthy.,2,LEAF_RUST
Leaf tissue missing in irregular patches. Ragged edges at margin. Origin not confirmed. Whitish flecks on leaf blade. Tip region most affected. Leaves feel dry.,3,LOOPER_CATERPILLARS
Brown water-soaked lesions spreading inward from leaf margins. Tissue collapses rapidly under humid conditions.,0,LEAF_BLIGHT
Brown spots on new foliage. Raised texture at lesion centres. Shoot tips look unhealthy. Leaf tissue missing in irregular patches. Ragged edges at margin. Origin not confirmed.,4,MOSQUITO_BUG
Rust-coloured patches on lower leaf. Upper surface pale above affected areas.,2,LEAF_RUST
Large irregularly shaped brown areas on leaf blade. Margin tissue soft and disintegrating under moisture. Orange-yellow spots on leaf surface. Powdery texture. Both leaf surfaces show discolouration.,0,LEAF_BLIGHT
Orange deposits visible on leaf underside. Slow spread. Surrounding tissue slightly yellow. Necrotic areas on leaf blade. Margins discoloured. Spreading under humid conditions.,2,LEAF_RUST
Young shoots with multiple stipple-like raised spots and tip wilting. Lesion centres sunken and darkened. Browning from leaf tip progressing inward. Soft water-soaked appearance at active edge.,4,MOSQUITO_BUG
Bleached stippling across leaf surface. Leaves brittle and discoloured. Tip dieback in severe cases. Orange deposits visible on leaf underside. Slow spread. Surrounding tissue slightly yellow.,1,LEAF_HOPPERS
Brown water-soaked lesions spreading inward from leaf margins. Tissue collapses rapidly under humid conditions. Pale speckling on upper leaf surface. Margins slightly curled. Yellowing visible on some leaves.,0,LEAF_BLIGHT
Rust-orange raised spots with powdery texture on lower leaf surface. Upper surface shows corresponding pale patches. Small angular marks on young leaves. Some tip wilting visible. Cause not immediately clear.,2,LEAF_RUST
Orange-yellow spots on leaf surface. Powdery texture. Both leaf surfaces show discolouration.,2,LEAF_RUST
Dark necrotic patches with pale yellow borders appearing on lower canopy leaves. Soft texture at active edge.,0,LEAF_BLIGHT
Small angular marks on young leaves. Some tip wilting visible. Cause not immediately clear.,4,MOSQUITO_BUG
Skeletonized patches where only the major veins remain intact. Leaf edges highly irregular from feeding. Brown patches on leaf margins. Tissue soft at edges. Worse in lower shaded canopy.,3,LOOPER_CATERPILLARS
Portions of leaf removed. Skeletonized areas on some leaves. Frass present nearby. Pale speckling on upper leaf surface. Margins slightly curled. Yellowing visible on some leaves.,3,LOOPER_CATERPILLARS
Holes and torn edges on leaf blade. Some veins exposed. Frass visible below.,3,LOOPER_CATERPILLARS
Multiple small raised necrotic spots on tender shoots. Each spot has a sunken dark centre. Tips wilted.,4,MOSQUITO_BUG
Brown water-soaked lesions spreading inward from leaf margins. Tissue collapses rapidly under humid conditions.,0,LEAF_BLIGHT
Large irregular sections of leaf tissue removed. Frass deposits and silk threads present near damage sites.,3,LOOPER_CATERPILLARS
Yellow-orange raised pustules in irregular groups on leaf underside. Upper surface pale yellow above each cluster. Portions of leaf removed. Skeletonized areas on some leaves. Frass present nearby.,2,LEAF_RUST
Portions of leaf removed. Skeletonized areas on some leaves. Frass present nearby.,3,LOOPER_CATERPILLARS
Pale speckling on upper leaf surface. Margins slightly curled. Yellowing visible on some leaves.,1,LEAF_HOPPERS
Tip burn on young leaves with pale stippled damage spreading toward mid-leaf. Veins still green. Holes and torn edges on leaf blade. Some veins exposed. Frass visible below.,1,LEAF_HOPPERS
Fine white speckling uniformly distributed on upper leaf. Margins rolling and yellowing. Brown patches on leaf margins. Tissue soft at edges. Worse in lower shaded canopy.,1,LEAF_HOPPERS
Fine stippling on upper surface. Some leaf curl. Could reflect feeding damage or other stress.,1,LEAF_HOPPERS
Tip burn on young leaves with pale stippled damage spreading toward mid-leaf. Veins still green. Leaf tissue missing in irregular patches. Ragged edges at margin. Origin not confirmed.,1,LEAF_HOPPERS
Leaf tips turning yellow-white with fine pale speckling. Leaf curl on newly emerged growth.,1,LEAF_HOPPERS
Rust-orange raised spots with powdery texture on lower leaf surface. Upper surface shows corresponding pale patches. Brown patches on leaf margins. Tissue soft at edges. Worse in lower shaded canopy.,2,LEAF_RUST
Young flush with angular brown lesions at irregular positions. Rough raised texture at each wound centre. Orange deposits visible on leaf underside. Slow spread. Surrounding tissue slightly yellow.,4,MOSQUITO_BUG
Fine white speckling uniformly distributed on upper leaf. Margins rolling and yellowing.,1,LEAF_HOPPERS
Orange-yellow spots on leaf surface. Powdery texture. Both leaf surfaces show discolouration. Brown spots on new foliage. Raised texture at lesion centres. Shoot tips look unhealthy.,2,LEAF_RUST
Brown water-soaked lesions spreading inward from leaf margins. Tissue collapses rapidly under humid conditions. Orange-yellow spots on leaf surface. Powdery texture. Both leaf surfaces show discolouration.,0,LEAF_BLIGHT
Browning from leaf tip progressing inward. Soft water-soaked appearance at active edge.,0,LEAF_BLIGHT
Orange-yellow powdery pustules on lower leaf surface. Corresponding pale spots visible on upper surface. Raised lesions on tender flush. Scattered distribution. Tips show some dieback.,2,LEAF_RUST
Small circular orange-rust coloured spots on adaxial surface. Powdery spore deposits on abaxial side.,2,LEAF_RUST
Brown patches on leaf margins. Tissue soft at edges. Worse in lower shaded canopy. Portions of leaf removed. Skeletonized areas on some leaves. Frass present nearby.,0,LEAF_BLIGHT
Dark necrotic patches with pale yellow borders appearing on lower canopy leaves. Soft texture at active edge.,0,LEAF_BLIGHT
Yellow-orange raised pustules in irregular groups on leaf underside. Upper surface pale yellow above each cluster. Leaf tissue missing in irregular patches. Ragged edges at margin. Origin not confirmed.,2,LEAF_RUST
Young shoots with multiple stipple-like raised spots and tip wilting. Lesion centres sunken and darkened. Rust-coloured patches on lower leaf. Upper surface pale above affected areas.,4,MOSQUITO_BUG
Orange-yellow spots on leaf surface. Powdery texture. Both leaf surfaces show discolouration.,2,LEAF_RUST
Rust-coloured patches on lower leaf. Upper surface pale above affected areas. Small angular marks on young leaves. Some tip wilting visible. Cause not immediately clear.,2,LEAF_RUST
Irregular brown blotches covering large portions of the leaf blade. Adjacent tissue appears water-soaked.,0,LEAF_BLIGHT
Pale stippling pattern across upper leaf surface. Leaf margins curling upward. Colour fading to pale yellow.,1,LEAF_HOPPERS
Defoliated patches with only coarse veins remaining. Fine frass scattered on leaves beneath affected area. Rust-coloured patches on lower leaf. Upper surface pale above affected areas.,3,LOOPER_CATERPILLARS
Orange deposits visible on leaf underside. Slow spread. Surrounding tissue slightly yellow.,2,LEAF_RUST
Orange deposits visible on leaf underside. Slow spread. Surrounding tissue slightly yellow. Fine stippling on upper surface. Some leaf curl. Could reflect feeding damage or other stress.,2,LEAF_RUST
Holes and torn edges on leaf blade. Some veins exposed. Frass visible below. Small angular marks on young leaves. Some tip wilting visible. Cause not immediately clear.,3,LOOPER_CATERPILLARS
Brown patches on leaf margins. Tissue soft at edges. Worse in lower shaded canopy.,0,LEAF_BLIGHT
Yellowing and bronzing of leaves with fine speckled texture on upper surface. Curled margins visible.,1,LEAF_HOPPERS
Leaf lamina partially consumed leaving midrib and major veins. Feeding damage across multiple leaves in canopy. Fine stippling on upper surface. Some leaf curl. Could reflect feeding damage or other stress.,3,LOOPER_CATERPILLARS
Orange-yellow spots on leaf surface. Powdery texture. Both leaf surfaces show discolouration.,2,LEAF_RUST
Uniform whitish flecking on leaf blade. Leaves feel papery and dry. Lower canopy most affected. Orange deposits visible on leaf underside. Slow spread. Surrounding tissue slightly yellow.,1,LEAF_HOPPERS
Raised lesions on tender flush. Scattered distribution. Tips show some dieback.,4,MOSQUITO_BUG
Holes and torn edges on leaf blade. Some veins exposed. Frass visible below.,3,LOOPER_CATERPILLARS
Leaf lamina partially consumed leaving midrib and major veins. Feeding damage across multiple leaves in canopy.,3,LOOPER_CATERPILLARS
Browning from leaf tip progressing inward. Soft water-soaked appearance at active edge.,0,LEAF_BLIGHT
Skeletonized patches where only the major veins remain intact. Leaf edges highly irregular from feeding. Fine stippling on upper surface. Some leaf curl. Could reflect feeding damage or other stress.,3,LOOPER_CATERPILLARS
Irregular holes across leaf blade with ragged edges. Frass pellets visible on remaining tissue beneath.,3,LOOPER_CATERPILLARS
Raised lesions on tender flush. Scattered distribution. Tips show some dieback.,4,MOSQUITO_BUG
Orange pustules coalescing on lower leaf surface. Leaves yellowing and dropping in severely affected patches. Holes and torn edges on leaf blade. Some veins exposed. Frass visible below.,2,LEAF_RUST
Rough corky raised spots on newly emerged leaves. Tips curled and discoloured. Lesions individually spaced.,4,MOSQUITO_BUG
Tender flush showing multiple angular brown raised lesions. Tips stunted. Scattered distribution on new growth. Pale speckling on upper leaf surface. Margins slightly curled. Yellowing visible on some leaves.,4,MOSQUITO_BUG
Orange pustules coalescing on lower leaf surface. Leaves yellowing and dropping in severely affected patches. Fine stippling on upper surface. Some leaf curl. Could reflect feeding damage or other stress.,2,LEAF_RUST
Bright orange urediniospore pustules scattered on underside of leaves. Spores dust off when touched.,2,LEAF_RUST
Skeletonized patches where only the major veins remain intact. Leaf edges highly irregular from feeding.,3,LOOPER_CATERPILLARS
Leaf tips turning yellow-white with fine pale speckling. Leaf curl on newly emerged growth. Browning from leaf tip progressing inward. Soft water-soaked appearance at active edge.,1,LEAF_HOPPERS
Portions of leaf removed. Skeletonized areas on some leaves. Frass present nearby. Brown patches on leaf margins. Tissue soft at edges. Worse in lower shaded canopy.,3,LOOPER_CATERPILLARS
Pale stippling pattern across upper leaf surface. Leaf margins curling upward. Colour fading to pale yellow.,1,LEAF_HOPPERS
Dense orange-yellow pustule clusters on abaxial leaf surface. Surrounding tissue yellowing rapidly. Whitish flecks on leaf blade. Tip region most affected. Leaves feel dry.,2,LEAF_RUST
Bright orange urediniospore pustules scattered on underside of leaves. Spores dust off when touched.,2,LEAF_RUST
Brown patches on leaf margins. Tissue soft at edges. Worse in lower shaded canopy. Brown spots on new foliage. Raised texture at lesion centres. Shoot tips look unhealthy.,0,LEAF_BLIGHT
Leaf tissue turning brown from edges inward. Water-soaked translucent border at leading edge of lesion. Portions of leaf removed. Skeletonized areas on some leaves. Frass present nearby.,0,LEAF_BLIGHT
Orange deposits visible on leaf underside. Slow spread. Surrounding tissue slightly yellow.,2,LEAF_RUST
Rough corky raised spots on newly emerged leaves. Tips curled and discoloured. Lesions individually spaced.,4,MOSQUITO_BUG
New growth showing shoot dieback with scattered corky raised spots. Pale outer ring around each lesion. Pale speckling on upper leaf surface. Margins slightly curled. Yellowing visible on some leaves.,4,MOSQUITO_BUG
Bright orange urediniospore pustules scattered on underside of leaves. Spores dust off when touched. Leaf tissue missing in irregular patches. Ragged edges at margin. Origin not confirmed.,2,LEAF_RUST
Tender leaves with rough brown patches and tip wilting. Scattered wound-like raised lesions throughout blade.,4,MOSQUITO_BUG
Raised lesions on tender flush. Scattered distribution. Tips show some dieback. Orange deposits visible on leaf underside. Slow spread. Surrounding tissue slightly yellow.,4,MOSQUITO_BUG
Blighted areas beginning at leaf tip and progressing along margins. Entire leaf browning in advanced cases.,0,LEAF_BLIGHT
Bright orange urediniospore pustules scattered on underside of leaves. Spores dust off when touched. Portions of leaf removed. Skeletonized areas on some leaves. Frass present nearby.,2,LEAF_RUST
Extensive leaf tissue loss with ragged torn edges. Multiple feeding sites across several adjacent leaves. Brown patches on leaf margins. Tissue soft at edges. Worse in lower shaded canopy.,3,LOOPER_CATERPILLARS
Yellowing and bronzing of leaves with fine speckled texture on upper surface. Curled margins visible. Portions of leaf removed. Skeletonized areas on some leaves. Frass present nearby.,1,LEAF_HOPPERS
Irregular brown blotches covering large portions of the leaf blade. Adjacent tissue appears water-soaked. Holes and torn edges on leaf blade. Some veins exposed. Frass visible below.,0,LEAF_BLIGHT
Orange deposits visible on leaf underside. Slow spread. Surrounding tissue slightly yellow.,2,LEAF_RUST
Leaf tissue turning brown from edges inward. Water-soaked translucent border at leading edge of lesion. Pale speckling on upper leaf surface. Margins slightly curled. Yellowing visible on some leaves.,0,LEAF_BLIGHT
Yellowing and bronzing of leaves with fine speckled texture on upper surface. Curled margins visible. Orange-yellow spots on leaf surface. Powdery texture. Both leaf surfaces show discolouration.,1,LEAF_HOPPERS
New growth showing shoot dieback with scattered corky raised spots. Pale outer ring around each lesion.,4,MOSQUITO_BUG
Extensive leaf tissue loss with ragged torn edges. Multiple feeding sites across several adjacent leaves. Pale speckling on upper leaf surface. Margins slightly curled. Yellowing visible on some leaves.,3,LOOPER_CATERPILLARS
Leaf tissue turning brown from edges inward. Water-soaked translucent border at leading edge of lesion.,0,LEAF_BLIGHT
Browning from leaf tip progressing inward. Soft water-soaked appearance at active edge.,0,LEAF_BLIGHT
Brown patches on leaf margins. Tissue soft at edges. Worse in lower shaded canopy. Fine stippling on upper surface. Some leaf curl. Could reflect feeding damage or other stress.,0,LEAF_BLIGHT
Rust-coloured patches on lower leaf. Upper surface pale above affected areas.,2,LEAF_RUST
Blighted areas beginning at leaf tip and progressing along margins. Entire leaf browning in advanced cases.,0,LEAF_BLIGHT
Small circular orange-rust coloured spots on adaxial surface. Powdery spore deposits on abaxial side. Raised lesions on tender flush. Scattered distribution. Tips show some dieback.,2,LEAF_RUST
Raised lesions on tender flush. Scattered distribution. Tips show some dieback. Whitish flecks on leaf blade. Tip region most affected. Leaves feel dry.,4,MOSQUITO_BUG
Leaf lamina partially consumed leaving midrib and major veins. Feeding damage across multiple leaves in canopy.,3,LOOPER_CATERPILLARS
Necrotic tan-brown patches with a darker outer ring. Spreads rapidly in moist dense canopy sections.,0,LEAF_BLIGHT
Fine white speckling uniformly distributed on upper leaf. Margins rolling and yellowing.,1,LEAF_HOPPERS
Rust-coloured spore masses on abaxial surface. Upper leaf shows yellow-orange chlorotic spots above each pustule.,2,LEAF_RUST
Raised lesions on tender flush. Scattered distribution. Tips show some dieback.,4,MOSQUITO_BUG
Leaf tips turning yellow-white with fine pale speckling. Leaf curl on newly emerged growth. Rust-coloured patches on lower leaf. Upper surface pale above affected areas.,1,LEAF_HOPPERS
Brown water-soaked lesions spreading inward from leaf margins. Tissue collapses rapidly under humid conditions.,0,LEAF_BLIGHT
Extensive leaf tissue loss with ragged torn edges. Multiple feeding sites across several adjacent leaves. Fine stippling on upper surface. Some leaf curl. Could reflect feeding damage or other stress.,3,LOOPER_CATERPILLARS
Tip burn on young leaves with pale stippled damage spreading toward mid-leaf. Veins still green. Rust-coloured patches on lower leaf. Upper surface pale above affected areas.,1,LEAF_HOPPERS
Brown water-soaked lesions spreading inward from leaf margins. Tissue collapses rapidly under humid conditions. Rust-coloured patches on lower leaf. Upper surface pale above affected areas.,0,LEAF_BLIGHT
Small circular orange-rust coloured spots on adaxial surface. Powdery spore deposits on abaxial side.,2,LEAF_RUST
Extensive leaf tissue loss with ragged torn edges. Multiple feeding sites across several adjacent leaves.,3,LOOPER_CATERPILLARS
Necrotic areas on leaf blade. Margins discoloured. Spreading under humid conditions. Rust-coloured patches on lower leaf. Upper surface pale above affected areas.,0,LEAF_BLIGHT
Uniform whitish flecking on leaf blade. Leaves feel papery and dry. Lower canopy most affected.,1,LEAF_HOPPERS
Orange pustules coalescing on lower leaf surface. Leaves yellowing and dropping in severely affected patches. Necrotic areas on leaf blade. Margins discoloured. Spreading under humid conditions.,2,LEAF_RUST
Necrotic tan-brown patches with a darker outer ring. Spreads rapidly in moist dense canopy sections. Whitish flecks on leaf blade. Tip region most affected. Leaves feel dry.,0,LEAF_BLIGHT
Blighted areas beginning at leaf tip and progressing along margins. Entire leaf browning in advanced cases. Leaf tissue missing in irregular patches. Ragged edges at margin. Origin not confirmed.,0,LEAF_BLIGHT
Orange-yellow spots on leaf surface. Powdery texture. Both leaf surfaces show discolouration. Brown patches on leaf margins. Tissue soft at edges. Worse in lower shaded canopy.,2,LEAF_RUST
Tip burn on young leaves with pale stippled damage spreading toward mid-leaf. Veins still green. Leaf tissue missing in irregular patches. Ragged edges at margin. Origin not confirmed.,1,LEAF_HOPPERS
Fine white speckling uniformly distributed on upper leaf. Margins rolling and yellowing.,1,LEAF_HOPPERS
Uniform whitish flecking on leaf blade. Leaves feel papery and dry. Lower canopy most affected.,1,LEAF_HOPPERS
Portions of leaf removed. Skeletonized areas on some leaves. Frass present nearby. Brown spots on new foliage. Raised texture at lesion centres. Shoot tips look unhealthy.,3,LOOPER_CATERPILLARS
Dense orange-yellow pustule clusters on abaxial leaf surface. Surrounding tissue yellowing rapidly. Necrotic areas on leaf blade. Margins discoloured. Spreading under humid conditions.,2,LEAF_RUST
Pale stippling pattern across upper leaf surface. Leaf margins curling upward. Colour fading to pale yellow. Portions of leaf removed. Skeletonized areas on some leaves. Frass present nearby.,1,LEAF_HOPPERS
Uniform whitish flecking on leaf blade. Leaves feel papery and dry. Lower canopy most affected. Orange-yellow spots on leaf surface. Powdery texture. Both leaf surfaces show discolouration.,1,LEAF_HOPPERS
Extensive leaf tissue loss with ragged torn edges. Multiple feeding sites across several adjacent leaves.,3,LOOPER_CATERPILLARS
Portions of leaf removed. Skeletonized areas on some leaves. Frass present nearby. Brown patches on leaf margins. Tissue soft at edges. Worse in lower shaded canopy.,3,LOOPER_CATERPILLARS
Pale stippling pattern across upper leaf surface. Leaf margins curling upward. Colour fading to pale yellow. Raised lesions on tender flush. Scattered distribution. Tips show some dieback.,1,LEAF_HOPPERS
Tip burn on young leaves with pale stippled damage spreading toward mid-leaf. Veins still green. Brown spots on new foliage. Raised texture at lesion centres. Shoot tips look unhealthy.,1,LEAF_HOPPERS
Rust-orange raised spots with powdery texture on lower leaf surface. Upper surface shows corresponding pale patches.,2,LEAF_RUST
Necrotic areas on leaf blade. Margins discoloured. Spreading under humid conditions.,0,LEAF_BLIGHT
Tender leaves with rough brown patches and tip wilting. Scattered wound-like raised lesions throughout blade. Pale speckling on upper leaf surface. Margins slightly curled. Yellowing visible on some leaves.,4,MOSQUITO_BUG
Fine white speckling uniformly distributed on upper leaf. Margins rolling and yellowing. Orange deposits visible on leaf underside. Slow spread. Surrounding tissue slightly yellow.,1,LEAF_HOPPERS
Dark necrotic patches with pale yellow borders appearing on lower canopy leaves. Soft texture at active edge. Holes and torn edges on leaf blade. Some veins exposed. Frass visible below.,0,LEAF_BLIGHT
Tip burn on young leaves with pale stippled damage spreading toward mid-leaf. Veins still green. Brown spots on new foliage. Raised texture at lesion centres. Shoot tips look unhealthy.,1,LEAF_HOPPERS
Orange deposits visible on leaf underside. Slow spread. Surrounding tissue slightly yellow.,2,LEAF_RUST
Young shoots with multiple stipple-like raised spots and tip wilting. Lesion centres sunken and darkened. Orange-yellow spots on leaf surface. Powdery texture. Both leaf surfaces show discolouration.,4,MOSQUITO_BUG
Rough corky raised spots on newly emerged leaves. Tips curled and discoloured. Lesions individually spaced. Orange-yellow spots on leaf surface. Powdery texture. Both leaf surfaces show discolouration.,4,MOSQUITO_BUG
Bright orange urediniospore pustules scattered on underside of leaves. Spores dust off when touched. Browning from leaf tip progressing inward. Soft water-soaked appearance at active edge.,2,LEAF_RUST
Dark necrotic patches with pale yellow borders appearing on lower canopy leaves. Soft texture at active edge. Rust-coloured patches on lower leaf. Upper surface pale above affected areas.,0,LEAF_BLIGHT
Notched leaf margins and internal holes. Damage consistent with chewing from leaf edge inward.,3,LOOPER_CATERPILLARS
Irregular brown blotches covering large portions of the leaf blade. Adjacent tissue appears water-soaked. Orange-yellow spots on leaf surface. Powdery texture. Both leaf surfaces show discolouration.,0,LEAF_BLIGHT
Small angular marks on young leaves. Some tip wilting visible. Cause not immediately clear. Leaf tissue missing in irregular patches. Ragged edges at margin. Origin not confirmed.,4,MOSQUITO_BUG
Bright orange urediniospore pustules scattered on underside of leaves. Spores dust off when touched. Small angular marks on young leaves. Some tip wilting visible. Cause not immediately clear.,2,LEAF_RUST
Notched leaf margins and internal holes. Damage consistent with chewing from leaf edge inward.,3,LOOPER_CATERPILLARS
Rust-coloured patches on lower leaf. Upper surface pale above affected areas.,2,LEAF_RUST
Notched leaf margins and internal holes. Damage consistent with chewing from leaf edge inward. Small angular marks on young leaves. Some tip wilting visible. Cause not immediately clear.,3,LOOPER_CATERPILLARS
Young flush with angular brown lesions at irregular positions. Rough raised texture at each wound centre. Orange-yellow spots on leaf surface. Powdery texture. Both leaf surfaces show discolouration.,4,MOSQUITO_BUG
Rust-coloured patches on lower leaf. Upper surface pale above affected areas. Small angular marks on young leaves. Some tip wilting visible. Cause not immediately clear.,2,LEAF_RUST
Yellowing and bronzing of leaves with fine speckled texture on upper surface. Curled margins visible. Rust-coloured patches on lower leaf. Upper surface pale above affected areas.,1,LEAF_HOPPERS
Small angular marks on young leaves. Some tip wilting visible. Cause not immediately clear.,4,MOSQUITO_BUG
Pale speckling on upper leaf surface. Margins slightly curled. Yellowing visible on some leaves. Holes and torn edges on leaf blade. Some veins exposed. Frass visible below.,1,LEAF_HOPPERS
Tender flush showing multiple angular brown raised lesions. Tips stunted. Scattered distribution on new growth. Orange-yellow spots on leaf surface. Powdery texture. Both leaf surfaces show discolouration.,4,MOSQUITO_BUG
Notched leaf margins and internal holes. Damage consistent with chewing from leaf edge inward.,3,LOOPER_CATERPILLARS
Leaf bronzing with dense pale stippling from tip toward base. Brittle texture on older affected leaves.,1,LEAF_HOPPERS
Rust-orange raised spots with powdery texture on lower leaf surface. Upper surface shows corresponding pale patches. Browning from leaf tip progressing inward. Soft water-soaked appearance at active edge.,2,LEAF_RUST
Brown water-soaked lesions spreading inward from leaf margins. Tissue collapses rapidly under humid conditions. Whitish flecks on leaf blade. Tip region most affected. Leaves feel dry.,0,LEAF_BLIGHT
Blighted areas beginning at leaf tip and progressing along margins. Entire leaf browning in advanced cases. Pale speckling on upper leaf surface. Margins slightly curled. Yellowing visible on some leaves.,0,LEAF_BLIGHT
Irregular holes across leaf blade with ragged edges. Frass pellets visible on remaining tissue beneath. Browning from leaf tip progressing inward. Soft water-soaked appearance at active edge.,3,LOOPER_CATERPILLARS
Leaf tissue missing in irregular patches. Ragged edges at margin. Origin not confirmed. Whitish flecks on leaf blade. Tip region most affected. Leaves feel dry.,3,LOOPER_CATERPILLARS
Tender leaves with rough brown patches and tip wilting. Scattered wound-like raised lesions throughout blade. Portions of leaf removed. Skeletonized areas on some leaves. Frass present nearby.,4,MOSQUITO_BUG
Rough corky raised spots on newly emerged leaves. Tips curled and discoloured. Lesions individually spaced.,4,MOSQUITO_BUG
New growth showing shoot dieback with scattered corky raised spots. Pale outer ring around each lesion. Holes and torn edges on leaf blade. Some veins exposed. Frass visible below.,4,MOSQUITO_BUG
Yellowing and bronzing of leaves with fine speckled texture on upper surface. Curled margins visible.,1,LEAF_HOPPERS
Pale speckling on upper leaf surface. Margins slightly curled. Yellowing visible on some leaves. Rust-coloured patches on lower leaf. Upper surface pale above affected areas.,1,LEAF_HOPPERS
Pale stippling pattern across upper leaf surface. Leaf margins curling upward. Colour fading to pale yellow.,1,LEAF_HOPPERS
Orange-yellow spots on leaf surface. Powdery texture. Both leaf surfaces show discolouration.,2,LEAF_RUST
Uniform whitish flecking on leaf blade. Leaves feel papery and dry. Lower canopy most affected.,1,LEAF_HOPPERS
Multiple small raised necrotic spots on tender shoots. Each spot has a sunken dark centre. Tips wilted. Holes and torn edges on leaf blade. Some veins exposed. Frass visible below.,4,MOSQUITO_BUG
Whitish flecks on leaf blade. Tip region most affected. Leaves feel dry. Leaf tissue missing in irregular patches. Ragged edges at margin. Origin not confirmed.,1,LEAF_HOPPERS
Rough corky raised spots on newly emerged leaves. Tips curled and discoloured. Lesions individually spaced.,4,MOSQUITO_BUG
New growth showing shoot dieback with scattered corky raised spots. Pale outer ring around each lesion. Necrotic areas on leaf blade. Margins discoloured. Spreading under humid conditions.,4,MOSQUITO_BUG
Upper leaf surface stripped away in patches. Veins exposed. Frass pellets and silk webbing visible nearby. Browning from leaf tip progressing inward. Soft water-soaked appearance at active edge.,3,LOOPER_CATERPILLARS
Yellowing and bronzing of leaves with fine speckled texture on upper surface. Curled margins visible. Small angular marks on young leaves. Some tip wilting visible. Cause not immediately clear.,1,LEAF_HOPPERS
Tender flush showing multiple angular brown raised lesions. Tips stunted. Scattered distribution on new growth. Portions of leaf removed. Skeletonized areas on some leaves. Frass present nearby.,4,MOSQUITO_BUG
Tender flush showing multiple angular brown raised lesions. Tips stunted. Scattered distribution on new growth. Browning from leaf tip progressing inward. Soft water-soaked appearance at active edge.,4,MOSQUITO_BUG
Small angular marks on young leaves. Some tip wilting visible. Cause not immediately clear.,4,MOSQUITO_BUG
Bleached stippling across leaf surface. Leaves brittle and discoloured. Tip dieback in severe cases.,1,LEAF_HOPPERS
New growth showing shoot dieback with scattered corky raised spots. Pale outer ring around each lesion.,4,MOSQUITO_BUG
Irregular brown blotches covering large portions of the leaf blade. Adjacent tissue appears water-soaked.,0,LEAF_BLIGHT
Rough corky raised spots on newly emerged leaves. Tips curled and discoloured. Lesions individually spaced.,4,MOSQUITO_BUG
Leaf tissue missing in irregular patches. Ragged edges at margin. Origin not confirmed.,3,LOOPER_CATERPILLARS
Rust-coloured patches on lower leaf. Upper surface pale above affected areas.,2,LEAF_RUST
Leaf tips turning yellow-white with fine pale speckling. Leaf curl on newly emerged growth. Brown patches on leaf margins. Tissue soft at edges. Worse in lower shaded canopy.,1,LEAF_HOPPERS
Leaf bronzing with dense pale stippling from tip toward base. Brittle texture on older affected leaves. Orange-yellow spots on leaf surface. Powdery texture. Both leaf surfaces show discolouration.,1,LEAF_HOPPERS
Leaf tissue missing in irregular patches. Ragged edges at margin. Origin not confirmed. Browning from leaf tip progressing inward. Soft water-soaked appearance at active edge.,3,LOOPER_CATERPILLARS
Orange pustules coalescing on lower leaf surface. Leaves yellowing and dropping in severely affected patches.,2,LEAF_RUST
Rust-coloured spore masses on abaxial surface. Upper leaf shows yellow-orange chlorotic spots above each pustule. Necrotic areas on leaf blade. Margins discoloured. Spreading under humid conditions.,2,LEAF_RUST
New growth showing shoot dieback with scattered corky raised spots. Pale outer ring around each lesion.,4,MOSQUITO_BUG
Multiple small raised necrotic spots on tender shoots. Each spot has a sunken dark centre. Tips wilted. Leaf tissue missing in irregular patches. Ragged edges at margin. Origin not confirmed.,4,MOSQUITO_BUG
Whitish flecks on leaf blade. Tip region most affected. Leaves feel dry.,1,LEAF_HOPPERS
Fine white speckling uniformly distributed on upper leaf. Margins rolling and yellowing.,1,LEAF_HOPPERS
Bleached stippling across leaf surface. Leaves brittle and discoloured. Tip dieback in severe cases.,1,LEAF_HOPPERS
Young shoots with multiple stipple-like raised spots and tip wilting. Lesion centres sunken and darkened.,4,MOSQUITO_BUG
Blighted areas beginning at leaf tip and progressing along margins. Entire leaf browning in advanced cases. Rust-coloured patches on lower leaf. Upper surface pale above affected areas.,0,LEAF_BLIGHT
Leaf tissue turning brown from edges inward. Water-soaked translucent border at leading edge of lesion.,0,LEAF_BLIGHT
Dense orange-yellow pustule clusters on abaxial leaf surface. Surrounding tissue yellowing rapidly.,2,LEAF_RUST
Necrotic tan-brown patches with a darker outer ring. Spreads rapidly in moist dense canopy sections. Portions of leaf removed. Skeletonized areas on some leaves. Frass present nearby.,0,LEAF_BLIGHT
Yellow-orange raised pustules in irregular groups on leaf underside. Upper surface pale yellow above each cluster.,2,LEAF_RUST
Necrotic tan-brown patches with a darker outer ring. Spreads rapidly in moist dense canopy sections.,0,LEAF_BLIGHT
Raised angular marks on expanding leaves. Shoot tips bent and discoloured. Lesions not along veins. Orange deposits visible on leaf underside. Slow spread. Surrounding tissue slightly yellow.,4,MOSQUITO_BUG
Raised lesions on tender flush. Scattered distribution. Tips show some dieback.,4,MOSQUITO_BUG
Tender leaves with rough brown patches and tip wilting. Scattered wound-like raised lesions throughout blade.,4,MOSQUITO_BUG
Brown necrosis expanding from tip and edges. More than half of some leaves showing blighted tissue.,0,LEAF_BLIGHT
Notched leaf margins and internal holes. Damage consistent with chewing from leaf edge inward. Small angular marks on young leaves. Some tip wilting visible. Cause not immediately clear.,3,LOOPER_CATERPILLARS
Skeletonized patches where only the major veins remain intact. Leaf edges highly irregular from feeding. Whitish flecks on leaf blade. Tip region most affected. Leaves feel dry.,3,LOOPER_CATERPILLARS
Pale stippling pattern across upper leaf surface. Leaf margins curling upward. Colour fading to pale yellow. Small angular marks on young leaves. Some tip wilting visible. Cause not immediately clear.,1,LEAF_HOPPERS
Rust-orange raised spots with powdery texture on lower leaf surface. Upper surface shows corresponding pale patches. Leaf tissue missing in irregular patches. Ragged edges at margin. Origin not confirmed.,2,LEAF_RUST
Irregular holes across leaf blade with ragged edges. Frass pellets visible on remaining tissue beneath. Rust-coloured patches on lower leaf. Upper surface pale above affected areas.,3,LOOPER_CATERPILLARS
Orange deposits visible on leaf underside. Slow spread. Surrounding tissue slightly yellow.,2,LEAF_RUST
Small angular marks on young leaves. Some tip wilting visible. Cause not immediately clear.,4,MOSQUITO_BUG
Rust-orange raised spots with powdery texture on lower leaf surface. Upper surface shows corresponding pale patches.,2,LEAF_RUST
Extensive leaf tissue loss with ragged torn edges. Multiple feeding sites across several adjacent leaves.,3,LOOPER_CATERPILLARS
Extensive leaf tissue loss with ragged torn edges. Multiple feeding sites across several adjacent leaves.,3,LOOPER_CATERPILLARS
Leaf lamina partially consumed leaving midrib and major veins. Feeding damage across multiple leaves in canopy.,3,LOOPER_CATERPILLARS
Orange pustules coalescing on lower leaf surface. Leaves yellowing and dropping in severely affected patches.,2,LEAF_RUST
Necrotic areas on leaf blade. Margins discoloured. Spreading under humid conditions. Holes and torn edges on leaf blade. Some veins exposed. Frass visible below.,0,LEAF_BLIGHT
Leaf bronzing with dense pale stippling from tip toward base. Brittle texture on older affected leaves.,1,LEAF_HOPPERS
Brown patches on leaf margins. Tissue soft at edges. Worse in lower shaded canopy.,0,LEAF_BLIGHT
Notched leaf margins and internal holes. Damage consistent with chewing from leaf edge inward. Small angular marks on young leaves. Some tip wilting visible. Cause not immediately clear.,3,LOOPER_CATERPILLARS
Upper leaf surface stripped away in patches. Veins exposed. Frass pellets and silk webbing visible nearby. Brown spots on new foliage. Raised texture at lesion centres. Shoot tips look unhealthy.,3,LOOPER_CATERPILLARS
Large irregular sections of leaf tissue removed. Frass deposits and silk threads present near damage sites.,3,LOOPER_CATERPILLARS
Raised angular marks on expanding leaves. Shoot tips bent and discoloured. Lesions not along veins.,4,MOSQUITO_BUG
Irregular holes across leaf blade with ragged edges. Frass pellets visible on remaining tissue beneath. Raised lesions on tender flush. Scattered distribution. Tips show some dieback.,3,LOOPER_CATERPILLARS
Leaf lamina partially consumed leaving midrib and major veins. Feeding damage across multiple leaves in canopy. Orange deposits visible on leaf underside. Slow spread. Surrounding tissue slightly yellow.,3,LOOPER_CATERPILLARS
Irregular brown blotches covering large portions of the leaf blade. Adjacent tissue appears water-soaked. Leaf tissue missing in irregular patches. Ragged edges at margin. Origin not confirmed.,0,LEAF_BLIGHT
Tender leaves with rough brown patches and tip wilting. Scattered wound-like raised lesions throughout blade.,4,MOSQUITO_BUG
Bright orange urediniospore pustules scattered on underside of leaves. Spores dust off when touched. Brown patches on leaf margins. Tissue soft at edges. Worse in lower shaded canopy.,2,LEAF_RUST
Rust-coloured spore masses on abaxial surface. Upper leaf shows yellow-orange chlorotic spots above each pustule.,2,LEAF_RUST
Yellowing and bronzing of leaves with fine speckled texture on upper surface. Curled margins visible. Rust-coloured patches on lower leaf. Upper surface pale above affected areas.,1,LEAF_HOPPERS
Blighted areas beginning at leaf tip and progressing along margins. Entire leaf browning in advanced cases. Orange-yellow spots on leaf surface. Powdery texture. Both leaf surfaces show discolouration.,0,LEAF_BLIGHT
Whitish flecks on leaf blade. Tip region most affected. Leaves feel dry.,1,LEAF_HOPPERS
Irregular brown blotches covering large portions of the leaf blade. Adjacent tissue appears water-soaked.,0,LEAF_BLIGHT
Portions of leaf removed. Skeletonized areas on some leaves. Frass present nearby. Fine stippling on upper surface. Some leaf curl. Could reflect feeding damage or other stress.,3,LOOPER_CATERPILLARS
Multiple small raised necrotic spots on tender shoots. Each spot has a sunken dark centre. Tips wilted.,4,MOSQUITO_BUG
Leaf tissue turning brown from edges inward. Water-soaked translucent border at leading edge of lesion. Orange deposits visible on leaf underside. Slow spread. Surrounding tissue slightly yellow.,0,LEAF_BLIGHT
Fine white speckling uniformly distributed on upper leaf. Margins rolling and yellowing. Leaf tissue missing in irregular patches. Ragged edges at margin. Origin not confirmed.,1,LEAF_HOPPERS
Raised angular marks on expanding leaves. Shoot tips bent and discoloured. Lesions not along veins. Orange-yellow spots on leaf surface. Powdery texture. Both leaf surfaces show discolouration.,4,MOSQUITO_BUG
Orange-yellow powdery pustules on lower leaf surface. Corresponding pale spots visible on upper surface. Pale speckling on upper leaf surface. Margins slightly curled. Yellowing visible on some leaves.,2,LEAF_RUST
Whitish flecks on leaf blade. Tip region most affected. Leaves feel dry. Browning from leaf tip progressing inward. Soft water-soaked appearance at active edge.,1,LEAF_HOPPERS
Pale speckling on upper leaf surface. Margins slightly curled. Yellowing visible on some leaves.,1,LEAF_HOPPERS
Orange deposits visible on leaf underside. Slow spread. Surrounding tissue slightly yellow. Portions of leaf removed. Skeletonized areas on some leaves. Frass present nearby.,2,LEAF_RUST
Pale speckling on upper leaf surface. Margins slightly curled. Yellowing visible on some leaves. Holes and torn edges on leaf blade. Some veins exposed. Frass visible below.,1,LEAF_HOPPERS
Young flush with angular brown lesions at irregular positions. Rough raised texture at each wound centre. Pale speckling on upper leaf surface. Margins slightly curled. Yellowing visible on some leaves.,4,MOSQUITO_BUG
Tender leaves with rough brown patches and tip wilting. Scattered wound-like raised lesions throughout blade.,4,MOSQUITO_BUG
Large irregular sections of leaf tissue removed. Frass deposits and silk threads present near damage sites. Rust-coloured patches on lower leaf. Upper surface pale above affected areas.,3,LOOPER_CATERPILLARS
Browning from leaf tip progressing inward. Soft water-soaked appearance at active edge.,0,LEAF_BLIGHT
Leaf tips turning yellow-white with fine pale speckling. Leaf curl on newly emerged growth.,1,LEAF_HOPPERS
Blighted areas beginning at leaf tip and progressing along margins. Entire leaf browning in advanced cases. Orange-yellow spots on leaf surface. Powdery texture. Both leaf surfaces show discolouration.,0,LEAF_BLIGHT
Brown necrosis expanding from tip and edges. More than half of some leaves showing blighted tissue.,0,LEAF_BLIGHT
Rough corky raised spots on newly emerged leaves. Tips curled and discoloured. Lesions individually spaced.,4,MOSQUITO_BUG
Defoliated patches with only coarse veins remaining. Fine frass scattered on leaves beneath affected area.,3,LOOPER_CATERPILLARS
Browning from leaf tip progressing inward. Soft water-soaked appearance at active edge.,0,LEAF_BLIGHT
Orange deposits visible on leaf underside. Slow spread. Surrounding tissue slightly yellow.,2,LEAF_RUST
Large irregularly shaped brown areas on leaf blade. Margin tissue soft and disintegrating under moisture.,0,LEAF_BLIGHT
Upper leaf surface stripped away in patches. Veins exposed. Frass pellets and silk webbing visible nearby.,3,LOOPER_CATERPILLARS
Rust-orange raised spots with powdery texture on lower leaf surface. Upper surface shows corresponding pale patches.,2,LEAF_RUST
Orange-yellow powdery pustules on lower leaf surface. Corresponding pale spots visible on upper surface. Small angular marks on young leaves. Some tip wilting visible. Cause not immediately clear.,2,LEAF_RUST
Holes and torn edges on leaf blade. Some veins exposed. Frass visible below.,3,LOOPER_CATERPILLARS
Skeletonized patches where only the major veins remain intact. Leaf edges highly irregular from feeding. Pale speckling on upper leaf surface. Margins slightly curled. Yellowing visible on some leaves.,3,LOOPER_CATERPILLARS
Brown spots on new foliage. Raised texture at lesion centres. Shoot tips look unhealthy. Whitish flecks on leaf blade. Tip region most affected. Leaves feel dry.,4,MOSQUITO_BUG
Blighted areas beginning at leaf tip and progressing along margins. Entire leaf browning in advanced cases.,0,LEAF_BLIGHT
Rust-orange raised spots with powdery texture on lower leaf surface. Upper surface shows corresponding pale patches. Brown patches on leaf margins. Tissue soft at edges. Worse in lower shaded canopy.,2,LEAF_RUST
Irregular brown blotches covering large portions of the leaf blade. Adjacent tissue appears water-soaked. Leaf tissue missing in irregular patches. Ragged edges at margin. Origin not confirmed.,0,LEAF_BLIGHT
Orange-yellow powdery pustules on lower leaf surface. Corresponding pale spots visible on upper surface. Necrotic areas on leaf blade. Margins discoloured. Spreading under humid conditions.,2,LEAF_RUST
Tender flush showing multiple angular brown raised lesions. Tips stunted. Scattered distribution on new growth. Brown patches on leaf margins. Tissue soft at edges. Worse in lower shaded canopy.,4,MOSQUITO_BUG
Yellowing and bronzing of leaves with fine speckled texture on upper surface. Curled margins visible. Holes and torn edges on leaf blade. Some veins exposed. Frass visible below.,1,LEAF_HOPPERS
Rust-coloured patches on lower leaf. Upper surface pale above affected areas.,2,LEAF_RUST
Multiple small raised necrotic spots on tender shoots. Each spot has a sunken dark centre. Tips wilted. Rust-coloured patches on lower leaf. Upper surface pale above affected areas.,4,MOSQUITO_BUG
Large irregularly shaped brown areas on leaf blade. Margin tissue soft and disintegrating under moisture.,0,LEAF_BLIGHT
Bleached stippling across leaf surface. Leaves brittle and discoloured. Tip dieback in severe cases.,1,LEAF_HOPPERS
Rough corky raised spots on newly emerged leaves. Tips curled and discoloured. Lesions individually spaced.,4,MOSQUITO_BUG
Uniform whitish flecking on leaf blade. Leaves feel papery and dry. Lower canopy most affected. Orange deposits visible on leaf underside. Slow spread. Surrounding tissue slightly yellow.,1,LEAF_HOPPERS
Dense orange-yellow pustule clusters on abaxial leaf surface. Surrounding tissue yellowing rapidly. Brown spots on new foliage. Raised texture at lesion centres. Shoot tips look unhealthy.,2,LEAF_RUST
Extensive leaf tissue loss with ragged torn edges. Multiple feeding sites across several adjacent leaves.,3,LOOPER_CATERPILLARS
Dense orange-yellow pustule clusters on abaxial leaf surface. Surrounding tissue yellowing rapidly.,2,LEAF_RUST
Brown necrosis expanding from tip and edges. More than half of some leaves showing blighted tissue.,0,LEAF_BLIGHT
Small angular marks on young leaves. Some tip wilting visible. Cause not immediately clear.,4,MOSQUITO_BUG
Young flush with angular brown lesions at irregular positions. Rough raised texture at each wound centre.,4,MOSQUITO_BUG
Blighted areas beginning at leaf tip and progressing along margins. Entire leaf browning in advanced cases. Brown spots on new foliage. Raised texture at lesion centres. Shoot tips look unhealthy.,0,LEAF_BLIGHT
Young shoots with multiple stipple-like raised spots and tip wilting. Lesion centres sunken and darkened.,4,MOSQUITO_BUG
Defoliated patches with only coarse veins remaining. Fine frass scattered on leaves beneath affected area. Necrotic areas on leaf blade. Margins discoloured. Spreading under humid conditions.,3,LOOPER_CATERPILLARS
Tender flush showing multiple angular brown raised lesions. Tips stunted. Scattered distribution on new growth.,4,MOSQUITO_BUG
Yellow-orange raised pustules in irregular groups on leaf underside. Upper surface pale yellow above each cluster. Browning from leaf tip progressing inward. Soft water-soaked appearance at active edge.,2,LEAF_RUST
Orange deposits visible on leaf underside. Slow spread. Surrounding tissue slightly yellow.,2,LEAF_RUST
Large irregular sections of leaf tissue removed. Frass deposits and silk threads present near damage sites.,3,LOOPER_CATERPILLARS
Small circular orange-rust coloured spots on adaxial surface. Powdery spore deposits on abaxial side. Necrotic areas on leaf blade. Margins discoloured. Spreading under humid conditions.,2,LEAF_RUST
Blighted areas beginning at leaf tip and progressing along margins. Entire leaf browning in advanced cases. Rust-coloured patches on lower leaf. Upper surface pale above affected areas.,0,LEAF_BLIGHT
Raised angular marks on expanding leaves. Shoot tips bent and discoloured. Lesions not along veins.,4,MOSQUITO_BUG
Notched leaf margins and internal holes. Damage consistent with chewing from leaf edge inward.,3,LOOPER_CATERPILLARS
Defoliated patches with only coarse veins remaining. Fine frass scattered on leaves beneath affected area. Brown patches on leaf margins. Tissue soft at edges. Worse in lower shaded canopy.,3,LOOPER_CATERPILLARS
Notched leaf margins and internal holes. Damage consistent with chewing from leaf edge inward. Necrotic areas on leaf blade. Margins discoloured. Spreading under humid conditions.,3,LOOPER_CATERPILLARS
Raised angular marks on expanding leaves. Shoot tips bent and discoloured. Lesions not along veins. Necrotic areas on leaf blade. Margins discoloured. Spreading under humid conditions.,4,MOSQUITO_BUG
Young flush with angular brown lesions at irregular positions. Rough raised texture at each wound centre.,4,MOSQUITO_BUG
Leaf tips turning yellow-white with fine pale speckling. Leaf curl on newly emerged growth.,1,LEAF_HOPPERS
Irregular holes across leaf blade with ragged edges. Frass pellets visible on remaining tissue beneath.,3,LOOPER_CATERPILLARS
Rust-coloured spore masses on abaxial surface. Upper leaf shows yellow-orange chlorotic spots above each pustule.,2,LEAF_RUST
Whitish flecks on leaf blade. Tip region most affected. Leaves feel dry. Browning from leaf tip progressing inward. Soft water-soaked appearance at active edge.,1,LEAF_HOPPERS
Tip burn on young leaves with pale stippled damage spreading toward mid-leaf. Veins still green. Orange deposits visible on leaf underside. Slow spread. Surrounding tissue slightly yellow.,1,LEAF_HOPPERS
New growth showing shoot dieback with scattered corky raised spots. Pale outer ring around each lesion.,4,MOSQUITO_BUG
Leaf tissue turning brown from edges inward. Water-soaked translucent border at leading edge of lesion.,0,LEAF_BLIGHT
Brown water-soaked lesions spreading inward from leaf margins. Tissue collapses rapidly under humid conditions.,0,LEAF_BLIGHT
Necrotic areas on leaf blade. Margins discoloured. Spreading under humid conditions. Small angular marks on young leaves. Some tip wilting visible. Cause not immediately clear.,0,LEAF_BLIGHT
Dense orange-yellow pustule clusters on abaxial leaf surface. Surrounding tissue yellowing rapidly. Pale speckling on upper leaf surface. Margins slightly curled. Yellowing visible on some leaves.,2,LEAF_RUST
Necrotic tan-brown patches with a darker outer ring. Spreads rapidly in moist dense canopy sections. Pale speckling on upper leaf surface. Margins slightly curled. Yellowing visible on some leaves.,0,LEAF_BLIGHT
Multiple small raised necrotic spots on tender shoots. Each spot has a sunken dark centre. Tips wilted. Fine stippling on upper surface. Some leaf curl. Could reflect feeding damage or other stress.,4,MOSQUITO_BUG
Defoliated patches with only coarse veins remaining. Fine frass scattered on leaves beneath affected area. Browning from leaf tip progressing inward. Soft water-soaked appearance at active edge.,3,LOOPER_CATERPILLARS
Large irregular sections of leaf tissue removed. Frass deposits and silk threads present near damage sites. Fine stippling on upper surface. Some leaf curl. Could reflect feeding damage or other stress.,3,LOOPER_CATERPILLARS
Leaf bronzing with dense pale stippling from tip toward base. Brittle texture on older affected leaves.,1,LEAF_HOPPERS
Irregular holes across leaf blade with ragged edges. Frass pellets visible on remaining tissue beneath. Orange deposits visible on leaf underside. Slow spread. Surrounding tissue slightly yellow.,3,LOOPER_CATERPILLARS
Holes and torn edges on leaf blade. Some veins exposed. Frass visible below.,3,LOOPER_CATERPILLARS
Rust-coloured patches on lower leaf. Upper surface pale above affected areas. Raised lesions on tender flush. Scattered distribution. Tips show some dieback.,2,LEAF_RUST
Irregular brown blotches covering large portions of the leaf blade. Adjacent tissue appears water-soaked.,0,LEAF_BLIGHT
Leaf tissue turning brown from edges inward. Water-soaked translucent border at leading edge of lesion.,0,LEAF_BLIGHT
Necrotic tan-brown patches with a darker outer ring. Spreads rapidly in moist dense canopy sections.,0,LEAF_BLIGHT
Notched leaf margins and internal holes. Damage consistent with chewing from leaf edge inward. Browning from leaf tip progressing inward. Soft water-soaked appearance at active edge.,3,LOOPER_CATERPILLARS
Dark necrotic patches with pale yellow borders appearing on lower canopy leaves. Soft texture at active edge.,0,LEAF_BLIGHT
Tip burn on young leaves with pale stippled damage spreading toward mid-leaf. Veins still green. Raised lesions on tender flush. Scattered distribution. Tips show some dieback.,1,LEAF_HOPPERS
Rust-coloured spore masses on abaxial surface. Upper leaf shows yellow-orange chlorotic spots above each pustule. Leaf tissue missing in irregular patches. Ragged edges at margin. Origin not confirmed.,2,LEAF_RUST
Tender flush showing multiple angular brown raised lesions. Tips stunted. Scattered distribution on new growth.,4,MOSQUITO_BUG
Defoliated patches with only coarse veins remaining. Fine frass scattered on leaves beneath affected area. Whitish flecks on leaf blade. Tip region most affected. Leaves feel dry.,3,LOOPER_CATERPILLARS
Rough corky raised spots on newly emerged leaves. Tips curled and discoloured. Lesions individually spaced. Browning from leaf tip progressing inward. Soft water-soaked appearance at active edge.,4,MOSQUITO_BUG
Fine stippling on upper surface. Some leaf curl. Could reflect feeding damage or other stress. Rust-coloured patches on lower leaf. Upper surface pale above affected areas.,1,LEAF_HOPPERS
Leaf tissue turning brown from edges inward. Water-soaked translucent border at leading edge of lesion. Rust-coloured patches on lower leaf. Upper surface pale above affected areas.,0,LEAF_BLIGHT
Dark necrotic patches with pale yellow borders appearing on lower canopy leaves. Soft texture at active edge. Leaf tissue missing in irregular patches. Ragged edges at margin. Origin not confirmed.,0,LEAF_BLIGHT
Holes and torn edges on leaf blade. Some veins exposed. Frass visible below. Pale speckling on upper leaf surface. Margins slightly curled. Yellowing visible on some leaves.,3,LOOPER_CATERPILLARS
Young flush with angular brown lesions at irregular positions. Rough raised texture at each wound centre. Portions of leaf removed. Skeletonized areas on some leaves. Frass present nearby.,4,MOSQUITO_BUG
Brown patches on leaf margins. Tissue soft at edges. Worse in lower shaded canopy.,0,LEAF_BLIGHT
Necrotic tan-brown patches with a darker outer ring. Spreads rapidly in moist dense canopy sections. Orange deposits visible on leaf underside. Slow spread. Surrounding tissue slightly yellow.,0,LEAF_BLIGHT
Large irregular sections of leaf tissue removed. Frass deposits and silk threads present near damage sites.,3,LOOPER_CATERPILLARS
Small angular marks on young leaves. Some tip wilting visible. Cause not immediately clear.,4,MOSQUITO_BUG
Tip burn on young leaves with pale stippled damage spreading toward mid-leaf. Veins still green. Brown patches on leaf margins. Tissue soft at edges. Worse in lower shaded canopy.,1,LEAF_HOPPERS
Orange-yellow spots on leaf surface. Powdery texture. Both leaf surfaces show discolouration. Raised lesions on tender flush. Scattered distribution. Tips show some dieback.,2,LEAF_RUST
Orange pustules coalescing on lower leaf surface. Leaves yellowing and dropping in severely affected patches.,2,LEAF_RUST
Defoliated patches with only coarse veins remaining. Fine frass scattered on leaves beneath affected area. Brown spots on new foliage. Raised texture at lesion centres. Shoot tips look unhealthy.,3,LOOPER_CATERPILLARS
Large irregularly shaped brown areas on leaf blade. Margin tissue soft and disintegrating under moisture. Holes and torn edges on leaf blade. Some veins exposed. Frass visible below.,0,LEAF_BLIGHT
Leaf bronzing with dense pale stippling from tip toward base. Brittle texture on older affected leaves.,1,LEAF_HOPPERS
Raised lesions on tender flush. Scattered distribution. Tips show some dieback. Orange-yellow spots on leaf surface. Powdery texture. Both leaf surfaces show discolouration.,4,MOSQUITO_BUG
Leaf bronzing with dense pale stippling from tip toward base. Brittle texture on older affected leaves. Small angular marks on young leaves. Some tip wilting visible. Cause not immediately clear.,1,LEAF_HOPPERS
Rust-coloured patches on lower leaf. Upper surface pale above affected areas. Holes and torn edges on leaf blade. Some veins exposed. Frass visible below.,2,LEAF_RUST
Necrotic areas on leaf blade. Margins discoloured. Spreading under humid conditions.,0,LEAF_BLIGHT
Skeletonized patches where only the major veins remain intact. Leaf edges highly irregular from feeding. Orange-yellow spots on leaf surface. Powdery texture. Both leaf surfaces show discolouration.,3,LOOPER_CATERPILLARS
Brown water-soaked lesions spreading inward from leaf margins. Tissue collapses rapidly under humid conditions.,0,LEAF_BLIGHT
Dark necrotic patches with pale yellow borders appearing on lower canopy leaves. Soft texture at active edge. Orange-yellow spots on leaf surface. Powdery texture. Both leaf surfaces show discolouration.,0,LEAF_BLIGHT
Dense orange-yellow pustule clusters on abaxial leaf surface. Surrounding tissue yellowing rapidly.,2,LEAF_RUST
Bright orange urediniospore pustules scattered on underside of leaves. Spores dust off when touched.,2,LEAF_RUST
Leaf tissue missing in irregular patches. Ragged edges at margin. Origin not confirmed. Raised lesions on tender flush. Scattered distribution. Tips show some dieback.,3,LOOPER_CATERPILLARS
Rust-orange raised spots with powdery texture on lower leaf surface. Upper surface shows corresponding pale patches.,2,LEAF_RUST
Brown spots on new foliage. Raised texture at lesion centres. Shoot tips look unhealthy.,4,MOSQUITO_BUG
Extensive leaf tissue loss with ragged torn edges. Multiple feeding sites across several adjacent leaves. Brown spots on new foliage. Raised texture at lesion centres. Shoot tips look unhealthy.,3,LOOPER_CATERPILLARS
Raised angular marks on expanding leaves. Shoot tips bent and discoloured. Lesions not along veins.,4,MOSQUITO_BUG
New growth showing shoot dieback with scattered corky raised spots. Pale outer ring around each lesion.,4,MOSQUITO_BUG
Raised lesions on tender flush. Scattered distribution. Tips show some dieback. Portions of leaf removed. Skeletonized areas on some leaves. Frass present nearby.,4,MOSQUITO_BUG
Orange pustules coalescing on lower leaf surface. Leaves yellowing and dropping in severely affected patches. Browning from leaf tip progressing inward. Soft water-soaked appearance at active edge.,2,LEAF_RUST
Brown spots on new foliage. Raised texture at lesion centres. Shoot tips look unhealthy. Brown patches on leaf margins. Tissue soft at edges. Worse in lower shaded canopy.,4,MOSQUITO_BUG
Fine stippling on upper surface. Some leaf curl. Could reflect feeding damage or other stress.,1,LEAF_HOPPERS
Brown patches on leaf margins. Tissue soft at edges. Worse in lower shaded canopy. Orange deposits visible on leaf underside. Slow spread. Surrounding tissue slightly yellow.,0,LEAF_BLIGHT
Fine stippling on upper surface. Some leaf curl. Could reflect feeding damage or other stress. Browning from leaf tip progressing inward. Soft water-soaked appearance at active edge.,1,LEAF_HOPPERS
Large irregularly shaped brown areas on leaf blade. Margin tissue soft and disintegrating under moisture. Fine stippling on upper surface. Some leaf curl. Could reflect feeding damage or other stress.,0,LEAF_BLIGHT
Brown spots on new foliage. Raised texture at lesion centres. Shoot tips look unhealthy.,4,MOSQUITO_BUG
Young flush with angular brown lesions at irregular positions. Rough raised texture at each wound centre.,4,MOSQUITO_BUG
Leaf tissue turning brown from edges inward. Water-soaked translucent border at leading edge of lesion.,0,LEAF_BLIGHT
Bright orange urediniospore pustules scattered on underside of leaves. Spores dust off when touched. Pale speckling on upper leaf surface. Margins slightly curled. Yellowing visible on some leaves.,2,LEAF_RUST
Dark necrotic patches with pale yellow borders appearing on lower canopy leaves. Soft texture at active edge. Leaf tissue missing in irregular patches. Ragged edges at margin. Origin not confirmed.,0,LEAF_BLIGHT
Skeletonized patches where only the major veins remain intact. Leaf edges highly irregular from feeding. Orange deposits visible on leaf underside. Slow spread. Surrounding tissue slightly yellow.,3,LOOPER_CATERPILLARS
Whitish flecks on leaf blade. Tip region most affected. Leaves feel dry. Portions of leaf removed. Skeletonized areas on some leaves. Frass present nearby.,1,LEAF_HOPPERS
Brown water-soaked lesions spreading inward from leaf margins. Tissue collapses rapidly under humid conditions. Orange-yellow spots on leaf surface. Powdery texture. Both leaf surfaces show discolouration.,0,LEAF_BLIGHT
Bleached stippling across leaf surface. Leaves brittle and discoloured. Tip dieback in severe cases. Necrotic areas on leaf blade. Margins discoloured. Spreading under humid conditions.,1,LEAF_HOPPERS
Dense orange-yellow pustule clusters on abaxial leaf surface. Surrounding tissue yellowing rapidly. Holes and torn edges on leaf blade. Some veins exposed. Frass visible below.,2,LEAF_RUST
Young shoots with multiple stipple-like raised spots and tip wilting. Lesion centres sunken and darkened. Leaf tissue missing in irregular patches. Ragged edges at margin. Origin not confirmed.,4,MOSQUITO_BUG
Orange-yellow powdery pustules on lower leaf surface. Corresponding pale spots visible on upper surface.,2,LEAF_RUST
Brown water-soaked lesions spreading inward from leaf margins. Tissue collapses rapidly under humid conditions. Whitish flecks on leaf blade. Tip region most affected. Leaves feel dry.,0,LEAF_BLIGHT
Irregular holes across leaf blade with ragged edges. Frass pellets visible on remaining tissue beneath. Small angular marks on young leaves. Some tip wilting visible. Cause not immediately clear.,3,LOOPER_CATERPILLARS
Notched leaf margins and internal holes. Damage consistent with chewing from leaf edge inward.,3,LOOPER_CATERPILLARS
Rust-coloured spore masses on abaxial surface. Upper leaf shows yellow-orange chlorotic spots above each pustule. Browning from leaf tip progressing inward. Soft water-soaked appearance at active edge.,2,LEAF_RUST
Leaf bronzing with dense pale stippling from tip toward base. Brittle texture on older affected leaves.,1,LEAF_HOPPERS
Large irregularly shaped brown areas on leaf blade. Margin tissue soft and disintegrating under moisture.,0,LEAF_BLIGHT
Raised lesions on tender flush. Scattered distribution. Tips show some dieback.,4,MOSQUITO_BUG
Notched leaf margins and internal holes. Damage consistent with chewing from leaf edge inward. Brown patches on leaf margins. Tissue soft at edges. Worse in lower shaded canopy.,3,LOOPER_CATERPILLARS
Holes and torn edges on leaf blade. Some veins exposed. Frass visible below.,3,LOOPER_CATERPILLARS
Leaf lamina partially consumed leaving midrib and major veins. Feeding damage across multiple leaves in canopy.,3,LOOPER_CATERPILLARS
Orange-yellow spots on leaf surface. Powdery texture. Both leaf surfaces show discolouration. Small angular marks on young leaves. Some tip wilting visible. Cause not immediately clear.,2,LEAF_RUST
Brown patches on leaf margins. Tissue soft at edges. Worse in lower shaded canopy.,0,LEAF_BLIGHT
Raised angular marks on expanding leaves. Shoot tips bent and discoloured. Lesions not along veins. Rust-coloured patches on lower leaf. Upper surface pale above affected areas.,4,MOSQUITO_BUG
Leaf tissue turning brown from edges inward. Water-soaked translucent border at leading edge of lesion. Raised lesions on tender flush. Scattered distribution. Tips show some dieback.,0,LEAF_BLIGHT
Necrotic tan-brown patches with a darker outer ring. Spreads rapidly in moist dense canopy sections. Orange deposits visible on leaf underside. Slow spread. Surrounding tissue slightly yellow.,0,LEAF_BLIGHT
Rust-coloured patches on lower leaf. Upper surface pale above affected areas.,2,LEAF_RUST
Small angular marks on young leaves. Some tip wilting visible. Cause not immediately clear. Fine stippling on upper surface. Some leaf curl. Could reflect feeding damage or other stress.,4,MOSQUITO_BUG
Brown spots on new foliage. Raised texture at lesion centres. Shoot tips look unhealthy. Holes and torn edges on leaf blade. Some veins exposed. Frass visible below.,4,MOSQUITO_BUG
Rust-coloured patches on lower leaf. Upper surface pale above affected areas.,2,LEAF_RUST
Leaf tissue turning brown from edges inward. Water-soaked translucent border at leading edge of lesion. Leaf tissue missing in irregular patches. Ragged edges at margin. Origin not confirmed.,0,LEAF_BLIGHT
Leaf bronzing with dense pale stippling from tip toward base. Brittle texture on older affected leaves. Raised lesions on tender flush. Scattered distribution. Tips show some dieback.,1,LEAF_HOPPERS
Yellowing and bronzing of leaves with fine speckled texture on upper surface. Curled margins visible.,1,LEAF_HOPPERS
Yellowing and bronzing of leaves with fine speckled texture on upper surface. Curled margins visible. Holes and torn edges on leaf blade. Some veins exposed. Frass visible below.,1,LEAF_HOPPERS
Tip burn on young leaves with pale stippled damage spreading toward mid-leaf. Veins still green. Brown spots on new foliage. Raised texture at lesion centres. Shoot tips look unhealthy.,1,LEAF_HOPPERS
Irregular holes across leaf blade with ragged edges. Frass pellets visible on remaining tissue beneath. Pale speckling on upper leaf surface. Margins slightly curled. Yellowing visible on some leaves.,3,LOOPER_CATERPILLARS
Brown spots on new foliage. Raised texture at lesion centres. Shoot tips look unhealthy.,4,MOSQUITO_BUG
Portions of leaf removed. Skeletonized areas on some leaves. Frass present nearby. Necrotic areas on leaf blade. Margins discoloured. Spreading under humid conditions.,3,LOOPER_CATERPILLARS
Upper leaf surface stripped away in patches. Veins exposed. Frass pellets and silk webbing visible nearby. Fine stippling on upper surface. Some leaf curl. Could reflect feeding damage or other stress.,3,LOOPER_CATERPILLARS
Brown spots on new foliage. Raised texture at lesion centres. Shoot tips look unhealthy. Fine stippling on upper surface. Some leaf curl. Could reflect feeding damage or other stress.,4,MOSQUITO_BUG
Notched leaf margins and internal holes. Damage consistent with chewing from leaf edge inward. Raised lesions on tender flush. Scattered distribution. Tips show some dieback.,3,LOOPER_CATERPILLARS
Blighted areas beginning at leaf tip and progressing along margins. Entire leaf browning in advanced cases. Orange-yellow spots on leaf surface. Powdery texture. Both leaf surfaces show discolouration.,0,LEAF_BLIGHT
Leaf lamina partially consumed leaving midrib and major veins. Feeding damage across multiple leaves in canopy.,3,LOOPER_CATERPILLARS
Leaf tissue missing in irregular patches. Ragged edges at margin. Origin not confirmed.,3,LOOPER_CATERPILLARS
Leaf tissue missing in irregular patches. Ragged edges at margin. Origin not confirmed.,3,LOOPER_CATERPILLARS
Dense orange-yellow pustule clusters on abaxial leaf surface. Surrounding tissue yellowing rapidly. Browning from leaf tip progressing inward. Soft water-soaked appearance at active edge.,2,LEAF_RUST
Holes and torn edges on leaf blade. Some veins exposed. Frass visible below. Brown spots on new foliage. Raised texture at lesion centres. Shoot tips look unhealthy.,3,LOOPER_CATERPILLARS
Tender flush showing multiple angular brown raised lesions. Tips stunted. Scattered distribution on new growth. Brown patches on leaf margins. Tissue soft at edges. Worse in lower shaded canopy.,4,MOSQUITO_BUG
Rust-orange raised spots with powdery texture on lower leaf surface. Upper surface shows corresponding pale patches. Necrotic areas on leaf blade. Margins discoloured. Spreading under humid conditions.,2,LEAF_RUST
Large irregular sections of leaf tissue removed. Frass deposits and silk threads present near damage sites.,3,LOOPER_CATERPILLARS
Bleached stippling across leaf surface. Leaves brittle and discoloured. Tip dieback in severe cases. Holes and torn edges on leaf blade. Some veins exposed. Frass visible below.,1,LEAF_HOPPERS
New growth showing shoot dieback with scattered corky raised spots. Pale outer ring around each lesion.,4,MOSQUITO_BUG
Uniform whitish flecking on leaf blade. Leaves feel papery and dry. Lower canopy most affected. Browning from leaf tip progressing inward. Soft water-soaked appearance at active edge.,1,LEAF_HOPPERS
Fine white speckling uniformly distributed on upper leaf. Margins rolling and yellowing. Browning from leaf tip progressing inward. Soft water-soaked appearance at active edge.,1,LEAF_HOPPERS
Skeletonized patches where only the major veins remain intact. Leaf edges highly irregular from feeding.,3,LOOPER_CATERPILLARS
Whitish flecks on leaf blade. Tip region most affected. Leaves feel dry. Brown patches on leaf margins. Tissue soft at edges. Worse in lower shaded canopy.,1,LEAF_HOPPERS
Portions of leaf removed. Skeletonized areas on some leaves. Frass present nearby. Brown spots on new foliage. Raised texture at lesion centres. Shoot tips look unhealthy.,3,LOOPER_CATERPILLARS
Leaf tissue turning brown from edges inward. Water-soaked translucent border at leading edge of lesion. Pale speckling on upper leaf surface. Margins slightly curled. Yellowing visible on some leaves.,0,LEAF_BLIGHT
Bleached stippling across leaf surface. Leaves brittle and discoloured. Tip dieback in severe cases.,1,LEAF_HOPPERS
Skeletonized patches where only the major veins remain intact. Leaf edges highly irregular from feeding. Brown patches on leaf margins. Tissue soft at edges. Worse in lower shaded canopy.,3,LOOPER_CATERPILLARS
Rough corky raised spots on newly emerged leaves. Tips curled and discoloured. Lesions individually spaced.,4,MOSQUITO_BUG
Yellowing and bronzing of leaves with fine speckled texture on upper surface. Curled margins visible. Necrotic areas on leaf blade. Margins discoloured. Spreading under humid conditions.,1,LEAF_HOPPERS
Tender leaves with rough brown patches and tip wilting. Scattered wound-like raised lesions throughout blade. Orange-yellow spots on leaf surface. Powdery texture. Both leaf surfaces show discolouration.,4,MOSQUITO_BUG
Tip burn on young leaves with pale stippled damage spreading toward mid-leaf. Veins still green. Necrotic areas on leaf blade. Margins discoloured. Spreading under humid conditions.,1,LEAF_HOPPERS
Dense orange-yellow pustule clusters on abaxial leaf surface. Surrounding tissue yellowing rapidly. Browning from leaf tip progressing inward. Soft water-soaked appearance at active edge.,2,LEAF_RUST
Holes and torn edges on leaf blade. Some veins exposed. Frass visible below. Brown spots on new foliage. Raised texture at lesion centres. Shoot tips look unhealthy.,3,LOOPER_CATERPILLARS
Necrotic areas on leaf blade. Margins discoloured. Spreading under humid conditions. Orange deposits visible on leaf underside. Slow spread. Surrounding tissue slightly yellow.,0,LEAF_BLIGHT
Extensive leaf tissue loss with ragged torn edges. Multiple feeding sites across several adjacent leaves.,3,LOOPER_CATERPILLARS
Leaf tissue missing in irregular patches. Ragged edges at margin. Origin not confirmed.,3,LOOPER_CATERPILLARS
Pale stippling pattern across upper leaf surface. Leaf margins curling upward. Colour fading to pale yellow. Brown patches on leaf margins. Tissue soft at edges. Worse in lower shaded canopy.,1,LEAF_HOPPERS
Tip burn on young leaves with pale stippled damage spreading toward mid-leaf. Veins still green. Brown patches on leaf margins. Tissue soft at edges. Worse in lower shaded canopy.,1,LEAF_HOPPERS
Irregular brown blotches covering large portions of the leaf blade. Adjacent tissue appears water-soaked. Portions of leaf removed. Skeletonized areas on some leaves. Frass present nearby.,0,LEAF_BLIGHT
Dark necrotic patches with pale yellow borders appearing on lower canopy leaves. Soft texture at active edge. Orange deposits visible on leaf underside. Slow spread. Surrounding tissue slightly yellow.,0,LEAF_BLIGHT
Tender leaves with rough brown patches and tip wilting. Scattered wound-like raised lesions throughout blade. Pale speckling on upper leaf surface. Margins slightly curled. Yellowing visible on some leaves.,4,MOSQUITO_BUG
Browning from leaf tip progressing inward. Soft water-soaked appearance at active edge. Pale speckling on upper leaf surface. Margins slightly curled. Yellowing visible on some leaves.,0,LEAF_BLIGHT
Portions of leaf removed. Skeletonized areas on some leaves. Frass present nearby. Orange-yellow spots on leaf surface. Powdery texture. Both leaf surfaces show discolouration.,3,LOOPER_CATERPILLARS
Yellow-orange raised pustules in irregular groups on leaf underside. Upper surface pale yellow above each cluster.,2,LEAF_RUST
Yellowing and bronzing of leaves with fine speckled texture on upper surface. Curled margins visible.,1,LEAF_HOPPERS
Multiple small raised necrotic spots on tender shoots. Each spot has a sunken dark centre. Tips wilted. Orange deposits visible on leaf underside. Slow spread. Surrounding tissue slightly yellow.,4,MOSQUITO_BUG
Multiple small raised necrotic spots on tender shoots. Each spot has a sunken dark centre. Tips wilted.,4,MOSQUITO_BUG
Rust-orange raised spots with powdery texture on lower leaf surface. Upper surface shows corresponding pale patches.,2,LEAF_RUST
Whitish flecks on leaf blade. Tip region most affected. Leaves feel dry. Orange deposits visible on leaf underside. Slow spread. Surrounding tissue slightly yellow.,1,LEAF_HOPPERS
Necrotic tan-brown patches with a darker outer ring. Spreads rapidly in moist dense canopy sections.,0,LEAF_BLIGHT
Young shoots with multiple stipple-like raised spots and tip wilting. Lesion centres sunken and darkened. Holes and torn edges on leaf blade. Some veins exposed. Frass visible below.,4,MOSQUITO_BUG
Rust-orange raised spots with powdery texture on lower leaf surface. Upper surface shows corresponding pale patches. Pale speckling on upper leaf surface. Margins slightly curled. Yellowing visible on some leaves.,2,LEAF_RUST
Leaf bronzing with dense pale stippling from tip toward base. Brittle texture on older affected leaves. Necrotic areas on leaf blade. Margins discoloured. Spreading under humid conditions.,1,LEAF_HOPPERS
Irregular holes across leaf blade with ragged edges. Frass pellets visible on remaining tissue beneath.,3,LOOPER_CATERPILLARS
Tender leaves with rough brown patches and tip wilting. Scattered wound-like raised lesions throughout blade.,4,MOSQUITO_BUG
Portions of leaf removed. Skeletonized areas on some leaves. Frass present nearby. Brown spots on new foliage. Raised texture at lesion centres. Shoot tips look unhealthy.,3,LOOPER_CATERPILLARS
Blighted areas beginning at leaf tip and progressing along margins. Entire leaf browning in advanced cases. Small angular marks on young leaves. Some tip wilting visible. Cause not immediately clear.,0,LEAF_BLIGHT
Large irregular sections of leaf tissue removed. Frass deposits and silk threads present near damage sites.,3,LOOPER_CATERPILLARS
Yellow-orange raised pustules in irregular groups on leaf underside. Upper surface pale yellow above each cluster.,2,LEAF_RUST
Fine stippling on upper surface. Some leaf curl. Could reflect feeding damage or other stress. Small angular marks on young leaves. Some tip wilting visible. Cause not immediately clear.,1,LEAF_HOPPERS
Rust-coloured spore masses on abaxial surface. Upper leaf shows yellow-orange chlorotic spots above each pustule.,2,LEAF_RUST
Fine white speckling uniformly distributed on upper leaf. Margins rolling and yellowing.,1,LEAF_HOPPERS
Brown spots on new foliage. Raised texture at lesion centres. Shoot tips look unhealthy. Brown patches on leaf margins. Tissue soft at edges. Worse in lower shaded canopy.,4,MOSQUITO_BUG
Pale stippling pattern across upper leaf surface. Leaf margins curling upward. Colour fading to pale yellow. Brown spots on new foliage. Raised texture at lesion centres. Shoot tips look unhealthy.,1,LEAF_HOPPERS
Skeletonized patches where only the major veins remain intact. Leaf edges highly irregular from feeding. Pale speckling on upper leaf surface. Margins slightly curled. Yellowing visible on some leaves.,3,LOOPER_CATERPILLARS
Defoliated patches with only coarse veins remaining. Fine frass scattered on leaves beneath affected area. Brown spots on new foliage. Raised texture at lesion centres. Shoot tips look unhealthy.,3,LOOPER_CATERPILLARS
Extensive leaf tissue loss with ragged torn edges. Multiple feeding sites across several adjacent leaves.,3,LOOPER_CATERPILLARS
Multiple small raised necrotic spots on tender shoots. Each spot has a sunken dark centre. Tips wilted. Rust-coloured patches on lower leaf. Upper surface pale above affected areas.,4,MOSQUITO_BUG
Holes and torn edges on leaf blade. Some veins exposed. Frass visible below. Browning from leaf tip progressing inward. Soft water-soaked appearance at active edge.,3,LOOPER_CATERPILLARS
Large irregular sections of leaf tissue removed. Frass deposits and silk threads present near damage sites. Orange-yellow spots on leaf surface. Powdery texture. Both leaf surfaces show discolouration.,3,LOOPER_CATERPILLARS
Raised lesions on tender flush. Scattered distribution. Tips show some dieback. Fine stippling on upper surface. Some leaf curl. Could reflect feeding damage or other stress.,4,MOSQUITO_BUG
Brown spots on new foliage. Raised texture at lesion centres. Shoot tips look unhealthy. Orange-yellow spots on leaf surface. Powdery texture. Both leaf surfaces show discolouration.,4,MOSQUITO_BUG
Whitish flecks on leaf blade. Tip region most affected. Leaves feel dry.,1,LEAF_HOPPERS
Small circular orange-rust coloured spots on adaxial surface. Powdery spore deposits on abaxial side. Small angular marks on young leaves. Some tip wilting visible. Cause not immediately clear.,2,LEAF_RUST
Holes and torn edges on leaf blade. Some veins exposed. Frass visible below. Brown spots on new foliage. Raised texture at lesion centres. Shoot tips look unhealthy.,3,LOOPER_CATERPILLARS
Leaf tissue missing in irregular patches. Ragged edges at margin. Origin not confirmed. Brown patches on leaf margins. Tissue soft at edges. Worse in lower shaded canopy.,3,LOOPER_CATERPILLARS
Brown necrosis expanding from tip and edges. More than half of some leaves showing blighted tissue. Small angular marks on young leaves. Some tip wilting visible. Cause not immediately clear.,0,LEAF_BLIGHT
Orange pustules coalescing on lower leaf surface. Leaves yellowing and dropping in severely affected patches.,2,LEAF_RUST
Fine white speckling uniformly distributed on upper leaf. Margins rolling and yellowing. Rust-coloured patches on lower leaf. Upper surface pale above affected areas.,1,LEAF_HOPPERS
Upper leaf surface stripped away in patches. Veins exposed. Frass pellets and silk webbing visible nearby.,3,LOOPER_CATERPILLARS
Large irregular sections of leaf tissue removed. Frass deposits and silk threads present near damage sites.,3,LOOPER_CATERPILLARS
Pale stippling pattern across upper leaf surface. Leaf margins curling upward. Colour fading to pale yellow.,1,LEAF_HOPPERS
Leaf bronzing with dense pale stippling from tip toward base. Brittle texture on older affected leaves. Small angular marks on young leaves. Some tip wilting visible. Cause not immediately clear.,1,LEAF_HOPPERS
Fine stippling on upper surface. Some leaf curl. Could reflect feeding damage or other stress. Necrotic areas on leaf blade. Margins discoloured. Spreading under humid conditions.,1,LEAF_HOPPERS
Notched leaf margins and internal holes. Damage consistent with chewing from leaf edge inward. Orange deposits visible on leaf underside. Slow spread. Surrounding tissue slightly yellow.,3,LOOPER_CATERPILLARS
Dense orange-yellow pustule clusters on abaxial leaf surface. Surrounding tissue yellowing rapidly.,2,LEAF_RUST
Portions of leaf removed. Skeletonized areas on some leaves. Frass present nearby. Brown patches on leaf margins. Tissue soft at edges. Worse in lower shaded canopy.,3,LOOPER_CATERPILLARS
Tender flush showing multiple angular brown raised lesions. Tips stunted. Scattered distribution on new growth. Portions of leaf removed. Skeletonized areas on some leaves. Frass present nearby.,4,MOSQUITO_BUG
Leaf tissue turning brown from edges inward. Water-soaked translucent border at leading edge of lesion. Orange deposits visible on leaf underside. Slow spread. Surrounding tissue slightly yellow.,0,LEAF_BLIGHT
Bright orange urediniospore pustules scattered on underside of leaves. Spores dust off when touched. Pale speckling on upper leaf surface. Margins slightly curled. Yellowing visible on some leaves.,2,LEAF_RUST
Yellow-orange raised pustules in irregular groups on leaf underside. Upper surface pale yellow above each cluster.,2,LEAF_RUST
Large irregular sections of leaf tissue removed. Frass deposits and silk threads present near damage sites.,3,LOOPER_CATERPILLARS
Young flush with angular brown lesions at irregular positions. Rough raised texture at each wound centre.,4,MOSQUITO_BUG
Small angular marks on young leaves. Some tip wilting visible. Cause not immediately clear.,4,MOSQUITO_BUG
Fine white speckling uniformly distributed on upper leaf. Margins rolling and yellowing. Small angular marks on young leaves. Some tip wilting visible. Cause not immediately clear.,1,LEAF_HOPPERS
Leaf lamina partially consumed leaving midrib and major veins. Feeding damage across multiple leaves in canopy. Orange deposits visible on leaf underside. Slow spread. Surrounding tissue slightly yellow.,3,LOOPER_CATERPILLARS
Leaf tissue turning brown from edges inward. Water-soaked translucent border at leading edge of lesion. Portions of leaf removed. Skeletonized areas on some leaves. Frass present nearby.,0,LEAF_BLIGHT
Orange deposits visible on leaf underside. Slow spread. Surrounding tissue slightly yellow.,2,LEAF_RUST
Tip burn on young leaves with pale stippled damage spreading toward mid-leaf. Veins still green.,1,LEAF_HOPPERS
Small circular orange-rust coloured spots on adaxial surface. Powdery spore deposits on abaxial side.,2,LEAF_RUST
Small angular marks on young leaves. Some tip wilting visible. Cause not immediately clear.,4,MOSQUITO_BUG
Extensive leaf tissue loss with ragged torn edges. Multiple feeding sites across several adjacent leaves. Brown spots on new foliage. Raised texture at lesion centres. Shoot tips look unhealthy.,3,LOOPER_CATERPILLARS
Rust-coloured patches on lower leaf. Upper surface pale above affected areas.,2,LEAF_RUST
Pale stippling pattern across upper leaf surface. Leaf margins curling upward. Colour fading to pale yellow. Leaf tissue missing in irregular patches. Ragged edges at margin. Origin not confirmed.,1,LEAF_HOPPERS
Defoliated patches with only coarse veins remaining. Fine frass scattered on leaves beneath affected area. Necrotic areas on leaf blade. Margins discoloured. Spreading under humid conditions.,3,LOOPER_CATERPILLARS
Fine white speckling uniformly distributed on upper leaf. Margins rolling and yellowing.,1,LEAF_HOPPERS
Leaf bronzing with dense pale stippling from tip toward base. Brittle texture on older affected leaves. Small angular marks on young leaves. Some tip wilting visible. Cause not immediately clear.,1,LEAF_HOPPERS
Brown water-soaked lesions spreading inward from leaf margins. Tissue collapses rapidly under humid conditions. Whitish flecks on leaf blade. Tip region most affected. Leaves feel dry.,0,LEAF_BLIGHT
Brown water-soaked lesions spreading inward from leaf margins. Tissue collapses rapidly under humid conditions. Whitish flecks on leaf blade. Tip region most affected. Leaves feel dry.,0,LEAF_BLIGHT
Browning from leaf tip progressing inward. Soft water-soaked appearance at active edge. Fine stippling on upper surface. Some leaf curl. Could reflect feeding damage or other stress.,0,LEAF_BLIGHT
Orange-yellow spots on leaf surface. Powdery texture. Both leaf surfaces show discolouration.,2,LEAF_RUST
Browning from leaf tip progressing inward. Soft water-soaked appearance at active edge. Holes and torn edges on leaf blade. Some veins exposed. Frass visible below.,0,LEAF_BLIGHT
Skeletonized patches where only the major veins remain intact. Leaf edges highly irregular from feeding.,3,LOOPER_CATERPILLARS
Brown patches on leaf margins. Tissue soft at edges. Worse in lower shaded canopy.,0,LEAF_BLIGHT
Brown spots on new foliage. Raised texture at lesion centres. Shoot tips look unhealthy. Orange deposits visible on leaf underside. Slow spread. Surrounding tissue slightly yellow.,4,MOSQUITO_BUG
Orange deposits visible on leaf underside. Slow spread. Surrounding tissue slightly yellow. Brown patches on leaf margins. Tissue soft at edges. Worse in lower shaded canopy.,2,LEAF_RUST
Uniform whitish flecking on leaf blade. Leaves feel papery and dry. Lower canopy most affected. Portions of leaf removed. Skeletonized areas on some leaves. Frass present nearby.,1,LEAF_HOPPERS
Upper leaf surface stripped away in patches. Veins exposed. Frass pellets and silk webbing visible nearby. Orange deposits visible on leaf underside. Slow spread. Surrounding tissue slightly yellow.,3,LOOPER_CATERPILLARS
Brown necrosis expanding from tip and edges. More than half of some leaves showing blighted tissue. Orange deposits visible on leaf underside. Slow spread. Surrounding tissue slightly yellow.,0,LEAF_BLIGHT
Extensive leaf tissue loss with ragged torn edges. Multiple feeding sites across several adjacent leaves. Whitish flecks on leaf blade. Tip region most affected. Leaves feel dry.,3,LOOPER_CATERPILLARS
Portions of leaf removed. Skeletonized areas on some leaves. Frass present nearby. Rust-coloured patches on lower leaf. Upper surface pale above affected areas.,3,LOOPER_CATERPILLARS
Bright orange urediniospore pustules scattered on underside of leaves. Spores dust off when touched.,2,LEAF_RUST
Upper leaf surface stripped away in patches. Veins exposed. Frass pellets and silk webbing visible nearby.,3,LOOPER_CATERPILLARS
Bleached stippling across leaf surface. Leaves brittle and discoloured. Tip dieback in severe cases. Orange-yellow spots on leaf surface. Powdery texture. Both leaf surfaces show discolouration.,1,LEAF_HOPPERS
Extensive leaf tissue loss with ragged torn edges. Multiple feeding sites across several adjacent leaves. Brown patches on leaf margins. Tissue soft at edges. Worse in lower shaded canopy.,3,LOOPER_CATERPILLARS
Holes and torn edges on leaf blade. Some veins exposed. Frass visible below. Pale speckling on upper leaf surface. Margins slightly curled. Yellowing visible on some leaves.,3,LOOPER_CATERPILLARS
Tip burn on young leaves with pale stippled damage spreading toward mid-leaf. Veins still green. Portions of leaf removed. Skeletonized areas on some leaves. Frass present nearby.,1,LEAF_HOPPERS
Large irregular sections of leaf tissue removed. Frass deposits and silk threads present near damage sites. Necrotic areas on leaf blade. Margins discoloured. Spreading under humid conditions.,3,LOOPER_CATERPILLARS
Small angular marks on young leaves. Some tip wilting visible. Cause not immediately clear.,4,MOSQUITO_BUG
New growth showing shoot dieback with scattered corky raised spots. Pale outer ring around each lesion.,4,MOSQUITO_BUG
Blighted areas beginning at leaf tip and progressing along margins. Entire leaf browning in advanced cases. Raised lesions on tender flush. Scattered distribution. Tips show some dieback.,0,LEAF_BLIGHT
Brown necrosis expanding from tip and edges. More than half of some leaves showing blighted tissue. Portions of leaf removed. Skeletonized areas on some leaves. Frass present nearby.,0,LEAF_BLIGHT
Young flush with angular brown lesions at irregular positions. Rough raised texture at each wound centre. Fine stippling on upper surface. Some leaf curl. Could reflect feeding damage or other stress.,4,MOSQUITO_BUG
Irregular brown blotches covering large portions of the leaf blade. Adjacent tissue appears water-soaked. Whitish flecks on leaf blade. Tip region most affected. Leaves feel dry.,0,LEAF_BLIGHT
Leaf tips turning yellow-white with fine pale speckling. Leaf curl on newly emerged growth.,1,LEAF_HOPPERS
Small angular marks on young leaves. Some tip wilting visible. Cause not immediately clear. Orange deposits visible on leaf underside. Slow spread. Surrounding tissue slightly yellow.,4,MOSQUITO_BUG
Brown spots on new foliage. Raised texture at lesion centres. Shoot tips look unhealthy. Browning from leaf tip progressing inward. Soft water-soaked appearance at active edge.,4,MOSQUITO_BUG
Skeletonized patches where only the major veins remain intact. Leaf edges highly irregular from feeding. Orange deposits visible on leaf underside. Slow spread. Surrounding tissue slightly yellow.,3,LOOPER_CATERPILLARS
Whitish flecks on leaf blade. Tip region most affected. Leaves feel dry. Browning from leaf tip progressing inward. Soft water-soaked appearance at active edge.,1,LEAF_HOPPERS
Necrotic tan-brown patches with a darker outer ring. Spreads rapidly in moist dense canopy sections. Portions of leaf removed. Skeletonized areas on some leaves. Frass present nearby.,0,LEAF_BLIGHT
Large irregularly shaped brown areas on leaf blade. Margin tissue soft and disintegrating under moisture. Whitish flecks on leaf blade. Tip region most affected. Leaves feel dry.,0,LEAF_BLIGHT
Orange-yellow spots on leaf surface. Powdery texture. Both leaf surfaces show discolouration. Portions of leaf removed. Skeletonized areas on some leaves. Frass present nearby.,2,LEAF_RUST
Orange-yellow powdery pustules on lower leaf surface. Corresponding pale spots visible on upper surface. Leaf tissue missing in irregular patches. Ragged edges at margin. Origin not confirmed.,2,LEAF_RUST
Fine white speckling uniformly distributed on upper leaf. Margins rolling and yellowing. Brown spots on new foliage. Raised texture at lesion centres. Shoot tips look unhealthy.,1,LEAF_HOPPERS
Orange deposits visible on leaf underside. Slow spread. Surrounding tissue slightly yellow. Fine stippling on upper surface. Some leaf curl. Could reflect feeding damage or other stress.,2,LEAF_RUST
Tender leaves with rough brown patches and tip wilting. Scattered wound-like raised lesions throughout blade. Pale speckling on upper leaf surface. Margins slightly curled. Yellowing visible on some leaves.,4,MOSQUITO_BUG
Yellowing and bronzing of leaves with fine speckled texture on upper surface. Curled margins visible. Brown spots on new foliage. Raised texture at lesion centres. Shoot tips look unhealthy.,1,LEAF_HOPPERS
Multiple small raised necrotic spots on tender shoots. Each spot has a sunken dark centre. Tips wilted. Necrotic areas on leaf blade. Margins discoloured. Spreading under humid conditions.,4,MOSQUITO_BUG
Rust-orange raised spots with powdery texture on lower leaf surface. Upper surface shows corresponding pale patches.,2,LEAF_RUST
Rough corky raised spots on newly emerged leaves. Tips curled and discoloured. Lesions individually spaced. Leaf tissue missing in irregular patches. Ragged edges at margin. Origin not confirmed.,4,MOSQUITO_BUG
Large irregularly shaped brown areas on leaf blade. Margin tissue soft and disintegrating under moisture. Pale speckling on upper leaf surface. Margins slightly curled. Yellowing visible on some leaves.,0,LEAF_BLIGHT
Tender flush showing multiple angular brown raised lesions. Tips stunted. Scattered distribution on new growth. Brown patches on leaf margins. Tissue soft at edges. Worse in lower shaded canopy.,4,MOSQUITO_BUG
Brown spots on new foliage. Raised texture at lesion centres. Shoot tips look unhealthy. Portions of leaf removed. Skeletonized areas on some leaves. Frass present nearby.,4,MOSQUITO_BUG
Young shoots with multiple stipple-like raised spots and tip wilting. Lesion centres sunken and darkened.,4,MOSQUITO_BUG
New growth showing shoot dieback with scattered corky raised spots. Pale outer ring around each lesion. Orange deposits visible on leaf underside. Slow spread. Surrounding tissue slightly yellow.,4,MOSQUITO_BUG
Tip burn on young leaves with pale stippled damage spreading toward mid-leaf. Veins still green. Necrotic areas on leaf blade. Margins discoloured. Spreading under humid conditions.,1,LEAF_HOPPERS
Large irregular sections of leaf tissue removed. Frass deposits and silk threads present near damage sites. Pale speckling on upper leaf surface. Margins slightly curled. Yellowing visible on some leaves.,3,LOOPER_CATERPILLARS
Yellow-orange raised pustules in irregular groups on leaf underside. Upper surface pale yellow above each cluster. Raised lesions on tender flush. Scattered distribution. Tips show some dieback.,2,LEAF_RUST
Fine stippling on upper surface. Some leaf curl. Could reflect feeding damage or other stress.,1,LEAF_HOPPERS
Browning from leaf tip progressing inward. Soft water-soaked appearance at active edge. Small angular marks on young leaves. Some tip wilting visible. Cause not immediately clear.,0,LEAF_BLIGHT
Leaf tissue turning brown from edges inward. Water-soaked translucent border at leading edge of lesion.,0,LEAF_BLIGHT
Brown necrosis expanding from tip and edges. More than half of some leaves showing blighted tissue.,0,LEAF_BLIGHT
Yellowing and bronzing of leaves with fine speckled texture on upper surface. Curled margins visible.,1,LEAF_HOPPERS
Rust-coloured patches on lower leaf. Upper surface pale above affected areas.,2,LEAF_RUST
Orange-yellow powdery pustules on lower leaf surface. Corresponding pale spots visible on upper surface. Brown patches on leaf margins. Tissue soft at edges. Worse in lower shaded canopy.,2,LEAF_RUST
Large irregularly shaped brown areas on leaf blade. Margin tissue soft and disintegrating under moisture. Raised lesions on tender flush. Scattered distribution. Tips show some dieback.,0,LEAF_BLIGHT
Dark necrotic patches with pale yellow borders appearing on lower canopy leaves. Soft texture at active edge.,0,LEAF_BLIGHT
Bright orange urediniospore pustules scattered on underside of leaves. Spores dust off when touched.,2,LEAF_RUST
Brown spots on new foliage. Raised texture at lesion centres. Shoot tips look unhealthy. Holes and torn edges on leaf blade. Some veins exposed. Frass visible below.,4,MOSQUITO_BUG
Brown spots on new foliage. Raised texture at lesion centres. Shoot tips look unhealthy. Brown patches on leaf margins. Tissue soft at edges. Worse in lower shaded canopy.,4,MOSQUITO_BUG
Leaf tips turning yellow-white with fine pale speckling. Leaf curl on newly emerged growth. Rust-coloured patches on lower leaf. Upper surface pale above affected areas.,1,LEAF_HOPPERS
Rough corky raised spots on newly emerged leaves. Tips curled and discoloured. Lesions individually spaced. Browning from leaf tip progressing inward. Soft water-soaked appearance at active edge.,4,MOSQUITO_BUG
Rust-coloured spore masses on abaxial surface. Upper leaf shows yellow-orange chlorotic spots above each pustule.,2,LEAF_RUST
Tip burn on young leaves with pale stippled damage spreading toward mid-leaf. Veins still green. Necrotic areas on leaf blade. Margins discoloured. Spreading under humid conditions.,1,LEAF_HOPPERS
Extensive leaf tissue loss with ragged torn edges. Multiple feeding sites across several adjacent leaves. Small angular marks on young leaves. Some tip wilting visible. Cause not immediately clear.,3,LOOPER_CATERPILLARS
Brown spots on new foliage. Raised texture at lesion centres. Shoot tips look unhealthy. Necrotic areas on leaf blade. Margins discoloured. Spreading under humid conditions.,4,MOSQUITO_BUG
Young shoots with multiple stipple-like raised spots and tip wilting. Lesion centres sunken and darkened. Holes and torn edges on leaf blade. Some veins exposed. Frass visible below.,4,MOSQUITO_BUG
Young shoots with multiple stipple-like raised spots and tip wilting. Lesion centres sunken and darkened.,4,MOSQUITO_BUG
Irregular holes across leaf blade with ragged edges. Frass pellets visible on remaining tissue beneath.,3,LOOPER_CATERPILLARS
Rough corky raised spots on newly emerged leaves. Tips curled and discoloured. Lesions individually spaced.,4,MOSQUITO_BUG
Multiple small raised necrotic spots on tender shoots. Each spot has a sunken dark centre. Tips wilted. Browning from leaf tip progressing inward. Soft water-soaked appearance at active edge.,4,MOSQUITO_BUG
Leaf lamina partially consumed leaving midrib and major veins. Feeding damage across multiple leaves in canopy.,3,LOOPER_CATERPILLARS
Whitish flecks on leaf blade. Tip region most affected. Leaves feel dry.,1,LEAF_HOPPERS
Dark necrotic patches with pale yellow borders appearing on lower canopy leaves. Soft texture at active edge. Rust-coloured patches on lower leaf. Upper surface pale above affected areas.,0,LEAF_BLIGHT
Notched leaf margins and internal holes. Damage consistent with chewing from leaf edge inward. Whitish flecks on leaf blade. Tip region most affected. Leaves feel dry.,3,LOOPER_CATERPILLARS
Large irregular sections of leaf tissue removed. Frass deposits and silk threads present near damage sites.,3,LOOPER_CATERPILLARS
Dense orange-yellow pustule clusters on abaxial leaf surface. Surrounding tissue yellowing rapidly.,2,LEAF_RUST
Brown patches on leaf margins. Tissue soft at edges. Worse in lower shaded canopy. Raised lesions on tender flush. Scattered distribution. Tips show some dieback.,0,LEAF_BLIGHT
Bright orange urediniospore pustules scattered on underside of leaves. Spores dust off when touched. Whitish flecks on leaf blade. Tip region most affected. Leaves feel dry.,2,LEAF_RUST
Orange-yellow spots on leaf surface. Powdery texture. Both leaf surfaces show discolouration.,2,LEAF_RUST
Bleached stippling across leaf surface. Leaves brittle and discoloured. Tip dieback in severe cases.,1,LEAF_HOPPERS
Brown spots on new foliage. Raised texture at lesion centres. Shoot tips look unhealthy. Brown patches on leaf margins. Tissue soft at edges. Worse in lower shaded canopy.,4,MOSQUITO_BUG
Leaf tips turning yellow-white with fine pale speckling. Leaf curl on newly emerged growth. Brown spots on new foliage. Raised texture at lesion centres. Shoot tips look unhealthy.,1,LEAF_HOPPERS
Rough corky raised spots on newly emerged leaves. Tips curled and discoloured. Lesions individually spaced.,4,MOSQUITO_BUG
Leaf tissue missing in irregular patches. Ragged edges at margin. Origin not confirmed. Brown spots on new foliage. Raised texture at lesion centres. Shoot tips look unhealthy.,3,LOOPER_CATERPILLARS
Leaf bronzing with dense pale stippling from tip toward base. Brittle texture on older affected leaves. Holes and torn edges on leaf blade. Some veins exposed. Frass visible below.,1,LEAF_HOPPERS
Yellow-orange raised pustules in irregular groups on leaf underside. Upper surface pale yellow above each cluster. Fine stippling on upper surface. Some leaf curl. Could reflect feeding damage or other stress.,2,LEAF_RUST
Rough corky raised spots on newly emerged leaves. Tips curled and discoloured. Lesions individually spaced.,4,MOSQUITO_BUG
Young flush with angular brown lesions at irregular positions. Rough raised texture at each wound centre. Fine stippling on upper surface. Some leaf curl. Could reflect feeding damage or other stress.,4,MOSQUITO_BUG
Blighted areas beginning at leaf tip and progressing along margins. Entire leaf browning in advanced cases. Orange-yellow spots on leaf surface. Powdery texture. Both leaf surfaces show discolouration.,0,LEAF_BLIGHT
Rust-orange raised spots with powdery texture on lower leaf surface. Upper surface shows corresponding pale patches. Whitish flecks on leaf blade. Tip region most affected. Leaves feel dry.,2,LEAF_RUST
Brown water-soaked lesions spreading inward from leaf margins. Tissue collapses rapidly under humid conditions.,0,LEAF_BLIGHT
Bright orange urediniospore pustules scattered on underside of leaves. Spores dust off when touched.,2,LEAF_RUST
Rough corky raised spots on newly emerged leaves. Tips curled and discoloured. Lesions individually spaced. Fine stippling on upper surface. Some leaf curl. Could reflect feeding damage or other stress.,4,MOSQUITO_BUG
Large irregular sections of leaf tissue removed. Frass deposits and silk threads present near damage sites. Fine stippling on upper surface. Some leaf curl. Could reflect feeding damage or other stress.,3,LOOPER_CATERPILLARS
Irregular brown blotches covering large portions of the leaf blade. Adjacent tissue appears water-soaked. Leaf tissue missing in irregular patches. Ragged edges at margin. Origin not confirmed.,0,LEAF_BLIGHT
Orange deposits visible on leaf underside. Slow spread. Surrounding tissue slightly yellow.,2,LEAF_RUST
Whitish flecks on leaf blade. Tip region most affected. Leaves feel dry.,1,LEAF_HOPPERS
Yellow-orange raised pustules in irregular groups on leaf underside. Upper surface pale yellow above each cluster.,2,LEAF_RUST
Yellowing and bronzing of leaves with fine speckled texture on upper surface. Curled margins visible.,1,LEAF_HOPPERS
Bleached stippling across leaf surface. Leaves brittle and discoloured. Tip dieback in severe cases. Small angular marks on young leaves. Some tip wilting visible. Cause not immediately clear.,1,LEAF_HOPPERS
Tip burn on young leaves with pale stippled damage spreading toward mid-leaf. Veins still green. Raised lesions on tender flush. Scattered distribution. Tips show some dieback.,1,LEAF_HOPPERS
Raised angular marks on expanding leaves. Shoot tips bent and discoloured. Lesions not along veins.,4,MOSQUITO_BUG
Rust-orange raised spots with powdery texture on lower leaf surface. Upper surface shows corresponding pale patches. Holes and torn edges on leaf blade. Some veins exposed. Frass visible below.,2,LEAF_RUST
Bleached stippling across leaf surface. Leaves brittle and discoloured. Tip dieback in severe cases. Rust-coloured patches on lower leaf. Upper surface pale above affected areas.,1,LEAF_HOPPERS
Large irregular sections of leaf tissue removed. Frass deposits and silk threads present near damage sites. Fine stippling on upper surface. Some leaf curl. Could reflect feeding damage or other stress.,3,LOOPER_CATERPILLARS
Holes and torn edges on leaf blade. Some veins exposed. Frass visible below. Rust-coloured patches on lower leaf. Upper surface pale above affected areas.,3,LOOPER_CATERPILLARS
Leaf lamina partially consumed leaving midrib and major veins. Feeding damage across multiple leaves in canopy. Raised lesions on tender flush. Scattered distribution. Tips show some dieback.,3,LOOPER_CATERPILLARS
Bright orange urediniospore pustules scattered on underside of leaves. Spores dust off when touched. Brown patches on leaf margins. Tissue soft at edges. Worse in lower shaded canopy.,2,LEAF_RUST
Skeletonized patches where only the major veins remain intact. Leaf edges highly irregular from feeding. Pale speckling on upper leaf surface. Margins slightly curled. Yellowing visible on some leaves.,3,LOOPER_CATERPILLARS
Irregular brown blotches covering large portions of the leaf blade. Adjacent tissue appears water-soaked.,0,LEAF_BLIGHT
Brown patches on leaf margins. Tissue soft at edges. Worse in lower shaded canopy. Raised lesions on tender flush. Scattered distribution. Tips show some dieback.,0,LEAF_BLIGHT
Raised angular marks on expanding leaves. Shoot tips bent and discoloured. Lesions not along veins. Rust-coloured patches on lower leaf. Upper surface pale above affected areas.,4,MOSQUITO_BUG
Portions of leaf removed. Skeletonized areas on some leaves. Frass present nearby.,3,LOOPER_CATERPILLARS
Fine stippling on upper surface. Some leaf curl. Could reflect feeding damage or other stress. Portions of leaf removed. Skeletonized areas on some leaves. Frass present nearby.,1,LEAF_HOPPERS
Pale speckling on upper leaf surface. Margins slightly curled. Yellowing visible on some leaves.,1,LEAF_HOPPERS
Pale stippling pattern across upper leaf surface. Leaf margins curling upward. Colour fading to pale yellow.,1,LEAF_HOPPERS
Irregular holes across leaf blade with ragged edges. Frass pellets visible on remaining tissue beneath. Whitish flecks on leaf blade. Tip region most affected. Leaves feel dry.,3,LOOPER_CATERPILLARS
Fine white speckling uniformly distributed on upper leaf. Margins rolling and yellowing.,1,LEAF_HOPPERS
Orange pustules coalescing on lower leaf surface. Leaves yellowing and dropping in severely affected patches. Whitish flecks on leaf blade. Tip region most affected. Leaves feel dry.,2,LEAF_RUST
Large irregularly shaped brown areas on leaf blade. Margin tissue soft and disintegrating under moisture. Orange-yellow spots on leaf surface. Powdery texture. Both leaf surfaces show discolouration.,0,LEAF_BLIGHT
Small angular marks on young leaves. Some tip wilting visible. Cause not immediately clear. Orange deposits visible on leaf underside. Slow spread. Surrounding tissue slightly yellow.,4,MOSQUITO_BUG
Pale stippling pattern across upper leaf surface. Leaf margins curling upward. Colour fading to pale yellow. Small angular marks on young leaves. Some tip wilting visible. Cause not immediately clear.,1,LEAF_HOPPERS
Yellowing and bronzing of leaves with fine speckled texture on upper surface. Curled margins visible.,1,LEAF_HOPPERS
Leaf lamina partially consumed leaving midrib and major veins. Feeding damage across multiple leaves in canopy.,3,LOOPER_CATERPILLARS
Fine white speckling uniformly distributed on upper leaf. Margins rolling and yellowing. Small angular marks on young leaves. Some tip wilting visible. Cause not immediately clear.,1,LEAF_HOPPERS
Brown water-soaked lesions spreading inward from leaf margins. Tissue collapses rapidly under humid conditions.,0,LEAF_BLIGHT
Brown necrosis expanding from tip and edges. More than half of some leaves showing blighted tissue. Brown spots on new foliage. Raised texture at lesion centres. Shoot tips look unhealthy.,0,LEAF_BLIGHT
Raised lesions on tender flush. Scattered distribution. Tips show some dieback.,4,MOSQUITO_BUG
Tip burn on young leaves with pale stippled damage spreading toward mid-leaf. Veins still green. Browning from leaf tip progressing inward. Soft water-soaked appearance at active edge.,1,LEAF_HOPPERS
Holes and torn edges on leaf blade. Some veins exposed. Frass visible below.,3,LOOPER_CATERPILLARS
Tender leaves with rough brown patches and tip wilting. Scattered wound-like raised lesions throughout blade. Orange deposits visible on leaf underside. Slow spread. Surrounding tissue slightly yellow.,4,MOSQUITO_BUG
Holes and torn edges on leaf blade. Some veins exposed. Frass visible below. Brown spots on new foliage. Raised texture at lesion centres. Shoot tips look unhealthy.,3,LOOPER_CATERPILLARS
Rust-orange raised spots with powdery texture on lower leaf surface. Upper surface shows corresponding pale patches. Portions of leaf removed. Skeletonized areas on some leaves. Frass present nearby.,2,LEAF_RUST
Notched leaf margins and internal holes. Damage consistent with chewing from leaf edge inward. Brown patches on leaf margins. Tissue soft at edges. Worse in lower shaded canopy.,3,LOOPER_CATERPILLARS
Fine white speckling uniformly distributed on upper leaf. Margins rolling and yellowing. Brown spots on new foliage. Raised texture at lesion centres. Shoot tips look unhealthy.,1,LEAF_HOPPERS
Whitish flecks on leaf blade. Tip region most affected. Leaves feel dry. Brown patches on leaf margins. Tissue soft at edges. Worse in lower shaded canopy.,1,LEAF_HOPPERS
Small angular marks on young leaves. Some tip wilting visible. Cause not immediately clear.,4,MOSQUITO_BUG
Dense orange-yellow pustule clusters on abaxial leaf surface. Surrounding tissue yellowing rapidly. Brown spots on new foliage. Raised texture at lesion centres. Shoot tips look unhealthy.,2,LEAF_RUST
Defoliated patches with only coarse veins remaining. Fine frass scattered on leaves beneath affected area.,3,LOOPER_CATERPILLARS
Necrotic tan-brown patches with a darker outer ring. Spreads rapidly in moist dense canopy sections.,0,LEAF_BLIGHT
Orange pustules coalescing on lower leaf surface. Leaves yellowing and dropping in severely affected patches. Brown spots on new foliage. Raised texture at lesion centres. Shoot tips look unhealthy.,2,LEAF_RUST
Upper leaf surface stripped away in patches. Veins exposed. Frass pellets and silk webbing visible nearby. Pale speckling on upper leaf surface. Margins slightly curled. Yellowing visible on some leaves.,3,LOOPER_CATERPILLARS
Extensive leaf tissue loss with ragged torn edges. Multiple feeding sites across several adjacent leaves. Browning from leaf tip progressing inward. Soft water-soaked appearance at active edge.,3,LOOPER_CATERPILLARS
Pale stippling pattern across upper leaf surface. Leaf margins curling upward. Colour fading to pale yellow.,1,LEAF_HOPPERS
Defoliated patches with only coarse veins remaining. Fine frass scattered on leaves beneath affected area. Orange-yellow spots on leaf surface. Powdery texture. Both leaf surfaces show discolouration.,3,LOOPER_CATERPILLARS
Orange-yellow powdery pustules on lower leaf surface. Corresponding pale spots visible on upper surface. Brown spots on new foliage. Raised texture at lesion centres. Shoot tips look unhealthy.,2,LEAF_RUST
Necrotic areas on leaf blade. Margins discoloured. Spreading under humid conditions.,0,LEAF_BLIGHT
Leaf tips turning yellow-white with fine pale speckling. Leaf curl on newly emerged growth.,1,LEAF_HOPPERS
Defoliated patches with only coarse veins remaining. Fine frass scattered on leaves beneath affected area.,3,LOOPER_CATERPILLARS
New growth showing shoot dieback with scattered corky raised spots. Pale outer ring around each lesion. Rust-coloured patches on lower leaf. Upper surface pale above affected areas.,4,MOSQUITO_BUG
Extensive leaf tissue loss with ragged torn edges. Multiple feeding sites across several adjacent leaves.,3,LOOPER_CATERPILLARS
Uniform whitish flecking on leaf blade. Leaves feel papery and dry. Lower canopy most affected.,1,LEAF_HOPPERS
Necrotic areas on leaf blade. Margins discoloured. Spreading under humid conditions. Portions of leaf removed. Skeletonized areas on some leaves. Frass present nearby.,0,LEAF_BLIGHT
Rust-coloured patches on lower leaf. Upper surface pale above affected areas.,2,LEAF_RUST
Large irregularly shaped brown areas on leaf blade. Margin tissue soft and disintegrating under moisture. Raised lesions on tender flush. Scattered distribution. Tips show some dieback.,0,LEAF_BLIGHT
Skeletonized patches where only the major veins remain intact. Leaf edges highly irregular from feeding. Raised lesions on tender flush. Scattered distribution. Tips show some dieback.,3,LOOPER_CATERPILLARS
Upper leaf surface stripped away in patches. Veins exposed. Frass pellets and silk webbing visible nearby. Whitish flecks on leaf blade. Tip region most affected. Leaves feel dry.,3,LOOPER_CATERPILLARS
Brown water-soaked lesions spreading inward from leaf margins. Tissue collapses rapidly under humid conditions. Fine stippling on upper surface. Some leaf curl. Could reflect feeding damage or other stress.,0,LEAF_BLIGHT
Pale stippling pattern across upper leaf surface. Leaf margins curling upward. Colour fading to pale yellow. Browning from leaf tip progressing inward. Soft water-soaked appearance at active edge.,1,LEAF_HOPPERS
Rust-coloured spore masses on abaxial surface. Upper leaf shows yellow-orange chlorotic spots above each pustule. Raised lesions on tender flush. Scattered distribution. Tips show some dieback.,2,LEAF_RUST
Yellow-orange raised pustules in irregular groups on leaf underside. Upper surface pale yellow above each cluster. Brown spots on new foliage. Raised texture at lesion centres. Shoot tips look unhealthy.,2,LEAF_RUST
Bleached stippling across leaf surface. Leaves brittle and discoloured. Tip dieback in severe cases.,1,LEAF_HOPPERS
Rough corky raised spots on newly emerged leaves. Tips curled and discoloured. Lesions individually spaced.,4,MOSQUITO_BUG
Rust-orange raised spots with powdery texture on lower leaf surface. Upper surface shows corresponding pale patches.,2,LEAF_RUST
Brown necrosis expanding from tip and edges. More than half of some leaves showing blighted tissue. Brown spots on new foliage. Raised texture at lesion centres. Shoot tips look unhealthy.,0,LEAF_BLIGHT
Rust-coloured patches on lower leaf. Upper surface pale above affected areas. Pale speckling on upper leaf surface. Margins slightly curled. Yellowing visible on some leaves.,2,LEAF_RUST
Irregular brown blotches covering large portions of the leaf blade. Adjacent tissue appears water-soaked.,0,LEAF_BLIGHT
Orange-yellow spots on leaf surface. Powdery texture. Both leaf surfaces show discolouration.,2,LEAF_RUST
Dark necrotic patches with pale yellow borders appearing on lower canopy leaves. Soft texture at active edge.,0,LEAF_BLIGHT
Irregular holes across leaf blade with ragged edges. Frass pellets visible on remaining tissue beneath. Raised lesions on tender flush. Scattered distribution. Tips show some dieback.,3,LOOPER_CATERPILLARS
Large irregular sections of leaf tissue removed. Frass deposits and silk threads present near damage sites. Necrotic areas on leaf blade. Margins discoloured. Spreading under humid conditions.,3,LOOPER_CATERPILLARS
Notched leaf margins and internal holes. Damage consistent with chewing from leaf edge inward.,3,LOOPER_CATERPILLARS
Browning from leaf tip progressing inward. Soft water-soaked appearance at active edge.,0,LEAF_BLIGHT
Browning from leaf tip progressing inward. Soft water-soaked appearance at active edge.,0,LEAF_BLIGHT
Fine stippling on upper surface. Some leaf curl. Could reflect feeding damage or other stress. Brown spots on new foliage. Raised texture at lesion centres. Shoot tips look unhealthy.,1,LEAF_HOPPERS
Yellow-orange raised pustules in irregular groups on leaf underside. Upper surface pale yellow above each cluster. Holes and torn edges on leaf blade. Some veins exposed. Frass visible below.,2,LEAF_RUST
Leaf tips turning yellow-white with fine pale speckling. Leaf curl on newly emerged growth. Orange deposits visible on leaf underside. Slow spread. Surrounding tissue slightly yellow.,1,LEAF_HOPPERS
Upper leaf surface stripped away in patches. Veins exposed. Frass pellets and silk webbing visible nearby. Small angular marks on young leaves. Some tip wilting visible. Cause not immediately clear.,3,LOOPER_CATERPILLARS
Yellow-orange raised pustules in irregular groups on leaf underside. Upper surface pale yellow above each cluster. Holes and torn edges on leaf blade. Some veins exposed. Frass visible below.,2,LEAF_RUST
Upper leaf surface stripped away in patches. Veins exposed. Frass pellets and silk webbing visible nearby.,3,LOOPER_CATERPILLARS
Leaf bronzing with dense pale stippling from tip toward base. Brittle texture on older affected leaves.,1,LEAF_HOPPERS
Bleached stippling across leaf surface. Leaves brittle and discoloured. Tip dieback in severe cases. Orange deposits visible on leaf underside. Slow spread. Surrounding tissue slightly yellow.,1,LEAF_HOPPERS
Small circular orange-rust coloured spots on adaxial surface. Powdery spore deposits on abaxial side. Pale speckling on upper leaf surface. Margins slightly curled. Yellowing visible on some leaves.,2,LEAF_RUST
Pale speckling on upper leaf surface. Margins slightly curled. Yellowing visible on some leaves.,1,LEAF_HOPPERS
Dense orange-yellow pustule clusters on abaxial leaf surface. Surrounding tissue yellowing rapidly. Fine stippling on upper surface. Some leaf curl. Could reflect feeding damage or other stress.,2,LEAF_RUST
Small angular marks on young leaves. Some tip wilting visible. Cause not immediately clear.,4,MOSQUITO_BUG
Multiple small raised necrotic spots on tender shoots. Each spot has a sunken dark centre. Tips wilted.,4,MOSQUITO_BUG
Raised lesions on tender flush. Scattered distribution. Tips show some dieback. Orange deposits visible on leaf underside. Slow spread. Surrounding tissue slightly yellow.,4,MOSQUITO_BUG
Irregular brown blotches covering large portions of the leaf blade. Adjacent tissue appears water-soaked.,0,LEAF_BLIGHT
Tender leaves with rough brown patches and tip wilting. Scattered wound-like raised lesions throughout blade.,4,MOSQUITO_BUG
Rust-coloured patches on lower leaf. Upper surface pale above affected areas. Fine stippling on upper surface. Some leaf curl. Could reflect feeding damage or other stress.,2,LEAF_RUST
Dark necrotic patches with pale yellow borders appearing on lower canopy leaves. Soft texture at active edge.,0,LEAF_BLIGHT
Dark necrotic patches with pale yellow borders appearing on lower canopy leaves. Soft texture at active edge. Holes and torn edges on leaf blade. Some veins exposed. Frass visible below.,0,LEAF_BLIGHT
Portions of leaf removed. Skeletonized areas on some leaves. Frass present nearby.,3,LOOPER_CATERPILLARS
Irregular holes across leaf blade with ragged edges. Frass pellets visible on remaining tissue beneath. Raised lesions on tender flush. Scattered distribution. Tips show some dieback.,3,LOOPER_CATERPILLARS
Large irregular sections of leaf tissue removed. Frass deposits and silk threads present near damage sites. Whitish flecks on leaf blade. Tip region most affected. Leaves feel dry.,3,LOOPER_CATERPILLARS
Portions of leaf removed. Skeletonized areas on some leaves. Frass present nearby. Raised lesions on tender flush. Scattered distribution. Tips show some dieback.,3,LOOPER_CATERPILLARS
Raised lesions on tender flush. Scattered distribution. Tips show some dieback.,4,MOSQUITO_BUG
Uniform whitish flecking on leaf blade. Leaves feel papery and dry. Lower canopy most affected. Necrotic areas on leaf blade. Margins discoloured. Spreading under humid conditions.,1,LEAF_HOPPERS
Upper leaf surface stripped away in patches. Veins exposed. Frass pellets and silk webbing visible nearby.,3,LOOPER_CATERPILLARS
Leaf tissue turning brown from edges inward. Water-soaked translucent border at leading edge of lesion. Holes and torn edges on leaf blade. Some veins exposed. Frass visible below.,0,LEAF_BLIGHT
Skeletonized patches where only the major veins remain intact. Leaf edges highly irregular from feeding. Rust-coloured patches on lower leaf. Upper surface pale above affected areas.,3,LOOPER_CATERPILLARS
Brown patches on leaf margins. Tissue soft at edges. Worse in lower shaded canopy.,0,LEAF_BLIGHT
Tender leaves with rough brown patches and tip wilting. Scattered wound-like raised lesions throughout blade. Orange deposits visible on leaf underside. Slow spread. Surrounding tissue slightly yellow.,4,MOSQUITO_BUG
Leaf tissue turning brown from edges inward. Water-soaked translucent border at leading edge of lesion.,0,LEAF_BLIGHT
Necrotic tan-brown patches with a darker outer ring. Spreads rapidly in moist dense canopy sections. Fine stippling on upper surface. Some leaf curl. Could reflect feeding damage or other stress.,0,LEAF_BLIGHT
Leaf tips turning yellow-white with fine pale speckling. Leaf curl on newly emerged growth.,1,LEAF_HOPPERS
Holes and torn edges on leaf blade. Some veins exposed. Frass visible below. Rust-coloured patches on lower leaf. Upper surface pale above affected areas.,3,LOOPER_CATERPILLARS
Fine stippling on upper surface. Some leaf curl. Could reflect feeding damage or other stress. Necrotic areas on leaf blade. Margins discoloured. Spreading under humid conditions.,1,LEAF_HOPPERS
Bright orange urediniospore pustules scattered on underside of leaves. Spores dust off when touched. Portions of leaf removed. Skeletonized areas on some leaves. Frass present nearby.,2,LEAF_RUST
Orange pustules coalescing on lower leaf surface. Leaves yellowing and dropping in severely affected patches.,2,LEAF_RUST
Young flush with angular brown lesions at irregular positions. Rough raised texture at each wound centre. Portions of leaf removed. Skeletonized areas on some leaves. Frass present nearby.,4,MOSQUITO_BUG
Pale speckling on upper leaf surface. Margins slightly curled. Yellowing visible on some leaves. Orange deposits visible on leaf underside. Slow spread. Surrounding tissue slightly yellow.,1,LEAF_HOPPERS
Irregular brown blotches covering large portions of the leaf blade. Adjacent tissue appears water-soaked. Orange deposits visible on leaf underside. Slow spread. Surrounding tissue slightly yellow.,0,LEAF_BLIGHT
Yellow-orange raised pustules in irregular groups on leaf underside. Upper surface pale yellow above each cluster.,2,LEAF_RUST
Young flush with angular brown lesions at irregular positions. Rough raised texture at each wound centre.,4,MOSQUITO_BUG
Necrotic tan-brown patches with a darker outer ring. Spreads rapidly in moist dense canopy sections.,0,LEAF_BLIGHT
Portions of leaf removed. Skeletonized areas on some leaves. Frass present nearby.,3,LOOPER_CATERPILLARS
Large irregularly shaped brown areas on leaf blade. Margin tissue soft and disintegrating under moisture. Fine stippling on upper surface. Some leaf curl. Could reflect feeding damage or other stress.,0,LEAF_BLIGHT
Raised lesions on tender flush. Scattered distribution. Tips show some dieback. Holes and torn edges on leaf blade. Some veins exposed. Frass visible below.,4,MOSQUITO_BUG
Bleached stippling across leaf surface. Leaves brittle and discoloured. Tip dieback in severe cases.,1,LEAF_HOPPERS
Raised angular marks on expanding leaves. Shoot tips bent and discoloured. Lesions not along veins.,4,MOSQUITO_BUG
Brown patches on leaf margins. Tissue soft at edges. Worse in lower shaded canopy.,0,LEAF_BLIGHT
Leaf tissue missing in irregular patches. Ragged edges at margin. Origin not confirmed.,3,LOOPER_CATERPILLARS
Rust-orange raised spots with powdery texture on lower leaf surface. Upper surface shows corresponding pale patches. Pale speckling on upper leaf surface. Margins slightly curled. Yellowing visible on some leaves.,2,LEAF_RUST
Bleached stippling across leaf surface. Leaves brittle and discoloured. Tip dieback in severe cases. Holes and torn edges on leaf blade. Some veins exposed. Frass visible below.,1,LEAF_HOPPERS
Holes and torn edges on leaf blade. Some veins exposed. Frass visible below.,3,LOOPER_CATERPILLARS
Tender leaves with rough brown patches and tip wilting. Scattered wound-like raised lesions throughout blade.,4,MOSQUITO_BUG
Small angular marks on young leaves. Some tip wilting visible. Cause not immediately clear. Browning from leaf tip progressing inward. Soft water-soaked appearance at active edge.,4,MOSQUITO_BUG
Orange pustules coalescing on lower leaf surface. Leaves yellowing and dropping in severely affected patches. Brown spots on new foliage. Raised texture at lesion centres. Shoot tips look unhealthy.,2,LEAF_RUST
Small circular orange-rust coloured spots on adaxial surface. Powdery spore deposits on abaxial side.,2,LEAF_RUST
Orange pustules coalescing on lower leaf surface. Leaves yellowing and dropping in severely affected patches. Browning from leaf tip progressing inward. Soft water-soaked appearance at active edge.,2,LEAF_RUST
Multiple small raised necrotic spots on tender shoots. Each spot has a sunken dark centre. Tips wilted. Brown patches on leaf margins. Tissue soft at edges. Worse in lower shaded canopy.,4,MOSQUITO_BUG
Skeletonized patches where only the major veins remain intact. Leaf edges highly irregular from feeding. Necrotic areas on leaf blade. Margins discoloured. Spreading under humid conditions.,3,LOOPER_CATERPILLARS
Pale stippling pattern across upper leaf surface. Leaf margins curling upward. Colour fading to pale yellow. Orange deposits visible on leaf underside. Slow spread. Surrounding tissue slightly yellow.,1,LEAF_HOPPERS
Defoliated patches with only coarse veins remaining. Fine frass scattered on leaves beneath affected area.,3,LOOPER_CATERPILLARS
Skeletonized patches where only the major veins remain intact. Leaf edges highly irregular from feeding. Small angular marks on young leaves. Some tip wilting visible. Cause not immediately clear.,3,LOOPER_CATERPILLARS
Yellowing and bronzing of leaves with fine speckled texture on upper surface. Curled margins visible.,1,LEAF_HOPPERS
Pale speckling on upper leaf surface. Margins slightly curled. Yellowing visible on some leaves.,1,LEAF_HOPPERS
Skeletonized patches where only the major veins remain intact. Leaf edges highly irregular from feeding. Brown spots on new foliage. Raised texture at lesion centres. Shoot tips look unhealthy.,3,LOOPER_CATERPILLARS
Yellowing and bronzing of leaves with fine speckled texture on upper surface. Curled margins visible. Portions of leaf removed. Skeletonized areas on some leaves. Frass present nearby.,1,LEAF_HOPPERS
Irregular brown blotches covering large portions of the leaf blade. Adjacent tissue appears water-soaked.,0,LEAF_BLIGHT
Brown water-soaked lesions spreading inward from leaf margins. Tissue collapses rapidly under humid conditions.,0,LEAF_BLIGHT
Orange-yellow spots on leaf surface. Powdery texture. Both leaf surfaces show discolouration.,2,LEAF_RUST
Pale speckling on upper leaf surface. Margins slightly curled. Yellowing visible on some leaves. Rust-coloured patches on lower leaf. Upper surface pale above affected areas.,1,LEAF_HOPPERS
Raised lesions on tender flush. Scattered distribution. Tips show some dieback. Orange-yellow spots on leaf surface. Powdery texture. Both leaf surfaces show discolouration.,4,MOSQUITO_BUG
Leaf lamina partially consumed leaving midrib and major veins. Feeding damage across multiple leaves in canopy.,3,LOOPER_CATERPILLARS
Holes and torn edges on leaf blade. Some veins exposed. Frass visible below. Raised lesions on tender flush. Scattered distribution. Tips show some dieback.,3,LOOPER_CATERPILLARS
Tip burn on young leaves with pale stippled damage spreading toward mid-leaf. Veins still green. Raised lesions on tender flush. Scattered distribution. Tips show some dieback.,1,LEAF_HOPPERS
Upper leaf surface stripped away in patches. Veins exposed. Frass pellets and silk webbing visible nearby. Small angular marks on young leaves. Some tip wilting visible. Cause not immediately clear.,3,LOOPER_CATERPILLARS
Pale speckling on upper leaf surface. Margins slightly curled. Yellowing visible on some leaves. Rust-coloured patches on lower leaf. Upper surface pale above affected areas.,1,LEAF_HOPPERS
Portions of leaf removed. Skeletonized areas on some leaves. Frass present nearby. Small angular marks on young leaves. Some tip wilting visible. Cause not immediately clear.,3,LOOPER_CATERPILLARS
Pale stippling pattern across upper leaf surface. Leaf margins curling upward. Colour fading to pale yellow.,1,LEAF_HOPPERS
Young flush with angular brown lesions at irregular positions. Rough raised texture at each wound centre.,4,MOSQUITO_BUG
Tip burn on young leaves with pale stippled damage spreading toward mid-leaf. Veins still green. Rust-coloured patches on lower leaf. Upper surface pale above affected areas.,1,LEAF_HOPPERS
Multiple small raised necrotic spots on tender shoots. Each spot has a sunken dark centre. Tips wilted. Necrotic areas on leaf blade. Margins discoloured. Spreading under humid conditions.,4,MOSQUITO_BUG
Yellowing and bronzing of leaves with fine speckled texture on upper surface. Curled margins visible. Browning from leaf tip progressing inward. Soft water-soaked appearance at active edge.,1,LEAF_HOPPERS
Rust-coloured patches on lower leaf. Upper surface pale above affected areas.,2,LEAF_RUST
Tender leaves with rough brown patches and tip wilting. Scattered wound-like raised lesions throughout blade. Portions of leaf removed. Skeletonized areas on some leaves. Frass present nearby.,4,MOSQUITO_BUG
Tip burn on young leaves with pale stippled damage spreading toward mid-leaf. Veins still green. Raised lesions on tender flush. Scattered distribution. Tips show some dieback.,1,LEAF_HOPPERS
Fine stippling on upper surface. Some leaf curl. Could reflect feeding damage or other stress.,1,LEAF_HOPPERS
Large irregularly shaped brown areas on leaf blade. Margin tissue soft and disintegrating under moisture.,0,LEAF_BLIGHT
Notched leaf margins and internal holes. Damage consistent with chewing from leaf edge inward. Orange deposits visible on leaf underside. Slow spread. Surrounding tissue slightly yellow.,3,LOOPER_CATERPILLARS
Fine stippling on upper surface. Some leaf curl. Could reflect feeding damage or other stress. Portions of leaf removed. Skeletonized areas on some leaves. Frass present nearby.,1,LEAF_HOPPERS
Leaf tips turning yellow-white with fine pale speckling. Leaf curl on newly emerged growth.,1,LEAF_HOPPERS
Blighted areas beginning at leaf tip and progressing along margins. Entire leaf browning in advanced cases. Raised lesions on tender flush. Scattered distribution. Tips show some dieback.,0,LEAF_BLIGHT
Browning from leaf tip progressing inward. Soft water-soaked appearance at active edge.,0,LEAF_BLIGHT
Portions of leaf removed. Skeletonized areas on some leaves. Frass present nearby. Orange deposits visible on leaf underside. Slow spread. Surrounding tissue slightly yellow.,3,LOOPER_CATERPILLARS
Pale stippling pattern across upper leaf surface. Leaf margins curling upward. Colour fading to pale yellow.,1,LEAF_HOPPERS
Dense orange-yellow pustule clusters on abaxial leaf surface. Surrounding tissue yellowing rapidly.,2,LEAF_RUST
Tender leaves with rough brown patches and tip wilting. Scattered wound-like raised lesions throughout blade.,4,MOSQUITO_BUG
Upper leaf surface stripped away in patches. Veins exposed. Frass pellets and silk webbing visible nearby.,3,LOOPER_CATERPILLARS
Raised angular marks on expanding leaves. Shoot tips bent and discoloured. Lesions not along veins.,4,MOSQUITO_BUG
New growth showing shoot dieback with scattered corky raised spots. Pale outer ring around each lesion. Necrotic areas on leaf blade. Margins discoloured. Spreading under humid conditions.,4,MOSQUITO_BUG
Bright orange urediniospore pustules scattered on underside of leaves. Spores dust off when touched. Brown patches on leaf margins. Tissue soft at edges. Worse in lower shaded canopy.,2,LEAF_RUST
Uniform whitish flecking on leaf blade. Leaves feel papery and dry. Lower canopy most affected.,1,LEAF_HOPPERS
Brown patches on leaf margins. Tissue soft at edges. Worse in lower shaded canopy.,0,LEAF_BLIGHT
Upper leaf surface stripped away in patches. Veins exposed. Frass pellets and silk webbing visible nearby.,3,LOOPER_CATERPILLARS
Defoliated patches with only coarse veins remaining. Fine frass scattered on leaves beneath affected area.,3,LOOPER_CATERPILLARS
Blighted areas beginning at leaf tip and progressing along margins. Entire leaf browning in advanced cases. Orange deposits visible on leaf underside. Slow spread. Surrounding tissue slightly yellow.,0,LEAF_BLIGHT
Browning from leaf tip progressing inward. Soft water-soaked appearance at active edge.,0,LEAF_BLIGHT
Yellowing and bronzing of leaves with fine speckled texture on upper surface. Curled margins visible. Browning from leaf tip progressing inward. Soft water-soaked appearance at active edge.,1,LEAF_HOPPERS
Orange pustules coalescing on lower leaf surface. Leaves yellowing and dropping in severely affected patches. Fine stippling on upper surface. Some leaf curl. Could reflect feeding damage or other stress.,2,LEAF_RUST
Browning from leaf tip progressing inward. Soft water-soaked appearance at active edge.,0,LEAF_BLIGHT
Irregular holes across leaf blade with ragged edges. Frass pellets visible on remaining tissue beneath. Orange deposits visible on leaf underside. Slow spread. Surrounding tissue slightly yellow.,3,LOOPER_CATERPILLARS
Rust-coloured spore masses on abaxial surface. Upper leaf shows yellow-orange chlorotic spots above each pustule.,2,LEAF_RUST
Brown patches on leaf margins. Tissue soft at edges. Worse in lower shaded canopy. Brown spots on new foliage. Raised texture at lesion centres. Shoot tips look unhealthy.,0,LEAF_BLIGHT
Bleached stippling across leaf surface. Leaves brittle and discoloured. Tip dieback in severe cases.,1,LEAF_HOPPERS
Rust-coloured patches on lower leaf. Upper surface pale above affected areas.,2,LEAF_RUST
Yellowing and bronzing of leaves with fine speckled texture on upper surface. Curled margins visible. Portions of leaf removed. Skeletonized areas on some leaves. Frass present nearby.,1,LEAF_HOPPERS
Tender leaves with rough brown patches and tip wilting. Scattered wound-like raised lesions throughout blade. Orange-yellow spots on leaf surface. Powdery texture. Both leaf surfaces show discolouration.,4,MOSQUITO_BUG
Raised angular marks on expanding leaves. Shoot tips bent and discoloured. Lesions not along veins.,4,MOSQUITO_BUG
Tip burn on young leaves with pale stippled damage spreading toward mid-leaf. Veins still green.,1,LEAF_HOPPERS
Bright orange urediniospore pustules scattered on underside of leaves. Spores dust off when touched. Leaf tissue missing in irregular patches. Ragged edges at margin. Origin not confirmed.,2,LEAF_RUST
Rough corky raised spots on newly emerged leaves. Tips curled and discoloured. Lesions individually spaced.,4,MOSQUITO_BUG
Dense orange-yellow pustule clusters on abaxial leaf surface. Surrounding tissue yellowing rapidly. Pale speckling on upper leaf surface. Margins slightly curled. Yellowing visible on some leaves.,2,LEAF_RUST
Dark necrotic patches with pale yellow borders appearing on lower canopy leaves. Soft texture at active edge.,0,LEAF_BLIGHT
Portions of leaf removed. Skeletonized areas on some leaves. Frass present nearby.,3,LOOPER_CATERPILLARS
Brown patches on leaf margins. Tissue soft at edges. Worse in lower shaded canopy. Brown spots on new foliage. Raised texture at lesion centres. Shoot tips look unhealthy.,0,LEAF_BLIGHT
Irregular brown blotches covering large portions of the leaf blade. Adjacent tissue appears water-soaked. Fine stippling on upper surface. Some leaf curl. Could reflect feeding damage or other stress.,0,LEAF_BLIGHT
Large irregularly shaped brown areas on leaf blade. Margin tissue soft and disintegrating under moisture. Pale speckling on upper leaf surface. Margins slightly curled. Yellowing visible on some leaves.,0,LEAF_BLIGHT
Leaf lamina partially consumed leaving midrib and major veins. Feeding damage across multiple leaves in canopy.,3,LOOPER_CATERPILLARS
Rough corky raised spots on newly emerged leaves. Tips curled and discoloured. Lesions individually spaced. Browning from leaf tip progressing inward. Soft water-soaked appearance at active edge.,4,MOSQUITO_BUG
Young flush with angular brown lesions at irregular positions. Rough raised texture at each wound centre.,4,MOSQUITO_BUG
Rough corky raised spots on newly emerged leaves. Tips curled and discoloured. Lesions individually spaced. Leaf tissue missing in irregular patches. Ragged edges at margin. Origin not confirmed.,4,MOSQUITO_BUG
Extensive leaf tissue loss with ragged torn edges. Multiple feeding sites across several adjacent leaves. Whitish flecks on leaf blade. Tip region most affected. Leaves feel dry.,3,LOOPER_CATERPILLARS
Brown patches on leaf margins. Tissue soft at edges. Worse in lower shaded canopy.,0,LEAF_BLIGHT
Whitish flecks on leaf blade. Tip region most affected. Leaves feel dry. Orange deposits visible on leaf underside. Slow spread. Surrounding tissue slightly yellow.,1,LEAF_HOPPERS
Multiple small raised necrotic spots on tender shoots. Each spot has a sunken dark centre. Tips wilted. Necrotic areas on leaf blade. Margins discoloured. Spreading under humid conditions.,4,MOSQUITO_BUG
Leaf tissue missing in irregular patches. Ragged edges at margin. Origin not confirmed. Orange-yellow spots on leaf surface. Powdery texture. Both leaf surfaces show discolouration.,3,LOOPER_CATERPILLARS
Leaf tissue missing in irregular patches. Ragged edges at margin. Origin not confirmed. Small angular marks on young leaves. Some tip wilting visible. Cause not immediately clear.,3,LOOPER_CATERPILLARS
Notched leaf margins and internal holes. Damage consistent with chewing from leaf edge inward.,3,LOOPER_CATERPILLARS
Small circular orange-rust coloured spots on adaxial surface. Powdery spore deposits on abaxial side. Small angular marks on young leaves. Some tip wilting visible. Cause not immediately clear.,2,LEAF_RUST
Small circular orange-rust coloured spots on adaxial surface. Powdery spore deposits on abaxial side. Leaf tissue missing in irregular patches. Ragged edges at margin. Origin not confirmed.,2,LEAF_RUST
Leaf tissue turning brown from edges inward. Water-soaked translucent border at leading edge of lesion. Rust-coloured patches on lower leaf. Upper surface pale above affected areas.,0,LEAF_BLIGHT
Large irregular sections of leaf tissue removed. Frass deposits and silk threads present near damage sites. Fine stippling on upper surface. Some leaf curl. Could reflect feeding damage or other stress.,3,LOOPER_CATERPILLARS
Necrotic areas on leaf blade. Margins discoloured. Spreading under humid conditions. Pale speckling on upper leaf surface. Margins slightly curled. Yellowing visible on some leaves.,0,LEAF_BLIGHT
Irregular brown blotches covering large portions of the leaf blade. Adjacent tissue appears water-soaked. Rust-coloured patches on lower leaf. Upper surface pale above affected areas.,0,LEAF_BLIGHT
Necrotic tan-brown patches with a darker outer ring. Spreads rapidly in moist dense canopy sections. Whitish flecks on leaf blade. Tip region most affected. Leaves feel dry.,0,LEAF_BLIGHT
Irregular holes across leaf blade with ragged edges. Frass pellets visible on remaining tissue beneath.,3,LOOPER_CATERPILLARS
Small circular orange-rust coloured spots on adaxial surface. Powdery spore deposits on abaxial side. Brown spots on new foliage. Raised texture at lesion centres. Shoot tips look unhealthy.,2,LEAF_RUST
Orange-yellow spots on leaf surface. Powdery texture. Both leaf surfaces show discolouration. Small angular marks on young leaves. Some tip wilting visible. Cause not immediately clear.,2,LEAF_RUST
Portions of leaf removed. Skeletonized areas on some leaves. Frass present nearby.,3,LOOPER_CATERPILLARS
Large irregular sections of leaf tissue removed. Frass deposits and silk threads present near damage sites.,3,LOOPER_CATERPILLARS
Dark necrotic patches with pale yellow borders appearing on lower canopy leaves. Soft texture at active edge. Portions of leaf removed. Skeletonized areas on some leaves. Frass present nearby.,0,LEAF_BLIGHT
Tip burn on young leaves with pale stippled damage spreading toward mid-leaf. Veins still green. Browning from leaf tip progressing inward. Soft water-soaked appearance at active edge.,1,LEAF_HOPPERS
Browning from leaf tip progressing inward. Soft water-soaked appearance at active edge.,0,LEAF_BLIGHT
Notched leaf margins and internal holes. Damage consistent with chewing from leaf edge inward.,3,LOOPER_CATERPILLARS
Rust-orange raised spots with powdery texture on lower leaf surface. Upper surface shows corresponding pale patches.,2,LEAF_RUST
Blighted areas beginning at leaf tip and progressing along margins. Entire leaf browning in advanced cases.,0,LEAF_BLIGHT
Bright orange urediniospore pustules scattered on underside of leaves. Spores dust off when touched. Pale speckling on upper leaf surface. Margins slightly curled. Yellowing visible on some leaves.,2,LEAF_RUST
Irregular brown blotches covering large portions of the leaf blade. Adjacent tissue appears water-soaked. Holes and torn edges on leaf blade. Some veins exposed. Frass visible below.,0,LEAF_BLIGHT
Raised angular marks on expanding leaves. Shoot tips bent and discoloured. Lesions not along veins. Fine stippling on upper surface. Some leaf curl. Could reflect feeding damage or other stress.,4,MOSQUITO_BUG
Fine white speckling uniformly distributed on upper leaf. Margins rolling and yellowing. Orange deposits visible on leaf underside. Slow spread. Surrounding tissue slightly yellow.,1,LEAF_HOPPERS
Fine stippling on upper surface. Some leaf curl. Could reflect feeding damage or other stress. Holes and torn edges on leaf blade. Some veins exposed. Frass visible below.,1,LEAF_HOPPERS
Leaf tissue missing in irregular patches. Ragged edges at margin. Origin not confirmed. Brown patches on leaf margins. Tissue soft at edges. Worse in lower shaded canopy.,3,LOOPER_CATERPILLARS
Small circular orange-rust coloured spots on adaxial surface. Powdery spore deposits on abaxial side. Necrotic areas on leaf blade. Margins discoloured. Spreading under humid conditions.,2,LEAF_RUST
Orange-yellow spots on leaf surface. Powdery texture. Both leaf surfaces show discolouration. Necrotic areas on leaf blade. Margins discoloured. Spreading under humid conditions.,2,LEAF_RUST
Rust-coloured patches on lower leaf. Upper surface pale above affected areas. Browning from leaf tip progressing inward. Soft water-soaked appearance at active edge.,2,LEAF_RUST
Large irregularly shaped brown areas on leaf blade. Margin tissue soft and disintegrating under moisture. Raised lesions on tender flush. Scattered distribution. Tips show some dieback.,0,LEAF_BLIGHT
Orange-yellow powdery pustules on lower leaf surface. Corresponding pale spots visible on upper surface.,2,LEAF_RUST
Orange deposits visible on leaf underside. Slow spread. Surrounding tissue slightly yellow. Pale speckling on upper leaf surface. Margins slightly curled. Yellowing visible on some leaves.,2,LEAF_RUST
Rust-coloured spore masses on abaxial surface. Upper leaf shows yellow-orange chlorotic spots above each pustule. Whitish flecks on leaf blade. Tip region most affected. Leaves feel dry.,2,LEAF_RUST
Leaf lamina partially consumed leaving midrib and major veins. Feeding damage across multiple leaves in canopy.,3,LOOPER_CATERPILLARS
Leaf tissue missing in irregular patches. Ragged edges at margin. Origin not confirmed. Orange deposits visible on leaf underside. Slow spread. Surrounding tissue slightly yellow.,3,LOOPER_CATERPILLARS
Fine white speckling uniformly distributed on upper leaf. Margins rolling and yellowing. Holes and torn edges on leaf blade. Some veins exposed. Frass visible below.,1,LEAF_HOPPERS
Young flush with angular brown lesions at irregular positions. Rough raised texture at each wound centre.,4,MOSQUITO_BUG
Dark necrotic patches with pale yellow borders appearing on lower canopy leaves. Soft texture at active edge. Pale speckling on upper leaf surface. Margins slightly curled. Yellowing visible on some leaves.,0,LEAF_BLIGHT
Leaf tissue missing in irregular patches. Ragged edges at margin. Origin not confirmed. Rust-coloured patches on lower leaf. Upper surface pale above affected areas.,3,LOOPER_CATERPILLARS
Bleached stippling across leaf surface. Leaves brittle and discoloured. Tip dieback in severe cases.,1,LEAF_HOPPERS
Pale speckling on upper leaf surface. Margins slightly curled. Yellowing visible on some leaves. Orange deposits visible on leaf underside. Slow spread. Surrounding tissue slightly yellow.,1,LEAF_HOPPERS
New growth showing shoot dieback with scattered corky raised spots. Pale outer ring around each lesion. Portions of leaf removed. Skeletonized areas on some leaves. Frass present nearby.,4,MOSQUITO_BUG
Small angular marks on young leaves. Some tip wilting visible. Cause not immediately clear. Whitish flecks on leaf blade. Tip region most affected. Leaves feel dry.,4,MOSQUITO_BUG
Brown spots on new foliage. Raised texture at lesion centres. Shoot tips look unhealthy.,4,MOSQUITO_BUG
Dark necrotic patches with pale yellow borders appearing on lower canopy leaves. Soft texture at active edge.,0,LEAF_BLIGHT
Orange-yellow spots on leaf surface. Powdery texture. Both leaf surfaces show discolouration. Raised lesions on tender flush. Scattered distribution. Tips show some dieback.,2,LEAF_RUST
Rust-coloured patches on lower leaf. Upper surface pale above affected areas. Necrotic areas on leaf blade. Margins discoloured. Spreading under humid conditions.,2,LEAF_RUST
Extensive leaf tissue loss with ragged torn edges. Multiple feeding sites across several adjacent leaves.,3,LOOPER_CATERPILLARS
Skeletonized patches where only the major veins remain intact. Leaf edges highly irregular from feeding.,3,LOOPER_CATERPILLARS
Dark necrotic patches with pale yellow borders appearing on lower canopy leaves. Soft texture at active edge. Rust-coloured patches on lower leaf. Upper surface pale above affected areas.,0,LEAF_BLIGHT
Pale stippling pattern across upper leaf surface. Leaf margins curling upward. Colour fading to pale yellow.,1,LEAF_HOPPERS
Uniform whitish flecking on leaf blade. Leaves feel papery and dry. Lower canopy most affected.,1,LEAF_HOPPERS
Tender flush showing multiple angular brown raised lesions. Tips stunted. Scattered distribution on new growth. Portions of leaf removed. Skeletonized areas on some leaves. Frass present nearby.,4,MOSQUITO_BUG
Notched leaf margins and internal holes. Damage consistent with chewing from leaf edge inward. Brown spots on new foliage. Raised texture at lesion centres. Shoot tips look unhealthy.,3,LOOPER_CATERPILLARS
Tender flush showing multiple angular brown raised lesions. Tips stunted. Scattered distribution on new growth.,4,MOSQUITO_BUG
Raised lesions on tender flush. Scattered distribution. Tips show some dieback. Orange-yellow spots on leaf surface. Powdery texture. Both leaf surfaces show discolouration.,4,MOSQUITO_BUG
Irregular holes across leaf blade with ragged edges. Frass pellets visible on remaining tissue beneath. Pale speckling on upper leaf surface. Margins slightly curled. Yellowing visible on some leaves.,3,LOOPER_CATERPILLARS
Fine white speckling uniformly distributed on upper leaf. Margins rolling and yellowing. Browning from leaf tip progressing inward. Soft water-soaked appearance at active edge.,1,LEAF_HOPPERS
Young shoots with multiple stipple-like raised spots and tip wilting. Lesion centres sunken and darkened. Portions of leaf removed. Skeletonized areas on some leaves. Frass present nearby.,4,MOSQUITO_BUG
Multiple small raised necrotic spots on tender shoots. Each spot has a sunken dark centre. Tips wilted. Rust-coloured patches on lower leaf. Upper surface pale above affected areas.,4,MOSQUITO_BUG
Extensive leaf tissue loss with ragged torn edges. Multiple feeding sites across several adjacent leaves. Brown spots on new foliage. Raised texture at lesion centres. Shoot tips look unhealthy.,3,LOOPER_CATERPILLARS
Raised lesions on tender flush. Scattered distribution. Tips show some dieback. Pale speckling on upper leaf surface. Margins slightly curled. Yellowing visible on some leaves.,4,MOSQUITO_BUG
Small circular orange-rust coloured spots on adaxial surface. Powdery spore deposits on abaxial side.,2,LEAF_RUST
Tip burn on young leaves with pale stippled damage spreading toward mid-leaf. Veins still green.,1,LEAF_HOPPERS
Irregular holes across leaf blade with ragged edges. Frass pellets visible on remaining tissue beneath. Orange deposits visible on leaf underside. Slow spread. Surrounding tissue slightly yellow.,3,LOOPER_CATERPILLARS
Tip burn on young leaves with pale stippled damage spreading toward mid-leaf. Veins still green. Portions of leaf removed. Skeletonized areas on some leaves. Frass present nearby.,1,LEAF_HOPPERS
Brown spots on new foliage. Raised texture at lesion centres. Shoot tips look unhealthy.,4,MOSQUITO_BUG
Orange-yellow spots on leaf surface. Powdery texture. Both leaf surfaces show discolouration.,2,LEAF_RUST
Rough corky raised spots on newly emerged leaves. Tips curled and discoloured. Lesions individually spaced. Fine stippling on upper surface. Some leaf curl. Could reflect feeding damage or other stress.,4,MOSQUITO_BUG
Small circular orange-rust coloured spots on adaxial surface. Powdery spore deposits on abaxial side. Fine stippling on upper surface. Some leaf curl. Could reflect feeding damage or other stress.,2,LEAF_RUST
Orange-yellow spots on leaf surface. Powdery texture. Both leaf surfaces show discolouration. Holes and torn edges on leaf blade. Some veins exposed. Frass visible below.,2,LEAF_RUST
Leaf bronzing with dense pale stippling from tip toward base. Brittle texture on older affected leaves. Portions of leaf removed. Skeletonized areas on some leaves. Frass present nearby.,1,LEAF_HOPPERS
Small angular marks on young leaves. Some tip wilting visible. Cause not immediately clear.,4,MOSQUITO_BUG
Leaf tissue turning brown from edges inward. Water-soaked translucent border at leading edge of lesion.,0,LEAF_BLIGHT
Whitish flecks on leaf blade. Tip region most affected. Leaves feel dry. Rust-coloured patches on lower leaf. Upper surface pale above affected areas.,1,LEAF_HOPPERS
Rust-coloured patches on lower leaf. Upper surface pale above affected areas. Small angular marks on young leaves. Some tip wilting visible. Cause not immediately clear.,2,LEAF_RUST
Brown necrosis expanding from tip and edges. More than half of some leaves showing blighted tissue. Rust-coloured patches on lower leaf. Upper surface pale above affected areas.,0,LEAF_BLIGHT
Yellow-orange raised pustules in irregular groups on leaf underside. Upper surface pale yellow above each cluster. Raised lesions on tender flush. Scattered distribution. Tips show some dieback.,2,LEAF_RUST
Orange-yellow powdery pustules on lower leaf surface. Corresponding pale spots visible on upper surface.,2,LEAF_RUST
Yellowing and bronzing of leaves with fine speckled texture on upper surface. Curled margins visible.,1,LEAF_HOPPERS
Defoliated patches with only coarse veins remaining. Fine frass scattered on leaves beneath affected area. Browning from leaf tip progressing inward. Soft water-soaked appearance at active edge.,3,LOOPER_CATERPILLARS
Whitish flecks on leaf blade. Tip region most affected. Leaves feel dry. Leaf tissue missing in irregular patches. Ragged edges at margin. Origin not confirmed.,1,LEAF_HOPPERS
Pale stippling pattern across upper leaf surface. Leaf margins curling upward. Colour fading to pale yellow.,1,LEAF_HOPPERS
Dark necrotic patches with pale yellow borders appearing on lower canopy leaves. Soft texture at active edge.,0,LEAF_BLIGHT
Irregular brown blotches covering large portions of the leaf blade. Adjacent tissue appears water-soaked. Holes and torn edges on leaf blade. Some veins exposed. Frass visible below.,0,LEAF_BLIGHT
Holes and torn edges on leaf blade. Some veins exposed. Frass visible below.,3,LOOPER_CATERPILLARS
Leaf lamina partially consumed leaving midrib and major veins. Feeding damage across multiple leaves in canopy. Rust-coloured patches on lower leaf. Upper surface pale above affected areas.,3,LOOPER_CATERPILLARS
Upper leaf surface stripped away in patches. Veins exposed. Frass pellets and silk webbing visible nearby. Brown spots on new foliage. Raised texture at lesion centres. Shoot tips look unhealthy.,3,LOOPER_CATERPILLARS
Dark necrotic patches with pale yellow borders appearing on lower canopy leaves. Soft texture at active edge. Fine stippling on upper surface. Some leaf curl. Could reflect feeding damage or other stress.,0,LEAF_BLIGHT
Rough corky raised spots on newly emerged leaves. Tips curled and discoloured. Lesions individually spaced.,4,MOSQUITO_BUG
Rust-coloured patches on lower leaf. Upper surface pale above affected areas. Portions of leaf removed. Skeletonized areas on some leaves. Frass present nearby.,2,LEAF_RUST
Upper leaf surface stripped away in patches. Veins exposed. Frass pellets and silk webbing visible nearby. Orange-yellow spots on leaf surface. Powdery texture. Both leaf surfaces show discolouration.,3,LOOPER_CATERPILLARS
Defoliated patches with only coarse veins remaining. Fine frass scattered on leaves beneath affected area. Raised lesions on tender flush. Scattered distribution. Tips show some dieback.,3,LOOPER_CATERPILLARS
Necrotic tan-brown patches with a darker outer ring. Spreads rapidly in moist dense canopy sections.,0,LEAF_BLIGHT
Rust-coloured spore masses on abaxial surface. Upper leaf shows yellow-orange chlorotic spots above each pustule. Holes and torn edges on leaf blade. Some veins exposed. Frass visible below.,2,LEAF_RUST
Rust-orange raised spots with powdery texture on lower leaf surface. Upper surface shows corresponding pale patches. Fine stippling on upper surface. Some leaf curl. Could reflect feeding damage or other stress.,2,LEAF_RUST
Uniform whitish flecking on leaf blade. Leaves feel papery and dry. Lower canopy most affected. Holes and torn edges on leaf blade. Some veins exposed. Frass visible below.,1,LEAF_HOPPERS
Irregular holes across leaf blade with ragged edges. Frass pellets visible on remaining tissue beneath. Rust-coloured patches on lower leaf. Upper surface pale above affected areas.,3,LOOPER_CATERPILLARS
Fine stippling on upper surface. Some leaf curl. Could reflect feeding damage or other stress. Leaf tissue missing in irregular patches. Ragged edges at margin. Origin not confirmed.,1,LEAF_HOPPERS
Pale stippling pattern across upper leaf surface. Leaf margins curling upward. Colour fading to pale yellow. Brown patches on leaf margins. Tissue soft at edges. Worse in lower shaded canopy.,1,LEAF_HOPPERS
Whitish flecks on leaf blade. Tip region most affected. Leaves feel dry.,1,LEAF_HOPPERS
Young flush with angular brown lesions at irregular positions. Rough raised texture at each wound centre. Holes and torn edges on leaf blade. Some veins exposed. Frass visible below.,4,MOSQUITO_BUG
Tender leaves with rough brown patches and tip wilting. Scattered wound-like raised lesions throughout blade.,4,MOSQUITO_BUG
Tender flush showing multiple angular brown raised lesions. Tips stunted. Scattered distribution on new growth.,4,MOSQUITO_BUG
Brown water-soaked lesions spreading inward from leaf margins. Tissue collapses rapidly under humid conditions.,0,LEAF_BLIGHT
Bright orange urediniospore pustules scattered on underside of leaves. Spores dust off when touched. Brown patches on leaf margins. Tissue soft at edges. Worse in lower shaded canopy.,2,LEAF_RUST
New growth showing shoot dieback with scattered corky raised spots. Pale outer ring around each lesion. Fine stippling on upper surface. Some leaf curl. Could reflect feeding damage or other stress.,4,MOSQUITO_BUG
Rust-coloured spore masses on abaxial surface. Upper leaf shows yellow-orange chlorotic spots above each pustule. Leaf tissue missing in irregular patches. Ragged edges at margin. Origin not confirmed.,2,LEAF_RUST
Bleached stippling across leaf surface. Leaves brittle and discoloured. Tip dieback in severe cases. Necrotic areas on leaf blade. Margins discoloured. Spreading under humid conditions.,1,LEAF_HOPPERS
Extensive leaf tissue loss with ragged torn edges. Multiple feeding sites across several adjacent leaves. Raised lesions on tender flush. Scattered distribution. Tips show some dieback.,3,LOOPER_CATERPILLARS
Blighted areas beginning at leaf tip and progressing along margins. Entire leaf browning in advanced cases.,0,LEAF_BLIGHT
Orange deposits visible on leaf underside. Slow spread. Surrounding tissue slightly yellow.,2,LEAF_RUST
Browning from leaf tip progressing inward. Soft water-soaked appearance at active edge.,0,LEAF_BLIGHT
Irregular holes across leaf blade with ragged edges. Frass pellets visible on remaining tissue beneath. Brown patches on leaf margins. Tissue soft at edges. Worse in lower shaded canopy.,3,LOOPER_CATERPILLARS
Defoliated patches with only coarse veins remaining. Fine frass scattered on leaves beneath affected area. Pale speckling on upper leaf surface. Margins slightly curled. Yellowing visible on some leaves.,3,LOOPER_CATERPILLARS
Small circular orange-rust coloured spots on adaxial surface. Powdery spore deposits on abaxial side. Portions of leaf removed. Skeletonized areas on some leaves. Frass present nearby.,2,LEAF_RUST
Rough corky raised spots on newly emerged leaves. Tips curled and discoloured. Lesions individually spaced.,4,MOSQUITO_BUG
Pale speckling on upper leaf surface. Margins slightly curled. Yellowing visible on some leaves. Rust-coloured patches on lower leaf. Upper surface pale above affected areas.,1,LEAF_HOPPERS
Irregular brown blotches covering large portions of the leaf blade. Adjacent tissue appears water-soaked. Portions of leaf removed. Skeletonized areas on some leaves. Frass present nearby.,0,LEAF_BLIGHT
Uniform whitish flecking on leaf blade. Leaves feel papery and dry. Lower canopy most affected.,1,LEAF_HOPPERS
Multiple small raised necrotic spots on tender shoots. Each spot has a sunken dark centre. Tips wilted.,4,MOSQUITO_BUG
Yellowing and bronzing of leaves with fine speckled texture on upper surface. Curled margins visible. Orange-yellow spots on leaf surface. Powdery texture. Both leaf surfaces show discolouration.,1,LEAF_HOPPERS
Whitish flecks on leaf blade. Tip region most affected. Leaves feel dry. Brown spots on new foliage. Raised texture at lesion centres. Shoot tips look unhealthy.,1,LEAF_HOPPERS
Whitish flecks on leaf blade. Tip region most affected. Leaves feel dry. Rust-coloured patches on lower leaf. Upper surface pale above affected areas.,1,LEAF_HOPPERS
Raised lesions on tender flush. Scattered distribution. Tips show some dieback. Holes and torn edges on leaf blade. Some veins exposed. Frass visible below.,4,MOSQUITO_BUG
Necrotic tan-brown patches with a darker outer ring. Spreads rapidly in moist dense canopy sections. Whitish flecks on leaf blade. Tip region most affected. Leaves feel dry.,0,LEAF_BLIGHT
Young shoots with multiple stipple-like raised spots and tip wilting. Lesion centres sunken and darkened. Orange deposits visible on leaf underside. Slow spread. Surrounding tissue slightly yellow.,4,MOSQUITO_BUG
Uniform whitish flecking on leaf blade. Leaves feel papery and dry. Lower canopy most affected. Orange deposits visible on leaf underside. Slow spread. Surrounding tissue slightly yellow.,1,LEAF_HOPPERS
Uniform whitish flecking on leaf blade. Leaves feel papery and dry. Lower canopy most affected. Holes and torn edges on leaf blade. Some veins exposed. Frass visible below.,1,LEAF_HOPPERS
Dark necrotic patches with pale yellow borders appearing on lower canopy leaves. Soft texture at active edge.,0,LEAF_BLIGHT
Leaf tissue turning brown from edges inward. Water-soaked translucent border at leading edge of lesion. Raised lesions on tender flush. Scattered distribution. Tips show some dieback.,0,LEAF_BLIGHT
Fine stippling on upper surface. Some leaf curl. Could reflect feeding damage or other stress. Leaf tissue missing in irregular patches. Ragged edges at margin. Origin not confirmed.,1,LEAF_HOPPERS
Fine stippling on upper surface. Some leaf curl. Could reflect feeding damage or other stress.,1,LEAF_HOPPERS
Leaf tissue missing in irregular patches. Ragged edges at margin. Origin not confirmed. Orange deposits visible on leaf underside. Slow spread. Surrounding tissue slightly yellow.,3,LOOPER_CATERPILLARS
Brown necrosis expanding from tip and edges. More than half of some leaves showing blighted tissue.,0,LEAF_BLIGHT
Uniform whitish flecking on leaf blade. Leaves feel papery and dry. Lower canopy most affected.,1,LEAF_HOPPERS
Leaf tips turning yellow-white with fine pale speckling. Leaf curl on newly emerged growth.,1,LEAF_HOPPERS
Skeletonized patches where only the major veins remain intact. Leaf edges highly irregular from feeding. Rust-coloured patches on lower leaf. Upper surface pale above affected areas.,3,LOOPER_CATERPILLARS
Leaf tissue turning brown from edges inward. Water-soaked translucent border at leading edge of lesion. Pale speckling on upper leaf surface. Margins slightly curled. Yellowing visible on some leaves.,0,LEAF_BLIGHT
Uniform whitish flecking on leaf blade. Leaves feel papery and dry. Lower canopy most affected.,1,LEAF_HOPPERS
Fine white speckling uniformly distributed on upper leaf. Margins rolling and yellowing.,1,LEAF_HOPPERS
Orange deposits visible on leaf underside. Slow spread. Surrounding tissue slightly yellow. Pale speckling on upper leaf surface. Margins slightly curled. Yellowing visible on some leaves.,2,LEAF_RUST
New growth showing shoot dieback with scattered corky raised spots. Pale outer ring around each lesion.,4,MOSQUITO_BUG
Bleached stippling across leaf surface. Leaves brittle and discoloured. Tip dieback in severe cases.,1,LEAF_HOPPERS
Bleached stippling across leaf surface. Leaves brittle and discoloured. Tip dieback in severe cases. Holes and torn edges on leaf blade. Some veins exposed. Frass visible below.,1,LEAF_HOPPERS
Brown patches on leaf margins. Tissue soft at edges. Worse in lower shaded canopy. Holes and torn edges on leaf blade. Some veins exposed. Frass visible below.,0,LEAF_BLIGHT
Uniform whitish flecking on leaf blade. Leaves feel papery and dry. Lower canopy most affected.,1,LEAF_HOPPERS
Orange-yellow powdery pustules on lower leaf surface. Corresponding pale spots visible on upper surface. Raised lesions on tender flush. Scattered distribution. Tips show some dieback.,2,LEAF_RUST
Brown spots on new foliage. Raised texture at lesion centres. Shoot tips look unhealthy. Holes and torn edges on leaf blade. Some veins exposed. Frass visible below.,4,MOSQUITO_BUG
Rust-orange raised spots with powdery texture on lower leaf surface. Upper surface shows corresponding pale patches. Pale speckling on upper leaf surface. Margins slightly curled. Yellowing visible on some leaves.,2,LEAF_RUST
Orange deposits visible on leaf underside. Slow spread. Surrounding tissue slightly yellow.,2,LEAF_RUST
Necrotic areas on leaf blade. Margins discoloured. Spreading under humid conditions. Pale speckling on upper leaf surface. Margins slightly curled. Yellowing visible on some leaves.,0,LEAF_BLIGHT
Orange-yellow spots on leaf surface. Powdery texture. Both leaf surfaces show discolouration. Small angular marks on young leaves. Some tip wilting visible. Cause not immediately clear.,2,LEAF_RUST
Rust-orange raised spots with powdery texture on lower leaf surface. Upper surface shows corresponding pale patches. Small angular marks on young leaves. Some tip wilting visible. Cause not immediately clear.,2,LEAF_RUST
Fine white speckling uniformly distributed on upper leaf. Margins rolling and yellowing. Leaf tissue missing in irregular patches. Ragged edges at margin. Origin not confirmed.,1,LEAF_HOPPERS
Blighted areas beginning at leaf tip and progressing along margins. Entire leaf browning in advanced cases. Pale speckling on upper leaf surface. Margins slightly curled. Yellowing visible on some leaves.,0,LEAF_BLIGHT
Bright orange urediniospore pustules scattered on underside of leaves. Spores dust off when touched. Pale speckling on upper leaf surface. Margins slightly curled. Yellowing visible on some leaves.,2,LEAF_RUST
Multiple small raised necrotic spots on tender shoots. Each spot has a sunken dark centre. Tips wilted.,4,MOSQUITO_BUG
Leaf lamina partially consumed leaving midrib and major veins. Feeding damage across multiple leaves in canopy. Brown patches on leaf margins. Tissue soft at edges. Worse in lower shaded canopy.,3,LOOPER_CATERPILLARS
Leaf tips turning yellow-white with fine pale speckling. Leaf curl on newly emerged growth.,1,LEAF_HOPPERS
Small angular marks on young leaves. Some tip wilting visible. Cause not immediately clear. Brown patches on leaf margins. Tissue soft at edges. Worse in lower shaded canopy.,4,MOSQUITO_BUG
Leaf tips turning yellow-white with fine pale speckling. Leaf curl on newly emerged growth. Portions of leaf removed. Skeletonized areas on some leaves. Frass present nearby.,1,LEAF_HOPPERS
Bright orange urediniospore pustules scattered on underside of leaves. Spores dust off when touched. Necrotic areas on leaf blade. Margins discoloured. Spreading under humid conditions.,2,LEAF_RUST
Pale stippling pattern across upper leaf surface. Leaf margins curling upward. Colour fading to pale yellow. Orange-yellow spots on leaf surface. Powdery texture. Both leaf surfaces show discolouration.,1,LEAF_HOPPERS
Dense orange-yellow pustule clusters on abaxial leaf surface. Surrounding tissue yellowing rapidly. Fine stippling on upper surface. Some leaf curl. Could reflect feeding damage or other stress.,2,LEAF_RUST
Whitish flecks on leaf blade. Tip region most affected. Leaves feel dry. Orange-yellow spots on leaf surface. Powdery texture. Both leaf surfaces show discolouration.,1,LEAF_HOPPERS
Irregular holes across leaf blade with ragged edges. Frass pellets visible on remaining tissue beneath.,3,LOOPER_CATERPILLARS
Dark necrotic patches with pale yellow borders appearing on lower canopy leaves. Soft texture at active edge.,0,LEAF_BLIGHT
Brown patches on leaf margins. Tissue soft at edges. Worse in lower shaded canopy. Leaf tissue missing in irregular patches. Ragged edges at margin. Origin not confirmed.,0,LEAF_BLIGHT
Blighted areas beginning at leaf tip and progressing along margins. Entire leaf browning in advanced cases. Leaf tissue missing in irregular patches. Ragged edges at margin. Origin not confirmed.,0,LEAF_BLIGHT
Large irregularly shaped brown areas on leaf blade. Margin tissue soft and disintegrating under moisture.,0,LEAF_BLIGHT
Pale speckling on upper leaf surface. Margins slightly curled. Yellowing visible on some leaves. Portions of leaf removed. Skeletonized areas on some leaves. Frass present nearby.,1,LEAF_HOPPERS
Yellowing and bronzing of leaves with fine speckled texture on upper surface. Curled margins visible. Orange deposits visible on leaf underside. Slow spread. Surrounding tissue slightly yellow.,1,LEAF_HOPPERS
Holes and torn edges on leaf blade. Some veins exposed. Frass visible below. Brown patches on leaf margins. Tissue soft at edges. Worse in lower shaded canopy.,3,LOOPER_CATERPILLARS
Large irregularly shaped brown areas on leaf blade. Margin tissue soft and disintegrating under moisture. Rust-coloured patches on lower leaf. Upper surface pale above affected areas.,0,LEAF_BLIGHT
Yellowing and bronzing of leaves with fine speckled texture on upper surface. Curled margins visible.,1,LEAF_HOPPERS
Skeletonized patches where only the major veins remain intact. Leaf edges highly irregular from feeding. Rust-coloured patches on lower leaf. Upper surface pale above affected areas.,3,LOOPER_CATERPILLARS
Yellow-orange raised pustules in irregular groups on leaf underside. Upper surface pale yellow above each cluster. Leaf tissue missing in irregular patches. Ragged edges at margin. Origin not confirmed.,2,LEAF_RUST
Irregular holes across leaf blade with ragged edges. Frass pellets visible on remaining tissue beneath. Orange-yellow spots on leaf surface. Powdery texture. Both leaf surfaces show discolouration.,3,LOOPER_CATERPILLARS
Tender flush showing multiple angular brown raised lesions. Tips stunted. Scattered distribution on new growth.,4,MOSQUITO_BUG
Blighted areas beginning at leaf tip and progressing along margins. Entire leaf browning in advanced cases.,0,LEAF_BLIGHT
Irregular holes across leaf blade with ragged edges. Frass pellets visible on remaining tissue beneath.,3,LOOPER_CATERPILLARS
Blighted areas beginning at leaf tip and progressing along margins. Entire leaf browning in advanced cases. Small angular marks on young leaves. Some tip wilting visible. Cause not immediately clear.,0,LEAF_BLIGHT
Young shoots with multiple stipple-like raised spots and tip wilting. Lesion centres sunken and darkened.,4,MOSQUITO_BUG
Brown patches on leaf margins. Tissue soft at edges. Worse in lower shaded canopy.,0,LEAF_BLIGHT
Small circular orange-rust coloured spots on adaxial surface. Powdery spore deposits on abaxial side.,2,LEAF_RUST
Leaf tissue turning brown from edges inward. Water-soaked translucent border at leading edge of lesion. Leaf tissue missing in irregular patches. Ragged edges at margin. Origin not confirmed.,0,LEAF_BLIGHT
Rust-coloured spore masses on abaxial surface. Upper leaf shows yellow-orange chlorotic spots above each pustule. Raised lesions on tender flush. Scattered distribution. Tips show some dieback.,2,LEAF_RUST
Defoliated patches with only coarse veins remaining. Fine frass scattered on leaves beneath affected area.,3,LOOPER_CATERPILLARS
Leaf tissue missing in irregular patches. Ragged edges at margin. Origin not confirmed. Orange deposits visible on leaf underside. Slow spread. Surrounding tissue slightly yellow.,3,LOOPER_CATERPILLARS
Leaf tissue turning brown from edges inward. Water-soaked translucent border at leading edge of lesion. Orange deposits visible on leaf underside. Slow spread. Surrounding tissue slightly yellow.,0,LEAF_BLIGHT
Orange-yellow powdery pustules on lower leaf surface. Corresponding pale spots visible on upper surface. Pale speckling on upper leaf surface. Margins slightly curled. Yellowing visible on some leaves.,2,LEAF_RUST
Blighted areas beginning at leaf tip and progressing along margins. Entire leaf browning in advanced cases.,0,LEAF_BLIGHT
Leaf lamina partially consumed leaving midrib and major veins. Feeding damage across multiple leaves in canopy. Brown spots on new foliage. Raised texture at lesion centres. Shoot tips look unhealthy.,3,LOOPER_CATERPILLARS
Brown necrosis expanding from tip and edges. More than half of some leaves showing blighted tissue.,0,LEAF_BLIGHT
Rust-coloured patches on lower leaf. Upper surface pale above affected areas.,2,LEAF_RUST
Blighted areas beginning at leaf tip and progressing along margins. Entire leaf browning in advanced cases. Orange deposits visible on leaf underside. Slow spread. Surrounding tissue slightly yellow.,0,LEAF_BLIGHT
Irregular holes across leaf blade with ragged edges. Frass pellets visible on remaining tissue beneath.,3,LOOPER_CATERPILLARS
Large irregular sections of leaf tissue removed. Frass deposits and silk threads present near damage sites.,3,LOOPER_CATERPILLARS
Leaf tissue turning brown from edges inward. Water-soaked translucent border at leading edge of lesion.,0,LEAF_BLIGHT
Large irregularly shaped brown areas on leaf blade. Margin tissue soft and disintegrating under moisture. Holes and torn edges on leaf blade. Some veins exposed. Frass visible below.,0,LEAF_BLIGHT
Raised lesions on tender flush. Scattered distribution. Tips show some dieback. Pale speckling on upper leaf surface. Margins slightly curled. Yellowing visible on some leaves.,4,MOSQUITO_BUG
Orange deposits visible on leaf underside. Slow spread. Surrounding tissue slightly yellow. Small angular marks on young leaves. Some tip wilting visible. Cause not immediately clear.,2,LEAF_RUST
Small angular marks on young leaves. Some tip wilting visible. Cause not immediately clear. Portions of leaf removed. Skeletonized areas on some leaves. Frass present nearby.,4,MOSQUITO_BUG
Brown necrosis expanding from tip and edges. More than half of some leaves showing blighted tissue. Portions of leaf removed. Skeletonized areas on some leaves. Frass present nearby.,0,LEAF_BLIGHT
Orange-yellow powdery pustules on lower leaf surface. Corresponding pale spots visible on upper surface.,2,LEAF_RUST
Bleached stippling across leaf surface. Leaves brittle and discoloured. Tip dieback in severe cases.,1,LEAF_HOPPERS
Leaf tissue missing in irregular patches. Ragged edges at margin. Origin not confirmed.,3,LOOPER_CATERPILLARS
Small angular marks on young leaves. Some tip wilting visible. Cause not immediately clear.,4,MOSQUITO_BUG
Holes and torn edges on leaf blade. Some veins exposed. Frass visible below. Brown patches on leaf margins. Tissue soft at edges. Worse in lower shaded canopy.,3,LOOPER_CATERPILLARS
Orange deposits visible on leaf underside. Slow spread. Surrounding tissue slightly yellow.,2,LEAF_RUST
Rust-coloured patches on lower leaf. Upper surface pale above affected areas.,2,LEAF_RUST
Tip burn on young leaves with pale stippled damage spreading toward mid-leaf. Veins still green.,1,LEAF_HOPPERS
Multiple small raised necrotic spots on tender shoots. Each spot has a sunken dark centre. Tips wilted.,4,MOSQUITO_BUG
Irregular holes across leaf blade with ragged edges. Frass pellets visible on remaining tissue beneath. Pale speckling on upper leaf surface. Margins slightly curled. Yellowing visible on some leaves.,3,LOOPER_CATERPILLARS
Fine stippling on upper surface. Some leaf curl. Could reflect feeding damage or other stress.,1,LEAF_HOPPERS
Tip burn on young leaves with pale stippled damage spreading toward mid-leaf. Veins still green.,1,LEAF_HOPPERS
Bright orange urediniospore pustules scattered on underside of leaves. Spores dust off when touched.,2,LEAF_RUST
Rust-orange raised spots with powdery texture on lower leaf surface. Upper surface shows corresponding pale patches. Leaf tissue missing in irregular patches. Ragged edges at margin. Origin not confirmed.,2,LEAF_RUST
Pale speckling on upper leaf surface. Margins slightly curled. Yellowing visible on some leaves. Holes and torn edges on leaf blade. Some veins exposed. Frass visible below.,1,LEAF_HOPPERS
Brown patches on leaf margins. Tissue soft at edges. Worse in lower shaded canopy. Whitish flecks on leaf blade. Tip region most affected. Leaves feel dry.,0,LEAF_BLIGHT
Dense orange-yellow pustule clusters on abaxial leaf surface. Surrounding tissue yellowing rapidly. Leaf tissue missing in irregular patches. Ragged edges at margin. Origin not confirmed.,2,LEAF_RUST
Brown water-soaked lesions spreading inward from leaf margins. Tissue collapses rapidly under humid conditions. Whitish flecks on leaf blade. Tip region most affected. Leaves feel dry.,0,LEAF_BLIGHT
Tender flush showing multiple angular brown raised lesions. Tips stunted. Scattered distribution on new growth.,4,MOSQUITO_BUG
Brown spots on new foliage. Raised texture at lesion centres. Shoot tips look unhealthy.,4,MOSQUITO_BUG
Irregular brown blotches covering large portions of the leaf blade. Adjacent tissue appears water-soaked. Portions of leaf removed. Skeletonized areas on some leaves. Frass present nearby.,0,LEAF_BLIGHT
Defoliated patches with only coarse veins remaining. Fine frass scattered on leaves beneath affected area. Orange-yellow spots on leaf surface. Powdery texture. Both leaf surfaces show discolouration.,3,LOOPER_CATERPILLARS
Browning from leaf tip progressing inward. Soft water-soaked appearance at active edge. Orange deposits visible on leaf underside. Slow spread. Surrounding tissue slightly yellow.,0,LEAF_BLIGHT
Tender flush showing multiple angular brown raised lesions. Tips stunted. Scattered distribution on new growth. Fine stippling on upper surface. Some leaf curl. Could reflect feeding damage or other stress.,4,MOSQUITO_BUG
Orange-yellow powdery pustules on lower leaf surface. Corresponding pale spots visible on upper surface. Raised lesions on tender flush. Scattered distribution. Tips show some dieback.,2,LEAF_RUST
Irregular brown blotches covering large portions of the leaf blade. Adjacent tissue appears water-soaked. Brown spots on new foliage. Raised texture at lesion centres. Shoot tips look unhealthy.,0,LEAF_BLIGHT
Small angular marks on young leaves. Some tip wilting visible. Cause not immediately clear.,4,MOSQUITO_BUG
Skeletonized patches where only the major veins remain intact. Leaf edges highly irregular from feeding. Fine stippling on upper surface. Some leaf curl. Could reflect feeding damage or other stress.,3,LOOPER_CATERPILLARS
Bleached stippling across leaf surface. Leaves brittle and discoloured. Tip dieback in severe cases.,1,LEAF_HOPPERS
Large irregularly shaped brown areas on leaf blade. Margin tissue soft and disintegrating under moisture.,0,LEAF_BLIGHT
Browning from leaf tip progressing inward. Soft water-soaked appearance at active edge.,0,LEAF_BLIGHT
Brown water-soaked lesions spreading inward from leaf margins. Tissue collapses rapidly under humid conditions.,0,LEAF_BLIGHT
Fine stippling on upper surface. Some leaf curl. Could reflect feeding damage or other stress. Small angular marks on young leaves. Some tip wilting visible. Cause not immediately clear.,1,LEAF_HOPPERS
Rough corky raised spots on newly emerged leaves. Tips curled and discoloured. Lesions individually spaced. Leaf tissue missing in irregular patches. Ragged edges at margin. Origin not confirmed.,4,MOSQUITO_BUG
Browning from leaf tip progressing inward. Soft water-soaked appearance at active edge.,0,LEAF_BLIGHT
Uniform whitish flecking on leaf blade. Leaves feel papery and dry. Lower canopy most affected. Brown patches on leaf margins. Tissue soft at edges. Worse in lower shaded canopy.,1,LEAF_HOPPERS
Raised angular marks on expanding leaves. Shoot tips bent and discoloured. Lesions not along veins. Portions of leaf removed. Skeletonized areas on some leaves. Frass present nearby.,4,MOSQUITO_BUG
Small circular orange-rust coloured spots on adaxial surface. Powdery spore deposits on abaxial side. Brown patches on leaf margins. Tissue soft at edges. Worse in lower shaded canopy.,2,LEAF_RUST
Young shoots with multiple stipple-like raised spots and tip wilting. Lesion centres sunken and darkened.,4,MOSQUITO_BUG
Dark necrotic patches with pale yellow borders appearing on lower canopy leaves. Soft texture at active edge. Orange-yellow spots on leaf surface. Powdery texture. Both leaf surfaces show discolouration.,0,LEAF_BLIGHT
Small angular marks on young leaves. Some tip wilting visible. Cause not immediately clear. Rust-coloured patches on lower leaf. Upper surface pale above affected areas.,4,MOSQUITO_BUG
Holes and torn edges on leaf blade. Some veins exposed. Frass visible below. Raised lesions on tender flush. Scattered distribution. Tips show some dieback.,3,LOOPER_CATERPILLARS
Brown necrosis expanding from tip and edges. More than half of some leaves showing blighted tissue. Orange-yellow spots on leaf surface. Powdery texture. Both leaf surfaces show discolouration.,0,LEAF_BLIGHT
Leaf bronzing with dense pale stippling from tip toward base. Brittle texture on older affected leaves. Orange-yellow spots on leaf surface. Powdery texture. Both leaf surfaces show discolouration.,1,LEAF_HOPPERS
Leaf lamina partially consumed leaving midrib and major veins. Feeding damage across multiple leaves in canopy. Whitish flecks on leaf blade. Tip region most affected. Leaves feel dry.,3,LOOPER_CATERPILLARS
Fine stippling on upper surface. Some leaf curl. Could reflect feeding damage or other stress. Necrotic areas on leaf blade. Margins discoloured. Spreading under humid conditions.,1,LEAF_HOPPERS
Defoliated patches with only coarse veins remaining. Fine frass scattered on leaves beneath affected area.,3,LOOPER_CATERPILLARS
Orange-yellow spots on leaf surface. Powdery texture. Both leaf surfaces show discolouration. Leaf tissue missing in irregular patches. Ragged edges at margin. Origin not confirmed.,2,LEAF_RUST
Dark necrotic patches with pale yellow borders appearing on lower canopy leaves. Soft texture at active edge.,0,LEAF_BLIGHT
Pale speckling on upper leaf surface. Margins slightly curled. Yellowing visible on some leaves. Browning from leaf tip progressing inward. Soft water-soaked appearance at active edge.,1,LEAF_HOPPERS
Orange pustules coalescing on lower leaf surface. Leaves yellowing and dropping in severely affected patches. Whitish flecks on leaf blade. Tip region most affected. Leaves feel dry.,2,LEAF_RUST
Brown spots on new foliage. Raised texture at lesion centres. Shoot tips look unhealthy. Leaf tissue missing in irregular patches. Ragged edges at margin. Origin not confirmed.,4,MOSQUITO_BUG
Blighted areas beginning at leaf tip and progressing along margins. Entire leaf browning in advanced cases. Small angular marks on young leaves. Some tip wilting visible. Cause not immediately clear.,0,LEAF_BLIGHT
Small angular marks on young leaves. Some tip wilting visible. Cause not immediately clear. Fine stippling on upper surface. Some leaf curl. Could reflect feeding damage or other stress.,4,MOSQUITO_BUG
Yellow-orange raised pustules in irregular groups on leaf underside. Upper surface pale yellow above each cluster.,2,LEAF_RUST
Dark necrotic patches with pale yellow borders appearing on lower canopy leaves. Soft texture at active edge.,0,LEAF_BLIGHT
Portions of leaf removed. Skeletonized areas on some leaves. Frass present nearby. Brown spots on new foliage. Raised texture at lesion centres. Shoot tips look unhealthy.,3,LOOPER_CATERPILLARS
Rust-orange raised spots with powdery texture on lower leaf surface. Upper surface shows corresponding pale patches.,2,LEAF_RUST
Orange pustules coalescing on lower leaf surface. Leaves yellowing and dropping in severely affected patches.,2,LEAF_RUST
Leaf tips turning yellow-white with fine pale speckling. Leaf curl on newly emerged growth. Orange-yellow spots on leaf surface. Powdery texture. Both leaf surfaces show discolouration.,1,LEAF_HOPPERS
New growth showing shoot dieback with scattered corky raised spots. Pale outer ring around each lesion.,4,MOSQUITO_BUG
Skeletonized patches where only the major veins remain intact. Leaf edges highly irregular from feeding. Orange deposits visible on leaf underside. Slow spread. Surrounding tissue slightly yellow.,3,LOOPER_CATERPILLARS
Large irregularly shaped brown areas on leaf blade. Margin tissue soft and disintegrating under moisture. Fine stippling on upper surface. Some leaf curl. Could reflect feeding damage or other stress.,0,LEAF_BLIGHT
Brown necrosis expanding from tip and edges. More than half of some leaves showing blighted tissue.,0,LEAF_BLIGHT
Yellowing and bronzing of leaves with fine speckled texture on upper surface. Curled margins visible.,1,LEAF_HOPPERS
Orange-yellow powdery pustules on lower leaf surface. Corresponding pale spots visible on upper surface.,2,LEAF_RUST
Irregular brown blotches covering large portions of the leaf blade. Adjacent tissue appears water-soaked. Brown spots on new foliage. Raised texture at lesion centres. Shoot tips look unhealthy.,0,LEAF_BLIGHT
Brown spots on new foliage. Raised texture at lesion centres. Shoot tips look unhealthy. Leaf tissue missing in irregular patches. Ragged edges at margin. Origin not confirmed.,4,MOSQUITO_BUG
Fine white speckling uniformly distributed on upper leaf. Margins rolling and yellowing. Leaf tissue missing in irregular patches. Ragged edges at margin. Origin not confirmed.,1,LEAF_HOPPERS
Leaf lamina partially consumed leaving midrib and major veins. Feeding damage across multiple leaves in canopy.,3,LOOPER_CATERPILLARS
Brown water-soaked lesions spreading inward from leaf margins. Tissue collapses rapidly under humid conditions.,0,LEAF_BLIGHT
Pale stippling pattern across upper leaf surface. Leaf margins curling upward. Colour fading to pale yellow. Orange deposits visible on leaf underside. Slow spread. Surrounding tissue slightly yellow.,1,LEAF_HOPPERS
Large irregularly shaped brown areas on leaf blade. Margin tissue soft and disintegrating under moisture. Fine stippling on upper surface. Some leaf curl. Could reflect feeding damage or other stress.,0,LEAF_BLIGHT
Brown patches on leaf margins. Tissue soft at edges. Worse in lower shaded canopy.,0,LEAF_BLIGHT
Large irregular sections of leaf tissue removed. Frass deposits and silk threads present near damage sites. Orange-yellow spots on leaf surface. Powdery texture. Both leaf surfaces show discolouration.,3,LOOPER_CATERPILLARS
Tender flush showing multiple angular brown raised lesions. Tips stunted. Scattered distribution on new growth.,4,MOSQUITO_BUG
Yellow-orange raised pustules in irregular groups on leaf underside. Upper surface pale yellow above each cluster. Raised lesions on tender flush. Scattered distribution. Tips show some dieback.,2,LEAF_RUST
Pale stippling pattern across upper leaf surface. Leaf margins curling upward. Colour fading to pale yellow. Brown patches on leaf margins. Tissue soft at edges. Worse in lower shaded canopy.,1,LEAF_HOPPERS
Small circular orange-rust coloured spots on adaxial surface. Powdery spore deposits on abaxial side.,2,LEAF_RUST
Raised lesions on tender flush. Scattered distribution. Tips show some dieback. Pale speckling on upper leaf surface. Margins slightly curled. Yellowing visible on some leaves.,4,MOSQUITO_BUG
Tip burn on young leaves with pale stippled damage spreading toward mid-leaf. Veins still green.,1,LEAF_HOPPERS
Extensive leaf tissue loss with ragged torn edges. Multiple feeding sites across several adjacent leaves.,3,LOOPER_CATERPILLARS
Defoliated patches with only coarse veins remaining. Fine frass scattered on leaves beneath affected area. Small angular marks on young leaves. Some tip wilting visible. Cause not immediately clear.,3,LOOPER_CATERPILLARS
Large irregular sections of leaf tissue removed. Frass deposits and silk threads present near damage sites. Pale speckling on upper leaf surface. Margins slightly curled. Yellowing visible on some leaves.,3,LOOPER_CATERPILLARS
Browning from leaf tip progressing inward. Soft water-soaked appearance at active edge.,0,LEAF_BLIGHT
Leaf bronzing with dense pale stippling from tip toward base. Brittle texture on older affected leaves.,1,LEAF_HOPPERS
Leaf bronzing with dense pale stippling from tip toward base. Brittle texture on older affected leaves. Necrotic areas on leaf blade. Margins discoloured. Spreading under humid conditions.,1,LEAF_HOPPERS
Leaf lamina partially consumed leaving midrib and major veins. Feeding damage across multiple leaves in canopy. Whitish flecks on leaf blade. Tip region most affected. Leaves feel dry.,3,LOOPER_CATERPILLARS
Leaf bronzing with dense pale stippling from tip toward base. Brittle texture on older affected leaves. Brown spots on new foliage. Raised texture at lesion centres. Shoot tips look unhealthy.,1,LEAF_HOPPERS
Multiple small raised necrotic spots on tender shoots. Each spot has a sunken dark centre. Tips wilted. Fine stippling on upper surface. Some leaf curl. Could reflect feeding damage or other stress.,4,MOSQUITO_BUG
Portions of leaf removed. Skeletonized areas on some leaves. Frass present nearby. Rust-coloured patches on lower leaf. Upper surface pale above affected areas.,3,LOOPER_CATERPILLARS
Large irregular sections of leaf tissue removed. Frass deposits and silk threads present near damage sites. Small angular marks on young leaves. Some tip wilting visible. Cause not immediately clear.,3,LOOPER_CATERPILLARS
Rust-coloured spore masses on abaxial surface. Upper leaf shows yellow-orange chlorotic spots above each pustule.,2,LEAF_RUST
Blighted areas beginning at leaf tip and progressing along margins. Entire leaf browning in advanced cases.,0,LEAF_BLIGHT
Uniform whitish flecking on leaf blade. Leaves feel papery and dry. Lower canopy most affected.,1,LEAF_HOPPERS
Orange pustules coalescing on lower leaf surface. Leaves yellowing and dropping in severely affected patches.,2,LEAF_RUST
Rust-coloured patches on lower leaf. Upper surface pale above affected areas. Leaf tissue missing in irregular patches. Ragged edges at margin. Origin not confirmed.,2,LEAF_RUST
Orange deposits visible on leaf underside. Slow spread. Surrounding tissue slightly yellow. Brown spots on new foliage. Raised texture at lesion centres. Shoot tips look unhealthy.,2,LEAF_RUST
Dense orange-yellow pustule clusters on abaxial leaf surface. Surrounding tissue yellowing rapidly.,2,LEAF_RUST
Pale stippling pattern across upper leaf surface. Leaf margins curling upward. Colour fading to pale yellow. Rust-coloured patches on lower leaf. Upper surface pale above affected areas.,1,LEAF_HOPPERS
Tender leaves with rough brown patches and tip wilting. Scattered wound-like raised lesions throughout blade. Brown patches on leaf margins. Tissue soft at edges. Worse in lower shaded canopy.,4,MOSQUITO_BUG
Small circular orange-rust coloured spots on adaxial surface. Powdery spore deposits on abaxial side. Holes and torn edges on leaf blade. Some veins exposed. Frass visible below.,2,LEAF_RUST
Large irregular sections of leaf tissue removed. Frass deposits and silk threads present near damage sites. Necrotic areas on leaf blade. Margins discoloured. Spreading under humid conditions.,3,LOOPER_CATERPILLARS
Dark necrotic patches with pale yellow borders appearing on lower canopy leaves. Soft texture at active edge.,0,LEAF_BLIGHT
Young shoots with multiple stipple-like raised spots and tip wilting. Lesion centres sunken and darkened. Leaf tissue missing in irregular patches. Ragged edges at margin. Origin not confirmed.,4,MOSQUITO_BUG
Pale stippling pattern across upper leaf surface. Leaf margins curling upward. Colour fading to pale yellow.,1,LEAF_HOPPERS
Brown necrosis expanding from tip and edges. More than half of some leaves showing blighted tissue. Fine stippling on upper surface. Some leaf curl. Could reflect feeding damage or other stress.,0,LEAF_BLIGHT
Necrotic areas on leaf blade. Margins discoloured. Spreading under humid conditions. Raised lesions on tender flush. Scattered distribution. Tips show some dieback.,0,LEAF_BLIGHT
Dark necrotic patches with pale yellow borders appearing on lower canopy leaves. Soft texture at active edge. Brown spots on new foliage. Raised texture at lesion centres. Shoot tips look unhealthy.,0,LEAF_BLIGHT
Tender leaves with rough brown patches and tip wilting. Scattered wound-like raised lesions throughout blade.,4,MOSQUITO_BUG
Pale speckling on upper leaf surface. Margins slightly curled. Yellowing visible on some leaves.,1,LEAF_HOPPERS
Small circular orange-rust coloured spots on adaxial surface. Powdery spore deposits on abaxial side. Browning from leaf tip progressing inward. Soft water-soaked appearance at active edge.,2,LEAF_RUST
Orange-yellow powdery pustules on lower leaf surface. Corresponding pale spots visible on upper surface.,2,LEAF_RUST
Yellow-orange raised pustules in irregular groups on leaf underside. Upper surface pale yellow above each cluster.,2,LEAF_RUST
Bleached stippling across leaf surface. Leaves brittle and discoloured. Tip dieback in severe cases.,1,LEAF_HOPPERS
Rust-coloured spore masses on abaxial surface. Upper leaf shows yellow-orange chlorotic spots above each pustule. Fine stippling on upper surface. Some leaf curl. Could reflect feeding damage or other stress.,2,LEAF_RUST
Extensive leaf tissue loss with ragged torn edges. Multiple feeding sites across several adjacent leaves.,3,LOOPER_CATERPILLARS
Necrotic areas on leaf blade. Margins discoloured. Spreading under humid conditions. Holes and torn edges on leaf blade. Some veins exposed. Frass visible below.,0,LEAF_BLIGHT
Uniform whitish flecking on leaf blade. Leaves feel papery and dry. Lower canopy most affected.,1,LEAF_HOPPERS
Rust-orange raised spots with powdery texture on lower leaf surface. Upper surface shows corresponding pale patches. Small angular marks on young leaves. Some tip wilting visible. Cause not immediately clear.,2,LEAF_RUST
Skeletonized patches where only the major veins remain intact. Leaf edges highly irregular from feeding. Necrotic areas on leaf blade. Margins discoloured. Spreading under humid conditions.,3,LOOPER_CATERPILLARS
Necrotic areas on leaf blade. Margins discoloured. Spreading under humid conditions. Holes and torn edges on leaf blade. Some veins exposed. Frass visible below.,0,LEAF_BLIGHT
Brown necrosis expanding from tip and edges. More than half of some leaves showing blighted tissue. Fine stippling on upper surface. Some leaf curl. Could reflect feeding damage or other stress.,0,LEAF_BLIGHT
Rough corky raised spots on newly emerged leaves. Tips curled and discoloured. Lesions individually spaced.,4,MOSQUITO_BUG
Skeletonized patches where only the major veins remain intact. Leaf edges highly irregular from feeding. Necrotic areas on leaf blade. Margins discoloured. Spreading under humid conditions.,3,LOOPER_CATERPILLARS
Orange deposits visible on leaf underside. Slow spread. Surrounding tissue slightly yellow. Brown spots on new foliage. Raised texture at lesion centres. Shoot tips look unhealthy.,2,LEAF_RUST
Holes and torn edges on leaf blade. Some veins exposed. Frass visible below. Whitish flecks on leaf blade. Tip region most affected. Leaves feel dry.,3,LOOPER_CATERPILLARS
Leaf tissue missing in irregular patches. Ragged edges at margin. Origin not confirmed.,3,LOOPER_CATERPILLARS
Young flush with angular brown lesions at irregular positions. Rough raised texture at each wound centre.,4,MOSQUITO_BUG
Holes and torn edges on leaf blade. Some veins exposed. Frass visible below.,3,LOOPER_CATERPILLARS
Multiple small raised necrotic spots on tender shoots. Each spot has a sunken dark centre. Tips wilted. Brown patches on leaf margins. Tissue soft at edges. Worse in lower shaded canopy.,4,MOSQUITO_BUG
Upper leaf surface stripped away in patches. Veins exposed. Frass pellets and silk webbing visible nearby. Raised lesions on tender flush. Scattered distribution. Tips show some dieback.,3,LOOPER_CATERPILLARS
Pale stippling pattern across upper leaf surface. Leaf margins curling upward. Colour fading to pale yellow. Brown spots on new foliage. Raised texture at lesion centres. Shoot tips look unhealthy.,1,LEAF_HOPPERS
Bright orange urediniospore pustules scattered on underside of leaves. Spores dust off when touched. Leaf tissue missing in irregular patches. Ragged edges at margin. Origin not confirmed.,2,LEAF_RUST
Leaf tips turning yellow-white with fine pale speckling. Leaf curl on newly emerged growth. Leaf tissue missing in irregular patches. Ragged edges at margin. Origin not confirmed.,1,LEAF_HOPPERS
Rust-coloured patches on lower leaf. Upper surface pale above affected areas. Holes and torn edges on leaf blade. Some veins exposed. Frass visible below.,2,LEAF_RUST
Bleached stippling across leaf surface. Leaves brittle and discoloured. Tip dieback in severe cases. Rust-coloured patches on lower leaf. Upper surface pale above affected areas.,1,LEAF_HOPPERS
Orange deposits visible on leaf underside. Slow spread. Surrounding tissue slightly yellow.,2,LEAF_RUST
Brown water-soaked lesions spreading inward from leaf margins. Tissue collapses rapidly under humid conditions.,0,LEAF_BLIGHT
Brown necrosis expanding from tip and edges. More than half of some leaves showing blighted tissue. Whitish flecks on leaf blade. Tip region most affected. Leaves feel dry.,0,LEAF_BLIGHT
Necrotic areas on leaf blade. Margins discoloured. Spreading under humid conditions.,0,LEAF_BLIGHT
Large irregularly shaped brown areas on leaf blade. Margin tissue soft and disintegrating under moisture. Rust-coloured patches on lower leaf. Upper surface pale above affected areas.,0,LEAF_BLIGHT
Tender flush showing multiple angular brown raised lesions. Tips stunted. Scattered distribution on new growth. Pale speckling on upper leaf surface. Margins slightly curled. Yellowing visible on some leaves.,4,MOSQUITO_BUG
Multiple small raised necrotic spots on tender shoots. Each spot has a sunken dark centre. Tips wilted. Browning from leaf tip progressing inward. Soft water-soaked appearance at active edge.,4,MOSQUITO_BUG
New growth showing shoot dieback with scattered corky raised spots. Pale outer ring around each lesion.,4,MOSQUITO_BUG
Tip burn on young leaves with pale stippled damage spreading toward mid-leaf. Veins still green. Rust-coloured patches on lower leaf. Upper surface pale above affected areas.,1,LEAF_HOPPERS
Tip burn on young leaves with pale stippled damage spreading toward mid-leaf. Veins still green.,1,LEAF_HOPPERS
Orange-yellow spots on leaf surface. Powdery texture. Both leaf surfaces show discolouration.,2,LEAF_RUST
Raised lesions on tender flush. Scattered distribution. Tips show some dieback.,4,MOSQUITO_BUG
Raised angular marks on expanding leaves. Shoot tips bent and discoloured. Lesions not along veins.,4,MOSQUITO_BUG
Yellowing and bronzing of leaves with fine speckled texture on upper surface. Curled margins visible. Brown spots on new foliage. Raised texture at lesion centres. Shoot tips look unhealthy.,1,LEAF_HOPPERS
Bright orange urediniospore pustules scattered on underside of leaves. Spores dust off when touched.,2,LEAF_RUST
Necrotic tan-brown patches with a darker outer ring. Spreads rapidly in moist dense canopy sections.,0,LEAF_BLIGHT
Orange-yellow powdery pustules on lower leaf surface. Corresponding pale spots visible on upper surface. Raised lesions on tender flush. Scattered distribution. Tips show some dieback.,2,LEAF_RUST
Necrotic areas on leaf blade. Margins discoloured. Spreading under humid conditions. Rust-coloured patches on lower leaf. Upper surface pale above affected areas.,0,LEAF_BLIGHT
Dark necrotic patches with pale yellow borders appearing on lower canopy leaves. Soft texture at active edge.,0,LEAF_BLIGHT
Leaf lamina partially consumed leaving midrib and major veins. Feeding damage across multiple leaves in canopy.,3,LOOPER_CATERPILLARS
Raised angular marks on expanding leaves. Shoot tips bent and discoloured. Lesions not along veins. Browning from leaf tip progressing inward. Soft water-soaked appearance at active edge.,4,MOSQUITO_BUG
Leaf lamina partially consumed leaving midrib and major veins. Feeding damage across multiple leaves in canopy. Orange-yellow spots on leaf surface. Powdery texture. Both leaf surfaces show discolouration.,3,LOOPER_CATERPILLARS
Leaf tips turning yellow-white with fine pale speckling. Leaf curl on newly emerged growth. Brown spots on new foliage. Raised texture at lesion centres. Shoot tips look unhealthy.,1,LEAF_HOPPERS
Skeletonized patches where only the major veins remain intact. Leaf edges highly irregular from feeding.,3,LOOPER_CATERPILLARS
Bright orange urediniospore pustules scattered on underside of leaves. Spores dust off when touched. Fine stippling on upper surface. Some leaf curl. Could reflect feeding damage or other stress.,2,LEAF_RUST
Rust-coloured spore masses on abaxial surface. Upper leaf shows yellow-orange chlorotic spots above each pustule. Portions of leaf removed. Skeletonized areas on some leaves. Frass present nearby.,2,LEAF_RUST
Brown spots on new foliage. Raised texture at lesion centres. Shoot tips look unhealthy.,4,MOSQUITO_BUG
Large irregularly shaped brown areas on leaf blade. Margin tissue soft and disintegrating under moisture.,0,LEAF_BLIGHT
Small circular orange-rust coloured spots on adaxial surface. Powdery spore deposits on abaxial side. Browning from leaf tip progressing inward. Soft water-soaked appearance at active edge.,2,LEAF_RUST
Brown patches on leaf margins. Tissue soft at edges. Worse in lower shaded canopy. Whitish flecks on leaf blade. Tip region most affected. Leaves feel dry.,0,LEAF_BLIGHT
Fine stippling on upper surface. Some leaf curl. Could reflect feeding damage or other stress. Small angular marks on young leaves. Some tip wilting visible. Cause not immediately clear.,1,LEAF_HOPPERS
Rust-coloured patches on lower leaf. Upper surface pale above affected areas.,2,LEAF_RUST
Large irregularly shaped brown areas on leaf blade. Margin tissue soft and disintegrating under moisture. Orange-yellow spots on leaf surface. Powdery texture. Both leaf surfaces show discolouration.,0,LEAF_BLIGHT
Orange pustules coalescing on lower leaf surface. Leaves yellowing and dropping in severely affected patches.,2,LEAF_RUST
Orange deposits visible on leaf underside. Slow spread. Surrounding tissue slightly yellow. Brown patches on leaf margins. Tissue soft at edges. Worse in lower shaded canopy.,2,LEAF_RUST
Brown spots on new foliage. Raised texture at lesion centres. Shoot tips look unhealthy. Portions of leaf removed. Skeletonized areas on some leaves. Frass present nearby.,4,MOSQUITO_BUG
Orange-yellow powdery pustules on lower leaf surface. Corresponding pale spots visible on upper surface.,2,LEAF_RUST
Tender leaves with rough brown patches and tip wilting. Scattered wound-like raised lesions throughout blade. Pale speckling on upper leaf surface. Margins slightly curled. Yellowing visible on some leaves.,4,MOSQUITO_BUG
Fine stippling on upper surface. Some leaf curl. Could reflect feeding damage or other stress. Necrotic areas on leaf blade. Margins discoloured. Spreading under humid conditions.,1,LEAF_HOPPERS
Orange-yellow spots on leaf surface. Powdery texture. Both leaf surfaces show discolouration. Pale speckling on upper leaf surface. Margins slightly curled. Yellowing visible on some leaves.,2,LEAF_RUST
Brown necrosis expanding from tip and edges. More than half of some leaves showing blighted tissue. Rust-coloured patches on lower leaf. Upper surface pale above affected areas.,0,LEAF_BLIGHT
Uniform whitish flecking on leaf blade. Leaves feel papery and dry. Lower canopy most affected. Portions of leaf removed. Skeletonized areas on some leaves. Frass present nearby.,1,LEAF_HOPPERS
Orange pustules coalescing on lower leaf surface. Leaves yellowing and dropping in severely affected patches.,2,LEAF_RUST
Leaf tips turning yellow-white with fine pale speckling. Leaf curl on newly emerged growth.,1,LEAF_HOPPERS
Leaf tips turning yellow-white with fine pale speckling. Leaf curl on newly emerged growth. Portions of leaf removed. Skeletonized areas on some leaves. Frass present nearby.,1,LEAF_HOPPERS
Dense orange-yellow pustule clusters on abaxial leaf surface. Surrounding tissue yellowing rapidly. Brown spots on new foliage. Raised texture at lesion centres. Shoot tips look unhealthy.,2,LEAF_RUST
Rough corky raised spots on newly emerged leaves. Tips curled and discoloured. Lesions individually spaced. Whitish flecks on leaf blade. Tip region most affected. Leaves feel dry.,4,MOSQUITO_BUG
Raised lesions on tender flush. Scattered distribution. Tips show some dieback.,4,MOSQUITO_BUG
Orange deposits visible on leaf underside. Slow spread. Surrounding tissue slightly yellow.,2,LEAF_RUST
Yellowing and bronzing of leaves with fine speckled texture on upper surface. Curled margins visible. Necrotic areas on leaf blade. Margins discoloured. Spreading under humid conditions.,1,LEAF_HOPPERS
Tender flush showing multiple angular brown raised lesions. Tips stunted. Scattered distribution on new growth. Rust-coloured patches on lower leaf. Upper surface pale above affected areas.,4,MOSQUITO_BUG
Skeletonized patches where only the major veins remain intact. Leaf edges highly irregular from feeding. Necrotic areas on leaf blade. Margins discoloured. Spreading under humid conditions.,3,LOOPER_CATERPILLARS
Browning from leaf tip progressing inward. Soft water-soaked appearance at active edge.,0,LEAF_BLIGHT
Portions of leaf removed. Skeletonized areas on some leaves. Frass present nearby. Orange-yellow spots on leaf surface. Powdery texture. Both leaf surfaces show discolouration.,3,LOOPER_CATERPILLARS
Large irregularly shaped brown areas on leaf blade. Margin tissue soft and disintegrating under moisture. Rust-coloured patches on lower leaf. Upper surface pale above affected areas.,0,LEAF_BLIGHT
Brown water-soaked lesions spreading inward from leaf margins. Tissue collapses rapidly under humid conditions. Leaf tissue missing in irregular patches. Ragged edges at margin. Origin not confirmed.,0,LEAF_BLIGHT
Tender leaves with rough brown patches and tip wilting. Scattered wound-like raised lesions throughout blade. Pale speckling on upper leaf surface. Margins slightly curled. Yellowing visible on some leaves.,4,MOSQUITO_BUG
Large irregular sections of leaf tissue removed. Frass deposits and silk threads present near damage sites.,3,LOOPER_CATERPILLARS
Brown necrosis expanding from tip and edges. More than half of some leaves showing blighted tissue. Pale speckling on upper leaf surface. Margins slightly curled. Yellowing visible on some leaves.,0,LEAF_BLIGHT
Large irregular sections of leaf tissue removed. Frass deposits and silk threads present near damage sites. Orange-yellow spots on leaf surface. Powdery texture. Both leaf surfaces show discolouration.,3,LOOPER_CATERPILLARS
Leaf tissue turning brown from edges inward. Water-soaked translucent border at leading edge of lesion.,0,LEAF_BLIGHT
Blighted areas beginning at leaf tip and progressing along margins. Entire leaf browning in advanced cases.,0,LEAF_BLIGHT
Brown patches on leaf margins. Tissue soft at edges. Worse in lower shaded canopy. Pale speckling on upper leaf surface. Margins slightly curled. Yellowing visible on some leaves.,0,LEAF_BLIGHT
Irregular brown blotches covering large portions of the leaf blade. Adjacent tissue appears water-soaked. Rust-coloured patches on lower leaf. Upper surface pale above affected areas.,0,LEAF_BLIGHT
Orange pustules coalescing on lower leaf surface. Leaves yellowing and dropping in severely affected patches.,2,LEAF_RUST
Extensive leaf tissue loss with ragged torn edges. Multiple feeding sites across several adjacent leaves. Fine stippling on upper surface. Some leaf curl. Could reflect feeding damage or other stress.,3,LOOPER_CATERPILLARS
Necrotic areas on leaf blade. Margins discoloured. Spreading under humid conditions.,0,LEAF_BLIGHT
Necrotic tan-brown patches with a darker outer ring. Spreads rapidly in moist dense canopy sections. Pale speckling on upper leaf surface. Margins slightly curled. Yellowing visible on some leaves.,0,LEAF_BLIGHT
Dense orange-yellow pustule clusters on abaxial leaf surface. Surrounding tissue yellowing rapidly. Leaf tissue missing in irregular patches. Ragged edges at margin. Origin not confirmed.,2,LEAF_RUST
Small angular marks on young leaves. Some tip wilting visible. Cause not immediately clear. Holes and torn edges on leaf blade. Some veins exposed. Frass visible below.,4,MOSQUITO_BUG
Upper leaf surface stripped away in patches. Veins exposed. Frass pellets and silk webbing visible nearby.,3,LOOPER_CATERPILLARS
Raised angular marks on expanding leaves. Shoot tips bent and discoloured. Lesions not along veins. Whitish flecks on leaf blade. Tip region most affected. Leaves feel dry.,4,MOSQUITO_BUG
Necrotic areas on leaf blade. Margins discoloured. Spreading under humid conditions. Orange deposits visible on leaf underside. Slow spread. Surrounding tissue slightly yellow.,0,LEAF_BLIGHT
Raised angular marks on expanding leaves. Shoot tips bent and discoloured. Lesions not along veins.,4,MOSQUITO_BUG
Leaf lamina partially consumed leaving midrib and major veins. Feeding damage across multiple leaves in canopy. Raised lesions on tender flush. Scattered distribution. Tips show some dieback.,3,LOOPER_CATERPILLARS
Defoliated patches with only coarse veins remaining. Fine frass scattered on leaves beneath affected area.,3,LOOPER_CATERPILLARS
Uniform whitish flecking on leaf blade. Leaves feel papery and dry. Lower canopy most affected. Brown spots on new foliage. Raised texture at lesion centres. Shoot tips look unhealthy.,1,LEAF_HOPPERS
Leaf bronzing with dense pale stippling from tip toward base. Brittle texture on older affected leaves.,1,LEAF_HOPPERS
Raised lesions on tender flush. Scattered distribution. Tips show some dieback. Rust-coloured patches on lower leaf. Upper surface pale above affected areas.,4,MOSQUITO_BUG
Dense orange-yellow pustule clusters on abaxial leaf surface. Surrounding tissue yellowing rapidly. Raised lesions on tender flush. Scattered distribution. Tips show some dieback.,2,LEAF_RUST
Tender flush showing multiple angular brown raised lesions. Tips stunted. Scattered distribution on new growth.,4,MOSQUITO_BUG
New growth showing shoot dieback with scattered corky raised spots. Pale outer ring around each lesion. Orange-yellow spots on leaf surface. Powdery texture. Both leaf surfaces show discolouration.,4,MOSQUITO_BUG
Whitish flecks on leaf blade. Tip region most affected. Leaves feel dry. Brown spots on new foliage. Raised texture at lesion centres. Shoot tips look unhealthy.,1,LEAF_HOPPERS
Leaf tips turning yellow-white with fine pale speckling. Leaf curl on newly emerged growth.,1,LEAF_HOPPERS
Multiple small raised necrotic spots on tender shoots. Each spot has a sunken dark centre. Tips wilted.,4,MOSQUITO_BUG
Brown water-soaked lesions spreading inward from leaf margins. Tissue collapses rapidly under humid conditions.,0,LEAF_BLIGHT
Raised angular marks on expanding leaves. Shoot tips bent and discoloured. Lesions not along veins. Pale speckling on upper leaf surface. Margins slightly curled. Yellowing visible on some leaves.,4,MOSQUITO_BUG
Brown necrosis expanding from tip and edges. More than half of some leaves showing blighted tissue.,0,LEAF_BLIGHT
Rust-coloured patches on lower leaf. Upper surface pale above affected areas.,2,LEAF_RUST
Raised angular marks on expanding leaves. Shoot tips bent and discoloured. Lesions not along veins. Necrotic areas on leaf blade. Margins discoloured. Spreading under humid conditions.,4,MOSQUITO_BUG
Leaf bronzing with dense pale stippling from tip toward base. Brittle texture on older affected leaves. Portions of leaf removed. Skeletonized areas on some leaves. Frass present nearby.,1,LEAF_HOPPERS
Yellow-orange raised pustules in irregular groups on leaf underside. Upper surface pale yellow above each cluster.,2,LEAF_RUST
Rust-coloured spore masses on abaxial surface. Upper leaf shows yellow-orange chlorotic spots above each pustule. Raised lesions on tender flush. Scattered distribution. Tips show some dieback.,2,LEAF_RUST
Necrotic areas on leaf blade. Margins discoloured. Spreading under humid conditions. Fine stippling on upper surface. Some leaf curl. Could reflect feeding damage or other stress.,0,LEAF_BLIGHT
Small circular orange-rust coloured spots on adaxial surface. Powdery spore deposits on abaxial side. Portions of leaf removed. Skeletonized areas on some leaves. Frass present nearby.,2,LEAF_RUST
