filename,rel_path,class_name,class_id,source,split
train_image_0_1187.jpg,images/train/gray_blight/train_image_0_1187.jpg,gray_blight,0,kaggle,train
train_image_0_1196.jpg,images/train/gray_blight/train_image_0_1196.jpg,gray_blight,0,kaggle,train
train_20220101_114958.jpg,images/train/gray_blight/train_20220101_114958.jpg,gray_blight,0,kaggle,train
train_image_0_2002.jpg,images/train/gray_blight/train_image_0_2002.jpg,gray_blight,0,kaggle,train
train_image_0_2.jpg,images/train/gray_blight/train_image_0_2.jpg,gray_blight,0,kaggle,train
train_image_0_2925.jpg,images/train/gray_blight/train_image_0_2925.jpg,gray_blight,0,kaggle,train
train_image_0_2121.jpg,images/train/gray_blight/train_image_0_2121.jpg,gray_blight,0,kaggle,train
train_image_0_204.jpg,images/train/gray_blight/train_image_0_204.jpg,gray_blight,0,kaggle,train
train_image_0_2415.jpg,images/train/gray_blight/train_image_0_2415.jpg,gray_blight,0,kaggle,train
train_image_0_4222.jpg,images/train/gray_blight/train_image_0_4222.jpg,gray_blight,0,kaggle,train
train_image_0_731.jpg,images/train/gray_blight/train_image_0_731.jpg,gray_blight,0,kaggle,train
train_image_0_1597.jpg,images/train/gray_blight/train_image_0_1597.jpg,gray_blight,0,kaggle,train
test_20211228_141923.jpg,images/train/gray_blight/test_20211228_141923.jpg,gray_blight,0,kaggle,train
train_20220101_113953.jpg,images/train/gray_blight/train_20220101_113953.jpg,gray_blight,0,kaggle,train
train_20220101_113651.jpg,images/train/gray_blight/train_20220101_113651.jpg,gray_blight,0,kaggle,train
test_20211228_142256.jpg,images/train/gray_blight/test_20211228_142256.jpg,gray_blight,0,kaggle,train
train_image_0_2650.jpg,images/train/gray_blight/train_image_0_2650.jpg,gray_blight,0,kaggle,train
train_image_0_703.jpg,images/train/gray_blight/train_image_0_703.jpg,gray_blight,0,kaggle,train
train_20220101_114741.jpg,images/train/gray_blight/train_20220101_114741.jpg,gray_blight,0,kaggle,train
train_image_0_3110.jpg,images/train/gray_blight/train_image_0_3110.jpg,gray_blight,0,kaggle,train
train_image_0_433.jpg,images/train/gray_blight/train_image_0_433.jpg,gray_blight,0,kaggle,train
train_20220101_115103.jpg,images/train/gray_blight/train_20220101_115103.jpg,gray_blight,0,kaggle,train
train_image_0_3801.jpg,images/train/gray_blight/train_image_0_3801.jpg,gray_blight,0,kaggle,train
train_image_0_3230.jpg,images/train/gray_blight/train_image_0_3230.jpg,gray_blight,0,kaggle,train
test_20211227_163659.jpg,images/train/gray_blight/test_20211227_163659.jpg,gray_blight,0,kaggle,train
test_20211227_164317.jpg,images/train/gray_blight/test_20211227_164317.jpg,gray_blight,0,kaggle,train
train_image_0_2718.jpg,images/train/gray_blight/train_image_0_2718.jpg,gray_blight,0,kaggle,train
train_image_0_1706.jpg,images/train/gray_blight/train_image_0_1706.jpg,gray_blight,0,kaggle,train
train_image_0_3698.jpg,images/train/gray_blight/train_image_0_3698.jpg,gray_blight,0,kaggle,train
train_image_0_2517.jpg,images/train/gray_blight/train_image_0_2517.jpg,gray_blight,0,kaggle,train
train_image_0_3831.jpg,images/train/gray_blight/train_image_0_3831.jpg,gray_blight,0,kaggle,train
train_image_0_1837.jpg,images/train/gray_blight/train_image_0_1837.jpg,gray_blight,0,kaggle,train
train_image_0_1774.jpg,images/train/gray_blight/train_image_0_1774.jpg,gray_blight,0,kaggle,train
train_image_0_3349.jpg,images/train/gray_blight/train_image_0_3349.jpg,gray_blight,0,kaggle,train
train_image_0_2156.jpg,images/train/gray_blight/train_image_0_2156.jpg,gray_blight,0,kaggle,train
train_image_0_126.jpg,images/train/gray_blight/train_image_0_126.jpg,gray_blight,0,kaggle,train
obb_179_jpg.rf.38923227f6f2518ea7f9372aa6fcaa0b.jpg,images/train/gray_blight/obb_179_jpg.rf.38923227f6f2518ea7f9372aa6fcaa0b.jpg,gray_blight,0,field_collected,train
train_image_0_2795.jpg,images/train/gray_blight/train_image_0_2795.jpg,gray_blight,0,kaggle,train
train_image_0_4170.jpg,images/train/gray_blight/train_image_0_4170.jpg,gray_blight,0,kaggle,train
obb_68_jpg.rf.e7294d4fac411371df3144a61bcacc0e.jpg,images/train/gray_blight/obb_68_jpg.rf.e7294d4fac411371df3144a61bcacc0e.jpg,gray_blight,0,field_collected,train
test_20211228_134727.jpg,images/train/gray_blight/test_20211228_134727.jpg,gray_blight,0,kaggle,train
train_image_0_477.jpg,images/train/gray_blight/train_image_0_477.jpg,gray_blight,0,kaggle,train
train_image_0_3211.jpg,images/train/gray_blight/train_image_0_3211.jpg,gray_blight,0,kaggle,train
train_image_0_923.jpg,images/train/gray_blight/train_image_0_923.jpg,gray_blight,0,kaggle,train
obb_IMG_20230612_161606_jpg.rf.d8cf7baeaf657a78f4141fa562188d79.jpg,images/train/gray_blight/obb_IMG_20230612_161606_jpg.rf.d8cf7baeaf657a78f4141fa562188d79.jpg,gray_blight,0,field_collected,train
train_image_0_3878.jpg,images/train/gray_blight/train_image_0_3878.jpg,gray_blight,0,kaggle,train
train_image_0_4187.jpg,images/train/gray_blight/train_image_0_4187.jpg,gray_blight,0,kaggle,train
test_20211225_233815.jpg,images/train/gray_blight/test_20211225_233815.jpg,gray_blight,0,kaggle,train
train_image_0_124.jpg,images/train/gray_blight/train_image_0_124.jpg,gray_blight,0,kaggle,train
train_20220101_115904.jpg,images/train/gray_blight/train_20220101_115904.jpg,gray_blight,0,kaggle,train
train_image_0_1636.jpg,images/train/gray_blight/train_image_0_1636.jpg,gray_blight,0,kaggle,train
train_image_0_1019.jpg,images/train/gray_blight/train_image_0_1019.jpg,gray_blight,0,kaggle,train
test_20211228_153736.jpg,images/train/gray_blight/test_20211228_153736.jpg,gray_blight,0,kaggle,train
obb_IMG_20230624_162956_jpg.rf.952142da0685803b28993c3d90e627b9.jpg,images/train/gray_blight/obb_IMG_20230624_162956_jpg.rf.952142da0685803b28993c3d90e627b9.jpg,gray_blight,0,field_collected,train
train_image_0_1188.jpg,images/train/gray_blight/train_image_0_1188.jpg,gray_blight,0,kaggle,train
train_image_0_759.jpg,images/train/gray_blight/train_image_0_759.jpg,gray_blight,0,kaggle,train
train_image_0_1131.jpg,images/train/gray_blight/train_image_0_1131.jpg,gray_blight,0,kaggle,train
train_image_0_3506.jpg,images/train/gray_blight/train_image_0_3506.jpg,gray_blight,0,kaggle,train
train_image_0_3528.jpg,images/train/gray_blight/train_image_0_3528.jpg,gray_blight,0,kaggle,train
obb_380_jpg.rf.ae140e24e98145b54b16cb1e1298a35a.jpg,images/train/gray_blight/obb_380_jpg.rf.ae140e24e98145b54b16cb1e1298a35a.jpg,gray_blight,0,field_collected,train
train_image_0_413.jpg,images/train/gray_blight/train_image_0_413.jpg,gray_blight,0,kaggle,train
test_20211228_141412.jpg,images/train/gray_blight/test_20211228_141412.jpg,gray_blight,0,kaggle,train
train_image_0_1410.jpg,images/train/gray_blight/train_image_0_1410.jpg,gray_blight,0,kaggle,train
train_image_0_962.jpg,images/train/gray_blight/train_image_0_962.jpg,gray_blight,0,kaggle,train
train_20220101_120020.jpg,images/train/gray_blight/train_20220101_120020.jpg,gray_blight,0,kaggle,train
train_image_0_249.jpg,images/train/gray_blight/train_image_0_249.jpg,gray_blight,0,kaggle,train
train_image_0_2363.jpg,images/train/gray_blight/train_image_0_2363.jpg,gray_blight,0,kaggle,train
test_20211227_163604.jpg,images/train/gray_blight/test_20211227_163604.jpg,gray_blight,0,kaggle,train
train_image_0_4138.jpg,images/train/gray_blight/train_image_0_4138.jpg,gray_blight,0,kaggle,train
train_image_0_1486.jpg,images/train/gray_blight/train_image_0_1486.jpg,gray_blight,0,kaggle,train
train_image_0_1862.jpg,images/train/gray_blight/train_image_0_1862.jpg,gray_blight,0,kaggle,train
test_20211228_125212.jpg,images/train/gray_blight/test_20211228_125212.jpg,gray_blight,0,kaggle,train
train_image_0_2263.jpg,images/train/gray_blight/train_image_0_2263.jpg,gray_blight,0,kaggle,train
train_image_0_1740.jpg,images/train/gray_blight/train_image_0_1740.jpg,gray_blight,0,kaggle,train
train_image_0_806.jpg,images/train/gray_blight/train_image_0_806.jpg,gray_blight,0,kaggle,train
train_image_0_955.jpg,images/train/gray_blight/train_image_0_955.jpg,gray_blight,0,kaggle,train
train_image_0_2957.jpg,images/train/gray_blight/train_image_0_2957.jpg,gray_blight,0,kaggle,train
train_image_0_2063.jpg,images/train/gray_blight/train_image_0_2063.jpg,gray_blight,0,kaggle,train
train_image_0_3385.jpg,images/train/gray_blight/train_image_0_3385.jpg,gray_blight,0,kaggle,train
train_image_0_4099.jpg,images/train/gray_blight/train_image_0_4099.jpg,gray_blight,0,kaggle,train
train_image_0_1707.jpg,images/train/gray_blight/train_image_0_1707.jpg,gray_blight,0,kaggle,train
train_image_0_3491.jpg,images/train/gray_blight/train_image_0_3491.jpg,gray_blight,0,kaggle,train
train_image_0_2973.jpg,images/train/gray_blight/train_image_0_2973.jpg,gray_blight,0,kaggle,train
test_20211228_134836.jpg,images/train/gray_blight/test_20211228_134836.jpg,gray_blight,0,kaggle,train
train_image_0_1620.jpg,images/train/gray_blight/train_image_0_1620.jpg,gray_blight,0,kaggle,train
train_image_0_2982.jpg,images/train/gray_blight/train_image_0_2982.jpg,gray_blight,0,kaggle,train
train_image_0_3238.jpg,images/train/gray_blight/train_image_0_3238.jpg,gray_blight,0,kaggle,train
train_image_0_3916.jpg,images/train/gray_blight/train_image_0_3916.jpg,gray_blight,0,kaggle,train
train_image_0_3689.jpg,images/train/gray_blight/train_image_0_3689.jpg,gray_blight,0,kaggle,train
obb_5_jpg.rf.e58495de274e2d8d4e62587e73db7f5e.jpg,images/train/gray_blight/obb_5_jpg.rf.e58495de274e2d8d4e62587e73db7f5e.jpg,gray_blight,0,field_collected,train
obb_54_jpg.rf.5fe58d30ddd3fde8be4700c1b6777b2f.jpg,images/train/gray_blight/obb_54_jpg.rf.5fe58d30ddd3fde8be4700c1b6777b2f.jpg,gray_blight,0,field_collected,train
train_image_0_3649.jpg,images/train/gray_blight/train_image_0_3649.jpg,gray_blight,0,kaggle,train
train_image_0_2633.jpg,images/train/gray_blight/train_image_0_2633.jpg,gray_blight,0,kaggle,train
train_image_0_45.jpg,images/train/gray_blight/train_image_0_45.jpg,gray_blight,0,kaggle,train
train_image_0_1642.jpg,images/train/gray_blight/train_image_0_1642.jpg,gray_blight,0,kaggle,train
test_20211228_152858.jpg,images/train/gray_blight/test_20211228_152858.jpg,gray_blight,0,kaggle,train
train_image_0_2100.jpg,images/train/gray_blight/train_image_0_2100.jpg,gray_blight,0,kaggle,train
train_image_0_2312.jpg,images/train/gray_blight/train_image_0_2312.jpg,gray_blight,0,kaggle,train
train_image_0_431.jpg,images/train/gray_blight/train_image_0_431.jpg,gray_blight,0,kaggle,train
test_20211228_153435.jpg,images/train/gray_blight/test_20211228_153435.jpg,gray_blight,0,kaggle,train
test_20211228_135239.jpg,images/train/gray_blight/test_20211228_135239.jpg,gray_blight,0,kaggle,train
train_image_0_2112.jpg,images/train/gray_blight/train_image_0_2112.jpg,gray_blight,0,kaggle,train
test_20211228_141444.jpg,images/train/gray_blight/test_20211228_141444.jpg,gray_blight,0,kaggle,train
train_image_0_52.jpg,images/train/gray_blight/train_image_0_52.jpg,gray_blight,0,kaggle,train
test_20211228_151119.jpg,images/train/gray_blight/test_20211228_151119.jpg,gray_blight,0,kaggle,train
train_image_0_1446.jpg,images/train/gray_blight/train_image_0_1446.jpg,gray_blight,0,kaggle,train
train_image_0_9.jpg,images/train/gray_blight/train_image_0_9.jpg,gray_blight,0,kaggle,train
train_image_0_1940.jpg,images/train/gray_blight/train_image_0_1940.jpg,gray_blight,0,kaggle,train
test_20211227_152034.jpg,images/train/gray_blight/test_20211227_152034.jpg,gray_blight,0,kaggle,train
train_image_0_1213.jpg,images/train/gray_blight/train_image_0_1213.jpg,gray_blight,0,kaggle,train
test_20211227_114609.jpg,images/train/gray_blight/test_20211227_114609.jpg,gray_blight,0,kaggle,train
test_20211228_135022.jpg,images/train/gray_blight/test_20211228_135022.jpg,gray_blight,0,kaggle,train
obb_IMG_55_jpeg.rf.c73d5da42704ae3391ac989697e55d46.jpg,images/train/gray_blight/obb_IMG_55_jpeg.rf.c73d5da42704ae3391ac989697e55d46.jpg,gray_blight,0,field_collected,train
train_image_0_1220.jpg,images/train/gray_blight/train_image_0_1220.jpg,gray_blight,0,kaggle,train
train_image_0_2396.jpg,images/train/gray_blight/train_image_0_2396.jpg,gray_blight,0,kaggle,train
train_image_0_4282.jpg,images/train/gray_blight/train_image_0_4282.jpg,gray_blight,0,kaggle,train
train_image_0_1353.jpg,images/train/gray_blight/train_image_0_1353.jpg,gray_blight,0,kaggle,train
train_image_0_387.jpg,images/train/gray_blight/train_image_0_387.jpg,gray_blight,0,kaggle,train
train_image_0_405.jpg,images/train/gray_blight/train_image_0_405.jpg,gray_blight,0,kaggle,train
train_20220101_115334.jpg,images/train/gray_blight/train_20220101_115334.jpg,gray_blight,0,kaggle,train
test_20211228_142050.jpg,images/train/gray_blight/test_20211228_142050.jpg,gray_blight,0,kaggle,train
train_image_0_3539.jpg,images/train/gray_blight/train_image_0_3539.jpg,gray_blight,0,kaggle,train
train_image_0_3724.jpg,images/train/gray_blight/train_image_0_3724.jpg,gray_blight,0,kaggle,train
train_image_0_1098.jpg,images/train/gray_blight/train_image_0_1098.jpg,gray_blight,0,kaggle,train
train_20220101_095210.jpg,images/train/gray_blight/train_20220101_095210.jpg,gray_blight,0,kaggle,train
train_image_0_4269.jpg,images/train/gray_blight/train_image_0_4269.jpg,gray_blight,0,kaggle,train
train_image_0_5.jpg,images/train/gray_blight/train_image_0_5.jpg,gray_blight,0,kaggle,train
obb_386_jpg.rf.9a65053864eb53e03cf55ef87b7af62d.jpg,images/train/gray_blight/obb_386_jpg.rf.9a65053864eb53e03cf55ef87b7af62d.jpg,gray_blight,0,field_collected,train
train_image_0_3676.jpg,images/train/gray_blight/train_image_0_3676.jpg,gray_blight,0,kaggle,train
train_20220101_114437.jpg,images/train/gray_blight/train_20220101_114437.jpg,gray_blight,0,kaggle,train
obb_373_jpg.rf.9047ce78879859dca2a748770243f3f1.jpg,images/train/gray_blight/obb_373_jpg.rf.9047ce78879859dca2a748770243f3f1.jpg,gray_blight,0,field_collected,train
obb_564_jpg.rf.97513e79386b4843de3f18f3099f62e1.jpg,images/train/gray_blight/obb_564_jpg.rf.97513e79386b4843de3f18f3099f62e1.jpg,gray_blight,0,field_collected,train
test_20211228_154632.jpg,images/train/gray_blight/test_20211228_154632.jpg,gray_blight,0,kaggle,train
train_image_0_480.jpg,images/train/gray_blight/train_image_0_480.jpg,gray_blight,0,kaggle,train
test_20211228_134817.jpg,images/train/gray_blight/test_20211228_134817.jpg,gray_blight,0,kaggle,train
train_image_0_2950.jpg,images/train/gray_blight/train_image_0_2950.jpg,gray_blight,0,kaggle,train
train_20211228_155101.jpg,images/train/gray_blight/train_20211228_155101.jpg,gray_blight,0,kaggle,train
train_image_0_3091.jpg,images/train/gray_blight/train_image_0_3091.jpg,gray_blight,0,kaggle,train
train_20220101_114218.jpg,images/train/gray_blight/train_20220101_114218.jpg,gray_blight,0,kaggle,train
train_image_0_3826.jpg,images/train/gray_blight/train_image_0_3826.jpg,gray_blight,0,kaggle,train
test_20211228_135428.jpg,images/train/gray_blight/test_20211228_135428.jpg,gray_blight,0,kaggle,train
train_image_0_3320.jpg,images/train/gray_blight/train_image_0_3320.jpg,gray_blight,0,kaggle,train
train_20220101_120603.jpg,images/train/gray_blight/train_20220101_120603.jpg,gray_blight,0,kaggle,train
test_20211228_141754.jpg,images/train/gray_blight/test_20211228_141754.jpg,gray_blight,0,kaggle,train
train_image_0_1035.jpg,images/train/gray_blight/train_image_0_1035.jpg,gray_blight,0,kaggle,train
train_image_0_506.jpg,images/train/gray_blight/train_image_0_506.jpg,gray_blight,0,kaggle,train
test_20211228_140946(0).jpg,images/train/gray_blight/test_20211228_140946(0).jpg,gray_blight,0,kaggle,train
train_image_0_576.jpg,images/train/gray_blight/train_image_0_576.jpg,gray_blight,0,kaggle,train
train_image_0_3939.jpg,images/train/gray_blight/train_image_0_3939.jpg,gray_blight,0,kaggle,train
train_image_0_1665.jpg,images/train/gray_blight/train_image_0_1665.jpg,gray_blight,0,kaggle,train
train_image_0_1011.jpg,images/train/gray_blight/train_image_0_1011.jpg,gray_blight,0,kaggle,train
test_20211228_133918.jpg,images/train/gray_blight/test_20211228_133918.jpg,gray_blight,0,kaggle,train
train_image_0_2595.jpg,images/train/gray_blight/train_image_0_2595.jpg,gray_blight,0,kaggle,train
train_image_0_1027.jpg,images/train/gray_blight/train_image_0_1027.jpg,gray_blight,0,kaggle,train
train_image_0_1861.jpg,images/train/gray_blight/train_image_0_1861.jpg,gray_blight,0,kaggle,train
test_20211227_164009.jpg,images/train/gray_blight/test_20211227_164009.jpg,gray_blight,0,kaggle,train
train_20220101_121652.jpg,images/train/gray_blight/train_20220101_121652.jpg,gray_blight,0,kaggle,train
train_image_0_539.jpg,images/train/gray_blight/train_image_0_539.jpg,gray_blight,0,kaggle,train
train_image_0_1987.jpg,images/train/gray_blight/train_image_0_1987.jpg,gray_blight,0,kaggle,train
train_image_0_155.jpg,images/train/gray_blight/train_image_0_155.jpg,gray_blight,0,kaggle,train
train_image_0_3264.jpg,images/train/gray_blight/train_image_0_3264.jpg,gray_blight,0,kaggle,train
train_image_0_3139.jpg,images/train/gray_blight/train_image_0_3139.jpg,gray_blight,0,kaggle,train
train_image_0_2680.jpg,images/train/gray_blight/train_image_0_2680.jpg,gray_blight,0,kaggle,train
test_20211228_134928.jpg,images/train/gray_blight/test_20211228_134928.jpg,gray_blight,0,kaggle,train
test_20211228_152816.jpg,images/train/gray_blight/test_20211228_152816.jpg,gray_blight,0,kaggle,train
train_image_0_3434.jpg,images/train/gray_blight/train_image_0_3434.jpg,gray_blight,0,kaggle,train
train_image_0_1242.jpg,images/train/gray_blight/train_image_0_1242.jpg,gray_blight,0,kaggle,train
train_image_0_922.jpg,images/train/gray_blight/train_image_0_922.jpg,gray_blight,0,kaggle,train
train_image_0_1532.jpg,images/train/gray_blight/train_image_0_1532.jpg,gray_blight,0,kaggle,train
train_image_0_3922.jpg,images/train/gray_blight/train_image_0_3922.jpg,gray_blight,0,kaggle,train
test_20211228_140457.jpg,images/train/gray_blight/test_20211228_140457.jpg,gray_blight,0,kaggle,train
train_image_0_3683.jpg,images/train/gray_blight/train_image_0_3683.jpg,gray_blight,0,kaggle,train
obb_IMG_20230624_162157_jpg.rf.2b3bbe7b3e12094e390176d99e30400c.jpg,images/train/gray_blight/obb_IMG_20230624_162157_jpg.rf.2b3bbe7b3e12094e390176d99e30400c.jpg,gray_blight,0,field_collected,train
obb_567_jpg.rf.f7b3a1d0e79660f7a3d78e295687f9c6.jpg,images/train/gray_blight/obb_567_jpg.rf.f7b3a1d0e79660f7a3d78e295687f9c6.jpg,gray_blight,0,field_collected,train
train_image_0_2863.jpg,images/train/gray_blight/train_image_0_2863.jpg,gray_blight,0,kaggle,train
train_20220101_114152.jpg,images/train/gray_blight/train_20220101_114152.jpg,gray_blight,0,kaggle,train
train_image_0_929.jpg,images/train/gray_blight/train_image_0_929.jpg,gray_blight,0,kaggle,train
train_20220101_115020.jpg,images/train/gray_blight/train_20220101_115020.jpg,gray_blight,0,kaggle,train
test_20211228_125742.jpg,images/train/gray_blight/test_20211228_125742.jpg,gray_blight,0,kaggle,train
train_image_0_217.jpg,images/train/gray_blight/train_image_0_217.jpg,gray_blight,0,kaggle,train
train_image_0_4096.jpg,images/train/gray_blight/train_image_0_4096.jpg,gray_blight,0,kaggle,train
train_image_0_3137.jpg,images/train/gray_blight/train_image_0_3137.jpg,gray_blight,0,kaggle,train
train_image_0_139.jpg,images/train/gray_blight/train_image_0_139.jpg,gray_blight,0,kaggle,train
train_image_0_1089.jpg,images/train/gray_blight/train_image_0_1089.jpg,gray_blight,0,kaggle,train
train_image_0_777.jpg,images/train/gray_blight/train_image_0_777.jpg,gray_blight,0,kaggle,train
train_image_0_2603.jpg,images/train/gray_blight/train_image_0_2603.jpg,gray_blight,0,kaggle,train
train_image_0_113.jpg,images/train/gray_blight/train_image_0_113.jpg,gray_blight,0,kaggle,train
train_20220101_113228.jpg,images/train/gray_blight/train_20220101_113228.jpg,gray_blight,0,kaggle,train
train_image_0_2441.jpg,images/train/gray_blight/train_image_0_2441.jpg,gray_blight,0,kaggle,train
test_20211228_134827.jpg,images/train/gray_blight/test_20211228_134827.jpg,gray_blight,0,kaggle,train
train_image_0_3715.jpg,images/train/gray_blight/train_image_0_3715.jpg,gray_blight,0,kaggle,train
train_image_0_2337.jpg,images/train/gray_blight/train_image_0_2337.jpg,gray_blight,0,kaggle,train
train_image_0_2792.jpg,images/train/gray_blight/train_image_0_2792.jpg,gray_blight,0,kaggle,train
train_image_0_1314.jpg,images/train/gray_blight/train_image_0_1314.jpg,gray_blight,0,kaggle,train
train_image_0_584.jpg,images/train/gray_blight/train_image_0_584.jpg,gray_blight,0,kaggle,train
obb_IMG_8514_jpg.rf.190df00e687c09acbed2025bc3d84145.jpg,images/train/gray_blight/obb_IMG_8514_jpg.rf.190df00e687c09acbed2025bc3d84145.jpg,gray_blight,0,field_collected,train
train_image_0_2523.jpg,images/train/gray_blight/train_image_0_2523.jpg,gray_blight,0,kaggle,train
train_image_0_1425.jpg,images/train/gray_blight/train_image_0_1425.jpg,gray_blight,0,kaggle,train
obb_176_jpg.rf.22c6639b34be422c6e74812048a8e199.jpg,images/train/gray_blight/obb_176_jpg.rf.22c6639b34be422c6e74812048a8e199.jpg,gray_blight,0,field_collected,train
train_image_0_2507.jpg,images/train/gray_blight/train_image_0_2507.jpg,gray_blight,0,kaggle,train
train_image_0_183.jpg,images/train/gray_blight/train_image_0_183.jpg,gray_blight,0,kaggle,train
train_image_0_3621.jpg,images/train/gray_blight/train_image_0_3621.jpg,gray_blight,0,kaggle,train
train_image_0_2333.jpg,images/train/gray_blight/train_image_0_2333.jpg,gray_blight,0,kaggle,train
test_20211228_132128.jpg,images/train/gray_blight/test_20211228_132128.jpg,gray_blight,0,kaggle,train
test_20211228_140543.jpg,images/train/gray_blight/test_20211228_140543.jpg,gray_blight,0,kaggle,train
train_image_0_53.jpg,images/train/gray_blight/train_image_0_53.jpg,gray_blight,0,kaggle,train
train_image_0_281.jpg,images/train/gray_blight/train_image_0_281.jpg,gray_blight,0,kaggle,train
train_image_0_3533.jpg,images/train/gray_blight/train_image_0_3533.jpg,gray_blight,0,kaggle,train
train_image_0_4042.jpg,images/train/gray_blight/train_image_0_4042.jpg,gray_blight,0,kaggle,train
test_20211227_164910.jpg,images/train/gray_blight/test_20211227_164910.jpg,gray_blight,0,kaggle,train
test_20211228_140853.jpg,images/train/gray_blight/test_20211228_140853.jpg,gray_blight,0,kaggle,train
train_image_0_1312.jpg,images/train/gray_blight/train_image_0_1312.jpg,gray_blight,0,kaggle,train
train_image_0_4223.jpg,images/train/gray_blight/train_image_0_4223.jpg,gray_blight,0,kaggle,train
train_image_0_407.jpg,images/train/gray_blight/train_image_0_407.jpg,gray_blight,0,kaggle,train
train_image_0_1143.jpg,images/train/gray_blight/train_image_0_1143.jpg,gray_blight,0,kaggle,train
train_image_0_1828.jpg,images/train/gray_blight/train_image_0_1828.jpg,gray_blight,0,kaggle,train
train_image_0_1742.jpg,images/train/gray_blight/train_image_0_1742.jpg,gray_blight,0,kaggle,train
train_image_0_3459.jpg,images/train/gray_blight/train_image_0_3459.jpg,gray_blight,0,kaggle,train
train_image_0_1816.jpg,images/train/gray_blight/train_image_0_1816.jpg,gray_blight,0,kaggle,train
train_image_0_226.jpg,images/train/gray_blight/train_image_0_226.jpg,gray_blight,0,kaggle,train
train_image_0_2883.jpg,images/train/gray_blight/train_image_0_2883.jpg,gray_blight,0,kaggle,train
train_image_0_3682.jpg,images/train/gray_blight/train_image_0_3682.jpg,gray_blight,0,kaggle,train
test_20211225_234938.jpg,images/train/gray_blight/test_20211225_234938.jpg,gray_blight,0,kaggle,train
train_image_0_1859.jpg,images/train/gray_blight/train_image_0_1859.jpg,gray_blight,0,kaggle,train
train_image_0_3536.jpg,images/train/gray_blight/train_image_0_3536.jpg,gray_blight,0,kaggle,train
train_image_0_3956.jpg,images/train/gray_blight/train_image_0_3956.jpg,gray_blight,0,kaggle,train
train_image_0_2466.jpg,images/train/gray_blight/train_image_0_2466.jpg,gray_blight,0,kaggle,train
train_image_0_672.jpg,images/train/gray_blight/train_image_0_672.jpg,gray_blight,0,kaggle,train
train_20220101_113625.jpg,images/train/gray_blight/train_20220101_113625.jpg,gray_blight,0,kaggle,train
train_image_0_1271.jpg,images/train/gray_blight/train_image_0_1271.jpg,gray_blight,0,kaggle,train
train_image_0_179.jpg,images/train/gray_blight/train_image_0_179.jpg,gray_blight,0,kaggle,train
train_image_0_333.jpg,images/train/gray_blight/train_image_0_333.jpg,gray_blight,0,kaggle,train
train_image_0_1603.jpg,images/train/gray_blight/train_image_0_1603.jpg,gray_blight,0,kaggle,train
test_20211227_164209.jpg,images/train/gray_blight/test_20211227_164209.jpg,gray_blight,0,kaggle,train
train_image_0_377.jpg,images/train/gray_blight/train_image_0_377.jpg,gray_blight,0,kaggle,train
train_image_0_94.jpg,images/train/gray_blight/train_image_0_94.jpg,gray_blight,0,kaggle,train
train_image_0_1557.jpg,images/train/gray_blight/train_image_0_1557.jpg,gray_blight,0,kaggle,train
train_image_0_1609.jpg,images/train/gray_blight/train_image_0_1609.jpg,gray_blight,0,kaggle,train
train_20220101_113328.jpg,images/train/gray_blight/train_20220101_113328.jpg,gray_blight,0,kaggle,train
train_image_0_3693.jpg,images/train/gray_blight/train_image_0_3693.jpg,gray_blight,0,kaggle,train
train_image_0_3476.jpg,images/train/gray_blight/train_image_0_3476.jpg,gray_blight,0,kaggle,train
train_image_0_2932.jpg,images/train/gray_blight/train_image_0_2932.jpg,gray_blight,0,kaggle,train
train_image_0_3259.jpg,images/train/gray_blight/train_image_0_3259.jpg,gray_blight,0,kaggle,train
obb_466_jpg.rf.2bf226b9df9e2d1f5e57c7479839159a.jpg,images/train/gray_blight/obb_466_jpg.rf.2bf226b9df9e2d1f5e57c7479839159a.jpg,gray_blight,0,field_collected,train
train_image_0_1824.jpg,images/train/gray_blight/train_image_0_1824.jpg,gray_blight,0,kaggle,train
train_image_0_3121.jpg,images/train/gray_blight/train_image_0_3121.jpg,gray_blight,0,kaggle,train
train_image_0_4081.jpg,images/train/gray_blight/train_image_0_4081.jpg,gray_blight,0,kaggle,train
train_image_0_2368.jpg,images/train/gray_blight/train_image_0_2368.jpg,gray_blight,0,kaggle,train
train_image_0_3929.jpg,images/train/gray_blight/train_image_0_3929.jpg,gray_blight,0,kaggle,train
train_image_0_1216.jpg,images/train/gray_blight/train_image_0_1216.jpg,gray_blight,0,kaggle,train
train_image_0_2717.jpg,images/train/gray_blight/train_image_0_2717.jpg,gray_blight,0,kaggle,train
train_image_0_352.jpg,images/train/gray_blight/train_image_0_352.jpg,gray_blight,0,kaggle,train
test_20211228_151018.jpg,images/train/gray_blight/test_20211228_151018.jpg,gray_blight,0,kaggle,train
train_20220101_114117.jpg,images/train/gray_blight/train_20220101_114117.jpg,gray_blight,0,kaggle,train
test_20211228_131050.jpg,images/train/gray_blight/test_20211228_131050.jpg,gray_blight,0,kaggle,train
test_20211228_153553.jpg,images/train/gray_blight/test_20211228_153553.jpg,gray_blight,0,kaggle,train
test_20211228_134150.jpg,images/train/gray_blight/test_20211228_134150.jpg,gray_blight,0,kaggle,train
train_image_0_127.jpg,images/train/gray_blight/train_image_0_127.jpg,gray_blight,0,kaggle,train
train_image_0_2865.jpg,images/train/gray_blight/train_image_0_2865.jpg,gray_blight,0,kaggle,train
train_image_0_537.jpg,images/train/gray_blight/train_image_0_537.jpg,gray_blight,0,kaggle,train
train_image_0_3366.jpg,images/train/gray_blight/train_image_0_3366.jpg,gray_blight,0,kaggle,train
test_20211228_140914.jpg,images/train/gray_blight/test_20211228_140914.jpg,gray_blight,0,kaggle,train
test_20211228_151935.jpg,images/train/gray_blight/test_20211228_151935.jpg,gray_blight,0,kaggle,train
train_image_0_4119.jpg,images/train/gray_blight/train_image_0_4119.jpg,gray_blight,0,kaggle,train
train_image_0_2584.jpg,images/train/gray_blight/train_image_0_2584.jpg,gray_blight,0,kaggle,train
train_image_0_733.jpg,images/train/gray_blight/train_image_0_733.jpg,gray_blight,0,kaggle,train
obb_195_jpg.rf.b2f97109c9e2d5652e036a4d3a9c2816.jpg,images/train/gray_blight/obb_195_jpg.rf.b2f97109c9e2d5652e036a4d3a9c2816.jpg,gray_blight,0,field_collected,train
test_20211228_140512.jpg,images/train/gray_blight/test_20211228_140512.jpg,gray_blight,0,kaggle,train
test_20211228_154741.jpg,images/train/gray_blight/test_20211228_154741.jpg,gray_blight,0,kaggle,train
train_image_0_3800.jpg,images/train/gray_blight/train_image_0_3800.jpg,gray_blight,0,kaggle,train
train_image_0_82.jpg,images/train/gray_blight/train_image_0_82.jpg,gray_blight,0,kaggle,train
train_20220101_115026.jpg,images/train/gray_blight/train_20220101_115026.jpg,gray_blight,0,kaggle,train
train_20220101_112953.jpg,images/train/gray_blight/train_20220101_112953.jpg,gray_blight,0,kaggle,train
test_20211228_140602.jpg,images/train/gray_blight/test_20211228_140602.jpg,gray_blight,0,kaggle,train
train_image_0_3383.jpg,images/train/gray_blight/train_image_0_3383.jpg,gray_blight,0,kaggle,train
train_image_0_931.jpg,images/train/gray_blight/train_image_0_931.jpg,gray_blight,0,kaggle,train
train_image_0_1733.jpg,images/train/gray_blight/train_image_0_1733.jpg,gray_blight,0,kaggle,train
train_image_0_2380.jpg,images/train/gray_blight/train_image_0_2380.jpg,gray_blight,0,kaggle,train
train_image_0_3869.jpg,images/train/gray_blight/train_image_0_3869.jpg,gray_blight,0,kaggle,train
obb_IMG_15_04_jpeg.rf.3511e3d889ff1f917bb7614d82030909.jpg,images/train/gray_blight/obb_IMG_15_04_jpeg.rf.3511e3d889ff1f917bb7614d82030909.jpg,gray_blight,0,field_collected,train
train_image_0_1442.jpg,images/train/gray_blight/train_image_0_1442.jpg,gray_blight,0,kaggle,train
train_image_0_862.jpg,images/train/gray_blight/train_image_0_862.jpg,gray_blight,0,kaggle,train
test_20211228_141133.jpg,images/train/gray_blight/test_20211228_141133.jpg,gray_blight,0,kaggle,train
train_image_0_3092.jpg,images/train/gray_blight/train_image_0_3092.jpg,gray_blight,0,kaggle,train
train_20220101_115123.jpg,images/train/gray_blight/train_20220101_115123.jpg,gray_blight,0,kaggle,train
train_image_0_4126.jpg,images/train/gray_blight/train_image_0_4126.jpg,gray_blight,0,kaggle,train
train_image_0_247.jpg,images/train/gray_blight/train_image_0_247.jpg,gray_blight,0,kaggle,train
train_image_0_2728.jpg,images/train/gray_blight/train_image_0_2728.jpg,gray_blight,0,kaggle,train
train_20220101_114134.jpg,images/train/gray_blight/train_20220101_114134.jpg,gray_blight,0,kaggle,train
test_20211227_163055.jpg,images/train/gray_blight/test_20211227_163055.jpg,gray_blight,0,kaggle,train
test_20211228_140954.jpg,images/train/gray_blight/test_20211228_140954.jpg,gray_blight,0,kaggle,train
train_image_0_3583.jpg,images/train/gray_blight/train_image_0_3583.jpg,gray_blight,0,kaggle,train
train_20220101_122117.jpg,images/train/gray_blight/train_20220101_122117.jpg,gray_blight,0,kaggle,train
train_image_0_1905.jpg,images/train/gray_blight/train_image_0_1905.jpg,gray_blight,0,kaggle,train
train_image_0_3735.jpg,images/train/gray_blight/train_image_0_3735.jpg,gray_blight,0,kaggle,train
train_image_0_3911.jpg,images/train/gray_blight/train_image_0_3911.jpg,gray_blight,0,kaggle,train
train_image_0_2829.jpg,images/train/gray_blight/train_image_0_2829.jpg,gray_blight,0,kaggle,train
test_20211225_234032.jpg,images/train/gray_blight/test_20211225_234032.jpg,gray_blight,0,kaggle,train
train_image_0_1291.jpg,images/train/gray_blight/train_image_0_1291.jpg,gray_blight,0,kaggle,train
train_image_0_1022.jpg,images/train/gray_blight/train_image_0_1022.jpg,gray_blight,0,kaggle,train
train_image_0_3183.jpg,images/train/gray_blight/train_image_0_3183.jpg,gray_blight,0,kaggle,train
train_image_0_4164.jpg,images/train/gray_blight/train_image_0_4164.jpg,gray_blight,0,kaggle,train
train_image_0_1700.jpg,images/train/gray_blight/train_image_0_1700.jpg,gray_blight,0,kaggle,train
train_image_0_3846.jpg,images/train/gray_blight/train_image_0_3846.jpg,gray_blight,0,kaggle,train
obb_388_jpg.rf.5eae3b30e4994eb8766bb267981125a1.jpg,images/train/gray_blight/obb_388_jpg.rf.5eae3b30e4994eb8766bb267981125a1.jpg,gray_blight,0,field_collected,train
obb_86_jpg.rf.0db4a80b5735c8cc23f6a4b239c632ae.jpg,images/train/gray_blight/obb_86_jpg.rf.0db4a80b5735c8cc23f6a4b239c632ae.jpg,gray_blight,0,field_collected,train
train_image_0_2301.jpg,images/train/gray_blight/train_image_0_2301.jpg,gray_blight,0,kaggle,train
test_20211228_140647.jpg,images/train/gray_blight/test_20211228_140647.jpg,gray_blight,0,kaggle,train
obb_515_jpg.rf.5f392730cac28feff733ac5b3cca72da.jpg,images/train/gray_blight/obb_515_jpg.rf.5f392730cac28feff733ac5b3cca72da.jpg,gray_blight,0,field_collected,train
train_image_0_114.jpg,images/train/gray_blight/train_image_0_114.jpg,gray_blight,0,kaggle,train
train_image_0_2310.jpg,images/train/gray_blight/train_image_0_2310.jpg,gray_blight,0,kaggle,train
train_image_0_2785.jpg,images/train/gray_blight/train_image_0_2785.jpg,gray_blight,0,kaggle,train
train_image_0_1031.jpg,images/train/gray_blight/train_image_0_1031.jpg,gray_blight,0,kaggle,train
test_20211228_133013.jpg,images/train/gray_blight/test_20211228_133013.jpg,gray_blight,0,kaggle,train
train_image_0_3972.jpg,images/train/gray_blight/train_image_0_3972.jpg,gray_blight,0,kaggle,train
train_image_0_4141.jpg,images/train/gray_blight/train_image_0_4141.jpg,gray_blight,0,kaggle,train
train_image_0_1363.jpg,images/train/gray_blight/train_image_0_1363.jpg,gray_blight,0,kaggle,train
train_image_0_2087.jpg,images/train/gray_blight/train_image_0_2087.jpg,gray_blight,0,kaggle,train
train_image_0_182.jpg,images/train/gray_blight/train_image_0_182.jpg,gray_blight,0,kaggle,train
test_20211228_152913.jpg,images/train/gray_blight/test_20211228_152913.jpg,gray_blight,0,kaggle,train
train_image_0_3802.jpg,images/train/gray_blight/train_image_0_3802.jpg,gray_blight,0,kaggle,train
train_image_0_467.jpg,images/train/gray_blight/train_image_0_467.jpg,gray_blight,0,kaggle,train
train_image_0_3005.jpg,images/train/gray_blight/train_image_0_3005.jpg,gray_blight,0,kaggle,train
train_image_0_3741.jpg,images/train/gray_blight/train_image_0_3741.jpg,gray_blight,0,kaggle,train
train_image_0_2722.jpg,images/train/gray_blight/train_image_0_2722.jpg,gray_blight,0,kaggle,train
train_image_0_408.jpg,images/train/gray_blight/train_image_0_408.jpg,gray_blight,0,kaggle,train
test_20211228_153116.jpg,images/train/gray_blight/test_20211228_153116.jpg,gray_blight,0,kaggle,train
train_image_0_2790.jpg,images/train/gray_blight/train_image_0_2790.jpg,gray_blight,0,kaggle,train
train_image_0_3620.jpg,images/train/gray_blight/train_image_0_3620.jpg,gray_blight,0,kaggle,train
train_image_0_2206.jpg,images/train/gray_blight/train_image_0_2206.jpg,gray_blight,0,kaggle,train
train_image_0_3790.jpg,images/train/gray_blight/train_image_0_3790.jpg,gray_blight,0,kaggle,train
train_image_0_2456.jpg,images/train/gray_blight/train_image_0_2456.jpg,gray_blight,0,kaggle,train
train_image_0_2869.jpg,images/train/gray_blight/train_image_0_2869.jpg,gray_blight,0,kaggle,train
train_image_0_3438.jpg,images/train/gray_blight/train_image_0_3438.jpg,gray_blight,0,kaggle,train
train_image_0_894.jpg,images/train/gray_blight/train_image_0_894.jpg,gray_blight,0,kaggle,train
train_image_0_2144.jpg,images/train/gray_blight/train_image_0_2144.jpg,gray_blight,0,kaggle,train
train_image_0_843.jpg,images/train/gray_blight/train_image_0_843.jpg,gray_blight,0,kaggle,train
train_image_0_3394.jpg,images/train/gray_blight/train_image_0_3394.jpg,gray_blight,0,kaggle,train
test_20211228_153409.jpg,images/train/gray_blight/test_20211228_153409.jpg,gray_blight,0,kaggle,train
test_20211227_162914.jpg,images/train/gray_blight/test_20211227_162914.jpg,gray_blight,0,kaggle,train
train_image_0_173.jpg,images/train/gray_blight/train_image_0_173.jpg,gray_blight,0,kaggle,train
test_20211228_140442.jpg,images/train/gray_blight/test_20211228_140442.jpg,gray_blight,0,kaggle,train
train_20220101_120909.jpg,images/train/gray_blight/train_20220101_120909.jpg,gray_blight,0,kaggle,train
obb_367_jpg.rf.7433d03d70d383cb91830e4b2bf60911.jpg,images/train/gray_blight/obb_367_jpg.rf.7433d03d70d383cb91830e4b2bf60911.jpg,gray_blight,0,field_collected,train
train_image_0_1096.jpg,images/train/gray_blight/train_image_0_1096.jpg,gray_blight,0,kaggle,train
test_20211228_152329.jpg,images/train/gray_blight/test_20211228_152329.jpg,gray_blight,0,kaggle,train
train_image_0_742.jpg,images/train/gray_blight/train_image_0_742.jpg,gray_blight,0,kaggle,train
train_20220101_120417.jpg,images/train/gray_blight/train_20220101_120417.jpg,gray_blight,0,kaggle,train
test_20211228_153646.jpg,images/train/gray_blight/test_20211228_153646.jpg,gray_blight,0,kaggle,train
train_image_0_3075.jpg,images/train/gray_blight/train_image_0_3075.jpg,gray_blight,0,kaggle,train
train_20220101_114621.jpg,images/train/gray_blight/train_20220101_114621.jpg,gray_blight,0,kaggle,train
train_20220101_113148.jpg,images/train/gray_blight/train_20220101_113148.jpg,gray_blight,0,kaggle,train
train_20220101_113016.jpg,images/train/gray_blight/train_20220101_113016.jpg,gray_blight,0,kaggle,train
train_image_0_536.jpg,images/train/gray_blight/train_image_0_536.jpg,gray_blight,0,kaggle,train
train_20220101_121935.jpg,images/train/gray_blight/train_20220101_121935.jpg,gray_blight,0,kaggle,train
train_image_0_2284.jpg,images/train/gray_blight/train_image_0_2284.jpg,gray_blight,0,kaggle,train
test_20211228_140738.jpg,images/train/gray_blight/test_20211228_140738.jpg,gray_blight,0,kaggle,train
train_image_0_2343.jpg,images/train/gray_blight/train_image_0_2343.jpg,gray_blight,0,kaggle,train
train_image_0_4180.jpg,images/train/gray_blight/train_image_0_4180.jpg,gray_blight,0,kaggle,train
train_image_0_1863.jpg,images/train/gray_blight/train_image_0_1863.jpg,gray_blight,0,kaggle,train
train_image_0_396.jpg,images/train/gray_blight/train_image_0_396.jpg,gray_blight,0,kaggle,train
obb_27_jpg.rf.69fff94b82a04306ad8cd11ec113575b.jpg,images/train/gray_blight/obb_27_jpg.rf.69fff94b82a04306ad8cd11ec113575b.jpg,gray_blight,0,field_collected,train
train_image_0_3072.jpg,images/train/gray_blight/train_image_0_3072.jpg,gray_blight,0,kaggle,train
train_20220101_114347.jpg,images/train/gray_blight/train_20220101_114347.jpg,gray_blight,0,kaggle,train
test_20211228_141729.jpg,images/train/gray_blight/test_20211228_141729.jpg,gray_blight,0,kaggle,train
train_image_0_2177.jpg,images/train/gray_blight/train_image_0_2177.jpg,gray_blight,0,kaggle,train
train_image_0_2164.jpg,images/train/gray_blight/train_image_0_2164.jpg,gray_blight,0,kaggle,train
obb_568_jpg.rf.65e5838ccac00268522e50c452baad0f.jpg,images/train/gray_blight/obb_568_jpg.rf.65e5838ccac00268522e50c452baad0f.jpg,gray_blight,0,field_collected,train
train_image_0_4272.jpg,images/train/gray_blight/train_image_0_4272.jpg,gray_blight,0,kaggle,train
train_image_0_1659.jpg,images/train/gray_blight/train_image_0_1659.jpg,gray_blight,0,kaggle,train
train_20220101_113058.jpg,images/train/gray_blight/train_20220101_113058.jpg,gray_blight,0,kaggle,train
train_image_0_3556.jpg,images/train/gray_blight/train_image_0_3556.jpg,gray_blight,0,kaggle,train
train_image_0_2427.jpg,images/train/gray_blight/train_image_0_2427.jpg,gray_blight,0,kaggle,train
train_image_0_1364.jpg,images/train/gray_blight/train_image_0_1364.jpg,gray_blight,0,kaggle,train
train_image_0_3285.jpg,images/train/gray_blight/train_image_0_3285.jpg,gray_blight,0,kaggle,train
train_image_0_1640.jpg,images/train/gray_blight/train_image_0_1640.jpg,gray_blight,0,kaggle,train
train_20220101_121708.jpg,images/train/gray_blight/train_20220101_121708.jpg,gray_blight,0,kaggle,train
test_20211227_151434.jpg,images/train/gray_blight/test_20211227_151434.jpg,gray_blight,0,kaggle,train
train_20220101_120920.jpg,images/train/gray_blight/train_20220101_120920.jpg,gray_blight,0,kaggle,train
train_image_0_2546.jpg,images/train/gray_blight/train_image_0_2546.jpg,gray_blight,0,kaggle,train
train_image_0_1869.jpg,images/train/gray_blight/train_image_0_1869.jpg,gray_blight,0,kaggle,train
train_image_0_2298.jpg,images/train/gray_blight/train_image_0_2298.jpg,gray_blight,0,kaggle,train
train_image_0_481.jpg,images/train/gray_blight/train_image_0_481.jpg,gray_blight,0,kaggle,train
obb_IMG_20230612_154254_jpg.rf.bd8019f8d572ece99fa5851f3da90ae2.jpg,images/train/gray_blight/obb_IMG_20230612_154254_jpg.rf.bd8019f8d572ece99fa5851f3da90ae2.jpg,gray_blight,0,field_collected,train
train_image_0_454.jpg,images/train/gray_blight/train_image_0_454.jpg,gray_blight,0,kaggle,train
train_image_0_2071.jpg,images/train/gray_blight/train_image_0_2071.jpg,gray_blight,0,kaggle,train
train_image_0_1541.jpg,images/train/gray_blight/train_image_0_1541.jpg,gray_blight,0,kaggle,train
test_20211228_134605.jpg,images/train/gray_blight/test_20211228_134605.jpg,gray_blight,0,kaggle,train
train_image_0_2831.jpg,images/train/gray_blight/train_image_0_2831.jpg,gray_blight,0,kaggle,train
train_image_0_1705.jpg,images/train/gray_blight/train_image_0_1705.jpg,gray_blight,0,kaggle,train
train_20220101_121948.jpg,images/train/gray_blight/train_20220101_121948.jpg,gray_blight,0,kaggle,train
train_image_0_2826.jpg,images/train/gray_blight/train_image_0_2826.jpg,gray_blight,0,kaggle,train
train_image_0_3344.jpg,images/train/gray_blight/train_image_0_3344.jpg,gray_blight,0,kaggle,train
test_20211228_134637.jpg,images/train/gray_blight/test_20211228_134637.jpg,gray_blight,0,kaggle,train
train_image_0_2777.jpg,images/train/gray_blight/train_image_0_2777.jpg,gray_blight,0,kaggle,train
train_20220101_114902.jpg,images/train/gray_blight/train_20220101_114902.jpg,gray_blight,0,kaggle,train
train_image_0_3194.jpg,images/train/gray_blight/train_image_0_3194.jpg,gray_blight,0,kaggle,train
train_20220101_112659.jpg,images/train/gray_blight/train_20220101_112659.jpg,gray_blight,0,kaggle,train
train_image_0_2745.jpg,images/train/gray_blight/train_image_0_2745.jpg,gray_blight,0,kaggle,train
train_image_0_1077.jpg,images/train/gray_blight/train_image_0_1077.jpg,gray_blight,0,kaggle,train
train_image_0_4088.jpg,images/train/gray_blight/train_image_0_4088.jpg,gray_blight,0,kaggle,train
train_image_0_888.jpg,images/train/gray_blight/train_image_0_888.jpg,gray_blight,0,kaggle,train
test_20211228_132855.jpg,images/train/gray_blight/test_20211228_132855.jpg,gray_blight,0,kaggle,train
train_image_0_2254.jpg,images/train/gray_blight/train_image_0_2254.jpg,gray_blight,0,kaggle,train
test_20211228_133437.jpg,images/train/gray_blight/test_20211228_133437.jpg,gray_blight,0,kaggle,train
train_image_0_3398.jpg,images/train/gray_blight/train_image_0_3398.jpg,gray_blight,0,kaggle,train
train_image_0_3566.jpg,images/train/gray_blight/train_image_0_3566.jpg,gray_blight,0,kaggle,train
train_image_0_1026.jpg,images/train/gray_blight/train_image_0_1026.jpg,gray_blight,0,kaggle,train
train_image_0_615.jpg,images/train/gray_blight/train_image_0_615.jpg,gray_blight,0,kaggle,train
train_image_0_2003.jpg,images/train/gray_blight/train_image_0_2003.jpg,gray_blight,0,kaggle,train
train_image_0_1728.jpg,images/train/gray_blight/train_image_0_1728.jpg,gray_blight,0,kaggle,train
train_image_0_442.jpg,images/train/gray_blight/train_image_0_442.jpg,gray_blight,0,kaggle,train
test_20211228_154715.jpg,images/train/gray_blight/test_20211228_154715.jpg,gray_blight,0,kaggle,train
train_20220101_122100.jpg,images/train/gray_blight/train_20220101_122100.jpg,gray_blight,0,kaggle,train
train_20220101_114801.jpg,images/train/gray_blight/train_20220101_114801.jpg,gray_blight,0,kaggle,train
train_image_0_350.jpg,images/train/gray_blight/train_image_0_350.jpg,gray_blight,0,kaggle,train
train_image_0_1056.jpg,images/train/gray_blight/train_image_0_1056.jpg,gray_blight,0,kaggle,train
test_20211228_135734.jpg,images/train/gray_blight/test_20211228_135734.jpg,gray_blight,0,kaggle,train
train_20220101_114516.jpg,images/train/gray_blight/train_20220101_114516.jpg,gray_blight,0,kaggle,train
train_20220101_113600.jpg,images/train/gray_blight/train_20220101_113600.jpg,gray_blight,0,kaggle,train
train_image_0_1912.jpg,images/train/gray_blight/train_image_0_1912.jpg,gray_blight,0,kaggle,train
train_image_0_2340.jpg,images/train/gray_blight/train_image_0_2340.jpg,gray_blight,0,kaggle,train
train_image_0_1752.jpg,images/train/gray_blight/train_image_0_1752.jpg,gray_blight,0,kaggle,train
train_image_0_2959.jpg,images/train/gray_blight/train_image_0_2959.jpg,gray_blight,0,kaggle,train
test_20211225_235520.jpg,images/train/gray_blight/test_20211225_235520.jpg,gray_blight,0,kaggle,train
train_image_0_1379.jpg,images/train/gray_blight/train_image_0_1379.jpg,gray_blight,0,kaggle,train
train_image_0_285.jpg,images/train/gray_blight/train_image_0_285.jpg,gray_blight,0,kaggle,train
train_image_0_1877.jpg,images/train/gray_blight/train_image_0_1877.jpg,gray_blight,0,kaggle,train
train_image_0_1968.jpg,images/train/gray_blight/train_image_0_1968.jpg,gray_blight,0,kaggle,train
train_image_0_2904.jpg,images/train/gray_blight/train_image_0_2904.jpg,gray_blight,0,kaggle,train
test_20211228_153126.jpg,images/train/gray_blight/test_20211228_153126.jpg,gray_blight,0,kaggle,train
train_20220101_112654.jpg,images/train/gray_blight/train_20220101_112654.jpg,gray_blight,0,kaggle,train
train_image_0_1349.jpg,images/train/gray_blight/train_image_0_1349.jpg,gray_blight,0,kaggle,train
train_image_0_1176.jpg,images/train/gray_blight/train_image_0_1176.jpg,gray_blight,0,kaggle,train
test_20211227_163638.jpg,images/train/gray_blight/test_20211227_163638.jpg,gray_blight,0,kaggle,train
train_image_0_4054.jpg,images/train/gray_blight/train_image_0_4054.jpg,gray_blight,0,kaggle,train
train_image_0_755.jpg,images/train/gray_blight/train_image_0_755.jpg,gray_blight,0,kaggle,train
train_image_0_11.jpg,images/train/gray_blight/train_image_0_11.jpg,gray_blight,0,kaggle,train
train_image_0_92.jpg,images/train/gray_blight/train_image_0_92.jpg,gray_blight,0,kaggle,train
train_image_0_2704.jpg,images/train/gray_blight/train_image_0_2704.jpg,gray_blight,0,kaggle,train
train_image_0_1507.jpg,images/train/gray_blight/train_image_0_1507.jpg,gray_blight,0,kaggle,train
train_image_0_913.jpg,images/train/gray_blight/train_image_0_913.jpg,gray_blight,0,kaggle,train
train_20220101_120714.jpg,images/train/gray_blight/train_20220101_120714.jpg,gray_blight,0,kaggle,train
train_image_0_167.jpg,images/train/gray_blight/train_image_0_167.jpg,gray_blight,0,kaggle,train
train_image_0_687.jpg,images/train/gray_blight/train_image_0_687.jpg,gray_blight,0,kaggle,train
test_20211228_132704.jpg,images/train/gray_blight/test_20211228_132704.jpg,gray_blight,0,kaggle,train
train_image_0_2477.jpg,images/train/gray_blight/train_image_0_2477.jpg,gray_blight,0,kaggle,train
train_image_0_341.jpg,images/train/gray_blight/train_image_0_341.jpg,gray_blight,0,kaggle,train
train_image_0_4285.jpg,images/train/gray_blight/train_image_0_4285.jpg,gray_blight,0,kaggle,train
train_20220101_120936.jpg,images/train/gray_blight/train_20220101_120936.jpg,gray_blight,0,kaggle,train
train_20220101_122052.jpg,images/train/gray_blight/train_20220101_122052.jpg,gray_blight,0,kaggle,train
train_image_0_3158.jpg,images/train/gray_blight/train_image_0_3158.jpg,gray_blight,0,kaggle,train
train_20220101_114126.jpg,images/train/gray_blight/train_20220101_114126.jpg,gray_blight,0,kaggle,train
train_image_0_4185.jpg,images/train/gray_blight/train_image_0_4185.jpg,gray_blight,0,kaggle,train
train_image_0_3039.jpg,images/train/gray_blight/train_image_0_3039.jpg,gray_blight,0,kaggle,train
test_20211228_151051.jpg,images/train/gray_blight/test_20211228_151051.jpg,gray_blight,0,kaggle,train
train_image_0_3563.jpg,images/train/gray_blight/train_image_0_3563.jpg,gray_blight,0,kaggle,train
obb_IMG_07_jpeg.rf.4fade831d10a1f12ec2c0890dc0d2d82.jpg,images/train/gray_blight/obb_IMG_07_jpeg.rf.4fade831d10a1f12ec2c0890dc0d2d82.jpg,gray_blight,0,field_collected,train
train_image_0_1080.jpg,images/train/gray_blight/train_image_0_1080.jpg,gray_blight,0,kaggle,train
train_image_0_1270.jpg,images/train/gray_blight/train_image_0_1270.jpg,gray_blight,0,kaggle,train
train_image_0_3038.jpg,images/train/gray_blight/train_image_0_3038.jpg,gray_blight,0,kaggle,train
train_image_0_3257.jpg,images/train/gray_blight/train_image_0_3257.jpg,gray_blight,0,kaggle,train
test_20211228_132805.jpg,images/train/gray_blight/test_20211228_132805.jpg,gray_blight,0,kaggle,train
obb_467_jpg.rf.9a8ad7ca8260a70159737ccd9a3c1137.jpg,images/train/gray_blight/obb_467_jpg.rf.9a8ad7ca8260a70159737ccd9a3c1137.jpg,gray_blight,0,field_collected,train
obb_359_jpg.rf.93bb2304d05004ab3048fe5079ac622f.jpg,images/train/gray_blight/obb_359_jpg.rf.93bb2304d05004ab3048fe5079ac622f.jpg,gray_blight,0,field_collected,train
train_image_0_2623.jpg,images/train/gray_blight/train_image_0_2623.jpg,gray_blight,0,kaggle,train
test_20211227_164817.jpg,images/train/gray_blight/test_20211227_164817.jpg,gray_blight,0,kaggle,train
train_image_0_3783.jpg,images/train/gray_blight/train_image_0_3783.jpg,gray_blight,0,kaggle,train
test_20211228_125415.jpg,images/train/gray_blight/test_20211228_125415.jpg,gray_blight,0,kaggle,train
train_image_0_348.jpg,images/train/gray_blight/train_image_0_348.jpg,gray_blight,0,kaggle,train
train_20220101_120114.jpg,images/train/gray_blight/train_20220101_120114.jpg,gray_blight,0,kaggle,train
test_20211228_131259.jpg,images/train/gray_blight/test_20211228_131259.jpg,gray_blight,0,kaggle,train
train_image_0_1033.jpg,images/train/gray_blight/train_image_0_1033.jpg,gray_blight,0,kaggle,train
train_image_0_1207.jpg,images/train/gray_blight/train_image_0_1207.jpg,gray_blight,0,kaggle,train
obb_IMG_20230624_101122_jpg.rf.8e32454ba74e53d7d28ef261055988d0.jpg,images/train/gray_blight/obb_IMG_20230624_101122_jpg.rf.8e32454ba74e53d7d28ef261055988d0.jpg,gray_blight,0,field_collected,train
test_20211228_140435.jpg,images/train/gray_blight/test_20211228_140435.jpg,gray_blight,0,kaggle,train
train_20220101_114840.jpg,images/train/gray_blight/train_20220101_114840.jpg,gray_blight,0,kaggle,train
train_20220101_114952.jpg,images/train/gray_blight/train_20220101_114952.jpg,gray_blight,0,kaggle,train
train_image_0_590.jpg,images/train/gray_blight/train_image_0_590.jpg,gray_blight,0,kaggle,train
train_20220101_095202.jpg,images/train/gray_blight/train_20220101_095202.jpg,gray_blight,0,kaggle,train
test_20220101_101328.jpg,images/train/helopeltis/test_20220101_101328.jpg,helopeltis,1,kaggle,train
train_20220101_120140.jpg,images/train/helopeltis/train_20220101_120140.jpg,helopeltis,1,kaggle,train
train_image_0_1620.jpg,images/train/helopeltis/train_image_0_1620.jpg,helopeltis,1,kaggle,train
train_image_0_200.jpg,images/train/helopeltis/train_image_0_200.jpg,helopeltis,1,kaggle,train
train_image_0_162.jpg,images/train/helopeltis/train_image_0_162.jpg,helopeltis,1,kaggle,train
test_20220101_092257.jpg,images/train/helopeltis/test_20220101_092257.jpg,helopeltis,1,kaggle,train
test_20220101_093849.jpg,images/train/helopeltis/test_20220101_093849.jpg,helopeltis,1,kaggle,train
train_image_0_3110.jpg,images/train/helopeltis/train_image_0_3110.jpg,helopeltis,1,kaggle,train
train_image_0_490.jpg,images/train/helopeltis/train_image_0_490.jpg,helopeltis,1,kaggle,train
train_image_0_1154.jpg,images/train/helopeltis/train_image_0_1154.jpg,helopeltis,1,kaggle,train
train_image_0_2229.jpg,images/train/helopeltis/train_image_0_2229.jpg,helopeltis,1,kaggle,train
train_20220101_105511.jpg,images/train/helopeltis/train_20220101_105511.jpg,helopeltis,1,kaggle,train
test_20220101_101833.jpg,images/train/helopeltis/test_20220101_101833.jpg,helopeltis,1,kaggle,train
train_image_0_1060.jpg,images/train/helopeltis/train_image_0_1060.jpg,helopeltis,1,kaggle,train
train_image_0_4347.jpg,images/train/helopeltis/train_image_0_4347.jpg,helopeltis,1,kaggle,train
train_image_0_2571.jpg,images/train/helopeltis/train_image_0_2571.jpg,helopeltis,1,kaggle,train
test_20220101_104017.jpg,images/train/helopeltis/test_20220101_104017.jpg,helopeltis,1,kaggle,train
test_20220101_104358.jpg,images/train/helopeltis/test_20220101_104358.jpg,helopeltis,1,kaggle,train
train_image_0_3999.jpg,images/train/helopeltis/train_image_0_3999.jpg,helopeltis,1,kaggle,train
train_20220101_104543.jpg,images/train/helopeltis/train_20220101_104543.jpg,helopeltis,1,kaggle,train
test_20220101_104042.jpg,images/train/helopeltis/test_20220101_104042.jpg,helopeltis,1,kaggle,train
obb_IMG_8917_jpg.rf.b6ba69ccacc50349998d50a145933d8c.jpg,images/train/helopeltis/obb_IMG_8917_jpg.rf.b6ba69ccacc50349998d50a145933d8c.jpg,helopeltis,1,field_collected,train
train_image_0_2953.jpg,images/train/helopeltis/train_image_0_2953.jpg,helopeltis,1,kaggle,train
train_image_0_1499.jpg,images/train/helopeltis/train_image_0_1499.jpg,helopeltis,1,kaggle,train
train_image_0_3204.jpg,images/train/helopeltis/train_image_0_3204.jpg,helopeltis,1,kaggle,train
test_20220101_103530.jpg,images/train/helopeltis/test_20220101_103530.jpg,helopeltis,1,kaggle,train
test_20220101_102303.jpg,images/train/helopeltis/test_20220101_102303.jpg,helopeltis,1,kaggle,train
train_20220101_115043.jpg,images/train/helopeltis/train_20220101_115043.jpg,helopeltis,1,kaggle,train
train_image_0_1315.jpg,images/train/helopeltis/train_image_0_1315.jpg,helopeltis,1,kaggle,train
train_20220101_104939.jpg,images/train/helopeltis/train_20220101_104939.jpg,helopeltis,1,kaggle,train
test_20220101_104522.jpg,images/train/helopeltis/test_20220101_104522.jpg,helopeltis,1,kaggle,train
train_image_0_870.jpg,images/train/helopeltis/train_image_0_870.jpg,helopeltis,1,kaggle,train
train_image_0_4349.jpg,images/train/helopeltis/train_image_0_4349.jpg,helopeltis,1,kaggle,train
train_image_0_4166.jpg,images/train/helopeltis/train_image_0_4166.jpg,helopeltis,1,kaggle,train
test_20220101_103734.jpg,images/train/helopeltis/test_20220101_103734.jpg,helopeltis,1,kaggle,train
train_image_0_3788.jpg,images/train/helopeltis/train_image_0_3788.jpg,helopeltis,1,kaggle,train
train_image_0_2508.jpg,images/train/helopeltis/train_image_0_2508.jpg,helopeltis,1,kaggle,train
train_image_0_2079.jpg,images/train/helopeltis/train_image_0_2079.jpg,helopeltis,1,kaggle,train
train_image_0_3462.jpg,images/train/helopeltis/train_image_0_3462.jpg,helopeltis,1,kaggle,train
test_20220101_103905.jpg,images/train/helopeltis/test_20220101_103905.jpg,helopeltis,1,kaggle,train
train_image_0_4218.jpg,images/train/helopeltis/train_image_0_4218.jpg,helopeltis,1,kaggle,train
train_image_0_547.jpg,images/train/helopeltis/train_image_0_547.jpg,helopeltis,1,kaggle,train
obb_IMG_8593_JPG.rf.afa667fbfb4e499b06cfe87f4eaedca6.jpg,images/train/helopeltis/obb_IMG_8593_JPG.rf.afa667fbfb4e499b06cfe87f4eaedca6.jpg,helopeltis,1,field_collected,train
train_image_0_13.jpg,images/train/helopeltis/train_image_0_13.jpg,helopeltis,1,kaggle,train
train_image_0_1324.jpg,images/train/helopeltis/train_image_0_1324.jpg,helopeltis,1,kaggle,train
train_image_0_609.jpg,images/train/helopeltis/train_image_0_609.jpg,helopeltis,1,kaggle,train
train_20220101_104947.jpg,images/train/helopeltis/train_20220101_104947.jpg,helopeltis,1,kaggle,train
train_image_0_2833.jpg,images/train/helopeltis/train_image_0_2833.jpg,helopeltis,1,kaggle,train
train_image_0_3521.jpg,images/train/helopeltis/train_image_0_3521.jpg,helopeltis,1,kaggle,train
train_image_0_348.jpg,images/train/helopeltis/train_image_0_348.jpg,helopeltis,1,kaggle,train
test_20220101_102859.jpg,images/train/helopeltis/test_20220101_102859.jpg,helopeltis,1,kaggle,train
test_20220101_104312.jpg,images/train/helopeltis/test_20220101_104312.jpg,helopeltis,1,kaggle,train
train_image_0_1561.jpg,images/train/helopeltis/train_image_0_1561.jpg,helopeltis,1,kaggle,train
train_image_0_3146.jpg,images/train/helopeltis/train_image_0_3146.jpg,helopeltis,1,kaggle,train
train_image_0_1102.jpg,images/train/helopeltis/train_image_0_1102.jpg,helopeltis,1,kaggle,train
train_image_0_3232.jpg,images/train/helopeltis/train_image_0_3232.jpg,helopeltis,1,kaggle,train
train_image_0_441.jpg,images/train/helopeltis/train_image_0_441.jpg,helopeltis,1,kaggle,train
train_image_0_2378.jpg,images/train/helopeltis/train_image_0_2378.jpg,helopeltis,1,kaggle,train
test_20220101_094321.jpg,images/train/helopeltis/test_20220101_094321.jpg,helopeltis,1,kaggle,train
train_20220101_105814.jpg,images/train/helopeltis/train_20220101_105814.jpg,helopeltis,1,kaggle,train
train_image_0_878.jpg,images/train/helopeltis/train_image_0_878.jpg,helopeltis,1,kaggle,train
train_image_0_1982.jpg,images/train/helopeltis/train_image_0_1982.jpg,helopeltis,1,kaggle,train
train_image_0_469.jpg,images/train/helopeltis/train_image_0_469.jpg,helopeltis,1,kaggle,train
test_20220101_093709.jpg,images/train/helopeltis/test_20220101_093709.jpg,helopeltis,1,kaggle,train
train_image_0_741.jpg,images/train/helopeltis/train_image_0_741.jpg,helopeltis,1,kaggle,train
train_image_0_3444.jpg,images/train/helopeltis/train_image_0_3444.jpg,helopeltis,1,kaggle,train
train_image_0_1074.jpg,images/train/helopeltis/train_image_0_1074.jpg,helopeltis,1,kaggle,train
train_image_0_1496.jpg,images/train/helopeltis/train_image_0_1496.jpg,helopeltis,1,kaggle,train
test_20220101_100939.jpg,images/train/helopeltis/test_20220101_100939.jpg,helopeltis,1,kaggle,train
train_image_0_3511.jpg,images/train/helopeltis/train_image_0_3511.jpg,helopeltis,1,kaggle,train
train_image_0_3553.jpg,images/train/helopeltis/train_image_0_3553.jpg,helopeltis,1,kaggle,train
train_image_0_1345.jpg,images/train/helopeltis/train_image_0_1345.jpg,helopeltis,1,kaggle,train
train_image_0_1452.jpg,images/train/helopeltis/train_image_0_1452.jpg,helopeltis,1,kaggle,train
train_image_0_2712.jpg,images/train/helopeltis/train_image_0_2712.jpg,helopeltis,1,kaggle,train
train_image_0_4152.jpg,images/train/helopeltis/train_image_0_4152.jpg,helopeltis,1,kaggle,train
test_20220101_103754.jpg,images/train/helopeltis/test_20220101_103754.jpg,helopeltis,1,kaggle,train
train_image_0_2284.jpg,images/train/helopeltis/train_image_0_2284.jpg,helopeltis,1,kaggle,train
train_20220101_105737.jpg,images/train/helopeltis/train_20220101_105737.jpg,helopeltis,1,kaggle,train
train_image_0_1384.jpg,images/train/helopeltis/train_image_0_1384.jpg,helopeltis,1,kaggle,train
train_image_0_4118.jpg,images/train/helopeltis/train_image_0_4118.jpg,helopeltis,1,kaggle,train
test_20211205_161247.jpg,images/train/helopeltis/test_20211205_161247.jpg,helopeltis,1,kaggle,train
test_20220101_104250.jpg,images/train/helopeltis/test_20220101_104250.jpg,helopeltis,1,kaggle,train
train_image_0_2583.jpg,images/train/helopeltis/train_image_0_2583.jpg,helopeltis,1,kaggle,train
test_20220101_095652.jpg,images/train/helopeltis/test_20220101_095652.jpg,helopeltis,1,kaggle,train
obb_166_jpg.rf.b7b6100902742c9d1a47195e12f41189.jpg,images/train/helopeltis/obb_166_jpg.rf.b7b6100902742c9d1a47195e12f41189.jpg,helopeltis,1,field_collected,train
train_20220101_122313.jpg,images/train/helopeltis/train_20220101_122313.jpg,helopeltis,1,kaggle,train
train_image_0_3088.jpg,images/train/helopeltis/train_image_0_3088.jpg,helopeltis,1,kaggle,train
train_image_0_3181.jpg,images/train/helopeltis/train_image_0_3181.jpg,helopeltis,1,kaggle,train
train_20220101_121844.jpg,images/train/helopeltis/train_20220101_121844.jpg,helopeltis,1,kaggle,train
train_image_0_1622.jpg,images/train/helopeltis/train_image_0_1622.jpg,helopeltis,1,kaggle,train
train_image_0_2597.jpg,images/train/helopeltis/train_image_0_2597.jpg,helopeltis,1,kaggle,train
train_20220101_104647.jpg,images/train/helopeltis/train_20220101_104647.jpg,helopeltis,1,kaggle,train
test_20220101_103918.jpg,images/train/helopeltis/test_20220101_103918.jpg,helopeltis,1,kaggle,train
test_20211205_160818.jpg,images/train/helopeltis/test_20211205_160818.jpg,helopeltis,1,kaggle,train
train_image_0_3561.jpg,images/train/helopeltis/train_image_0_3561.jpg,helopeltis,1,kaggle,train
train_image_0_127.jpg,images/train/helopeltis/train_image_0_127.jpg,helopeltis,1,kaggle,train
test_20220101_094351.jpg,images/train/helopeltis/test_20220101_094351.jpg,helopeltis,1,kaggle,train
test_20220101_095321.jpg,images/train/helopeltis/test_20220101_095321.jpg,helopeltis,1,kaggle,train
test_20211205_160126.jpg,images/train/helopeltis/test_20211205_160126.jpg,helopeltis,1,kaggle,train
train_image_0_3119.jpg,images/train/helopeltis/train_image_0_3119.jpg,helopeltis,1,kaggle,train
train_image_0_2391.jpg,images/train/helopeltis/train_image_0_2391.jpg,helopeltis,1,kaggle,train
test_20220101_100050.jpg,images/train/helopeltis/test_20220101_100050.jpg,helopeltis,1,kaggle,train
train_20220101_121719.jpg,images/train/helopeltis/train_20220101_121719.jpg,helopeltis,1,kaggle,train
train_20220101_105457.jpg,images/train/helopeltis/train_20220101_105457.jpg,helopeltis,1,kaggle,train
train_image_0_2707.jpg,images/train/helopeltis/train_image_0_2707.jpg,helopeltis,1,kaggle,train
test_20220101_091304.jpg,images/train/helopeltis/test_20220101_091304.jpg,helopeltis,1,kaggle,train
train_image_0_3758.jpg,images/train/helopeltis/train_image_0_3758.jpg,helopeltis,1,kaggle,train
train_image_0_3729.jpg,images/train/helopeltis/train_image_0_3729.jpg,helopeltis,1,kaggle,train
train_image_0_624.jpg,images/train/helopeltis/train_image_0_624.jpg,helopeltis,1,kaggle,train
obb_IMG_8749_jpg.rf.97f86b8c22d18ccc78efc470a2903e9a.jpg,images/train/helopeltis/obb_IMG_8749_jpg.rf.97f86b8c22d18ccc78efc470a2903e9a.jpg,helopeltis,1,field_collected,train
train_image_0_1965.jpg,images/train/helopeltis/train_image_0_1965.jpg,helopeltis,1,kaggle,train
train_image_0_3123.jpg,images/train/helopeltis/train_image_0_3123.jpg,helopeltis,1,kaggle,train
train_image_0_528.jpg,images/train/helopeltis/train_image_0_528.jpg,helopeltis,1,kaggle,train
test_20220101_100107.jpg,images/train/helopeltis/test_20220101_100107.jpg,helopeltis,1,kaggle,train
train_image_0_351.jpg,images/train/helopeltis/train_image_0_351.jpg,helopeltis,1,kaggle,train
train_image_0_1321.jpg,images/train/helopeltis/train_image_0_1321.jpg,helopeltis,1,kaggle,train
train_image_0_1421.jpg,images/train/helopeltis/train_image_0_1421.jpg,helopeltis,1,kaggle,train
train_image_0_3156.jpg,images/train/helopeltis/train_image_0_3156.jpg,helopeltis,1,kaggle,train
test_20220101_095708.jpg,images/train/helopeltis/test_20220101_095708.jpg,helopeltis,1,kaggle,train
test_20211205_160838.jpg,images/train/helopeltis/test_20211205_160838.jpg,helopeltis,1,kaggle,train
train_image_0_2415.jpg,images/train/helopeltis/train_image_0_2415.jpg,helopeltis,1,kaggle,train
train_image_0_3615.jpg,images/train/helopeltis/train_image_0_3615.jpg,helopeltis,1,kaggle,train
test_20220101_104224.jpg,images/train/helopeltis/test_20220101_104224.jpg,helopeltis,1,kaggle,train
train_20220101_121247.jpg,images/train/helopeltis/train_20220101_121247.jpg,helopeltis,1,kaggle,train
train_image_0_1172.jpg,images/train/helopeltis/train_image_0_1172.jpg,helopeltis,1,kaggle,train
train_image_0_423.jpg,images/train/helopeltis/train_image_0_423.jpg,helopeltis,1,kaggle,train
train_image_0_2036.jpg,images/train/helopeltis/train_image_0_2036.jpg,helopeltis,1,kaggle,train
test_20220101_102021.jpg,images/train/helopeltis/test_20220101_102021.jpg,helopeltis,1,kaggle,train
train_image_0_3594.jpg,images/train/helopeltis/train_image_0_3594.jpg,helopeltis,1,kaggle,train
train_image_0_1564.jpg,images/train/helopeltis/train_image_0_1564.jpg,helopeltis,1,kaggle,train
train_image_0_306.jpg,images/train/helopeltis/train_image_0_306.jpg,helopeltis,1,kaggle,train
test_20220101_100125.jpg,images/train/helopeltis/test_20220101_100125.jpg,helopeltis,1,kaggle,train
train_image_0_6.jpg,images/train/helopeltis/train_image_0_6.jpg,helopeltis,1,kaggle,train
train_20220101_121316.jpg,images/train/helopeltis/train_20220101_121316.jpg,helopeltis,1,kaggle,train
train_20220101_104612.jpg,images/train/helopeltis/train_20220101_104612.jpg,helopeltis,1,kaggle,train
train_image_0_268.jpg,images/train/helopeltis/train_image_0_268.jpg,helopeltis,1,kaggle,train
train_image_0_671.jpg,images/train/helopeltis/train_image_0_671.jpg,helopeltis,1,kaggle,train
test_20220101_095720.jpg,images/train/helopeltis/test_20220101_095720.jpg,helopeltis,1,kaggle,train
train_image_0_3833.jpg,images/train/helopeltis/train_image_0_3833.jpg,helopeltis,1,kaggle,train
train_image_0_267.jpg,images/train/helopeltis/train_image_0_267.jpg,helopeltis,1,kaggle,train
train_image_0_2196.jpg,images/train/helopeltis/train_image_0_2196.jpg,helopeltis,1,kaggle,train
train_image_0_2882.jpg,images/train/helopeltis/train_image_0_2882.jpg,helopeltis,1,kaggle,train
train_image_0_3809.jpg,images/train/helopeltis/train_image_0_3809.jpg,helopeltis,1,kaggle,train
train_image_0_1501.jpg,images/train/helopeltis/train_image_0_1501.jpg,helopeltis,1,kaggle,train
test_20220101_095421.jpg,images/train/helopeltis/test_20220101_095421.jpg,helopeltis,1,kaggle,train
train_image_0_2411.jpg,images/train/helopeltis/train_image_0_2411.jpg,helopeltis,1,kaggle,train
train_image_0_1515.jpg,images/train/helopeltis/train_image_0_1515.jpg,helopeltis,1,kaggle,train
train_image_0_673.jpg,images/train/helopeltis/train_image_0_673.jpg,helopeltis,1,kaggle,train
train_image_0_4201.jpg,images/train/helopeltis/train_image_0_4201.jpg,helopeltis,1,kaggle,train
train_image_0_1736.jpg,images/train/helopeltis/train_image_0_1736.jpg,helopeltis,1,kaggle,train
test_20220101_093558.jpg,images/train/helopeltis/test_20220101_093558.jpg,helopeltis,1,kaggle,train
train_image_0_3876.jpg,images/train/helopeltis/train_image_0_3876.jpg,helopeltis,1,kaggle,train
train_image_0_579.jpg,images/train/helopeltis/train_image_0_579.jpg,helopeltis,1,kaggle,train
train_image_0_927.jpg,images/train/helopeltis/train_image_0_927.jpg,helopeltis,1,kaggle,train
test_20220101_093605.jpg,images/train/helopeltis/test_20220101_093605.jpg,helopeltis,1,kaggle,train
train_20220101_105334.jpg,images/train/helopeltis/train_20220101_105334.jpg,helopeltis,1,kaggle,train
test_20220101_095703.jpg,images/train/helopeltis/test_20220101_095703.jpg,helopeltis,1,kaggle,train
test_20211205_155954.jpg,images/train/helopeltis/test_20211205_155954.jpg,helopeltis,1,kaggle,train
train_image_0_1767.jpg,images/train/helopeltis/train_image_0_1767.jpg,helopeltis,1,kaggle,train
test_20220101_092017.jpg,images/train/helopeltis/test_20220101_092017.jpg,helopeltis,1,kaggle,train
train_image_0_2216.jpg,images/train/helopeltis/train_image_0_2216.jpg,helopeltis,1,kaggle,train
train_image_0_3698.jpg,images/train/helopeltis/train_image_0_3698.jpg,helopeltis,1,kaggle,train
train_image_0_1536.jpg,images/train/helopeltis/train_image_0_1536.jpg,helopeltis,1,kaggle,train
test_20220101_103638.jpg,images/train/helopeltis/test_20220101_103638.jpg,helopeltis,1,kaggle,train
train_image_0_1200.jpg,images/train/helopeltis/train_image_0_1200.jpg,helopeltis,1,kaggle,train
train_image_0_1490.jpg,images/train/helopeltis/train_image_0_1490.jpg,helopeltis,1,kaggle,train
train_image_0_761.jpg,images/train/helopeltis/train_image_0_761.jpg,helopeltis,1,kaggle,train
train_image_0_2729.jpg,images/train/helopeltis/train_image_0_2729.jpg,helopeltis,1,kaggle,train
train_image_0_825.jpg,images/train/helopeltis/train_image_0_825.jpg,helopeltis,1,kaggle,train
train_image_0_2067.jpg,images/train/helopeltis/train_image_0_2067.jpg,helopeltis,1,kaggle,train
train_image_0_3569.jpg,images/train/helopeltis/train_image_0_3569.jpg,helopeltis,1,kaggle,train
train_image_0_1325.jpg,images/train/helopeltis/train_image_0_1325.jpg,helopeltis,1,kaggle,train
train_image_0_2908.jpg,images/train/helopeltis/train_image_0_2908.jpg,helopeltis,1,kaggle,train
train_image_0_2279.jpg,images/train/helopeltis/train_image_0_2279.jpg,helopeltis,1,kaggle,train
train_image_0_338.jpg,images/train/helopeltis/train_image_0_338.jpg,helopeltis,1,kaggle,train
train_image_0_4267.jpg,images/train/helopeltis/train_image_0_4267.jpg,helopeltis,1,kaggle,train
train_image_0_3196.jpg,images/train/helopeltis/train_image_0_3196.jpg,helopeltis,1,kaggle,train
train_20220101_114651.jpg,images/train/helopeltis/train_20220101_114651.jpg,helopeltis,1,kaggle,train
train_image_0_1669.jpg,images/train/helopeltis/train_image_0_1669.jpg,helopeltis,1,kaggle,train
train_image_0_3751.jpg,images/train/helopeltis/train_image_0_3751.jpg,helopeltis,1,kaggle,train
test_20220101_092303.jpg,images/train/helopeltis/test_20220101_092303.jpg,helopeltis,1,kaggle,train
train_image_0_2493.jpg,images/train/helopeltis/train_image_0_2493.jpg,helopeltis,1,kaggle,train
train_image_0_3124.jpg,images/train/helopeltis/train_image_0_3124.jpg,helopeltis,1,kaggle,train
train_image_0_2268.jpg,images/train/helopeltis/train_image_0_2268.jpg,helopeltis,1,kaggle,train
train_20220101_114554.jpg,images/train/helopeltis/train_20220101_114554.jpg,helopeltis,1,kaggle,train
test_20220101_104441.jpg,images/train/helopeltis/test_20220101_104441.jpg,helopeltis,1,kaggle,train
train_20220101_115431.jpg,images/train/helopeltis/train_20220101_115431.jpg,helopeltis,1,kaggle,train
obb_IMG_69_jpeg.rf.9e97bdd846eae2f19db0473cd687be67.jpg,images/train/helopeltis/obb_IMG_69_jpeg.rf.9e97bdd846eae2f19db0473cd687be67.jpg,helopeltis,1,field_collected,train
train_image_0_1692.jpg,images/train/helopeltis/train_image_0_1692.jpg,helopeltis,1,kaggle,train
train_image_0_3613.jpg,images/train/helopeltis/train_image_0_3613.jpg,helopeltis,1,kaggle,train
train_image_0_2801.jpg,images/train/helopeltis/train_image_0_2801.jpg,helopeltis,1,kaggle,train
train_image_0_2818.jpg,images/train/helopeltis/train_image_0_2818.jpg,helopeltis,1,kaggle,train
train_image_0_676.jpg,images/train/helopeltis/train_image_0_676.jpg,helopeltis,1,kaggle,train
train_image_0_2030.jpg,images/train/helopeltis/train_image_0_2030.jpg,helopeltis,1,kaggle,train
train_20220101_105416.jpg,images/train/helopeltis/train_20220101_105416.jpg,helopeltis,1,kaggle,train
train_image_0_3627.jpg,images/train/helopeltis/train_image_0_3627.jpg,helopeltis,1,kaggle,train
train_image_0_2828.jpg,images/train/helopeltis/train_image_0_2828.jpg,helopeltis,1,kaggle,train
train_image_0_1038.jpg,images/train/helopeltis/train_image_0_1038.jpg,helopeltis,1,kaggle,train
test_20220101_103423.jpg,images/train/helopeltis/test_20220101_103423.jpg,helopeltis,1,kaggle,train
test_20220101_091416.jpg,images/train/helopeltis/test_20220101_091416.jpg,helopeltis,1,kaggle,train
train_20220101_120438.jpg,images/train/helopeltis/train_20220101_120438.jpg,helopeltis,1,kaggle,train
train_20220101_113315.jpg,images/train/helopeltis/train_20220101_113315.jpg,helopeltis,1,kaggle,train
train_image_0_956.jpg,images/train/helopeltis/train_image_0_956.jpg,helopeltis,1,kaggle,train
train_image_0_886.jpg,images/train/helopeltis/train_image_0_886.jpg,helopeltis,1,kaggle,train
train_image_0_1245.jpg,images/train/helopeltis/train_image_0_1245.jpg,helopeltis,1,kaggle,train
train_image_0_979.jpg,images/train/helopeltis/train_image_0_979.jpg,helopeltis,1,kaggle,train
train_image_0_1598.jpg,images/train/helopeltis/train_image_0_1598.jpg,helopeltis,1,kaggle,train
train_image_0_4275.jpg,images/train/helopeltis/train_image_0_4275.jpg,helopeltis,1,kaggle,train
train_image_0_2856.jpg,images/train/helopeltis/train_image_0_2856.jpg,helopeltis,1,kaggle,train
train_image_0_4116.jpg,images/train/helopeltis/train_image_0_4116.jpg,helopeltis,1,kaggle,train
train_image_0_2029.jpg,images/train/helopeltis/train_image_0_2029.jpg,helopeltis,1,kaggle,train
train_image_0_1046.jpg,images/train/helopeltis/train_image_0_1046.jpg,helopeltis,1,kaggle,train
train_image_0_1369.jpg,images/train/helopeltis/train_image_0_1369.jpg,helopeltis,1,kaggle,train
train_image_0_1563.jpg,images/train/helopeltis/train_image_0_1563.jpg,helopeltis,1,kaggle,train
train_image_0_3407.jpg,images/train/helopeltis/train_image_0_3407.jpg,helopeltis,1,kaggle,train
train_image_0_130.jpg,images/train/helopeltis/train_image_0_130.jpg,helopeltis,1,kaggle,train
test_20220101_103356.jpg,images/train/helopeltis/test_20220101_103356.jpg,helopeltis,1,kaggle,train
train_image_0_450.jpg,images/train/helopeltis/train_image_0_450.jpg,helopeltis,1,kaggle,train
train_20220101_105753.jpg,images/train/helopeltis/train_20220101_105753.jpg,helopeltis,1,kaggle,train
train_image_0_936.jpg,images/train/helopeltis/train_image_0_936.jpg,helopeltis,1,kaggle,train
train_image_0_3900.jpg,images/train/helopeltis/train_image_0_3900.jpg,helopeltis,1,kaggle,train
train_image_0_4011.jpg,images/train/helopeltis/train_image_0_4011.jpg,helopeltis,1,kaggle,train
train_image_0_2089.jpg,images/train/helopeltis/train_image_0_2089.jpg,helopeltis,1,kaggle,train
train_20220101_104734.jpg,images/train/helopeltis/train_20220101_104734.jpg,helopeltis,1,kaggle,train
train_image_0_3026.jpg,images/train/helopeltis/train_image_0_3026.jpg,helopeltis,1,kaggle,train
train_image_0_3018.jpg,images/train/helopeltis/train_image_0_3018.jpg,helopeltis,1,kaggle,train
train_image_0_419.jpg,images/train/helopeltis/train_image_0_419.jpg,helopeltis,1,kaggle,train
train_image_0_4085.jpg,images/train/helopeltis/train_image_0_4085.jpg,helopeltis,1,kaggle,train
train_image_0_631.jpg,images/train/helopeltis/train_image_0_631.jpg,helopeltis,1,kaggle,train
train_image_0_3659.jpg,images/train/helopeltis/train_image_0_3659.jpg,helopeltis,1,kaggle,train
test_20211205_161114.jpg,images/train/helopeltis/test_20211205_161114.jpg,helopeltis,1,kaggle,train
test_20220101_094358.jpg,images/train/helopeltis/test_20220101_094358.jpg,helopeltis,1,kaggle,train
train_image_0_2490.jpg,images/train/helopeltis/train_image_0_2490.jpg,helopeltis,1,kaggle,train
test_20220101_094405.jpg,images/train/helopeltis/test_20220101_094405.jpg,helopeltis,1,kaggle,train
train_image_0_2414.jpg,images/train/helopeltis/train_image_0_2414.jpg,helopeltis,1,kaggle,train
train_image_0_1269.jpg,images/train/helopeltis/train_image_0_1269.jpg,helopeltis,1,kaggle,train
train_image_0_4159.jpg,images/train/helopeltis/train_image_0_4159.jpg,helopeltis,1,kaggle,train
train_image_0_1755.jpg,images/train/helopeltis/train_image_0_1755.jpg,helopeltis,1,kaggle,train
test_20220101_102347.jpg,images/train/helopeltis/test_20220101_102347.jpg,helopeltis,1,kaggle,train
train_image_0_1142.jpg,images/train/helopeltis/train_image_0_1142.jpg,helopeltis,1,kaggle,train
train_image_0_2179.jpg,images/train/helopeltis/train_image_0_2179.jpg,helopeltis,1,kaggle,train
test_20220101_104239.jpg,images/train/helopeltis/test_20220101_104239.jpg,helopeltis,1,kaggle,train
train_image_0_1394.jpg,images/train/helopeltis/train_image_0_1394.jpg,helopeltis,1,kaggle,train
train_image_0_2226.jpg,images/train/helopeltis/train_image_0_2226.jpg,helopeltis,1,kaggle,train
train_image_0_2394.jpg,images/train/helopeltis/train_image_0_2394.jpg,helopeltis,1,kaggle,train
train_20220101_105041.jpg,images/train/helopeltis/train_20220101_105041.jpg,helopeltis,1,kaggle,train
train_image_0_2143.jpg,images/train/helopeltis/train_image_0_2143.jpg,helopeltis,1,kaggle,train
train_image_0_2155.jpg,images/train/helopeltis/train_image_0_2155.jpg,helopeltis,1,kaggle,train
train_image_0_1147.jpg,images/train/helopeltis/train_image_0_1147.jpg,helopeltis,1,kaggle,train
train_image_0_569.jpg,images/train/helopeltis/train_image_0_569.jpg,helopeltis,1,kaggle,train
train_image_0_2122.jpg,images/train/helopeltis/train_image_0_2122.jpg,helopeltis,1,kaggle,train
train_image_0_2516.jpg,images/train/helopeltis/train_image_0_2516.jpg,helopeltis,1,kaggle,train
train_20220101_105435.jpg,images/train/helopeltis/train_20220101_105435.jpg,helopeltis,1,kaggle,train
train_image_0_2167.jpg,images/train/helopeltis/train_image_0_2167.jpg,helopeltis,1,kaggle,train
train_image_0_1300.jpg,images/train/helopeltis/train_image_0_1300.jpg,helopeltis,1,kaggle,train
train_image_0_3107.jpg,images/train/helopeltis/train_image_0_3107.jpg,helopeltis,1,kaggle,train
test_20211205_160923.jpg,images/train/helopeltis/test_20211205_160923.jpg,helopeltis,1,kaggle,train
train_image_0_3010.jpg,images/train/helopeltis/train_image_0_3010.jpg,helopeltis,1,kaggle,train
train_image_0_925.jpg,images/train/helopeltis/train_image_0_925.jpg,helopeltis,1,kaggle,train
train_image_0_3866.jpg,images/train/helopeltis/train_image_0_3866.jpg,helopeltis,1,kaggle,train
test_20220101_103625.jpg,images/train/helopeltis/test_20220101_103625.jpg,helopeltis,1,kaggle,train
train_image_0_3012.jpg,images/train/helopeltis/train_image_0_3012.jpg,helopeltis,1,kaggle,train
train_image_0_145.jpg,images/train/helopeltis/train_image_0_145.jpg,helopeltis,1,kaggle,train
train_image_0_2361.jpg,images/train/helopeltis/train_image_0_2361.jpg,helopeltis,1,kaggle,train
train_image_0_714.jpg,images/train/helopeltis/train_image_0_714.jpg,helopeltis,1,kaggle,train
train_image_0_1308.jpg,images/train/helopeltis/train_image_0_1308.jpg,helopeltis,1,kaggle,train
train_image_0_2497.jpg,images/train/helopeltis/train_image_0_2497.jpg,helopeltis,1,kaggle,train
test_20220101_102913.jpg,images/train/helopeltis/test_20220101_102913.jpg,helopeltis,1,kaggle,train
test_20220101_095455.jpg,images/train/helopeltis/test_20220101_095455.jpg,helopeltis,1,kaggle,train
train_image_0_634.jpg,images/train/helopeltis/train_image_0_634.jpg,helopeltis,1,kaggle,train
train_image_0_2559.jpg,images/train/helopeltis/train_image_0_2559.jpg,helopeltis,1,kaggle,train
train_image_0_4133.jpg,images/train/helopeltis/train_image_0_4133.jpg,helopeltis,1,kaggle,train
test_20220101_104206.jpg,images/train/helopeltis/test_20220101_104206.jpg,helopeltis,1,kaggle,train
train_image_0_3606.jpg,images/train/helopeltis/train_image_0_3606.jpg,helopeltis,1,kaggle,train
train_image_0_3998.jpg,images/train/helopeltis/train_image_0_3998.jpg,helopeltis,1,kaggle,train
train_image_0_1084.jpg,images/train/helopeltis/train_image_0_1084.jpg,helopeltis,1,kaggle,train
train_image_0_3882.jpg,images/train/helopeltis/train_image_0_3882.jpg,helopeltis,1,kaggle,train
train_image_0_3014.jpg,images/train/helopeltis/train_image_0_3014.jpg,helopeltis,1,kaggle,train
train_image_0_3761.jpg,images/train/helopeltis/train_image_0_3761.jpg,helopeltis,1,kaggle,train
test_20211205_160857.jpg,images/train/helopeltis/test_20211205_160857.jpg,helopeltis,1,kaggle,train
train_image_0_3136.jpg,images/train/helopeltis/train_image_0_3136.jpg,helopeltis,1,kaggle,train
train_20220101_105108.jpg,images/train/helopeltis/train_20220101_105108.jpg,helopeltis,1,kaggle,train
train_image_0_165.jpg,images/train/helopeltis/train_image_0_165.jpg,helopeltis,1,kaggle,train
train_image_0_409.jpg,images/train/helopeltis/train_image_0_409.jpg,helopeltis,1,kaggle,train
train_image_0_1934.jpg,images/train/helopeltis/train_image_0_1934.jpg,helopeltis,1,kaggle,train
train_image_0_3667.jpg,images/train/helopeltis/train_image_0_3667.jpg,helopeltis,1,kaggle,train
train_image_0_3064.jpg,images/train/helopeltis/train_image_0_3064.jpg,helopeltis,1,kaggle,train
train_image_0_3307.jpg,images/train/helopeltis/train_image_0_3307.jpg,helopeltis,1,kaggle,train
train_image_0_4108.jpg,images/train/helopeltis/train_image_0_4108.jpg,helopeltis,1,kaggle,train
train_image_0_1504.jpg,images/train/helopeltis/train_image_0_1504.jpg,helopeltis,1,kaggle,train
train_image_0_681.jpg,images/train/helopeltis/train_image_0_681.jpg,helopeltis,1,kaggle,train
train_image_0_3782.jpg,images/train/helopeltis/train_image_0_3782.jpg,helopeltis,1,kaggle,train
train_20220101_104917.jpg,images/train/helopeltis/train_20220101_104917.jpg,helopeltis,1,kaggle,train
train_image_0_3155.jpg,images/train/helopeltis/train_image_0_3155.jpg,helopeltis,1,kaggle,train
train_image_0_3828.jpg,images/train/helopeltis/train_image_0_3828.jpg,helopeltis,1,kaggle,train
test_20220101_102926.jpg,images/train/helopeltis/test_20220101_102926.jpg,helopeltis,1,kaggle,train
train_image_0_3737.jpg,images/train/helopeltis/train_image_0_3737.jpg,helopeltis,1,kaggle,train
train_20220101_105007.jpg,images/train/helopeltis/train_20220101_105007.jpg,helopeltis,1,kaggle,train
train_20220101_121454.jpg,images/train/helopeltis/train_20220101_121454.jpg,helopeltis,1,kaggle,train
train_20220101_121114.jpg,images/train/helopeltis/train_20220101_121114.jpg,helopeltis,1,kaggle,train
train_image_0_3661.jpg,images/train/helopeltis/train_image_0_3661.jpg,helopeltis,1,kaggle,train
train_20220101_105424.jpg,images/train/helopeltis/train_20220101_105424.jpg,helopeltis,1,kaggle,train
train_image_0_928.jpg,images/train/helopeltis/train_image_0_928.jpg,helopeltis,1,kaggle,train
train_image_0_3349.jpg,images/train/helopeltis/train_image_0_3349.jpg,helopeltis,1,kaggle,train
test_20220101_094229.jpg,images/train/helopeltis/test_20220101_094229.jpg,helopeltis,1,kaggle,train
test_20220101_095018.jpg,images/train/helopeltis/test_20220101_095018.jpg,helopeltis,1,kaggle,train
train_image_0_2427.jpg,images/train/helopeltis/train_image_0_2427.jpg,helopeltis,1,kaggle,train
test_20220101_101321.jpg,images/train/helopeltis/test_20220101_101321.jpg,helopeltis,1,kaggle,train
test_20220101_094038.jpg,images/train/helopeltis/test_20220101_094038.jpg,helopeltis,1,kaggle,train
train_image_0_764.jpg,images/train/helopeltis/train_image_0_764.jpg,helopeltis,1,kaggle,train
train_image_0_616.jpg,images/train/helopeltis/train_image_0_616.jpg,helopeltis,1,kaggle,train
train_image_0_896.jpg,images/train/helopeltis/train_image_0_896.jpg,helopeltis,1,kaggle,train
train_image_0_1697.jpg,images/train/helopeltis/train_image_0_1697.jpg,helopeltis,1,kaggle,train
train_image_0_2474.jpg,images/train/helopeltis/train_image_0_2474.jpg,helopeltis,1,kaggle,train
train_image_0_2918.jpg,images/train/helopeltis/train_image_0_2918.jpg,helopeltis,1,kaggle,train
train_image_0_1779.jpg,images/train/helopeltis/train_image_0_1779.jpg,helopeltis,1,kaggle,train
train_image_0_2433.jpg,images/train/helopeltis/train_image_0_2433.jpg,helopeltis,1,kaggle,train
train_image_0_1711.jpg,images/train/helopeltis/train_image_0_1711.jpg,helopeltis,1,kaggle,train
train_image_0_2170.jpg,images/train/helopeltis/train_image_0_2170.jpg,helopeltis,1,kaggle,train
train_image_0_1270.jpg,images/train/helopeltis/train_image_0_1270.jpg,helopeltis,1,kaggle,train
test_20220101_094948.jpg,images/train/helopeltis/test_20220101_094948.jpg,helopeltis,1,kaggle,train
train_image_0_3783.jpg,images/train/helopeltis/train_image_0_3783.jpg,helopeltis,1,kaggle,train
test_20220101_095922.jpg,images/train/helopeltis/test_20220101_095922.jpg,helopeltis,1,kaggle,train
train_image_0_1699.jpg,images/train/helopeltis/train_image_0_1699.jpg,helopeltis,1,kaggle,train
train_image_0_3031.jpg,images/train/helopeltis/train_image_0_3031.jpg,helopeltis,1,kaggle,train
train_image_0_3536.jpg,images/train/helopeltis/train_image_0_3536.jpg,helopeltis,1,kaggle,train
train_image_0_3285.jpg,images/train/helopeltis/train_image_0_3285.jpg,helopeltis,1,kaggle,train
train_image_0_874.jpg,images/train/helopeltis/train_image_0_874.jpg,helopeltis,1,kaggle,train
train_image_0_1675.jpg,images/train/helopeltis/train_image_0_1675.jpg,helopeltis,1,kaggle,train
train_image_0_2254.jpg,images/train/helopeltis/train_image_0_2254.jpg,helopeltis,1,kaggle,train
train_image_0_1187.jpg,images/train/helopeltis/train_image_0_1187.jpg,helopeltis,1,kaggle,train
train_image_0_70.jpg,images/train/helopeltis/train_image_0_70.jpg,helopeltis,1,kaggle,train
test_20220101_092709.jpg,images/train/helopeltis/test_20220101_092709.jpg,helopeltis,1,kaggle,train
train_image_0_129.jpg,images/train/helopeltis/train_image_0_129.jpg,helopeltis,1,kaggle,train
test_20220101_092229.jpg,images/train/helopeltis/test_20220101_092229.jpg,helopeltis,1,kaggle,train
test_20220101_103900.jpg,images/train/helopeltis/test_20220101_103900.jpg,helopeltis,1,kaggle,train
train_image_0_1275.jpg,images/train/helopeltis/train_image_0_1275.jpg,helopeltis,1,kaggle,train
train_image_0_1557.jpg,images/train/helopeltis/train_image_0_1557.jpg,helopeltis,1,kaggle,train
train_image_0_2247.jpg,images/train/helopeltis/train_image_0_2247.jpg,helopeltis,1,kaggle,train
train_image_0_467.jpg,images/train/helopeltis/train_image_0_467.jpg,helopeltis,1,kaggle,train
test_20211205_155948.jpg,images/train/helopeltis/test_20211205_155948.jpg,helopeltis,1,kaggle,train
train_image_0_3918.jpg,images/train/helopeltis/train_image_0_3918.jpg,helopeltis,1,kaggle,train
train_image_0_1483.jpg,images/train/helopeltis/train_image_0_1483.jpg,helopeltis,1,kaggle,train
train_image_0_3265.jpg,images/train/helopeltis/train_image_0_3265.jpg,helopeltis,1,kaggle,train
train_20220101_104635.jpg,images/train/helopeltis/train_20220101_104635.jpg,helopeltis,1,kaggle,train
train_image_0_1148.jpg,images/train/helopeltis/train_image_0_1148.jpg,helopeltis,1,kaggle,train
test_20220101_104529.jpg,images/train/helopeltis/test_20220101_104529.jpg,helopeltis,1,kaggle,train
train_image_0_1832.jpg,images/train/helopeltis/train_image_0_1832.jpg,helopeltis,1,kaggle,train
train_image_0_4257.jpg,images/train/helopeltis/train_image_0_4257.jpg,helopeltis,1,kaggle,train
train_image_0_3597.jpg,images/train/helopeltis/train_image_0_3597.jpg,helopeltis,1,kaggle,train
test_20220101_102559.jpg,images/train/helopeltis/test_20220101_102559.jpg,helopeltis,1,kaggle,train
test_20220101_091850.jpg,images/train/helopeltis/test_20220101_091850.jpg,helopeltis,1,kaggle,train
train_image_0_3381.jpg,images/train/helopeltis/train_image_0_3381.jpg,helopeltis,1,kaggle,train
train_image_0_3609.jpg,images/train/helopeltis/train_image_0_3609.jpg,helopeltis,1,kaggle,train
train_20220101_104824.jpg,images/train/helopeltis/train_20220101_104824.jpg,helopeltis,1,kaggle,train
train_image_0_2681.jpg,images/train/helopeltis/train_image_0_2681.jpg,helopeltis,1,kaggle,train
train_image_0_3528.jpg,images/train/helopeltis/train_image_0_3528.jpg,helopeltis,1,kaggle,train
train_image_0_3874.jpg,images/train/helopeltis/train_image_0_3874.jpg,helopeltis,1,kaggle,train
train_image_0_3875.jpg,images/train/helopeltis/train_image_0_3875.jpg,helopeltis,1,kaggle,train
train_image_0_1240.jpg,images/train/helopeltis/train_image_0_1240.jpg,helopeltis,1,kaggle,train
train_image_0_2852.jpg,images/train/helopeltis/train_image_0_2852.jpg,helopeltis,1,kaggle,train
train_image_0_2547.jpg,images/train/helopeltis/train_image_0_2547.jpg,helopeltis,1,kaggle,train
train_image_0_2239.jpg,images/train/helopeltis/train_image_0_2239.jpg,helopeltis,1,kaggle,train
train_image_0_3375.jpg,images/train/helopeltis/train_image_0_3375.jpg,helopeltis,1,kaggle,train
train_20220101_113942.jpg,images/train/helopeltis/train_20220101_113942.jpg,helopeltis,1,kaggle,train
train_image_0_2725.jpg,images/train/helopeltis/train_image_0_2725.jpg,helopeltis,1,kaggle,train
test_20220101_093739.jpg,images/train/helopeltis/test_20220101_093739.jpg,helopeltis,1,kaggle,train
test_20220101_095137.jpg,images/train/helopeltis/test_20220101_095137.jpg,helopeltis,1,kaggle,train
train_image_0_1477.jpg,images/train/helopeltis/train_image_0_1477.jpg,helopeltis,1,kaggle,train
train_20220101_105446.jpg,images/train/helopeltis/train_20220101_105446.jpg,helopeltis,1,kaggle,train
train_image_0_471.jpg,images/train/helopeltis/train_image_0_471.jpg,helopeltis,1,kaggle,train
train_image_0_2120.jpg,images/train/helopeltis/train_image_0_2120.jpg,helopeltis,1,kaggle,train
test_20220101_103002.jpg,images/train/helopeltis/test_20220101_103002.jpg,helopeltis,1,kaggle,train
train_image_0_3953.jpg,images/train/helopeltis/train_image_0_3953.jpg,helopeltis,1,kaggle,train
test_20220101_101316.jpg,images/train/helopeltis/test_20220101_101316.jpg,helopeltis,1,kaggle,train
train_image_0_265.jpg,images/train/helopeltis/train_image_0_265.jpg,helopeltis,1,kaggle,train
train_image_0_486.jpg,images/train/helopeltis/train_image_0_486.jpg,helopeltis,1,kaggle,train
test_20220101_102359.jpg,images/train/helopeltis/test_20220101_102359.jpg,helopeltis,1,kaggle,train
test_20220101_095658.jpg,images/train/helopeltis/test_20220101_095658.jpg,helopeltis,1,kaggle,train
train_image_0_701.jpg,images/train/helopeltis/train_image_0_701.jpg,helopeltis,1,kaggle,train
test_20220101_091041.jpg,images/train/helopeltis/test_20220101_091041.jpg,helopeltis,1,kaggle,train
train_image_0_3565.jpg,images/train/helopeltis/train_image_0_3565.jpg,helopeltis,1,kaggle,train
test_20220101_104409.jpg,images/train/helopeltis/test_20220101_104409.jpg,helopeltis,1,kaggle,train
train_image_0_3491.jpg,images/train/helopeltis/train_image_0_3491.jpg,helopeltis,1,kaggle,train
test_20211205_161031.jpg,images/train/helopeltis/test_20211205_161031.jpg,helopeltis,1,kaggle,train
train_image_0_601.jpg,images/train/helopeltis/train_image_0_601.jpg,helopeltis,1,kaggle,train
train_image_0_2678.jpg,images/train/helopeltis/train_image_0_2678.jpg,helopeltis,1,kaggle,train
train_20220101_113856.jpg,images/train/helopeltis/train_20220101_113856.jpg,helopeltis,1,kaggle,train
train_image_0_2673.jpg,images/train/helopeltis/train_image_0_2673.jpg,helopeltis,1,kaggle,train
train_20220101_122301.jpg,images/train/helopeltis/train_20220101_122301.jpg,helopeltis,1,kaggle,train
train_image_0_3679.jpg,images/train/helopeltis/train_image_0_3679.jpg,helopeltis,1,kaggle,train
train_image_0_2215.jpg,images/train/helopeltis/train_image_0_2215.jpg,helopeltis,1,kaggle,train
test_20220101_102229.jpg,images/train/helopeltis/test_20220101_102229.jpg,helopeltis,1,kaggle,train
test_20220101_093353.jpg,images/train/helopeltis/test_20220101_093353.jpg,helopeltis,1,kaggle,train
train_image_0_2235.jpg,images/train/helopeltis/train_image_0_2235.jpg,helopeltis,1,kaggle,train
test_20220101_103631.jpg,images/train/helopeltis/test_20220101_103631.jpg,helopeltis,1,kaggle,train
train_image_0_1848.jpg,images/train/helopeltis/train_image_0_1848.jpg,helopeltis,1,kaggle,train
train_20220101_105717.jpg,images/train/helopeltis/train_20220101_105717.jpg,helopeltis,1,kaggle,train
train_image_0_2363.jpg,images/train/helopeltis/train_image_0_2363.jpg,helopeltis,1,kaggle,train
train_image_0_1628.jpg,images/train/helopeltis/train_image_0_1628.jpg,helopeltis,1,kaggle,train
train_image_0_2206.jpg,images/train/helopeltis/train_image_0_2206.jpg,helopeltis,1,kaggle,train
train_image_0_3955.jpg,images/train/helopeltis/train_image_0_3955.jpg,helopeltis,1,kaggle,train
train_image_0_273.jpg,images/train/helopeltis/train_image_0_273.jpg,helopeltis,1,kaggle,train
train_image_0_1025.jpg,images/train/helopeltis/train_image_0_1025.jpg,helopeltis,1,kaggle,train
train_20220101_105339.jpg,images/train/helopeltis/train_20220101_105339.jpg,helopeltis,1,kaggle,train
train_image_0_2697.jpg,images/train/helopeltis/train_image_0_2697.jpg,helopeltis,1,kaggle,train
train_image_0_1212.jpg,images/train/helopeltis/train_image_0_1212.jpg,helopeltis,1,kaggle,train
train_image_0_4279.jpg,images/train/helopeltis/train_image_0_4279.jpg,helopeltis,1,kaggle,train
train_image_0_607.jpg,images/train/helopeltis/train_image_0_607.jpg,helopeltis,1,kaggle,train
test_20220101_092011.jpg,images/train/helopeltis/test_20220101_092011.jpg,helopeltis,1,kaggle,train
train_image_0_177.jpg,images/train/helopeltis/train_image_0_177.jpg,helopeltis,1,kaggle,train
train_image_0_3948.jpg,images/train/helopeltis/train_image_0_3948.jpg,helopeltis,1,kaggle,train
train_image_0_3282.jpg,images/train/helopeltis/train_image_0_3282.jpg,helopeltis,1,kaggle,train
train_image_0_4232.jpg,images/train/helopeltis/train_image_0_4232.jpg,helopeltis,1,kaggle,train
train_image_0_22.jpg,images/train/helopeltis/train_image_0_22.jpg,helopeltis,1,kaggle,train
train_image_0_4142.jpg,images/train/helopeltis/train_image_0_4142.jpg,helopeltis,1,kaggle,train
train_image_0_3182.jpg,images/train/helopeltis/train_image_0_3182.jpg,helopeltis,1,kaggle,train
test_20220101_092205.jpg,images/train/helopeltis/test_20220101_092205.jpg,helopeltis,1,kaggle,train
train_image_0_431.jpg,images/train/helopeltis/train_image_0_431.jpg,helopeltis,1,kaggle,train
train_20220101_121243.jpg,images/train/helopeltis/train_20220101_121243.jpg,helopeltis,1,kaggle,train
train_image_0_3296.jpg,images/train/helopeltis/train_image_0_3296.jpg,helopeltis,1,kaggle,train
test_20220101_102954.jpg,images/train/helopeltis/test_20220101_102954.jpg,helopeltis,1,kaggle,train
train_image_0_3516.jpg,images/train/helopeltis/train_image_0_3516.jpg,helopeltis,1,kaggle,train
train_image_0_2327.jpg,images/train/helopeltis/train_image_0_2327.jpg,helopeltis,1,kaggle,train
test_20220101_104004.jpg,images/train/helopeltis/test_20220101_104004.jpg,helopeltis,1,kaggle,train
train_image_0_3683.jpg,images/train/helopeltis/train_image_0_3683.jpg,helopeltis,1,kaggle,train
train_image_0_3687.jpg,images/train/helopeltis/train_image_0_3687.jpg,helopeltis,1,kaggle,train
train_image_0_3829.jpg,images/train/helopeltis/train_image_0_3829.jpg,helopeltis,1,kaggle,train
train_20220101_104640.jpg,images/train/helopeltis/train_20220101_104640.jpg,helopeltis,1,kaggle,train
train_image_0_837.jpg,images/train/helopeltis/train_image_0_837.jpg,helopeltis,1,kaggle,train
train_image_0_86.jpg,images/train/helopeltis/train_image_0_86.jpg,helopeltis,1,kaggle,train
train_image_0_3883.jpg,images/train/helopeltis/train_image_0_3883.jpg,helopeltis,1,kaggle,train
train_image_0_1413.jpg,images/train/helopeltis/train_image_0_1413.jpg,helopeltis,1,kaggle,train
train_image_0_2991.jpg,images/train/helopeltis/train_image_0_2991.jpg,helopeltis,1,kaggle,train
train_image_0_350.jpg,images/train/helopeltis/train_image_0_350.jpg,helopeltis,1,kaggle,train
train_image_0_3899.jpg,images/train/helopeltis/train_image_0_3899.jpg,helopeltis,1,kaggle,train
train_image_0_2835.jpg,images/train/helopeltis/train_image_0_2835.jpg,helopeltis,1,kaggle,train
test_20220101_093941.jpg,images/train/helopeltis/test_20220101_093941.jpg,helopeltis,1,kaggle,train
test_20220101_091601.jpg,images/train/helopeltis/test_20220101_091601.jpg,helopeltis,1,kaggle,train
train_image_0_3220.jpg,images/train/helopeltis/train_image_0_3220.jpg,helopeltis,1,kaggle,train
train_image_0_1746.jpg,images/train/helopeltis/train_image_0_1746.jpg,helopeltis,1,kaggle,train
train_image_0_704.jpg,images/train/helopeltis/train_image_0_704.jpg,helopeltis,1,kaggle,train
test_20220101_094018.jpg,images/train/helopeltis/test_20220101_094018.jpg,helopeltis,1,kaggle,train
train_image_0_3274.jpg,images/train/helopeltis/train_image_0_3274.jpg,helopeltis,1,kaggle,train
obb_80_jpg.rf.57f0b5175a4aa0b217b5fa8f69962546.jpg,images/train/helopeltis/obb_80_jpg.rf.57f0b5175a4aa0b217b5fa8f69962546.jpg,helopeltis,1,field_collected,train
train_image_0_1854.jpg,images/train/helopeltis/train_image_0_1854.jpg,helopeltis,1,kaggle,train
test_20220101_103616.jpg,images/train/helopeltis/test_20220101_103616.jpg,helopeltis,1,kaggle,train
train_image_0_807.jpg,images/train/helopeltis/train_image_0_807.jpg,helopeltis,1,kaggle,train
train_image_0_857.jpg,images/train/helopeltis/train_image_0_857.jpg,helopeltis,1,kaggle,train
train_image_0_1305.jpg,images/train/helopeltis/train_image_0_1305.jpg,helopeltis,1,kaggle,train
train_image_0_477.jpg,images/train/helopeltis/train_image_0_477.jpg,helopeltis,1,kaggle,train
train_image_0_312.jpg,images/train/helopeltis/train_image_0_312.jpg,helopeltis,1,kaggle,train
train_image_0_4117.jpg,images/train/helopeltis/train_image_0_4117.jpg,helopeltis,1,kaggle,train
test_20220101_101827.jpg,images/train/helopeltis/test_20220101_101827.jpg,helopeltis,1,kaggle,train
train_image_0_1295.jpg,images/train/helopeltis/train_image_0_1295.jpg,helopeltis,1,kaggle,train
train_image_0_2872.jpg,images/train/helopeltis/train_image_0_2872.jpg,helopeltis,1,kaggle,train
train_image_0_538.jpg,images/train/helopeltis/train_image_0_538.jpg,helopeltis,1,kaggle,train
train_image_0_3017.jpg,images/train/helopeltis/train_image_0_3017.jpg,helopeltis,1,kaggle,train
test_20211205_160149.jpg,images/train/helopeltis/test_20211205_160149.jpg,helopeltis,1,kaggle,train
train_20220101_121051.jpg,images/train/helopeltis/train_20220101_121051.jpg,helopeltis,1,kaggle,train
train_image_0_695.jpg,images/train/helopeltis/train_image_0_695.jpg,helopeltis,1,kaggle,train
train_image_0_1256.jpg,images/train/helopeltis/train_image_0_1256.jpg,helopeltis,1,kaggle,train
train_image_0_1052.jpg,images/train/helopeltis/train_image_0_1052.jpg,helopeltis,1,kaggle,train
train_image_0_662.jpg,images/train/helopeltis/train_image_0_662.jpg,helopeltis,1,kaggle,train
train_image_0_4006.jpg,images/train/helopeltis/train_image_0_4006.jpg,helopeltis,1,kaggle,train
train_image_0_418.jpg,images/train/helopeltis/train_image_0_418.jpg,helopeltis,1,kaggle,train
train_image_0_4091.jpg,images/train/helopeltis/train_image_0_4091.jpg,helopeltis,1,kaggle,train
train_image_0_1853.jpg,images/train/helopeltis/train_image_0_1853.jpg,helopeltis,1,kaggle,train
train_20220101_104745.jpg,images/train/helopeltis/train_20220101_104745.jpg,helopeltis,1,kaggle,train
train_image_0_90.jpg,images/train/helopeltis/train_image_0_90.jpg,helopeltis,1,kaggle,train
test_20220101_095951.jpg,images/train/helopeltis/test_20220101_095951.jpg,helopeltis,1,kaggle,train
train_image_0_3398.jpg,images/train/helopeltis/train_image_0_3398.jpg,helopeltis,1,kaggle,train
test_20220101_102059.jpg,images/train/helopeltis/test_20220101_102059.jpg,helopeltis,1,kaggle,train
train_image_0_2261.jpg,images/train/helopeltis/train_image_0_2261.jpg,helopeltis,1,kaggle,train
test_20220101_093501.jpg,images/train/helopeltis/test_20220101_093501.jpg,helopeltis,1,kaggle,train
test_20220101_103925.jpg,images/train/helopeltis/test_20220101_103925.jpg,helopeltis,1,kaggle,train
train_20220101_121044.jpg,images/train/helopeltis/train_20220101_121044.jpg,helopeltis,1,kaggle,train
train_image_0_1639.jpg,images/train/helopeltis/train_image_0_1639.jpg,helopeltis,1,kaggle,train
train_image_0_3425.jpg,images/train/helopeltis/train_image_0_3425.jpg,helopeltis,1,kaggle,train
train_image_0_849.jpg,images/train/helopeltis/train_image_0_849.jpg,helopeltis,1,kaggle,train
train_image_0_354.jpg,images/train/algal_leaf_spot/train_image_0_354.jpg,algal_leaf_spot,2,kaggle,train
train_20211227_154625.jpg,images/train/algal_leaf_spot/train_20211227_154625.jpg,algal_leaf_spot,2,kaggle,train
test_20211226_103431.jpg,images/train/algal_leaf_spot/test_20211226_103431.jpg,algal_leaf_spot,2,kaggle,train
train_image_0_3685.jpg,images/train/algal_leaf_spot/train_image_0_3685.jpg,algal_leaf_spot,2,kaggle,train
train_image_0_2284.jpg,images/train/algal_leaf_spot/train_image_0_2284.jpg,algal_leaf_spot,2,kaggle,train
train_image_0_1702.jpg,images/train/algal_leaf_spot/train_image_0_1702.jpg,algal_leaf_spot,2,kaggle,train
test_20211227_133426.jpg,images/train/algal_leaf_spot/test_20211227_133426.jpg,algal_leaf_spot,2,kaggle,train
train_image_0_3896.jpg,images/train/algal_leaf_spot/train_image_0_3896.jpg,algal_leaf_spot,2,kaggle,train
train_image_0_2859.jpg,images/train/algal_leaf_spot/train_image_0_2859.jpg,algal_leaf_spot,2,kaggle,train
train_image_0_2629.jpg,images/train/algal_leaf_spot/train_image_0_2629.jpg,algal_leaf_spot,2,kaggle,train
train_image_0_1239.jpg,images/train/algal_leaf_spot/train_image_0_1239.jpg,algal_leaf_spot,2,kaggle,train
test_20211227_130021.jpg,images/train/algal_leaf_spot/test_20211227_130021.jpg,algal_leaf_spot,2,kaggle,train
train_image_0_2367.jpg,images/train/algal_leaf_spot/train_image_0_2367.jpg,algal_leaf_spot,2,kaggle,train
train_image_0_3001.jpg,images/train/algal_leaf_spot/train_image_0_3001.jpg,algal_leaf_spot,2,kaggle,train
train_image_0_1284.jpg,images/train/algal_leaf_spot/train_image_0_1284.jpg,algal_leaf_spot,2,kaggle,train
train_image_0_2023.jpg,images/train/algal_leaf_spot/train_image_0_2023.jpg,algal_leaf_spot,2,kaggle,train
train_image_0_1960.jpg,images/train/algal_leaf_spot/train_image_0_1960.jpg,algal_leaf_spot,2,kaggle,train
train_20211227_153257.jpg,images/train/algal_leaf_spot/train_20211227_153257.jpg,algal_leaf_spot,2,kaggle,train
train_image_0_3129.jpg,images/train/algal_leaf_spot/train_image_0_3129.jpg,algal_leaf_spot,2,kaggle,train
test_20211226_102128.jpg,images/train/algal_leaf_spot/test_20211226_102128.jpg,algal_leaf_spot,2,kaggle,train
train_image_0_1811.jpg,images/train/algal_leaf_spot/train_image_0_1811.jpg,algal_leaf_spot,2,kaggle,train
train_image_0_4231.jpg,images/train/algal_leaf_spot/train_image_0_4231.jpg,algal_leaf_spot,2,kaggle,train
train_image_0_339.jpg,images/train/algal_leaf_spot/train_image_0_339.jpg,algal_leaf_spot,2,kaggle,train
train_image_0_1048.jpg,images/train/algal_leaf_spot/train_image_0_1048.jpg,algal_leaf_spot,2,kaggle,train
train_image_0_1460.jpg,images/train/algal_leaf_spot/train_image_0_1460.jpg,algal_leaf_spot,2,kaggle,train
train_image_0_4029.jpg,images/train/algal_leaf_spot/train_image_0_4029.jpg,algal_leaf_spot,2,kaggle,train
train_image_0_1468.jpg,images/train/algal_leaf_spot/train_image_0_1468.jpg,algal_leaf_spot,2,kaggle,train
test_20211227_132906.jpg,images/train/algal_leaf_spot/test_20211227_132906.jpg,algal_leaf_spot,2,kaggle,train
train_image_0_1666.jpg,images/train/algal_leaf_spot/train_image_0_1666.jpg,algal_leaf_spot,2,kaggle,train
train_20211227_153812.jpg,images/train/algal_leaf_spot/train_20211227_153812.jpg,algal_leaf_spot,2,kaggle,train
train_20211227_151231.jpg,images/train/algal_leaf_spot/train_20211227_151231.jpg,algal_leaf_spot,2,kaggle,train
train_image_0_3228.jpg,images/train/algal_leaf_spot/train_image_0_3228.jpg,algal_leaf_spot,2,kaggle,train
train_image_0_2239.jpg,images/train/algal_leaf_spot/train_image_0_2239.jpg,algal_leaf_spot,2,kaggle,train
train_image_0_2043.jpg,images/train/algal_leaf_spot/train_image_0_2043.jpg,algal_leaf_spot,2,kaggle,train
train_image_0_2126.jpg,images/train/algal_leaf_spot/train_image_0_2126.jpg,algal_leaf_spot,2,kaggle,train
train_image_0_889.jpg,images/train/algal_leaf_spot/train_image_0_889.jpg,algal_leaf_spot,2,kaggle,train
train_image_0_3458.jpg,images/train/algal_leaf_spot/train_image_0_3458.jpg,algal_leaf_spot,2,kaggle,train
train_20211227_152324.jpg,images/train/algal_leaf_spot/train_20211227_152324.jpg,algal_leaf_spot,2,kaggle,train
train_image_0_3347.jpg,images/train/algal_leaf_spot/train_image_0_3347.jpg,algal_leaf_spot,2,kaggle,train
train_image_0_935.jpg,images/train/algal_leaf_spot/train_image_0_935.jpg,algal_leaf_spot,2,kaggle,train
test_20211227_135523.jpg,images/train/algal_leaf_spot/test_20211227_135523.jpg,algal_leaf_spot,2,kaggle,train
train_20211227_151522.jpg,images/train/algal_leaf_spot/train_20211227_151522.jpg,algal_leaf_spot,2,kaggle,train
train_image_0_2346.jpg,images/train/algal_leaf_spot/train_image_0_2346.jpg,algal_leaf_spot,2,kaggle,train
test_20211227_140204.jpg,images/train/algal_leaf_spot/test_20211227_140204.jpg,algal_leaf_spot,2,kaggle,train
train_image_0_3844.jpg,images/train/algal_leaf_spot/train_image_0_3844.jpg,algal_leaf_spot,2,kaggle,train
train_image_0_581.jpg,images/train/algal_leaf_spot/train_image_0_581.jpg,algal_leaf_spot,2,kaggle,train
train_20211227_153225.jpg,images/train/algal_leaf_spot/train_20211227_153225.jpg,algal_leaf_spot,2,kaggle,train
train_image_0_1886.jpg,images/train/algal_leaf_spot/train_image_0_1886.jpg,algal_leaf_spot,2,kaggle,train
test_20211227_132541.jpg,images/train/algal_leaf_spot/test_20211227_132541.jpg,algal_leaf_spot,2,kaggle,train
train_image_0_847.jpg,images/train/algal_leaf_spot/train_image_0_847.jpg,algal_leaf_spot,2,kaggle,train
train_image_0_1704.jpg,images/train/algal_leaf_spot/train_image_0_1704.jpg,algal_leaf_spot,2,kaggle,train
train_image_0_2086.jpg,images/train/algal_leaf_spot/train_image_0_2086.jpg,algal_leaf_spot,2,kaggle,train
train_image_0_3560.jpg,images/train/algal_leaf_spot/train_image_0_3560.jpg,algal_leaf_spot,2,kaggle,train
train_image_0_1703.jpg,images/train/algal_leaf_spot/train_image_0_1703.jpg,algal_leaf_spot,2,kaggle,train
train_image_0_3279.jpg,images/train/algal_leaf_spot/train_image_0_3279.jpg,algal_leaf_spot,2,kaggle,train
train_image_0_4049.jpg,images/train/algal_leaf_spot/train_image_0_4049.jpg,algal_leaf_spot,2,kaggle,train
train_20211227_154708.jpg,images/train/algal_leaf_spot/train_20211227_154708.jpg,algal_leaf_spot,2,kaggle,train
train_image_0_2940.jpg,images/train/algal_leaf_spot/train_image_0_2940.jpg,algal_leaf_spot,2,kaggle,train
train_image_0_4263.jpg,images/train/algal_leaf_spot/train_image_0_4263.jpg,algal_leaf_spot,2,kaggle,train
train_image_0_3761.jpg,images/train/algal_leaf_spot/train_image_0_3761.jpg,algal_leaf_spot,2,kaggle,train
train_image_0_494.jpg,images/train/algal_leaf_spot/train_image_0_494.jpg,algal_leaf_spot,2,kaggle,train
train_image_0_4071.jpg,images/train/algal_leaf_spot/train_image_0_4071.jpg,algal_leaf_spot,2,kaggle,train
train_image_0_4271.jpg,images/train/algal_leaf_spot/train_image_0_4271.jpg,algal_leaf_spot,2,kaggle,train
train_image_0_4178.jpg,images/train/algal_leaf_spot/train_image_0_4178.jpg,algal_leaf_spot,2,kaggle,train
test_20211227_101515.jpg,images/train/algal_leaf_spot/test_20211227_101515.jpg,algal_leaf_spot,2,kaggle,train
train_image_0_1644.jpg,images/train/algal_leaf_spot/train_image_0_1644.jpg,algal_leaf_spot,2,kaggle,train
train_image_0_2089.jpg,images/train/algal_leaf_spot/train_image_0_2089.jpg,algal_leaf_spot,2,kaggle,train
train_image_0_2159.jpg,images/train/algal_leaf_spot/train_image_0_2159.jpg,algal_leaf_spot,2,kaggle,train
train_image_0_1517.jpg,images/train/algal_leaf_spot/train_image_0_1517.jpg,algal_leaf_spot,2,kaggle,train
test_20211226_102739.jpg,images/train/algal_leaf_spot/test_20211226_102739.jpg,algal_leaf_spot,2,kaggle,train
train_image_0_2349.jpg,images/train/algal_leaf_spot/train_image_0_2349.jpg,algal_leaf_spot,2,kaggle,train
train_20211227_153238.jpg,images/train/algal_leaf_spot/train_20211227_153238.jpg,algal_leaf_spot,2,kaggle,train
train_image_0_2033.jpg,images/train/algal_leaf_spot/train_image_0_2033.jpg,algal_leaf_spot,2,kaggle,train
train_20211227_152118.jpg,images/train/algal_leaf_spot/train_20211227_152118.jpg,algal_leaf_spot,2,kaggle,train
test_20211227_104405.jpg,images/train/algal_leaf_spot/test_20211227_104405.jpg,algal_leaf_spot,2,kaggle,train
test_20211227_135446.jpg,images/train/algal_leaf_spot/test_20211227_135446.jpg,algal_leaf_spot,2,kaggle,train
train_image_0_1250.jpg,images/train/algal_leaf_spot/train_image_0_1250.jpg,algal_leaf_spot,2,kaggle,train
obb_107_jpg.rf.9c0264c78b1f4dfff87adea98349df8b.jpg,images/train/algal_leaf_spot/obb_107_jpg.rf.9c0264c78b1f4dfff87adea98349df8b.jpg,algal_leaf_spot,2,field_collected,train
obb_400_jpg.rf.6b9e448934ba1a91a3a1bce36469e8b1.jpg,images/train/algal_leaf_spot/obb_400_jpg.rf.6b9e448934ba1a91a3a1bce36469e8b1.jpg,algal_leaf_spot,2,field_collected,train
obb_580_jpg.rf.c214a7a95c6b9eddb2c39232a2dbf7b9.jpg,images/train/algal_leaf_spot/obb_580_jpg.rf.c214a7a95c6b9eddb2c39232a2dbf7b9.jpg,algal_leaf_spot,2,field_collected,train
train_image_0_2130.jpg,images/train/algal_leaf_spot/train_image_0_2130.jpg,algal_leaf_spot,2,kaggle,train
train_20211227_154811.jpg,images/train/algal_leaf_spot/train_20211227_154811.jpg,algal_leaf_spot,2,kaggle,train
train_image_0_59.jpg,images/train/algal_leaf_spot/train_image_0_59.jpg,algal_leaf_spot,2,kaggle,train
train_20211227_154447.jpg,images/train/algal_leaf_spot/train_20211227_154447.jpg,algal_leaf_spot,2,kaggle,train
test_20211227_103828.jpg,images/train/algal_leaf_spot/test_20211227_103828.jpg,algal_leaf_spot,2,kaggle,train
train_image_0_3766.jpg,images/train/algal_leaf_spot/train_image_0_3766.jpg,algal_leaf_spot,2,kaggle,train
test_20211227_102046.jpg,images/train/algal_leaf_spot/test_20211227_102046.jpg,algal_leaf_spot,2,kaggle,train
train_20211227_153845.jpg,images/train/algal_leaf_spot/train_20211227_153845.jpg,algal_leaf_spot,2,kaggle,train
train_20211227_151856.jpg,images/train/algal_leaf_spot/train_20211227_151856.jpg,algal_leaf_spot,2,kaggle,train
train_image_0_1611.jpg,images/train/algal_leaf_spot/train_image_0_1611.jpg,algal_leaf_spot,2,kaggle,train
train_image_0_2411.jpg,images/train/algal_leaf_spot/train_image_0_2411.jpg,algal_leaf_spot,2,kaggle,train
obb_IMG_20230612_162542_jpg.rf.dccb0872097d9302a9b22456d1298a08.jpg,images/train/algal_leaf_spot/obb_IMG_20230612_162542_jpg.rf.dccb0872097d9302a9b22456d1298a08.jpg,algal_leaf_spot,2,field_collected,train
train_image_0_5.jpg,images/train/algal_leaf_spot/train_image_0_5.jpg,algal_leaf_spot,2,kaggle,train
train_image_0_3947.jpg,images/train/algal_leaf_spot/train_image_0_3947.jpg,algal_leaf_spot,2,kaggle,train
train_image_0_2639.jpg,images/train/algal_leaf_spot/train_image_0_2639.jpg,algal_leaf_spot,2,kaggle,train
train_image_0_81.jpg,images/train/algal_leaf_spot/train_image_0_81.jpg,algal_leaf_spot,2,kaggle,train
train_image_0_3773.jpg,images/train/algal_leaf_spot/train_image_0_3773.jpg,algal_leaf_spot,2,kaggle,train
train_image_0_3070.jpg,images/train/algal_leaf_spot/train_image_0_3070.jpg,algal_leaf_spot,2,kaggle,train
train_image_0_376.jpg,images/train/algal_leaf_spot/train_image_0_376.jpg,algal_leaf_spot,2,kaggle,train
train_image_0_2158.jpg,images/train/algal_leaf_spot/train_image_0_2158.jpg,algal_leaf_spot,2,kaggle,train
test_20211227_101555.jpg,images/train/algal_leaf_spot/test_20211227_101555.jpg,algal_leaf_spot,2,kaggle,train
train_image_0_3556.jpg,images/train/algal_leaf_spot/train_image_0_3556.jpg,algal_leaf_spot,2,kaggle,train
train_image_0_4103.jpg,images/train/algal_leaf_spot/train_image_0_4103.jpg,algal_leaf_spot,2,kaggle,train
train_image_0_913.jpg,images/train/algal_leaf_spot/train_image_0_913.jpg,algal_leaf_spot,2,kaggle,train
train_image_0_1073.jpg,images/train/algal_leaf_spot/train_image_0_1073.jpg,algal_leaf_spot,2,kaggle,train
train_20211227_152057.jpg,images/train/algal_leaf_spot/train_20211227_152057.jpg,algal_leaf_spot,2,kaggle,train
train_image_0_2188.jpg,images/train/algal_leaf_spot/train_image_0_2188.jpg,algal_leaf_spot,2,kaggle,train
train_image_0_2834.jpg,images/train/algal_leaf_spot/train_image_0_2834.jpg,algal_leaf_spot,2,kaggle,train
train_image_0_3356.jpg,images/train/algal_leaf_spot/train_image_0_3356.jpg,algal_leaf_spot,2,kaggle,train
train_image_0_411.jpg,images/train/algal_leaf_spot/train_image_0_411.jpg,algal_leaf_spot,2,kaggle,train
train_image_0_1662.jpg,images/train/algal_leaf_spot/train_image_0_1662.jpg,algal_leaf_spot,2,kaggle,train
train_image_0_726.jpg,images/train/algal_leaf_spot/train_image_0_726.jpg,algal_leaf_spot,2,kaggle,train
train_image_0_3532.jpg,images/train/algal_leaf_spot/train_image_0_3532.jpg,algal_leaf_spot,2,kaggle,train
test_20211227_132633.jpg,images/train/algal_leaf_spot/test_20211227_132633.jpg,algal_leaf_spot,2,kaggle,train
train_image_0_651.jpg,images/train/algal_leaf_spot/train_image_0_651.jpg,algal_leaf_spot,2,kaggle,train
train_image_0_722.jpg,images/train/algal_leaf_spot/train_image_0_722.jpg,algal_leaf_spot,2,kaggle,train
test_20211227_140021.jpg,images/train/algal_leaf_spot/test_20211227_140021.jpg,algal_leaf_spot,2,kaggle,train
train_image_0_4169.jpg,images/train/algal_leaf_spot/train_image_0_4169.jpg,algal_leaf_spot,2,kaggle,train
obb_221_jpg.rf.018ee71046060f98063487d4c30eb68d.jpg,images/train/algal_leaf_spot/obb_221_jpg.rf.018ee71046060f98063487d4c30eb68d.jpg,algal_leaf_spot,2,field_collected,train
test_20211227_130307.jpg,images/train/algal_leaf_spot/test_20211227_130307.jpg,algal_leaf_spot,2,kaggle,train
train_image_0_2430.jpg,images/train/algal_leaf_spot/train_image_0_2430.jpg,algal_leaf_spot,2,kaggle,train
train_image_0_665.jpg,images/train/algal_leaf_spot/train_image_0_665.jpg,algal_leaf_spot,2,kaggle,train
train_image_0_2828.jpg,images/train/algal_leaf_spot/train_image_0_2828.jpg,algal_leaf_spot,2,kaggle,train
test_20211227_132658.jpg,images/train/algal_leaf_spot/test_20211227_132658.jpg,algal_leaf_spot,2,kaggle,train
train_image_0_1306.jpg,images/train/algal_leaf_spot/train_image_0_1306.jpg,algal_leaf_spot,2,kaggle,train
train_image_0_4307.jpg,images/train/algal_leaf_spot/train_image_0_4307.jpg,algal_leaf_spot,2,kaggle,train
test_20211226_101415.jpg,images/train/algal_leaf_spot/test_20211226_101415.jpg,algal_leaf_spot,2,kaggle,train
train_image_0_2855.jpg,images/train/algal_leaf_spot/train_image_0_2855.jpg,algal_leaf_spot,2,kaggle,train
train_image_0_1146.jpg,images/train/algal_leaf_spot/train_image_0_1146.jpg,algal_leaf_spot,2,kaggle,train
train_image_0_3995.jpg,images/train/algal_leaf_spot/train_image_0_3995.jpg,algal_leaf_spot,2,kaggle,train
train_image_0_3276.jpg,images/train/algal_leaf_spot/train_image_0_3276.jpg,algal_leaf_spot,2,kaggle,train
obb_IMG_20230612_171649_jpg.rf.2666aec2f144deb86b46990537e67e24.jpg,images/train/algal_leaf_spot/obb_IMG_20230612_171649_jpg.rf.2666aec2f144deb86b46990537e67e24.jpg,algal_leaf_spot,2,field_collected,train
train_image_0_3402.jpg,images/train/algal_leaf_spot/train_image_0_3402.jpg,algal_leaf_spot,2,kaggle,train
train_image_0_2589.jpg,images/train/algal_leaf_spot/train_image_0_2589.jpg,algal_leaf_spot,2,kaggle,train
train_image_0_1523.jpg,images/train/algal_leaf_spot/train_image_0_1523.jpg,algal_leaf_spot,2,kaggle,train
train_image_0_62.jpg,images/train/algal_leaf_spot/train_image_0_62.jpg,algal_leaf_spot,2,kaggle,train
train_image_0_3885.jpg,images/train/algal_leaf_spot/train_image_0_3885.jpg,algal_leaf_spot,2,kaggle,train
train_image_0_4202.jpg,images/train/algal_leaf_spot/train_image_0_4202.jpg,algal_leaf_spot,2,kaggle,train
train_20211227_153524.jpg,images/train/algal_leaf_spot/train_20211227_153524.jpg,algal_leaf_spot,2,kaggle,train
train_image_0_1483.jpg,images/train/algal_leaf_spot/train_image_0_1483.jpg,algal_leaf_spot,2,kaggle,train
test_20211227_110014.jpg,images/train/algal_leaf_spot/test_20211227_110014.jpg,algal_leaf_spot,2,kaggle,train
train_image_0_1253.jpg,images/train/algal_leaf_spot/train_image_0_1253.jpg,algal_leaf_spot,2,kaggle,train
test_20211226_103354.jpg,images/train/algal_leaf_spot/test_20211226_103354.jpg,algal_leaf_spot,2,kaggle,train
train_image_0_1828.jpg,images/train/algal_leaf_spot/train_image_0_1828.jpg,algal_leaf_spot,2,kaggle,train
train_20211227_154649.jpg,images/train/algal_leaf_spot/train_20211227_154649.jpg,algal_leaf_spot,2,kaggle,train
train_image_0_3135.jpg,images/train/algal_leaf_spot/train_image_0_3135.jpg,algal_leaf_spot,2,kaggle,train
test_20211227_103843.jpg,images/train/algal_leaf_spot/test_20211227_103843.jpg,algal_leaf_spot,2,kaggle,train
train_image_0_3278.jpg,images/train/algal_leaf_spot/train_image_0_3278.jpg,algal_leaf_spot,2,kaggle,train
test_20211227_132453.jpg,images/train/algal_leaf_spot/test_20211227_132453.jpg,algal_leaf_spot,2,kaggle,train
train_image_0_3754.jpg,images/train/algal_leaf_spot/train_image_0_3754.jpg,algal_leaf_spot,2,kaggle,train
train_image_0_3303.jpg,images/train/algal_leaf_spot/train_image_0_3303.jpg,algal_leaf_spot,2,kaggle,train
train_image_0_258.jpg,images/train/algal_leaf_spot/train_image_0_258.jpg,algal_leaf_spot,2,kaggle,train
train_image_0_3081.jpg,images/train/algal_leaf_spot/train_image_0_3081.jpg,algal_leaf_spot,2,kaggle,train
train_image_0_4111.jpg,images/train/algal_leaf_spot/train_image_0_4111.jpg,algal_leaf_spot,2,kaggle,train
train_image_0_210.jpg,images/train/algal_leaf_spot/train_image_0_210.jpg,algal_leaf_spot,2,kaggle,train
train_image_0_95.jpg,images/train/algal_leaf_spot/train_image_0_95.jpg,algal_leaf_spot,2,kaggle,train
train_image_0_3800.jpg,images/train/algal_leaf_spot/train_image_0_3800.jpg,algal_leaf_spot,2,kaggle,train
test_20211227_110136.jpg,images/train/algal_leaf_spot/test_20211227_110136.jpg,algal_leaf_spot,2,kaggle,train
train_20211227_151602.jpg,images/train/algal_leaf_spot/train_20211227_151602.jpg,algal_leaf_spot,2,kaggle,train
train_image_0_3764.jpg,images/train/algal_leaf_spot/train_image_0_3764.jpg,algal_leaf_spot,2,kaggle,train
test_20211227_114623.jpg,images/train/algal_leaf_spot/test_20211227_114623.jpg,algal_leaf_spot,2,kaggle,train
test_20211227_140254.jpg,images/train/algal_leaf_spot/test_20211227_140254.jpg,algal_leaf_spot,2,kaggle,train
train_image_0_3196.jpg,images/train/algal_leaf_spot/train_image_0_3196.jpg,algal_leaf_spot,2,kaggle,train
obb_588_jpg.rf.68d2b269703b3010763b920caa4ee89a.jpg,images/train/algal_leaf_spot/obb_588_jpg.rf.68d2b269703b3010763b920caa4ee89a.jpg,algal_leaf_spot,2,field_collected,train
train_image_0_3382.jpg,images/train/algal_leaf_spot/train_image_0_3382.jpg,algal_leaf_spot,2,kaggle,train
train_image_0_3699.jpg,images/train/algal_leaf_spot/train_image_0_3699.jpg,algal_leaf_spot,2,kaggle,train
train_image_0_1964.jpg,images/train/algal_leaf_spot/train_image_0_1964.jpg,algal_leaf_spot,2,kaggle,train
train_image_0_620.jpg,images/train/algal_leaf_spot/train_image_0_620.jpg,algal_leaf_spot,2,kaggle,train
obb_IMG_15_18_jpeg.rf.68243cab6d57a72d821f06e2911aaca0.jpg,images/train/algal_leaf_spot/obb_IMG_15_18_jpeg.rf.68243cab6d57a72d821f06e2911aaca0.jpg,algal_leaf_spot,2,field_collected,train
train_image_0_4059.jpg,images/train/algal_leaf_spot/train_image_0_4059.jpg,algal_leaf_spot,2,kaggle,train
train_image_0_1022.jpg,images/train/algal_leaf_spot/train_image_0_1022.jpg,algal_leaf_spot,2,kaggle,train
train_image_0_613.jpg,images/train/algal_leaf_spot/train_image_0_613.jpg,algal_leaf_spot,2,kaggle,train
train_image_0_3265.jpg,images/train/algal_leaf_spot/train_image_0_3265.jpg,algal_leaf_spot,2,kaggle,train
test_20211227_105608.jpg,images/train/algal_leaf_spot/test_20211227_105608.jpg,algal_leaf_spot,2,kaggle,train
obb_IMG_20230612_161957_jpg.rf.82a5a0c221c10529487b23b82dc12b8d.jpg,images/train/algal_leaf_spot/obb_IMG_20230612_161957_jpg.rf.82a5a0c221c10529487b23b82dc12b8d.jpg,algal_leaf_spot,2,field_collected,train
train_image_0_2811.jpg,images/train/algal_leaf_spot/train_image_0_2811.jpg,algal_leaf_spot,2,kaggle,train
train_image_0_142.jpg,images/train/algal_leaf_spot/train_image_0_142.jpg,algal_leaf_spot,2,kaggle,train
train_image_0_2321.jpg,images/train/algal_leaf_spot/train_image_0_2321.jpg,algal_leaf_spot,2,kaggle,train
train_image_0_2102.jpg,images/train/algal_leaf_spot/train_image_0_2102.jpg,algal_leaf_spot,2,kaggle,train
test_20211226_102703.jpg,images/train/algal_leaf_spot/test_20211226_102703.jpg,algal_leaf_spot,2,kaggle,train
train_image_0_266.jpg,images/train/algal_leaf_spot/train_image_0_266.jpg,algal_leaf_spot,2,kaggle,train
train_image_0_4015.jpg,images/train/algal_leaf_spot/train_image_0_4015.jpg,algal_leaf_spot,2,kaggle,train
test_20211227_113510.jpg,images/train/algal_leaf_spot/test_20211227_113510.jpg,algal_leaf_spot,2,kaggle,train
train_image_0_1744.jpg,images/train/algal_leaf_spot/train_image_0_1744.jpg,algal_leaf_spot,2,kaggle,train
train_20211227_154506.jpg,images/train/algal_leaf_spot/train_20211227_154506.jpg,algal_leaf_spot,2,kaggle,train
train_image_0_2031.jpg,images/train/algal_leaf_spot/train_image_0_2031.jpg,algal_leaf_spot,2,kaggle,train
train_image_0_2480.jpg,images/train/algal_leaf_spot/train_image_0_2480.jpg,algal_leaf_spot,2,kaggle,train
train_image_0_3092.jpg,images/train/algal_leaf_spot/train_image_0_3092.jpg,algal_leaf_spot,2,kaggle,train
train_image_0_2000.jpg,images/train/algal_leaf_spot/train_image_0_2000.jpg,algal_leaf_spot,2,kaggle,train
train_20211227_151844.jpg,images/train/algal_leaf_spot/train_20211227_151844.jpg,algal_leaf_spot,2,kaggle,train
test_20211227_132604.jpg,images/train/algal_leaf_spot/test_20211227_132604.jpg,algal_leaf_spot,2,kaggle,train
train_image_0_276.jpg,images/train/algal_leaf_spot/train_image_0_276.jpg,algal_leaf_spot,2,kaggle,train
train_image_0_769.jpg,images/train/algal_leaf_spot/train_image_0_769.jpg,algal_leaf_spot,2,kaggle,train
train_image_0_3221.jpg,images/train/algal_leaf_spot/train_image_0_3221.jpg,algal_leaf_spot,2,kaggle,train
train_image_0_2669.jpg,images/train/algal_leaf_spot/train_image_0_2669.jpg,algal_leaf_spot,2,kaggle,train
train_image_0_866.jpg,images/train/algal_leaf_spot/train_image_0_866.jpg,algal_leaf_spot,2,kaggle,train
train_image_0_2470.jpg,images/train/algal_leaf_spot/train_image_0_2470.jpg,algal_leaf_spot,2,kaggle,train
test_20211226_101903.jpg,images/train/algal_leaf_spot/test_20211226_101903.jpg,algal_leaf_spot,2,kaggle,train
train_image_0_110.jpg,images/train/algal_leaf_spot/train_image_0_110.jpg,algal_leaf_spot,2,kaggle,train
test_20211227_140046.jpg,images/train/algal_leaf_spot/test_20211227_140046.jpg,algal_leaf_spot,2,kaggle,train
test_20211226_101224.jpg,images/train/algal_leaf_spot/test_20211226_101224.jpg,algal_leaf_spot,2,kaggle,train
test_20211227_104152.jpg,images/train/algal_leaf_spot/test_20211227_104152.jpg,algal_leaf_spot,2,kaggle,train
test_20211227_104322.jpg,images/train/algal_leaf_spot/test_20211227_104322.jpg,algal_leaf_spot,2,kaggle,train
train_20211227_153605.jpg,images/train/algal_leaf_spot/train_20211227_153605.jpg,algal_leaf_spot,2,kaggle,train
train_image_0_2341.jpg,images/train/algal_leaf_spot/train_image_0_2341.jpg,algal_leaf_spot,2,kaggle,train
test_20211227_113453.jpg,images/train/algal_leaf_spot/test_20211227_113453.jpg,algal_leaf_spot,2,kaggle,train
train_20211227_153502.jpg,images/train/algal_leaf_spot/train_20211227_153502.jpg,algal_leaf_spot,2,kaggle,train
test_20211227_102259.jpg,images/train/algal_leaf_spot/test_20211227_102259.jpg,algal_leaf_spot,2,kaggle,train
train_image_0_1645.jpg,images/train/algal_leaf_spot/train_image_0_1645.jpg,algal_leaf_spot,2,kaggle,train
train_image_0_185.jpg,images/train/algal_leaf_spot/train_image_0_185.jpg,algal_leaf_spot,2,kaggle,train
train_image_0_3697.jpg,images/train/algal_leaf_spot/train_image_0_3697.jpg,algal_leaf_spot,2,kaggle,train
obb_IMG_0833_JPG_jpg.rf.323506f411908a12b2956e82d3e76af5.jpg,images/train/algal_leaf_spot/obb_IMG_0833_JPG_jpg.rf.323506f411908a12b2956e82d3e76af5.jpg,algal_leaf_spot,2,field_collected,train
train_image_0_924.jpg,images/train/algal_leaf_spot/train_image_0_924.jpg,algal_leaf_spot,2,kaggle,train
train_image_0_2903.jpg,images/train/algal_leaf_spot/train_image_0_2903.jpg,algal_leaf_spot,2,kaggle,train
test_20211227_105238.jpg,images/train/algal_leaf_spot/test_20211227_105238.jpg,algal_leaf_spot,2,kaggle,train
test_20211227_132246.jpg,images/train/algal_leaf_spot/test_20211227_132246.jpg,algal_leaf_spot,2,kaggle,train
test_20211227_130246.jpg,images/train/algal_leaf_spot/test_20211227_130246.jpg,algal_leaf_spot,2,kaggle,train
train_image_0_3643.jpg,images/train/algal_leaf_spot/train_image_0_3643.jpg,algal_leaf_spot,2,kaggle,train
train_image_0_501.jpg,images/train/algal_leaf_spot/train_image_0_501.jpg,algal_leaf_spot,2,kaggle,train
train_image_0_1786.jpg,images/train/algal_leaf_spot/train_image_0_1786.jpg,algal_leaf_spot,2,kaggle,train
train_image_0_3772.jpg,images/train/algal_leaf_spot/train_image_0_3772.jpg,algal_leaf_spot,2,kaggle,train
obb_IMG_20230612_154227_jpg.rf.8fce569a11cb951ac0ea8f8a9ed7656f.jpg,images/train/algal_leaf_spot/obb_IMG_20230612_154227_jpg.rf.8fce569a11cb951ac0ea8f8a9ed7656f.jpg,algal_leaf_spot,2,field_collected,train
test_20211226_103244.jpg,images/train/algal_leaf_spot/test_20211226_103244.jpg,algal_leaf_spot,2,kaggle,train
train_image_0_1040.jpg,images/train/algal_leaf_spot/train_image_0_1040.jpg,algal_leaf_spot,2,kaggle,train
train_image_0_1430.jpg,images/train/algal_leaf_spot/train_image_0_1430.jpg,algal_leaf_spot,2,kaggle,train
train_image_0_3545.jpg,images/train/algal_leaf_spot/train_image_0_3545.jpg,algal_leaf_spot,2,kaggle,train
train_image_0_1301.jpg,images/train/algal_leaf_spot/train_image_0_1301.jpg,algal_leaf_spot,2,kaggle,train
train_image_0_1557.jpg,images/train/algal_leaf_spot/train_image_0_1557.jpg,algal_leaf_spot,2,kaggle,train
test_20211226_101104.jpg,images/train/algal_leaf_spot/test_20211226_101104.jpg,algal_leaf_spot,2,kaggle,train
test_20211227_140058.jpg,images/train/algal_leaf_spot/test_20211227_140058.jpg,algal_leaf_spot,2,kaggle,train
test_20211226_103627.jpg,images/train/algal_leaf_spot/test_20211226_103627.jpg,algal_leaf_spot,2,kaggle,train
train_image_0_147.jpg,images/train/algal_leaf_spot/train_image_0_147.jpg,algal_leaf_spot,2,kaggle,train
test_20211227_101139.jpg,images/train/algal_leaf_spot/test_20211227_101139.jpg,algal_leaf_spot,2,kaggle,train
train_20211227_153948.jpg,images/train/algal_leaf_spot/train_20211227_153948.jpg,algal_leaf_spot,2,kaggle,train
train_image_0_679.jpg,images/train/algal_leaf_spot/train_image_0_679.jpg,algal_leaf_spot,2,kaggle,train
test_20211227_133333.jpg,images/train/algal_leaf_spot/test_20211227_133333.jpg,algal_leaf_spot,2,kaggle,train
test_20211227_125809.jpg,images/train/algal_leaf_spot/test_20211227_125809.jpg,algal_leaf_spot,2,kaggle,train
train_image_0_1902.jpg,images/train/algal_leaf_spot/train_image_0_1902.jpg,algal_leaf_spot,2,kaggle,train
train_image_0_1465.jpg,images/train/algal_leaf_spot/train_image_0_1465.jpg,algal_leaf_spot,2,kaggle,train
train_image_0_2069.jpg,images/train/algal_leaf_spot/train_image_0_2069.jpg,algal_leaf_spot,2,kaggle,train
test_20211227_132822.jpg,images/train/algal_leaf_spot/test_20211227_132822.jpg,algal_leaf_spot,2,kaggle,train
train_image_0_2821.jpg,images/train/algal_leaf_spot/train_image_0_2821.jpg,algal_leaf_spot,2,kaggle,train
train_image_0_2231.jpg,images/train/algal_leaf_spot/train_image_0_2231.jpg,algal_leaf_spot,2,kaggle,train
train_image_0_2410.jpg,images/train/algal_leaf_spot/train_image_0_2410.jpg,algal_leaf_spot,2,kaggle,train
train_image_0_3236.jpg,images/train/algal_leaf_spot/train_image_0_3236.jpg,algal_leaf_spot,2,kaggle,train
train_image_0_3425.jpg,images/train/algal_leaf_spot/train_image_0_3425.jpg,algal_leaf_spot,2,kaggle,train
train_image_0_3860.jpg,images/train/algal_leaf_spot/train_image_0_3860.jpg,algal_leaf_spot,2,kaggle,train
obb_IMG_20230612_152611_jpg.rf.dd2930ae2b4ae5eb6fe3bb3607deb274.jpg,images/train/algal_leaf_spot/obb_IMG_20230612_152611_jpg.rf.dd2930ae2b4ae5eb6fe3bb3607deb274.jpg,algal_leaf_spot,2,field_collected,train
test_20211227_133349.jpg,images/train/algal_leaf_spot/test_20211227_133349.jpg,algal_leaf_spot,2,kaggle,train
test_20211227_135939.jpg,images/train/algal_leaf_spot/test_20211227_135939.jpg,algal_leaf_spot,2,kaggle,train
train_image_0_2359.jpg,images/train/algal_leaf_spot/train_image_0_2359.jpg,algal_leaf_spot,2,kaggle,train
test_20211226_102406.jpg,images/train/algal_leaf_spot/test_20211226_102406.jpg,algal_leaf_spot,2,kaggle,train
train_image_0_3991.jpg,images/train/algal_leaf_spot/train_image_0_3991.jpg,algal_leaf_spot,2,kaggle,train
train_image_0_2943.jpg,images/train/algal_leaf_spot/train_image_0_2943.jpg,algal_leaf_spot,2,kaggle,train
train_image_0_1549.jpg,images/train/algal_leaf_spot/train_image_0_1549.jpg,algal_leaf_spot,2,kaggle,train
train_image_0_1421.jpg,images/train/algal_leaf_spot/train_image_0_1421.jpg,algal_leaf_spot,2,kaggle,train
obb_IMG_20230612_164703_jpg.rf.5f92245e3a0fa9f85bbc6fd4c287ccaa.jpg,images/train/algal_leaf_spot/obb_IMG_20230612_164703_jpg.rf.5f92245e3a0fa9f85bbc6fd4c287ccaa.jpg,algal_leaf_spot,2,field_collected,train
train_image_0_3085.jpg,images/train/algal_leaf_spot/train_image_0_3085.jpg,algal_leaf_spot,2,kaggle,train
obb_IMG_20230612_171506_jpg.rf.b1d41c10140869660bfa2bc3cb111dea.jpg,images/train/algal_leaf_spot/obb_IMG_20230612_171506_jpg.rf.b1d41c10140869660bfa2bc3cb111dea.jpg,algal_leaf_spot,2,field_collected,train
train_image_0_2627.jpg,images/train/algal_leaf_spot/train_image_0_2627.jpg,algal_leaf_spot,2,kaggle,train
train_image_0_24.jpg,images/train/algal_leaf_spot/train_image_0_24.jpg,algal_leaf_spot,2,kaggle,train
train_image_0_1961.jpg,images/train/algal_leaf_spot/train_image_0_1961.jpg,algal_leaf_spot,2,kaggle,train
test_20211226_101013.jpg,images/train/algal_leaf_spot/test_20211226_101013.jpg,algal_leaf_spot,2,kaggle,train
train_image_0_1024.jpg,images/train/algal_leaf_spot/train_image_0_1024.jpg,algal_leaf_spot,2,kaggle,train
test_20211227_110152.jpg,images/train/algal_leaf_spot/test_20211227_110152.jpg,algal_leaf_spot,2,kaggle,train
train_image_0_3377.jpg,images/train/algal_leaf_spot/train_image_0_3377.jpg,algal_leaf_spot,2,kaggle,train
test_20211227_135631.jpg,images/train/algal_leaf_spot/test_20211227_135631.jpg,algal_leaf_spot,2,kaggle,train
train_image_0_1109.jpg,images/train/algal_leaf_spot/train_image_0_1109.jpg,algal_leaf_spot,2,kaggle,train
train_image_0_384.jpg,images/train/algal_leaf_spot/train_image_0_384.jpg,algal_leaf_spot,2,kaggle,train
test_20211227_102236.jpg,images/train/algal_leaf_spot/test_20211227_102236.jpg,algal_leaf_spot,2,kaggle,train
train_image_0_2199.jpg,images/train/algal_leaf_spot/train_image_0_2199.jpg,algal_leaf_spot,2,kaggle,train
test_20211226_103718.jpg,images/train/algal_leaf_spot/test_20211226_103718.jpg,algal_leaf_spot,2,kaggle,train
train_image_0_2743.jpg,images/train/algal_leaf_spot/train_image_0_2743.jpg,algal_leaf_spot,2,kaggle,train
train_20211227_140533.jpg,images/train/algal_leaf_spot/train_20211227_140533.jpg,algal_leaf_spot,2,kaggle,train
train_image_0_1683.jpg,images/train/algal_leaf_spot/train_image_0_1683.jpg,algal_leaf_spot,2,kaggle,train
test_20211227_105734.jpg,images/train/algal_leaf_spot/test_20211227_105734.jpg,algal_leaf_spot,2,kaggle,train
train_image_0_3014.jpg,images/train/algal_leaf_spot/train_image_0_3014.jpg,algal_leaf_spot,2,kaggle,train
train_20211227_152548.jpg,images/train/algal_leaf_spot/train_20211227_152548.jpg,algal_leaf_spot,2,kaggle,train
test_20211227_135743.jpg,images/train/algal_leaf_spot/test_20211227_135743.jpg,algal_leaf_spot,2,kaggle,train
train_image_0_3924.jpg,images/train/algal_leaf_spot/train_image_0_3924.jpg,algal_leaf_spot,2,kaggle,train
train_20211227_140630.jpg,images/train/algal_leaf_spot/train_20211227_140630.jpg,algal_leaf_spot,2,kaggle,train
train_image_0_166.jpg,images/train/algal_leaf_spot/train_image_0_166.jpg,algal_leaf_spot,2,kaggle,train
train_image_0_539.jpg,images/train/algal_leaf_spot/train_image_0_539.jpg,algal_leaf_spot,2,kaggle,train
train_20211227_154427.jpg,images/train/algal_leaf_spot/train_20211227_154427.jpg,algal_leaf_spot,2,kaggle,train
test_20211227_105548.jpg,images/train/algal_leaf_spot/test_20211227_105548.jpg,algal_leaf_spot,2,kaggle,train
test_20211226_102756.jpg,images/train/algal_leaf_spot/test_20211226_102756.jpg,algal_leaf_spot,2,kaggle,train
train_image_0_1296.jpg,images/train/algal_leaf_spot/train_image_0_1296.jpg,algal_leaf_spot,2,kaggle,train
train_image_0_3455.jpg,images/train/algal_leaf_spot/train_image_0_3455.jpg,algal_leaf_spot,2,kaggle,train
train_image_0_113.jpg,images/train/algal_leaf_spot/train_image_0_113.jpg,algal_leaf_spot,2,kaggle,train
test_20211227_101943.jpg,images/train/algal_leaf_spot/test_20211227_101943.jpg,algal_leaf_spot,2,kaggle,train
train_image_0_4139.jpg,images/train/algal_leaf_spot/train_image_0_4139.jpg,algal_leaf_spot,2,kaggle,train
train_image_0_3838.jpg,images/train/algal_leaf_spot/train_image_0_3838.jpg,algal_leaf_spot,2,kaggle,train
train_image_0_1180.jpg,images/train/algal_leaf_spot/train_image_0_1180.jpg,algal_leaf_spot,2,kaggle,train
train_20211227_152837.jpg,images/train/algal_leaf_spot/train_20211227_152837.jpg,algal_leaf_spot,2,kaggle,train
train_image_0_2062.jpg,images/train/algal_leaf_spot/train_image_0_2062.jpg,algal_leaf_spot,2,kaggle,train
test_20211227_133030.jpg,images/train/algal_leaf_spot/test_20211227_133030.jpg,algal_leaf_spot,2,kaggle,train
test_20211227_133053.jpg,images/train/algal_leaf_spot/test_20211227_133053.jpg,algal_leaf_spot,2,kaggle,train
train_image_0_3785.jpg,images/train/algal_leaf_spot/train_image_0_3785.jpg,algal_leaf_spot,2,kaggle,train
train_image_0_3631.jpg,images/train/algal_leaf_spot/train_image_0_3631.jpg,algal_leaf_spot,2,kaggle,train
train_image_0_1158.jpg,images/train/algal_leaf_spot/train_image_0_1158.jpg,algal_leaf_spot,2,kaggle,train
train_image_0_3334.jpg,images/train/algal_leaf_spot/train_image_0_3334.jpg,algal_leaf_spot,2,kaggle,train
test_20211226_103212.jpg,images/train/algal_leaf_spot/test_20211226_103212.jpg,algal_leaf_spot,2,kaggle,train
train_image_0_2957.jpg,images/train/algal_leaf_spot/train_image_0_2957.jpg,algal_leaf_spot,2,kaggle,train
test_20211227_135151.jpg,images/train/algal_leaf_spot/test_20211227_135151.jpg,algal_leaf_spot,2,kaggle,train
train_image_0_1838.jpg,images/train/algal_leaf_spot/train_image_0_1838.jpg,algal_leaf_spot,2,kaggle,train
obb_IMG_20230612_155121_jpg.rf.aaadda0aa5c2ccd9cbf388d08b29468b.jpg,images/train/algal_leaf_spot/obb_IMG_20230612_155121_jpg.rf.aaadda0aa5c2ccd9cbf388d08b29468b.jpg,algal_leaf_spot,2,field_collected,train
train_image_0_1141.jpg,images/train/algal_leaf_spot/train_image_0_1141.jpg,algal_leaf_spot,2,kaggle,train
train_image_0_524.jpg,images/train/algal_leaf_spot/train_image_0_524.jpg,algal_leaf_spot,2,kaggle,train
train_image_0_1825.jpg,images/train/algal_leaf_spot/train_image_0_1825.jpg,algal_leaf_spot,2,kaggle,train
train_image_0_711.jpg,images/train/algal_leaf_spot/train_image_0_711.jpg,algal_leaf_spot,2,kaggle,train
train_image_0_2271.jpg,images/train/algal_leaf_spot/train_image_0_2271.jpg,algal_leaf_spot,2,kaggle,train
train_image_0_395.jpg,images/train/algal_leaf_spot/train_image_0_395.jpg,algal_leaf_spot,2,kaggle,train
test_20211227_135726.jpg,images/train/algal_leaf_spot/test_20211227_135726.jpg,algal_leaf_spot,2,kaggle,train
train_image_0_2959.jpg,images/train/algal_leaf_spot/train_image_0_2959.jpg,algal_leaf_spot,2,kaggle,train
test_20211226_101153.jpg,images/train/algal_leaf_spot/test_20211226_101153.jpg,algal_leaf_spot,2,kaggle,train
train_image_0_3280.jpg,images/train/algal_leaf_spot/train_image_0_3280.jpg,algal_leaf_spot,2,kaggle,train
train_image_0_2897.jpg,images/train/algal_leaf_spot/train_image_0_2897.jpg,algal_leaf_spot,2,kaggle,train
obb_12_jpg.rf.ccb27c583cbe7cb7dbc6d9ddbb45d307.jpg,images/train/algal_leaf_spot/obb_12_jpg.rf.ccb27c583cbe7cb7dbc6d9ddbb45d307.jpg,algal_leaf_spot,2,field_collected,train
test_20211227_113145.jpg,images/train/algal_leaf_spot/test_20211227_113145.jpg,algal_leaf_spot,2,kaggle,train
test_20211227_133509.jpg,images/train/algal_leaf_spot/test_20211227_133509.jpg,algal_leaf_spot,2,kaggle,train
obb_596_jpg.rf.236d96da50ec6bbea83263c67fc929b2.jpg,images/train/algal_leaf_spot/obb_596_jpg.rf.236d96da50ec6bbea83263c67fc929b2.jpg,algal_leaf_spot,2,field_collected,train
train_image_0_2038.jpg,images/train/algal_leaf_spot/train_image_0_2038.jpg,algal_leaf_spot,2,kaggle,train
train_20211227_140556.jpg,images/train/algal_leaf_spot/train_20211227_140556.jpg,algal_leaf_spot,2,kaggle,train
train_image_0_462.jpg,images/train/algal_leaf_spot/train_image_0_462.jpg,algal_leaf_spot,2,kaggle,train
train_image_0_3352.jpg,images/train/algal_leaf_spot/train_image_0_3352.jpg,algal_leaf_spot,2,kaggle,train
train_image_0_1330.jpg,images/train/algal_leaf_spot/train_image_0_1330.jpg,algal_leaf_spot,2,kaggle,train
train_image_0_2360.jpg,images/train/algal_leaf_spot/train_image_0_2360.jpg,algal_leaf_spot,2,kaggle,train
train_image_0_1518.jpg,images/train/algal_leaf_spot/train_image_0_1518.jpg,algal_leaf_spot,2,kaggle,train
train_image_0_2005.jpg,images/train/algal_leaf_spot/train_image_0_2005.jpg,algal_leaf_spot,2,kaggle,train
train_image_0_3695.jpg,images/train/algal_leaf_spot/train_image_0_3695.jpg,algal_leaf_spot,2,kaggle,train
train_image_0_1314.jpg,images/train/algal_leaf_spot/train_image_0_1314.jpg,algal_leaf_spot,2,kaggle,train
obb_IMG_20230624_105052_jpg.rf.d9a21c29ee311de35cd9337b7db44d6d.jpg,images/train/algal_leaf_spot/obb_IMG_20230624_105052_jpg.rf.d9a21c29ee311de35cd9337b7db44d6d.jpg,algal_leaf_spot,2,field_collected,train
train_image_0_3893.jpg,images/train/algal_leaf_spot/train_image_0_3893.jpg,algal_leaf_spot,2,kaggle,train
train_20211227_151921.jpg,images/train/algal_leaf_spot/train_20211227_151921.jpg,algal_leaf_spot,2,kaggle,train
train_image_0_2575.jpg,images/train/algal_leaf_spot/train_image_0_2575.jpg,algal_leaf_spot,2,kaggle,train
train_image_0_3271.jpg,images/train/algal_leaf_spot/train_image_0_3271.jpg,algal_leaf_spot,2,kaggle,train
train_image_0_1317.jpg,images/train/algal_leaf_spot/train_image_0_1317.jpg,algal_leaf_spot,2,kaggle,train
train_image_0_642.jpg,images/train/algal_leaf_spot/train_image_0_642.jpg,algal_leaf_spot,2,kaggle,train
test_20211226_102606.jpg,images/train/algal_leaf_spot/test_20211226_102606.jpg,algal_leaf_spot,2,kaggle,train
test_20211227_140226.jpg,images/train/algal_leaf_spot/test_20211227_140226.jpg,algal_leaf_spot,2,kaggle,train
train_image_0_403.jpg,images/train/algal_leaf_spot/train_image_0_403.jpg,algal_leaf_spot,2,kaggle,train
train_image_0_2218.jpg,images/train/algal_leaf_spot/train_image_0_2218.jpg,algal_leaf_spot,2,kaggle,train
train_image_0_698.jpg,images/train/algal_leaf_spot/train_image_0_698.jpg,algal_leaf_spot,2,kaggle,train
train_image_0_496.jpg,images/train/algal_leaf_spot/train_image_0_496.jpg,algal_leaf_spot,2,kaggle,train
train_20211227_152802.jpg,images/train/algal_leaf_spot/train_20211227_152802.jpg,algal_leaf_spot,2,kaggle,train
train_image_0_1310.jpg,images/train/algal_leaf_spot/train_image_0_1310.jpg,algal_leaf_spot,2,kaggle,train
test_20211227_104005.jpg,images/train/algal_leaf_spot/test_20211227_104005.jpg,algal_leaf_spot,2,kaggle,train
train_image_0_745.jpg,images/train/algal_leaf_spot/train_image_0_745.jpg,algal_leaf_spot,2,kaggle,train
train_image_0_4133.jpg,images/train/algal_leaf_spot/train_image_0_4133.jpg,algal_leaf_spot,2,kaggle,train
train_image_0_418.jpg,images/train/algal_leaf_spot/train_image_0_418.jpg,algal_leaf_spot,2,kaggle,train
train_image_0_52.jpg,images/train/algal_leaf_spot/train_image_0_52.jpg,algal_leaf_spot,2,kaggle,train
train_image_0_287.jpg,images/train/algal_leaf_spot/train_image_0_287.jpg,algal_leaf_spot,2,kaggle,train
train_image_0_2563.jpg,images/train/algal_leaf_spot/train_image_0_2563.jpg,algal_leaf_spot,2,kaggle,train
test_20211227_132727.jpg,images/train/algal_leaf_spot/test_20211227_132727.jpg,algal_leaf_spot,2,kaggle,train
train_image_0_2108.jpg,images/train/algal_leaf_spot/train_image_0_2108.jpg,algal_leaf_spot,2,kaggle,train
train_image_0_1342.jpg,images/train/algal_leaf_spot/train_image_0_1342.jpg,algal_leaf_spot,2,kaggle,train
train_20211227_152438.jpg,images/train/algal_leaf_spot/train_20211227_152438.jpg,algal_leaf_spot,2,kaggle,train
train_image_0_94.jpg,images/train/algal_leaf_spot/train_image_0_94.jpg,algal_leaf_spot,2,kaggle,train
train_image_0_3873.jpg,images/train/algal_leaf_spot/train_image_0_3873.jpg,algal_leaf_spot,2,kaggle,train
train_image_0_3185.jpg,images/train/algal_leaf_spot/train_image_0_3185.jpg,algal_leaf_spot,2,kaggle,train
test_20211227_110301.jpg,images/train/algal_leaf_spot/test_20211227_110301.jpg,algal_leaf_spot,2,kaggle,train
train_image_0_1971.jpg,images/train/algal_leaf_spot/train_image_0_1971.jpg,algal_leaf_spot,2,kaggle,train
train_image_0_1030.jpg,images/train/algal_leaf_spot/train_image_0_1030.jpg,algal_leaf_spot,2,kaggle,train
train_20211227_152816.jpg,images/train/algal_leaf_spot/train_20211227_152816.jpg,algal_leaf_spot,2,kaggle,train
train_image_0_422.jpg,images/train/algal_leaf_spot/train_image_0_422.jpg,algal_leaf_spot,2,kaggle,train
train_image_0_3564.jpg,images/train/algal_leaf_spot/train_image_0_3564.jpg,algal_leaf_spot,2,kaggle,train
train_image_0_550.jpg,images/train/algal_leaf_spot/train_image_0_550.jpg,algal_leaf_spot,2,kaggle,train
train_image_0_2080.jpg,images/train/algal_leaf_spot/train_image_0_2080.jpg,algal_leaf_spot,2,kaggle,train
train_image_0_76.jpg,images/train/algal_leaf_spot/train_image_0_76.jpg,algal_leaf_spot,2,kaggle,train
train_image_0_3422.jpg,images/train/algal_leaf_spot/train_image_0_3422.jpg,algal_leaf_spot,2,kaggle,train
train_image_0_549.jpg,images/train/algal_leaf_spot/train_image_0_549.jpg,algal_leaf_spot,2,kaggle,train
train_image_0_4131.jpg,images/train/algal_leaf_spot/train_image_0_4131.jpg,algal_leaf_spot,2,kaggle,train
train_image_0_1404.jpg,images/train/algal_leaf_spot/train_image_0_1404.jpg,algal_leaf_spot,2,kaggle,train
train_image_0_2011.jpg,images/train/algal_leaf_spot/train_image_0_2011.jpg,algal_leaf_spot,2,kaggle,train
train_image_0_413.jpg,images/train/algal_leaf_spot/train_image_0_413.jpg,algal_leaf_spot,2,kaggle,train
test_20211227_105514.jpg,images/train/algal_leaf_spot/test_20211227_105514.jpg,algal_leaf_spot,2,kaggle,train
train_20211227_154344.jpg,images/train/algal_leaf_spot/train_20211227_154344.jpg,algal_leaf_spot,2,kaggle,train
test_20211227_132844.jpg,images/train/algal_leaf_spot/test_20211227_132844.jpg,algal_leaf_spot,2,kaggle,train
train_image_0_1480.jpg,images/train/algal_leaf_spot/train_image_0_1480.jpg,algal_leaf_spot,2,kaggle,train
train_image_0_3212.jpg,images/train/algal_leaf_spot/train_image_0_3212.jpg,algal_leaf_spot,2,kaggle,train
train_image_0_1279.jpg,images/train/algal_leaf_spot/train_image_0_1279.jpg,algal_leaf_spot,2,kaggle,train
train_image_0_2034.jpg,images/train/algal_leaf_spot/train_image_0_2034.jpg,algal_leaf_spot,2,kaggle,train
test_20211227_130237.jpg,images/train/algal_leaf_spot/test_20211227_130237.jpg,algal_leaf_spot,2,kaggle,train
train_image_0_112.jpg,images/train/algal_leaf_spot/train_image_0_112.jpg,algal_leaf_spot,2,kaggle,train
train_20211227_151800.jpg,images/train/algal_leaf_spot/train_20211227_151800.jpg,algal_leaf_spot,2,kaggle,train
train_image_0_1076.jpg,images/train/algal_leaf_spot/train_image_0_1076.jpg,algal_leaf_spot,2,kaggle,train
train_image_0_1440.jpg,images/train/algal_leaf_spot/train_image_0_1440.jpg,algal_leaf_spot,2,kaggle,train
train_image_0_638.jpg,images/train/algal_leaf_spot/train_image_0_638.jpg,algal_leaf_spot,2,kaggle,train
train_image_0_3383.jpg,images/train/algal_leaf_spot/train_image_0_3383.jpg,algal_leaf_spot,2,kaggle,train
train_image_0_2416.jpg,images/train/algal_leaf_spot/train_image_0_2416.jpg,algal_leaf_spot,2,kaggle,train
test_20211226_102624.jpg,images/train/algal_leaf_spot/test_20211226_102624.jpg,algal_leaf_spot,2,kaggle,train
train_image_0_2533.jpg,images/train/algal_leaf_spot/train_image_0_2533.jpg,algal_leaf_spot,2,kaggle,train
train_image_0_4075.jpg,images/train/algal_leaf_spot/train_image_0_4075.jpg,algal_leaf_spot,2,kaggle,train
train_image_0_3684.jpg,images/train/algal_leaf_spot/train_image_0_3684.jpg,algal_leaf_spot,2,kaggle,train
train_image_0_2014.jpg,images/train/algal_leaf_spot/train_image_0_2014.jpg,algal_leaf_spot,2,kaggle,train
train_image_0_658.jpg,images/train/algal_leaf_spot/train_image_0_658.jpg,algal_leaf_spot,2,kaggle,train
train_image_0_4148.jpg,images/train/algal_leaf_spot/train_image_0_4148.jpg,algal_leaf_spot,2,kaggle,train
train_image_0_809.jpg,images/train/algal_leaf_spot/train_image_0_809.jpg,algal_leaf_spot,2,kaggle,train
train_image_0_4301.jpg,images/train/algal_leaf_spot/train_image_0_4301.jpg,algal_leaf_spot,2,kaggle,train
train_image_0_2065.jpg,images/train/algal_leaf_spot/train_image_0_2065.jpg,algal_leaf_spot,2,kaggle,train
train_image_0_1785.jpg,images/train/algal_leaf_spot/train_image_0_1785.jpg,algal_leaf_spot,2,kaggle,train
train_20211227_153724.jpg,images/train/algal_leaf_spot/train_20211227_153724.jpg,algal_leaf_spot,2,kaggle,train
test_20211227_125830.jpg,images/train/algal_leaf_spot/test_20211227_125830.jpg,algal_leaf_spot,2,kaggle,train
train_image_0_884.jpg,images/train/algal_leaf_spot/train_image_0_884.jpg,algal_leaf_spot,2,kaggle,train
test_20211227_113738.jpg,images/train/algal_leaf_spot/test_20211227_113738.jpg,algal_leaf_spot,2,kaggle,train
train_image_0_2157.jpg,images/train/algal_leaf_spot/train_image_0_2157.jpg,algal_leaf_spot,2,kaggle,train
test_20211227_140306.jpg,images/train/algal_leaf_spot/test_20211227_140306.jpg,algal_leaf_spot,2,kaggle,train
train_image_0_4044.jpg,images/train/algal_leaf_spot/train_image_0_4044.jpg,algal_leaf_spot,2,kaggle,train
train_image_0_3284.jpg,images/train/algal_leaf_spot/train_image_0_3284.jpg,algal_leaf_spot,2,kaggle,train
train_image_0_3130.jpg,images/train/algal_leaf_spot/train_image_0_3130.jpg,algal_leaf_spot,2,kaggle,train
obb_225_jpg.rf.64509b43824423881ac2fb1391de7c06.jpg,images/train/algal_leaf_spot/obb_225_jpg.rf.64509b43824423881ac2fb1391de7c06.jpg,algal_leaf_spot,2,field_collected,train
train_image_0_3544.jpg,images/train/algal_leaf_spot/train_image_0_3544.jpg,algal_leaf_spot,2,kaggle,train
train_image_0_3584.jpg,images/train/algal_leaf_spot/train_image_0_3584.jpg,algal_leaf_spot,2,kaggle,train
train_image_0_3763.jpg,images/train/algal_leaf_spot/train_image_0_3763.jpg,algal_leaf_spot,2,kaggle,train
test_20211226_103338.jpg,images/train/algal_leaf_spot/test_20211226_103338.jpg,algal_leaf_spot,2,kaggle,train
test_20211227_102104.jpg,images/train/algal_leaf_spot/test_20211227_102104.jpg,algal_leaf_spot,2,kaggle,train
train_image_0_88.jpg,images/train/algal_leaf_spot/train_image_0_88.jpg,algal_leaf_spot,2,kaggle,train
train_image_0_1034.jpg,images/train/algal_leaf_spot/train_image_0_1034.jpg,algal_leaf_spot,2,kaggle,train
train_image_0_3775.jpg,images/train/algal_leaf_spot/train_image_0_3775.jpg,algal_leaf_spot,2,kaggle,train
test_20211226_101708.jpg,images/train/algal_leaf_spot/test_20211226_101708.jpg,algal_leaf_spot,2,kaggle,train
test_20211227_130638.jpg,images/train/algal_leaf_spot/test_20211227_130638.jpg,algal_leaf_spot,2,kaggle,train
train_20211227_151957.jpg,images/train/algal_leaf_spot/train_20211227_151957.jpg,algal_leaf_spot,2,kaggle,train
test_20211227_135753.jpg,images/train/algal_leaf_spot/test_20211227_135753.jpg,algal_leaf_spot,2,kaggle,train
train_image_0_923.jpg,images/train/algal_leaf_spot/train_image_0_923.jpg,algal_leaf_spot,2,kaggle,train
test_20211227_133841.jpg,images/train/algal_leaf_spot/test_20211227_133841.jpg,algal_leaf_spot,2,kaggle,train
train_image_0_3898.jpg,images/train/algal_leaf_spot/train_image_0_3898.jpg,algal_leaf_spot,2,kaggle,train
train_20211227_154309.jpg,images/train/algal_leaf_spot/train_20211227_154309.jpg,algal_leaf_spot,2,kaggle,train
train_image_0_2845.jpg,images/train/algal_leaf_spot/train_image_0_2845.jpg,algal_leaf_spot,2,kaggle,train
train_image_0_819.jpg,images/train/algal_leaf_spot/train_image_0_819.jpg,algal_leaf_spot,2,kaggle,train
train_image_0_87.jpg,images/train/algal_leaf_spot/train_image_0_87.jpg,algal_leaf_spot,2,kaggle,train
train_image_0_3363.jpg,images/train/algal_leaf_spot/train_image_0_3363.jpg,algal_leaf_spot,2,kaggle,train
train_image_0_396.jpg,images/train/algal_leaf_spot/train_image_0_396.jpg,algal_leaf_spot,2,kaggle,train
train_image_0_2339.jpg,images/train/algal_leaf_spot/train_image_0_2339.jpg,algal_leaf_spot,2,kaggle,train
train_image_0_4120.jpg,images/train/algal_leaf_spot/train_image_0_4120.jpg,algal_leaf_spot,2,kaggle,train
train_image_0_3396.jpg,images/train/algal_leaf_spot/train_image_0_3396.jpg,algal_leaf_spot,2,kaggle,train
train_image_0_2389.jpg,images/train/algal_leaf_spot/train_image_0_2389.jpg,algal_leaf_spot,2,kaggle,train
obb_409_jpg.rf.c79571e6fe5518fa6aa92563871dd6c9.jpg,images/train/algal_leaf_spot/obb_409_jpg.rf.c79571e6fe5518fa6aa92563871dd6c9.jpg,algal_leaf_spot,2,field_collected,train
train_image_0_1713.jpg,images/train/algal_leaf_spot/train_image_0_1713.jpg,algal_leaf_spot,2,kaggle,train
train_image_0_1152.jpg,images/train/algal_leaf_spot/train_image_0_1152.jpg,algal_leaf_spot,2,kaggle,train
train_image_0_2666.jpg,images/train/algal_leaf_spot/train_image_0_2666.jpg,algal_leaf_spot,2,kaggle,train
train_image_0_1011.jpg,images/train/algal_leaf_spot/train_image_0_1011.jpg,algal_leaf_spot,2,kaggle,train
train_20211227_140520.jpg,images/train/algal_leaf_spot/train_20211227_140520.jpg,algal_leaf_spot,2,kaggle,train
train_image_0_329.jpg,images/train/algal_leaf_spot/train_image_0_329.jpg,algal_leaf_spot,2,kaggle,train
train_image_0_3351.jpg,images/train/algal_leaf_spot/train_image_0_3351.jpg,algal_leaf_spot,2,kaggle,train
test_20211227_132105.jpg,images/train/algal_leaf_spot/test_20211227_132105.jpg,algal_leaf_spot,2,kaggle,train
test_20211226_102517.jpg,images/train/algal_leaf_spot/test_20211226_102517.jpg,algal_leaf_spot,2,kaggle,train
train_image_0_141.jpg,images/train/algal_leaf_spot/train_image_0_141.jpg,algal_leaf_spot,2,kaggle,train
test_20211227_102325.jpg,images/train/algal_leaf_spot/test_20211227_102325.jpg,algal_leaf_spot,2,kaggle,train
test_20211227_113846.jpg,images/train/algal_leaf_spot/test_20211227_113846.jpg,algal_leaf_spot,2,kaggle,train
train_20211227_151139.jpg,images/train/algal_leaf_spot/train_20211227_151139.jpg,algal_leaf_spot,2,kaggle,train
train_20211227_151823.jpg,images/train/algal_leaf_spot/train_20211227_151823.jpg,algal_leaf_spot,2,kaggle,train
train_image_0_2408.jpg,images/train/algal_leaf_spot/train_image_0_2408.jpg,algal_leaf_spot,2,kaggle,train
train_image_0_4227.jpg,images/train/algal_leaf_spot/train_image_0_4227.jpg,algal_leaf_spot,2,kaggle,train
train_image_0_2103.jpg,images/train/algal_leaf_spot/train_image_0_2103.jpg,algal_leaf_spot,2,kaggle,train
train_image_0_4043.jpg,images/train/algal_leaf_spot/train_image_0_4043.jpg,algal_leaf_spot,2,kaggle,train
train_image_0_198.jpg,images/train/algal_leaf_spot/train_image_0_198.jpg,algal_leaf_spot,2,kaggle,train
train_image_0_645.jpg,images/train/algal_leaf_spot/train_image_0_645.jpg,algal_leaf_spot,2,kaggle,train
test_20211227_140359.jpg,images/train/algal_leaf_spot/test_20211227_140359.jpg,algal_leaf_spot,2,kaggle,train
test_20211227_114149.jpg,images/train/algal_leaf_spot/test_20211227_114149.jpg,algal_leaf_spot,2,kaggle,train
test_20211227_132208.jpg,images/train/algal_leaf_spot/test_20211227_132208.jpg,algal_leaf_spot,2,kaggle,train
test_20211226_102341.jpg,images/train/algal_leaf_spot/test_20211226_102341.jpg,algal_leaf_spot,2,kaggle,train
train_20211227_154129.jpg,images/train/algal_leaf_spot/train_20211227_154129.jpg,algal_leaf_spot,2,kaggle,train
train_image_0_3462.jpg,images/train/algal_leaf_spot/train_image_0_3462.jpg,algal_leaf_spot,2,kaggle,train
train_image_0_2520.jpg,images/train/algal_leaf_spot/train_image_0_2520.jpg,algal_leaf_spot,2,kaggle,train
obb_232_jpg.rf.b661ff5ef1a851ca667b582b38a2f730.jpg,images/train/algal_leaf_spot/obb_232_jpg.rf.b661ff5ef1a851ca667b582b38a2f730.jpg,algal_leaf_spot,2,field_collected,train
train_image_0_1762.jpg,images/train/algal_leaf_spot/train_image_0_1762.jpg,algal_leaf_spot,2,kaggle,train
train_image_0_4262.jpg,images/train/algal_leaf_spot/train_image_0_4262.jpg,algal_leaf_spot,2,kaggle,train
test_20211227_114530.jpg,images/train/algal_leaf_spot/test_20211227_114530.jpg,algal_leaf_spot,2,kaggle,train
train_image_0_1575.jpg,images/train/algal_leaf_spot/train_image_0_1575.jpg,algal_leaf_spot,2,kaggle,train
train_image_0_1248.jpg,images/train/algal_leaf_spot/train_image_0_1248.jpg,algal_leaf_spot,2,kaggle,train
train_image_0_3405.jpg,images/train/algal_leaf_spot/train_image_0_3405.jpg,algal_leaf_spot,2,kaggle,train
train_image_0_308.jpg,images/train/algal_leaf_spot/train_image_0_308.jpg,algal_leaf_spot,2,kaggle,train
train_image_0_942.jpg,images/train/algal_leaf_spot/train_image_0_942.jpg,algal_leaf_spot,2,kaggle,train
train_image_0_3424.jpg,images/train/algal_leaf_spot/train_image_0_3424.jpg,algal_leaf_spot,2,kaggle,train
train_image_0_2962.jpg,images/train/algal_leaf_spot/train_image_0_2962.jpg,algal_leaf_spot,2,kaggle,train
obb_IMG_20230612_160342_jpg.rf.06208f8783b7758c2928e95c474627f9.jpg,images/train/algal_leaf_spot/obb_IMG_20230612_160342_jpg.rf.06208f8783b7758c2928e95c474627f9.jpg,algal_leaf_spot,2,field_collected,train
train_image_0_2142.jpg,images/train/algal_leaf_spot/train_image_0_2142.jpg,algal_leaf_spot,2,kaggle,train
test_20211227_101738.jpg,images/train/algal_leaf_spot/test_20211227_101738.jpg,algal_leaf_spot,2,kaggle,train
train_image_0_2242.jpg,images/train/algal_leaf_spot/train_image_0_2242.jpg,algal_leaf_spot,2,kaggle,train
train_image_0_2258.jpg,images/train/algal_leaf_spot/train_image_0_2258.jpg,algal_leaf_spot,2,kaggle,train
train_image_0_9767.jpg,images/train/brown_blight/train_image_0_9767.jpg,brown_blight,3,kaggle,train
train_image_0_4292.jpg,images/train/brown_blight/train_image_0_4292.jpg,brown_blight,3,kaggle,train
train_image_0_8162.jpg,images/train/brown_blight/train_image_0_8162.jpg,brown_blight,3,kaggle,train
train_image_0_1226.jpg,images/train/brown_blight/train_image_0_1226.jpg,brown_blight,3,kaggle,train
train_image_0_9202.jpg,images/train/brown_blight/train_image_0_9202.jpg,brown_blight,3,kaggle,train
train_image_0_913.jpg,images/train/brown_blight/train_image_0_913.jpg,brown_blight,3,kaggle,train
train_image_0_1185.jpg,images/train/brown_blight/train_image_0_1185.jpg,brown_blight,3,kaggle,train
train_image_0_4357.jpg,images/train/brown_blight/train_image_0_4357.jpg,brown_blight,3,kaggle,train
train_image_0_6418.jpg,images/train/brown_blight/train_image_0_6418.jpg,brown_blight,3,kaggle,train
train_image_0_5114.jpg,images/train/brown_blight/train_image_0_5114.jpg,brown_blight,3,kaggle,train
test_20211226_002423.jpg,images/train/brown_blight/test_20211226_002423.jpg,brown_blight,3,kaggle,train
train_image_0_8264.jpg,images/train/brown_blight/train_image_0_8264.jpg,brown_blight,3,kaggle,train
test_image_0_644.jpg,images/train/brown_blight/test_image_0_644.jpg,brown_blight,3,kaggle,train
train_image_0_2848.jpg,images/train/brown_blight/train_image_0_2848.jpg,brown_blight,3,kaggle,train
train_image_0_9843.jpg,images/train/brown_blight/train_image_0_9843.jpg,brown_blight,3,kaggle,train
test_image_0_738.jpg,images/train/brown_blight/test_image_0_738.jpg,brown_blight,3,kaggle,train
train_image_0_1183.jpg,images/train/brown_blight/train_image_0_1183.jpg,brown_blight,3,kaggle,train
train_image_0_8071.jpg,images/train/brown_blight/train_image_0_8071.jpg,brown_blight,3,kaggle,train
train_image_0_1408.jpg,images/train/brown_blight/train_image_0_1408.jpg,brown_blight,3,kaggle,train
train_image_0_2984.jpg,images/train/brown_blight/train_image_0_2984.jpg,brown_blight,3,kaggle,train
test_20211226_002512.jpg,images/train/brown_blight/test_20211226_002512.jpg,brown_blight,3,kaggle,train
test_20211205_155637.jpg,images/train/brown_blight/test_20211205_155637.jpg,brown_blight,3,kaggle,train
train_image_0_3896.jpg,images/train/brown_blight/train_image_0_3896.jpg,brown_blight,3,kaggle,train
train_image_0_3690.jpg,images/train/brown_blight/train_image_0_3690.jpg,brown_blight,3,kaggle,train
train_image_0_5154.jpg,images/train/brown_blight/train_image_0_5154.jpg,brown_blight,3,kaggle,train
train_image_0_5281.jpg,images/train/brown_blight/train_image_0_5281.jpg,brown_blight,3,kaggle,train
train_image_0_4410.jpg,images/train/brown_blight/train_image_0_4410.jpg,brown_blight,3,kaggle,train
train_image_0_1058.jpg,images/train/brown_blight/train_image_0_1058.jpg,brown_blight,3,kaggle,train
test_20211228_125526.jpg,images/train/brown_blight/test_20211228_125526.jpg,brown_blight,3,kaggle,train
train_image_0_5874.jpg,images/train/brown_blight/train_image_0_5874.jpg,brown_blight,3,kaggle,train
test_20211225_235207.jpg,images/train/brown_blight/test_20211225_235207.jpg,brown_blight,3,kaggle,train
train_image_0_6496.jpg,images/train/brown_blight/train_image_0_6496.jpg,brown_blight,3,kaggle,train
train_image_0_3554.jpg,images/train/brown_blight/train_image_0_3554.jpg,brown_blight,3,kaggle,train
train_image_0_4385.jpg,images/train/brown_blight/train_image_0_4385.jpg,brown_blight,3,kaggle,train
train_image_0_1459.jpg,images/train/brown_blight/train_image_0_1459.jpg,brown_blight,3,kaggle,train
train_image_0_1785.jpg,images/train/brown_blight/train_image_0_1785.jpg,brown_blight,3,kaggle,train
train_image_0_4918.jpg,images/train/brown_blight/train_image_0_4918.jpg,brown_blight,3,kaggle,train
train_image_0_8948.jpg,images/train/brown_blight/train_image_0_8948.jpg,brown_blight,3,kaggle,train
train_image_0_5641.jpg,images/train/brown_blight/train_image_0_5641.jpg,brown_blight,3,kaggle,train
train_image_0_7430.jpg,images/train/brown_blight/train_image_0_7430.jpg,brown_blight,3,kaggle,train
train_image_0_3976.jpg,images/train/brown_blight/train_image_0_3976.jpg,brown_blight,3,kaggle,train
train_image_0_1564.jpg,images/train/brown_blight/train_image_0_1564.jpg,brown_blight,3,kaggle,train
obb_IMG_8873_jpg.rf.96e3472eaa2605f30b31d55e999bb5f4.jpg,images/train/brown_blight/obb_IMG_8873_jpg.rf.96e3472eaa2605f30b31d55e999bb5f4.jpg,brown_blight,3,field_collected,train
train_image_0_1246.jpg,images/train/brown_blight/train_image_0_1246.jpg,brown_blight,3,kaggle,train
test_image_0_270.jpg,images/train/brown_blight/test_image_0_270.jpg,brown_blight,3,kaggle,train
test_20211226_003230.jpg,images/train/brown_blight/test_20211226_003230.jpg,brown_blight,3,kaggle,train
test_20211227_162750.jpg,images/train/brown_blight/test_20211227_162750.jpg,brown_blight,3,kaggle,train
test_20211228_153754.jpg,images/train/brown_blight/test_20211228_153754.jpg,brown_blight,3,kaggle,train
test_20211226_002557.jpg,images/train/brown_blight/test_20211226_002557.jpg,brown_blight,3,kaggle,train
test_image_0_22.jpg,images/train/brown_blight/test_image_0_22.jpg,brown_blight,3,kaggle,train
test_20211226_002300.jpg,images/train/brown_blight/test_20211226_002300.jpg,brown_blight,3,kaggle,train
train_image_0_8614.jpg,images/train/brown_blight/train_image_0_8614.jpg,brown_blight,3,kaggle,train
test_20211226_003311.jpg,images/train/brown_blight/test_20211226_003311.jpg,brown_blight,3,kaggle,train
train_image_0_3003.jpg,images/train/brown_blight/train_image_0_3003.jpg,brown_blight,3,kaggle,train
train_image_0_1995.jpg,images/train/brown_blight/train_image_0_1995.jpg,brown_blight,3,kaggle,train
test_image_0_609.jpg,images/train/brown_blight/test_image_0_609.jpg,brown_blight,3,kaggle,train
train_image_0_4937.jpg,images/train/brown_blight/train_image_0_4937.jpg,brown_blight,3,kaggle,train
train_image_0_5155.jpg,images/train/brown_blight/train_image_0_5155.jpg,brown_blight,3,kaggle,train
train_image_0_4045.jpg,images/train/brown_blight/train_image_0_4045.jpg,brown_blight,3,kaggle,train
train_image_0_7721.jpg,images/train/brown_blight/train_image_0_7721.jpg,brown_blight,3,kaggle,train
train_image_0_9336.jpg,images/train/brown_blight/train_image_0_9336.jpg,brown_blight,3,kaggle,train
train_image_0_5102.jpg,images/train/brown_blight/train_image_0_5102.jpg,brown_blight,3,kaggle,train
train_image_0_1178.jpg,images/train/brown_blight/train_image_0_1178.jpg,brown_blight,3,kaggle,train
test_image_0_144.jpg,images/train/brown_blight/test_image_0_144.jpg,brown_blight,3,kaggle,train
train_image_0_9563.jpg,images/train/brown_blight/train_image_0_9563.jpg,brown_blight,3,kaggle,train
train_image_0_7668.jpg,images/train/brown_blight/train_image_0_7668.jpg,brown_blight,3,kaggle,train
train_image_0_1543.jpg,images/train/brown_blight/train_image_0_1543.jpg,brown_blight,3,kaggle,train
test_20211205_155055.jpg,images/train/brown_blight/test_20211205_155055.jpg,brown_blight,3,kaggle,train
train_image_0_4811.jpg,images/train/brown_blight/train_image_0_4811.jpg,brown_blight,3,kaggle,train
train_image_0_5795.jpg,images/train/brown_blight/train_image_0_5795.jpg,brown_blight,3,kaggle,train
test_20211227_163818.jpg,images/train/brown_blight/test_20211227_163818.jpg,brown_blight,3,kaggle,train
train_image_0_8656.jpg,images/train/brown_blight/train_image_0_8656.jpg,brown_blight,3,kaggle,train
train_image_0_6524.jpg,images/train/brown_blight/train_image_0_6524.jpg,brown_blight,3,kaggle,train
train_image_0_2677.jpg,images/train/brown_blight/train_image_0_2677.jpg,brown_blight,3,kaggle,train
train_image_0_3294.jpg,images/train/brown_blight/train_image_0_3294.jpg,brown_blight,3,kaggle,train
test_image_0_606.jpg,images/train/brown_blight/test_image_0_606.jpg,brown_blight,3,kaggle,train
train_image_0_8633.jpg,images/train/brown_blight/train_image_0_8633.jpg,brown_blight,3,kaggle,train
train_image_0_7191.jpg,images/train/brown_blight/train_image_0_7191.jpg,brown_blight,3,kaggle,train
train_image_0_7397.jpg,images/train/brown_blight/train_image_0_7397.jpg,brown_blight,3,kaggle,train
train_image_0_1612.jpg,images/train/brown_blight/train_image_0_1612.jpg,brown_blight,3,kaggle,train
train_image_0_4973.jpg,images/train/brown_blight/train_image_0_4973.jpg,brown_blight,3,kaggle,train
test_image_0_685.jpg,images/train/brown_blight/test_image_0_685.jpg,brown_blight,3,kaggle,train
train_image_0_5815.jpg,images/train/brown_blight/train_image_0_5815.jpg,brown_blight,3,kaggle,train
test_20211228_122234.jpg,images/train/brown_blight/test_20211228_122234.jpg,brown_blight,3,kaggle,train
train_image_0_8480.jpg,images/train/brown_blight/train_image_0_8480.jpg,brown_blight,3,kaggle,train
test_image_0_791.jpg,images/train/brown_blight/test_image_0_791.jpg,brown_blight,3,kaggle,train
train_image_0_4326.jpg,images/train/brown_blight/train_image_0_4326.jpg,brown_blight,3,kaggle,train
train_image_0_9885.jpg,images/train/brown_blight/train_image_0_9885.jpg,brown_blight,3,kaggle,train
train_image_0_7167.jpg,images/train/brown_blight/train_image_0_7167.jpg,brown_blight,3,kaggle,train
test_20211226_000350.jpg,images/train/brown_blight/test_20211226_000350.jpg,brown_blight,3,kaggle,train
train_image_0_4542.jpg,images/train/brown_blight/train_image_0_4542.jpg,brown_blight,3,kaggle,train
train_image_0_5344.jpg,images/train/brown_blight/train_image_0_5344.jpg,brown_blight,3,kaggle,train
train_image_0_9444.jpg,images/train/brown_blight/train_image_0_9444.jpg,brown_blight,3,kaggle,train
train_image_0_6544.jpg,images/train/brown_blight/train_image_0_6544.jpg,brown_blight,3,kaggle,train
train_image_0_3915.jpg,images/train/brown_blight/train_image_0_3915.jpg,brown_blight,3,kaggle,train
train_image_0_6989.jpg,images/train/brown_blight/train_image_0_6989.jpg,brown_blight,3,kaggle,train
train_image_0_6441.jpg,images/train/brown_blight/train_image_0_6441.jpg,brown_blight,3,kaggle,train
train_image_0_4457.jpg,images/train/brown_blight/train_image_0_4457.jpg,brown_blight,3,kaggle,train
train_image_0_8384.jpg,images/train/brown_blight/train_image_0_8384.jpg,brown_blight,3,kaggle,train
train_image_0_7010.jpg,images/train/brown_blight/train_image_0_7010.jpg,brown_blight,3,kaggle,train
train_image_0_8136.jpg,images/train/brown_blight/train_image_0_8136.jpg,brown_blight,3,kaggle,train
train_image_0_7876.jpg,images/train/brown_blight/train_image_0_7876.jpg,brown_blight,3,kaggle,train
train_image_0_7055.jpg,images/train/brown_blight/train_image_0_7055.jpg,brown_blight,3,kaggle,train
train_image_0_7768.jpg,images/train/brown_blight/train_image_0_7768.jpg,brown_blight,3,kaggle,train
train_image_0_6279.jpg,images/train/brown_blight/train_image_0_6279.jpg,brown_blight,3,kaggle,train
train_image_0_1430.jpg,images/train/brown_blight/train_image_0_1430.jpg,brown_blight,3,kaggle,train
test_20211205_160054.jpg,images/train/brown_blight/test_20211205_160054.jpg,brown_blight,3,kaggle,train
train_image_0_8448.jpg,images/train/brown_blight/train_image_0_8448.jpg,brown_blight,3,kaggle,train
train_image_0_3090.jpg,images/train/brown_blight/train_image_0_3090.jpg,brown_blight,3,kaggle,train
train_image_0_8706.jpg,images/train/brown_blight/train_image_0_8706.jpg,brown_blight,3,kaggle,train
train_image_0_7687.jpg,images/train/brown_blight/train_image_0_7687.jpg,brown_blight,3,kaggle,train
train_image_0_3425.jpg,images/train/brown_blight/train_image_0_3425.jpg,brown_blight,3,kaggle,train
obb_552_jpg.rf.341af952d6d5a389dff1bb3949103272.jpg,images/train/brown_blight/obb_552_jpg.rf.341af952d6d5a389dff1bb3949103272.jpg,brown_blight,3,field_collected,train
test_image_0_364.jpg,images/train/brown_blight/test_image_0_364.jpg,brown_blight,3,kaggle,train
train_image_0_4046.jpg,images/train/brown_blight/train_image_0_4046.jpg,brown_blight,3,kaggle,train
train_image_0_8211.jpg,images/train/brown_blight/train_image_0_8211.jpg,brown_blight,3,kaggle,train
train_image_0_6275.jpg,images/train/brown_blight/train_image_0_6275.jpg,brown_blight,3,kaggle,train
train_image_0_3853.jpg,images/train/brown_blight/train_image_0_3853.jpg,brown_blight,3,kaggle,train
train_image_0_9727.jpg,images/train/brown_blight/train_image_0_9727.jpg,brown_blight,3,kaggle,train
train_image_0_9235.jpg,images/train/brown_blight/train_image_0_9235.jpg,brown_blight,3,kaggle,train
train_image_0_2911.jpg,images/train/brown_blight/train_image_0_2911.jpg,brown_blight,3,kaggle,train
train_image_0_8252.jpg,images/train/brown_blight/train_image_0_8252.jpg,brown_blight,3,kaggle,train
train_image_0_7310.jpg,images/train/brown_blight/train_image_0_7310.jpg,brown_blight,3,kaggle,train
obb_IMG_67_jpeg.rf.df81543721e742bed1051bfa33c734fa.jpg,images/train/brown_blight/obb_IMG_67_jpeg.rf.df81543721e742bed1051bfa33c734fa.jpg,brown_blight,3,field_collected,train
train_image_0_3971.jpg,images/train/brown_blight/train_image_0_3971.jpg,brown_blight,3,kaggle,train
train_image_0_4021.jpg,images/train/brown_blight/train_image_0_4021.jpg,brown_blight,3,kaggle,train
train_image_0_2435.jpg,images/train/brown_blight/train_image_0_2435.jpg,brown_blight,3,kaggle,train
train_image_0_1054.jpg,images/train/brown_blight/train_image_0_1054.jpg,brown_blight,3,kaggle,train
train_image_0_7508.jpg,images/train/brown_blight/train_image_0_7508.jpg,brown_blight,3,kaggle,train
test_20211225_234108.jpg,images/train/brown_blight/test_20211225_234108.jpg,brown_blight,3,kaggle,train
train_image_0_6653.jpg,images/train/brown_blight/train_image_0_6653.jpg,brown_blight,3,kaggle,train
train_image_0_6510.jpg,images/train/brown_blight/train_image_0_6510.jpg,brown_blight,3,kaggle,train
train_image_0_5144.jpg,images/train/brown_blight/train_image_0_5144.jpg,brown_blight,3,kaggle,train
train_image_0_9146.jpg,images/train/brown_blight/train_image_0_9146.jpg,brown_blight,3,kaggle,train
train_image_0_6714.jpg,images/train/brown_blight/train_image_0_6714.jpg,brown_blight,3,kaggle,train
test_20211226_000508.jpg,images/train/brown_blight/test_20211226_000508.jpg,brown_blight,3,kaggle,train
train_image_0_6919.jpg,images/train/brown_blight/train_image_0_6919.jpg,brown_blight,3,kaggle,train
train_image_0_4377.jpg,images/train/brown_blight/train_image_0_4377.jpg,brown_blight,3,kaggle,train
train_image_0_3295.jpg,images/train/brown_blight/train_image_0_3295.jpg,brown_blight,3,kaggle,train
test_image_0_374.jpg,images/train/brown_blight/test_image_0_374.jpg,brown_blight,3,kaggle,train
train_image_0_7699.jpg,images/train/brown_blight/train_image_0_7699.jpg,brown_blight,3,kaggle,train
obb_26_jpg.rf.e69178fb28afcbd15a901a3652fa4d24.jpg,images/train/brown_blight/obb_26_jpg.rf.e69178fb28afcbd15a901a3652fa4d24.jpg,brown_blight,3,field_collected,train
train_image_0_2607.jpg,images/train/brown_blight/train_image_0_2607.jpg,brown_blight,3,kaggle,train
train_image_0_8230.jpg,images/train/brown_blight/train_image_0_8230.jpg,brown_blight,3,kaggle,train
test_20211205_155836.jpg,images/train/brown_blight/test_20211205_155836.jpg,brown_blight,3,kaggle,train
train_image_0_5181.jpg,images/train/brown_blight/train_image_0_5181.jpg,brown_blight,3,kaggle,train
train_image_0_6803.jpg,images/train/brown_blight/train_image_0_6803.jpg,brown_blight,3,kaggle,train
test_20211225_232815.jpg,images/train/brown_blight/test_20211225_232815.jpg,brown_blight,3,kaggle,train
obb_IMG_8708_jpg.rf.283b21295e904bbbc6f1f8cc501a0069.jpg,images/train/brown_blight/obb_IMG_8708_jpg.rf.283b21295e904bbbc6f1f8cc501a0069.jpg,brown_blight,3,field_collected,train
test_20211226_000224.jpg,images/train/brown_blight/test_20211226_000224.jpg,brown_blight,3,kaggle,train
train_image_0_4961.jpg,images/train/brown_blight/train_image_0_4961.jpg,brown_blight,3,kaggle,train
train_image_0_4747.jpg,images/train/brown_blight/train_image_0_4747.jpg,brown_blight,3,kaggle,train
test_image_0_773.jpg,images/train/brown_blight/test_image_0_773.jpg,brown_blight,3,kaggle,train
train_image_0_6616.jpg,images/train/brown_blight/train_image_0_6616.jpg,brown_blight,3,kaggle,train
test_20211225_235354.jpg,images/train/brown_blight/test_20211225_235354.jpg,brown_blight,3,kaggle,train
train_image_0_7373.jpg,images/train/brown_blight/train_image_0_7373.jpg,brown_blight,3,kaggle,train
train_image_0_2729.jpg,images/train/brown_blight/train_image_0_2729.jpg,brown_blight,3,kaggle,train
train_image_0_8442.jpg,images/train/brown_blight/train_image_0_8442.jpg,brown_blight,3,kaggle,train
obb_448_jpg.rf.61136c46f75c49655ffac20a7891ec97.jpg,images/train/brown_blight/obb_448_jpg.rf.61136c46f75c49655ffac20a7891ec97.jpg,brown_blight,3,field_collected,train
train_image_0_9708.jpg,images/train/brown_blight/train_image_0_9708.jpg,brown_blight,3,kaggle,train
train_image_0_1195.jpg,images/train/brown_blight/train_image_0_1195.jpg,brown_blight,3,kaggle,train
train_image_0_3770.jpg,images/train/brown_blight/train_image_0_3770.jpg,brown_blight,3,kaggle,train
train_image_0_4498.jpg,images/train/brown_blight/train_image_0_4498.jpg,brown_blight,3,kaggle,train
train_image_0_5965.jpg,images/train/brown_blight/train_image_0_5965.jpg,brown_blight,3,kaggle,train
train_image_0_7464.jpg,images/train/brown_blight/train_image_0_7464.jpg,brown_blight,3,kaggle,train
test_20211225_234800.jpg,images/train/brown_blight/test_20211225_234800.jpg,brown_blight,3,kaggle,train
obb_219_jpg.rf.efaa45291ba0a03e4c1e7d1cf637d259.jpg,images/train/brown_blight/obb_219_jpg.rf.efaa45291ba0a03e4c1e7d1cf637d259.jpg,brown_blight,3,field_collected,train
train_image_0_7073.jpg,images/train/brown_blight/train_image_0_7073.jpg,brown_blight,3,kaggle,train
train_image_0_9024.jpg,images/train/brown_blight/train_image_0_9024.jpg,brown_blight,3,kaggle,train
train_image_0_7536.jpg,images/train/brown_blight/train_image_0_7536.jpg,brown_blight,3,kaggle,train
train_image_0_9118.jpg,images/train/brown_blight/train_image_0_9118.jpg,brown_blight,3,kaggle,train
train_image_0_2742.jpg,images/train/brown_blight/train_image_0_2742.jpg,brown_blight,3,kaggle,train
train_image_0_3113.jpg,images/train/brown_blight/train_image_0_3113.jpg,brown_blight,3,kaggle,train
test_20211227_162827.jpg,images/train/brown_blight/test_20211227_162827.jpg,brown_blight,3,kaggle,train
test_20211227_162852.jpg,images/train/brown_blight/test_20211227_162852.jpg,brown_blight,3,kaggle,train
test_20211225_234901.jpg,images/train/brown_blight/test_20211225_234901.jpg,brown_blight,3,kaggle,train
train_image_0_4785.jpg,images/train/brown_blight/train_image_0_4785.jpg,brown_blight,3,kaggle,train
obb_IMG_8710_jpg.rf.3d4f88b21bda296f2ca3ea998595ba64.jpg,images/train/brown_blight/obb_IMG_8710_jpg.rf.3d4f88b21bda296f2ca3ea998595ba64.jpg,brown_blight,3,field_collected,train
obb_134_jpg.rf.6a2263efa78d5f94b5c49afacbc2ccc0.jpg,images/train/brown_blight/obb_134_jpg.rf.6a2263efa78d5f94b5c49afacbc2ccc0.jpg,brown_blight,3,field_collected,train
train_image_0_1969.jpg,images/train/brown_blight/train_image_0_1969.jpg,brown_blight,3,kaggle,train
train_image_0_6436.jpg,images/train/brown_blight/train_image_0_6436.jpg,brown_blight,3,kaggle,train
train_image_0_1222.jpg,images/train/brown_blight/train_image_0_1222.jpg,brown_blight,3,kaggle,train
train_image_0_3882.jpg,images/train/brown_blight/train_image_0_3882.jpg,brown_blight,3,kaggle,train
train_image_0_1294.jpg,images/train/brown_blight/train_image_0_1294.jpg,brown_blight,3,kaggle,train
train_image_0_8410.jpg,images/train/brown_blight/train_image_0_8410.jpg,brown_blight,3,kaggle,train
train_image_0_5242.jpg,images/train/brown_blight/train_image_0_5242.jpg,brown_blight,3,kaggle,train
train_image_0_1656.jpg,images/train/brown_blight/train_image_0_1656.jpg,brown_blight,3,kaggle,train
train_image_0_8927.jpg,images/train/brown_blight/train_image_0_8927.jpg,brown_blight,3,kaggle,train
test_20211227_164350.jpg,images/train/brown_blight/test_20211227_164350.jpg,brown_blight,3,kaggle,train
train_image_0_2632.jpg,images/train/brown_blight/train_image_0_2632.jpg,brown_blight,3,kaggle,train
train_image_0_6488.jpg,images/train/brown_blight/train_image_0_6488.jpg,brown_blight,3,kaggle,train
train_image_0_5855.jpg,images/train/brown_blight/train_image_0_5855.jpg,brown_blight,3,kaggle,train
train_image_0_1376.jpg,images/train/brown_blight/train_image_0_1376.jpg,brown_blight,3,kaggle,train
obb_480_jpg.rf.9784523e137722d1fd72708d40128e95.jpg,images/train/brown_blight/obb_480_jpg.rf.9784523e137722d1fd72708d40128e95.jpg,brown_blight,3,field_collected,train
test_20211205_160445.jpg,images/train/brown_blight/test_20211205_160445.jpg,brown_blight,3,kaggle,train
obb_351_jpg.rf.f7ac082366b33fe538ae95ffb1c04c9f.jpg,images/train/brown_blight/obb_351_jpg.rf.f7ac082366b33fe538ae95ffb1c04c9f.jpg,brown_blight,3,field_collected,train
train_image_0_6393.jpg,images/train/brown_blight/train_image_0_6393.jpg,brown_blight,3,kaggle,train
test_image_0_225.jpg,images/train/brown_blight/test_image_0_225.jpg,brown_blight,3,kaggle,train
train_image_0_5004.jpg,images/train/brown_blight/train_image_0_5004.jpg,brown_blight,3,kaggle,train
train_image_0_4470.jpg,images/train/brown_blight/train_image_0_4470.jpg,brown_blight,3,kaggle,train
train_image_0_2460.jpg,images/train/brown_blight/train_image_0_2460.jpg,brown_blight,3,kaggle,train
train_image_0_6280.jpg,images/train/brown_blight/train_image_0_6280.jpg,brown_blight,3,kaggle,train
train_image_0_836.jpg,images/train/brown_blight/train_image_0_836.jpg,brown_blight,3,kaggle,train
train_image_0_8819.jpg,images/train/brown_blight/train_image_0_8819.jpg,brown_blight,3,kaggle,train
train_image_0_9605.jpg,images/train/brown_blight/train_image_0_9605.jpg,brown_blight,3,kaggle,train
train_image_0_4435.jpg,images/train/brown_blight/train_image_0_4435.jpg,brown_blight,3,kaggle,train
train_image_0_7249.jpg,images/train/brown_blight/train_image_0_7249.jpg,brown_blight,3,kaggle,train
train_image_0_3057.jpg,images/train/brown_blight/train_image_0_3057.jpg,brown_blight,3,kaggle,train
train_image_0_6679.jpg,images/train/brown_blight/train_image_0_6679.jpg,brown_blight,3,kaggle,train
test_20211225_234211.jpg,images/train/brown_blight/test_20211225_234211.jpg,brown_blight,3,kaggle,train
test_image_0_778.jpg,images/train/brown_blight/test_image_0_778.jpg,brown_blight,3,kaggle,train
train_image_0_1799.jpg,images/train/brown_blight/train_image_0_1799.jpg,brown_blight,3,kaggle,train
train_image_0_3555.jpg,images/train/brown_blight/train_image_0_3555.jpg,brown_blight,3,kaggle,train
train_image_0_7270.jpg,images/train/brown_blight/train_image_0_7270.jpg,brown_blight,3,kaggle,train
test_20211227_154456.jpg,images/train/brown_blight/test_20211227_154456.jpg,brown_blight,3,kaggle,train
obb_45_jpg.rf.fa5fbfcd48731b06be3a2de3244bca6b.jpg,images/train/brown_blight/obb_45_jpg.rf.fa5fbfcd48731b06be3a2de3244bca6b.jpg,brown_blight,3,field_collected,train
test_20211225_233945.jpg,images/train/brown_blight/test_20211225_233945.jpg,brown_blight,3,kaggle,train
train_image_0_4417.jpg,images/train/brown_blight/train_image_0_4417.jpg,brown_blight,3,kaggle,train
train_image_0_8144.jpg,images/train/brown_blight/train_image_0_8144.jpg,brown_blight,3,kaggle,train
train_image_0_7727.jpg,images/train/brown_blight/train_image_0_7727.jpg,brown_blight,3,kaggle,train
train_image_0_7224.jpg,images/train/brown_blight/train_image_0_7224.jpg,brown_blight,3,kaggle,train
test_image_0_782.jpg,images/train/brown_blight/test_image_0_782.jpg,brown_blight,3,kaggle,train
train_image_0_3139.jpg,images/train/brown_blight/train_image_0_3139.jpg,brown_blight,3,kaggle,train
train_image_0_7424.jpg,images/train/brown_blight/train_image_0_7424.jpg,brown_blight,3,kaggle,train
train_image_0_7622.jpg,images/train/brown_blight/train_image_0_7622.jpg,brown_blight,3,kaggle,train
test_20211226_000950.jpg,images/train/brown_blight/test_20211226_000950.jpg,brown_blight,3,kaggle,train
train_image_0_5748.jpg,images/train/brown_blight/train_image_0_5748.jpg,brown_blight,3,kaggle,train
train_image_0_3172.jpg,images/train/brown_blight/train_image_0_3172.jpg,brown_blight,3,kaggle,train
test_20211226_001718.jpg,images/train/brown_blight/test_20211226_001718.jpg,brown_blight,3,kaggle,train
train_image_0_1855.jpg,images/train/brown_blight/train_image_0_1855.jpg,brown_blight,3,kaggle,train
train_image_0_2763.jpg,images/train/brown_blight/train_image_0_2763.jpg,brown_blight,3,kaggle,train
test_image_0_155.jpg,images/train/brown_blight/test_image_0_155.jpg,brown_blight,3,kaggle,train
train_image_0_2245.jpg,images/train/brown_blight/train_image_0_2245.jpg,brown_blight,3,kaggle,train
train_image_0_9265.jpg,images/train/brown_blight/train_image_0_9265.jpg,brown_blight,3,kaggle,train
test_20211227_135106.jpg,images/train/brown_blight/test_20211227_135106.jpg,brown_blight,3,kaggle,train
test_20211226_000858.jpg,images/train/brown_blight/test_20211226_000858.jpg,brown_blight,3,kaggle,train
train_image_0_5998.jpg,images/train/brown_blight/train_image_0_5998.jpg,brown_blight,3,kaggle,train
obb_403_jpg.rf.004fb8c6273b7f12a402a72c736c6b36.jpg,images/train/brown_blight/obb_403_jpg.rf.004fb8c6273b7f12a402a72c736c6b36.jpg,brown_blight,3,field_collected,train
train_image_0_1165.jpg,images/train/brown_blight/train_image_0_1165.jpg,brown_blight,3,kaggle,train
train_image_0_6690.jpg,images/train/brown_blight/train_image_0_6690.jpg,brown_blight,3,kaggle,train
test_20211205_155416.jpg,images/train/brown_blight/test_20211205_155416.jpg,brown_blight,3,kaggle,train
train_image_0_8053.jpg,images/train/brown_blight/train_image_0_8053.jpg,brown_blight,3,kaggle,train
obb_148_jpg.rf.efc3744194c4eba08a20cf4916271426.jpg,images/train/brown_blight/obb_148_jpg.rf.efc3744194c4eba08a20cf4916271426.jpg,brown_blight,3,field_collected,train
obb_412_jpg.rf.eb0bfa4d285bdea5391c66203177de00.jpg,images/train/brown_blight/obb_412_jpg.rf.eb0bfa4d285bdea5391c66203177de00.jpg,brown_blight,3,field_collected,train
test_20211227_164149.jpg,images/train/brown_blight/test_20211227_164149.jpg,brown_blight,3,kaggle,train
train_image_0_4948.jpg,images/train/brown_blight/train_image_0_4948.jpg,brown_blight,3,kaggle,train
obb_424_jpg.rf.a5d5314d7ac92df66cb03342d47f2cb6.jpg,images/train/brown_blight/obb_424_jpg.rf.a5d5314d7ac92df66cb03342d47f2cb6.jpg,brown_blight,3,field_collected,train
train_image_0_3900.jpg,images/train/brown_blight/train_image_0_3900.jpg,brown_blight,3,kaggle,train
train_image_0_2451.jpg,images/train/brown_blight/train_image_0_2451.jpg,brown_blight,3,kaggle,train
train_image_0_5382.jpg,images/train/brown_blight/train_image_0_5382.jpg,brown_blight,3,kaggle,train
train_image_0_7800.jpg,images/train/brown_blight/train_image_0_7800.jpg,brown_blight,3,kaggle,train
train_image_0_1915.jpg,images/train/brown_blight/train_image_0_1915.jpg,brown_blight,3,kaggle,train
test_20211228_154849.jpg,images/train/brown_blight/test_20211228_154849.jpg,brown_blight,3,kaggle,train
train_image_0_5111.jpg,images/train/brown_blight/train_image_0_5111.jpg,brown_blight,3,kaggle,train
train_image_0_8724.jpg,images/train/brown_blight/train_image_0_8724.jpg,brown_blight,3,kaggle,train
test_image_0_706.jpg,images/train/brown_blight/test_image_0_706.jpg,brown_blight,3,kaggle,train
test_image_0_465.jpg,images/train/brown_blight/test_image_0_465.jpg,brown_blight,3,kaggle,train
train_image_0_2455.jpg,images/train/brown_blight/train_image_0_2455.jpg,brown_blight,3,kaggle,train
test_20211228_125609.jpg,images/train/brown_blight/test_20211228_125609.jpg,brown_blight,3,kaggle,train
train_image_0_3800.jpg,images/train/brown_blight/train_image_0_3800.jpg,brown_blight,3,kaggle,train
train_image_0_7834.jpg,images/train/brown_blight/train_image_0_7834.jpg,brown_blight,3,kaggle,train
train_image_0_4231.jpg,images/train/brown_blight/train_image_0_4231.jpg,brown_blight,3,kaggle,train
train_image_0_1371.jpg,images/train/brown_blight/train_image_0_1371.jpg,brown_blight,3,kaggle,train
test_20211226_003208.jpg,images/train/brown_blight/test_20211226_003208.jpg,brown_blight,3,kaggle,train
test_20211205_155720.jpg,images/train/brown_blight/test_20211205_155720.jpg,brown_blight,3,kaggle,train
test_image_0_439.jpg,images/train/brown_blight/test_image_0_439.jpg,brown_blight,3,kaggle,train
train_image_0_3171.jpg,images/train/brown_blight/train_image_0_3171.jpg,brown_blight,3,kaggle,train
test_20211226_003153.jpg,images/train/brown_blight/test_20211226_003153.jpg,brown_blight,3,kaggle,train
train_image_0_9331.jpg,images/train/brown_blight/train_image_0_9331.jpg,brown_blight,3,kaggle,train
test_20211227_164217.jpg,images/train/brown_blight/test_20211227_164217.jpg,brown_blight,3,kaggle,train
train_image_0_7927.jpg,images/train/brown_blight/train_image_0_7927.jpg,brown_blight,3,kaggle,train
test_20211226_000321.jpg,images/train/brown_blight/test_20211226_000321.jpg,brown_blight,3,kaggle,train
train_image_0_1423.jpg,images/train/brown_blight/train_image_0_1423.jpg,brown_blight,3,kaggle,train
train_image_0_3674.jpg,images/train/brown_blight/train_image_0_3674.jpg,brown_blight,3,kaggle,train
train_image_0_4139.jpg,images/train/brown_blight/train_image_0_4139.jpg,brown_blight,3,kaggle,train
train_image_0_6126.jpg,images/train/brown_blight/train_image_0_6126.jpg,brown_blight,3,kaggle,train
obb_331_jpg.rf.24a79ee8141b88eb80f72edf099bbe5e.jpg,images/train/brown_blight/obb_331_jpg.rf.24a79ee8141b88eb80f72edf099bbe5e.jpg,brown_blight,3,field_collected,train
train_image_0_6290.jpg,images/train/brown_blight/train_image_0_6290.jpg,brown_blight,3,kaggle,train
train_image_0_3836.jpg,images/train/brown_blight/train_image_0_3836.jpg,brown_blight,3,kaggle,train
obb_IMG_8736_jpg.rf.ead6320dcd533bf706df1cfac52f0431.jpg,images/train/brown_blight/obb_IMG_8736_jpg.rf.ead6320dcd533bf706df1cfac52f0431.jpg,brown_blight,3,field_collected,train
train_image_0_9316.jpg,images/train/brown_blight/train_image_0_9316.jpg,brown_blight,3,kaggle,train
train_image_0_3812.jpg,images/train/brown_blight/train_image_0_3812.jpg,brown_blight,3,kaggle,train
train_image_0_2083.jpg,images/train/brown_blight/train_image_0_2083.jpg,brown_blight,3,kaggle,train
test_20211228_125559.jpg,images/train/brown_blight/test_20211228_125559.jpg,brown_blight,3,kaggle,train
train_image_0_4585.jpg,images/train/brown_blight/train_image_0_4585.jpg,brown_blight,3,kaggle,train
train_image_0_2028.jpg,images/train/brown_blight/train_image_0_2028.jpg,brown_blight,3,kaggle,train
train_image_0_2398.jpg,images/train/brown_blight/train_image_0_2398.jpg,brown_blight,3,kaggle,train
train_image_0_2930.jpg,images/train/brown_blight/train_image_0_2930.jpg,brown_blight,3,kaggle,train
train_image_0_5578.jpg,images/train/brown_blight/train_image_0_5578.jpg,brown_blight,3,kaggle,train
test_20211205_153800.jpg,images/train/brown_blight/test_20211205_153800.jpg,brown_blight,3,kaggle,train
train_image_0_4430.jpg,images/train/brown_blight/train_image_0_4430.jpg,brown_blight,3,kaggle,train
train_image_0_5353.jpg,images/train/brown_blight/train_image_0_5353.jpg,brown_blight,3,kaggle,train
train_image_0_7280.jpg,images/train/brown_blight/train_image_0_7280.jpg,brown_blight,3,kaggle,train
train_image_0_5313.jpg,images/train/brown_blight/train_image_0_5313.jpg,brown_blight,3,kaggle,train
train_image_0_925.jpg,images/train/brown_blight/train_image_0_925.jpg,brown_blight,3,kaggle,train
train_image_0_2584.jpg,images/train/brown_blight/train_image_0_2584.jpg,brown_blight,3,kaggle,train
train_image_0_4047.jpg,images/train/brown_blight/train_image_0_4047.jpg,brown_blight,3,kaggle,train
train_image_0_9428.jpg,images/train/brown_blight/train_image_0_9428.jpg,brown_blight,3,kaggle,train
train_image_0_7785.jpg,images/train/brown_blight/train_image_0_7785.jpg,brown_blight,3,kaggle,train
train_image_0_3706.jpg,images/train/brown_blight/train_image_0_3706.jpg,brown_blight,3,kaggle,train
train_image_0_1886.jpg,images/train/brown_blight/train_image_0_1886.jpg,brown_blight,3,kaggle,train
train_image_0_1664.jpg,images/train/brown_blight/train_image_0_1664.jpg,brown_blight,3,kaggle,train
obb_IMG_74_jpeg.rf.924cbde3d618b57328082643f527024f.jpg,images/train/brown_blight/obb_IMG_74_jpeg.rf.924cbde3d618b57328082643f527024f.jpg,brown_blight,3,field_collected,train
test_20211225_233558.jpg,images/train/brown_blight/test_20211225_233558.jpg,brown_blight,3,kaggle,train
train_image_0_6254.jpg,images/train/brown_blight/train_image_0_6254.jpg,brown_blight,3,kaggle,train
test_image_0_391.jpg,images/train/brown_blight/test_image_0_391.jpg,brown_blight,3,kaggle,train
train_image_0_9838.jpg,images/train/brown_blight/train_image_0_9838.jpg,brown_blight,3,kaggle,train
test_20211227_164305.jpg,images/train/brown_blight/test_20211227_164305.jpg,brown_blight,3,kaggle,train
train_image_0_3486.jpg,images/train/brown_blight/train_image_0_3486.jpg,brown_blight,3,kaggle,train
test_20211228_125545.jpg,images/train/brown_blight/test_20211228_125545.jpg,brown_blight,3,kaggle,train
train_image_0_7847.jpg,images/train/brown_blight/train_image_0_7847.jpg,brown_blight,3,kaggle,train
train_image_0_813.jpg,images/train/brown_blight/train_image_0_813.jpg,brown_blight,3,kaggle,train
train_image_0_6214.jpg,images/train/brown_blight/train_image_0_6214.jpg,brown_blight,3,kaggle,train
test_image_0_404.jpg,images/train/brown_blight/test_image_0_404.jpg,brown_blight,3,kaggle,train
train_image_0_6199.jpg,images/train/brown_blight/train_image_0_6199.jpg,brown_blight,3,kaggle,train
obb_IMG_8515_jpg.rf.b20800d14067a84708287ac17cde35ac.jpg,images/train/brown_blight/obb_IMG_8515_jpg.rf.b20800d14067a84708287ac17cde35ac.jpg,brown_blight,3,field_collected,train
train_image_0_2581.jpg,images/train/brown_blight/train_image_0_2581.jpg,brown_blight,3,kaggle,train
train_image_0_2548.jpg,images/train/brown_blight/train_image_0_2548.jpg,brown_blight,3,kaggle,train
train_image_0_9988.jpg,images/train/brown_blight/train_image_0_9988.jpg,brown_blight,3,kaggle,train
test_20211205_160355.jpg,images/train/brown_blight/test_20211205_160355.jpg,brown_blight,3,kaggle,train
train_image_0_8056.jpg,images/train/brown_blight/train_image_0_8056.jpg,brown_blight,3,kaggle,train
train_image_0_5166.jpg,images/train/brown_blight/train_image_0_5166.jpg,brown_blight,3,kaggle,train
train_image_0_5768.jpg,images/train/brown_blight/train_image_0_5768.jpg,brown_blight,3,kaggle,train
train_image_0_6645.jpg,images/train/brown_blight/train_image_0_6645.jpg,brown_blight,3,kaggle,train
train_image_0_1523.jpg,images/train/brown_blight/train_image_0_1523.jpg,brown_blight,3,kaggle,train
train_image_0_4844.jpg,images/train/brown_blight/train_image_0_4844.jpg,brown_blight,3,kaggle,train
train_image_0_2155.jpg,images/train/brown_blight/train_image_0_2155.jpg,brown_blight,3,kaggle,train
train_image_0_7984.jpg,images/train/brown_blight/train_image_0_7984.jpg,brown_blight,3,kaggle,train
obb_IMG_8661_jpg.rf.2472717465dc55cb67db15dbad3d0e19.jpg,images/train/brown_blight/obb_IMG_8661_jpg.rf.2472717465dc55cb67db15dbad3d0e19.jpg,brown_blight,3,field_collected,train
train_image_0_5373.jpg,images/train/brown_blight/train_image_0_5373.jpg,brown_blight,3,kaggle,train
train_image_0_7893.jpg,images/train/brown_blight/train_image_0_7893.jpg,brown_blight,3,kaggle,train
train_image_0_5026.jpg,images/train/brown_blight/train_image_0_5026.jpg,brown_blight,3,kaggle,train
train_image_0_3913.jpg,images/train/brown_blight/train_image_0_3913.jpg,brown_blight,3,kaggle,train
obb_IMG_8790_jpg.rf.7a9facf4131ae451456b67112970fa74.jpg,images/train/brown_blight/obb_IMG_8790_jpg.rf.7a9facf4131ae451456b67112970fa74.jpg,brown_blight,3,field_collected,train
train_image_0_8579.jpg,images/train/brown_blight/train_image_0_8579.jpg,brown_blight,3,kaggle,train
train_image_0_5363.jpg,images/train/brown_blight/train_image_0_5363.jpg,brown_blight,3,kaggle,train
test_20211227_164746.jpg,images/train/brown_blight/test_20211227_164746.jpg,brown_blight,3,kaggle,train
train_image_0_4600.jpg,images/train/brown_blight/train_image_0_4600.jpg,brown_blight,3,kaggle,train
train_image_0_6561.jpg,images/train/brown_blight/train_image_0_6561.jpg,brown_blight,3,kaggle,train
train_image_0_8496.jpg,images/train/brown_blight/train_image_0_8496.jpg,brown_blight,3,kaggle,train
train_image_0_6270.jpg,images/train/brown_blight/train_image_0_6270.jpg,brown_blight,3,kaggle,train
train_image_0_9304.jpg,images/train/brown_blight/train_image_0_9304.jpg,brown_blight,3,kaggle,train
train_image_0_3281.jpg,images/train/brown_blight/train_image_0_3281.jpg,brown_blight,3,kaggle,train
train_image_0_5682.jpg,images/train/brown_blight/train_image_0_5682.jpg,brown_blight,3,kaggle,train
obb_IMG_8727_jpg.rf.b3db0b2f09d66a0a3bb0188240c45ba4.jpg,images/train/brown_blight/obb_IMG_8727_jpg.rf.b3db0b2f09d66a0a3bb0188240c45ba4.jpg,brown_blight,3,field_collected,train
test_20211226_100841.jpg,images/train/brown_blight/test_20211226_100841.jpg,brown_blight,3,kaggle,train
train_image_0_9924.jpg,images/train/brown_blight/train_image_0_9924.jpg,brown_blight,3,kaggle,train
train_image_0_3856.jpg,images/train/brown_blight/train_image_0_3856.jpg,brown_blight,3,kaggle,train
train_image_0_5338.jpg,images/train/brown_blight/train_image_0_5338.jpg,brown_blight,3,kaggle,train
test_20211227_163456.jpg,images/train/brown_blight/test_20211227_163456.jpg,brown_blight,3,kaggle,train
test_20211225_234017.jpg,images/train/brown_blight/test_20211225_234017.jpg,brown_blight,3,kaggle,train
train_image_0_6476.jpg,images/train/brown_blight/train_image_0_6476.jpg,brown_blight,3,kaggle,train
train_image_0_8400.jpg,images/train/brown_blight/train_image_0_8400.jpg,brown_blight,3,kaggle,train
train_image_0_3837.jpg,images/train/brown_blight/train_image_0_3837.jpg,brown_blight,3,kaggle,train
train_image_0_4325.jpg,images/train/brown_blight/train_image_0_4325.jpg,brown_blight,3,kaggle,train
test_20211226_001016.jpg,images/train/brown_blight/test_20211226_001016.jpg,brown_blight,3,kaggle,train
train_image_0_3180.jpg,images/train/brown_blight/train_image_0_3180.jpg,brown_blight,3,kaggle,train
obb_100_jpg.rf.14fa87ff511c6790858ccbc03bf10be6.jpg,images/train/brown_blight/obb_100_jpg.rf.14fa87ff511c6790858ccbc03bf10be6.jpg,brown_blight,3,field_collected,train
train_image_0_9061.jpg,images/train/brown_blight/train_image_0_9061.jpg,brown_blight,3,kaggle,train
train_image_0_4677.jpg,images/train/brown_blight/train_image_0_4677.jpg,brown_blight,3,kaggle,train
train_image_0_9496.jpg,images/train/brown_blight/train_image_0_9496.jpg,brown_blight,3,kaggle,train
test_20211205_160617.jpg,images/train/brown_blight/test_20211205_160617.jpg,brown_blight,3,kaggle,train
obb_239_jpg.rf.4a88c11b21478e901d7751b9c8f82093.jpg,images/train/brown_blight/obb_239_jpg.rf.4a88c11b21478e901d7751b9c8f82093.jpg,brown_blight,3,field_collected,train
train_image_0_999.jpg,images/train/brown_blight/train_image_0_999.jpg,brown_blight,3,kaggle,train
train_image_0_7403.jpg,images/train/brown_blight/train_image_0_7403.jpg,brown_blight,3,kaggle,train
test_20211205_153733.jpg,images/train/brown_blight/test_20211205_153733.jpg,brown_blight,3,kaggle,train
train_image_0_6150.jpg,images/train/brown_blight/train_image_0_6150.jpg,brown_blight,3,kaggle,train
obb_520_jpg.rf.ebd7c142286cf0b3139636e76c4234f1.jpg,images/train/brown_blight/obb_520_jpg.rf.ebd7c142286cf0b3139636e76c4234f1.jpg,brown_blight,3,field_collected,train
train_image_0_2844.jpg,images/train/brown_blight/train_image_0_2844.jpg,brown_blight,3,kaggle,train
test_20211228_155035.jpg,images/train/brown_blight/test_20211228_155035.jpg,brown_blight,3,kaggle,train
train_image_0_7612.jpg,images/train/brown_blight/train_image_0_7612.jpg,brown_blight,3,kaggle,train
train_image_0_1904.jpg,images/train/brown_blight/train_image_0_1904.jpg,brown_blight,3,kaggle,train
test_20211225_232840.jpg,images/train/brown_blight/test_20211225_232840.jpg,brown_blight,3,kaggle,train
train_image_0_4142.jpg,images/train/brown_blight/train_image_0_4142.jpg,brown_blight,3,kaggle,train
train_image_0_1729.jpg,images/train/brown_blight/train_image_0_1729.jpg,brown_blight,3,kaggle,train
train_image_0_4889.jpg,images/train/brown_blight/train_image_0_4889.jpg,brown_blight,3,kaggle,train
train_image_0_6409.jpg,images/train/brown_blight/train_image_0_6409.jpg,brown_blight,3,kaggle,train
train_image_0_4538.jpg,images/train/brown_blight/train_image_0_4538.jpg,brown_blight,3,kaggle,train
train_image_0_5953.jpg,images/train/brown_blight/train_image_0_5953.jpg,brown_blight,3,kaggle,train
train_image_0_1354.jpg,images/train/brown_blight/train_image_0_1354.jpg,brown_blight,3,kaggle,train
train_image_0_6695.jpg,images/train/brown_blight/train_image_0_6695.jpg,brown_blight,3,kaggle,train
train_image_0_4241.jpg,images/train/brown_blight/train_image_0_4241.jpg,brown_blight,3,kaggle,train
train_image_0_4638.jpg,images/train/brown_blight/train_image_0_4638.jpg,brown_blight,3,kaggle,train
test_image_0_533.jpg,images/train/brown_blight/test_image_0_533.jpg,brown_blight,3,kaggle,train
train_image_0_1679.jpg,images/train/brown_blight/train_image_0_1679.jpg,brown_blight,3,kaggle,train
obb_IMG_15_23_jpeg.rf.e208f698cca4e4d7f9e335b1b65d0a4d.jpg,images/train/brown_blight/obb_IMG_15_23_jpeg.rf.e208f698cca4e4d7f9e335b1b65d0a4d.jpg,brown_blight,3,field_collected,train
train_image_0_9785.jpg,images/train/brown_blight/train_image_0_9785.jpg,brown_blight,3,kaggle,train
train_image_0_2908.jpg,images/train/brown_blight/train_image_0_2908.jpg,brown_blight,3,kaggle,train
train_image_0_7826.jpg,images/train/brown_blight/train_image_0_7826.jpg,brown_blight,3,kaggle,train
train_image_0_2521.jpg,images/train/brown_blight/train_image_0_2521.jpg,brown_blight,3,kaggle,train
train_image_0_1154.jpg,images/train/brown_blight/train_image_0_1154.jpg,brown_blight,3,kaggle,train
train_image_0_5660.jpg,images/train/brown_blight/train_image_0_5660.jpg,brown_blight,3,kaggle,train
train_image_0_7085.jpg,images/train/brown_blight/train_image_0_7085.jpg,brown_blight,3,kaggle,train
train_image_0_3123.jpg,images/train/brown_blight/train_image_0_3123.jpg,brown_blight,3,kaggle,train
obb_11_jpg.rf.c2fdfa5777e0527fd7fd2292e51a896a.jpg,images/train/brown_blight/obb_11_jpg.rf.c2fdfa5777e0527fd7fd2292e51a896a.jpg,brown_blight,3,field_collected,train
train_image_0_2033.jpg,images/train/brown_blight/train_image_0_2033.jpg,brown_blight,3,kaggle,train
test_20211228_153504.jpg,images/train/brown_blight/test_20211228_153504.jpg,brown_blight,3,kaggle,train
train_image_0_6056.jpg,images/train/brown_blight/train_image_0_6056.jpg,brown_blight,3,kaggle,train
train_image_0_1106.jpg,images/train/brown_blight/train_image_0_1106.jpg,brown_blight,3,kaggle,train
train_image_0_8988.jpg,images/train/brown_blight/train_image_0_8988.jpg,brown_blight,3,kaggle,train
train_image_0_2901.jpg,images/train/brown_blight/train_image_0_2901.jpg,brown_blight,3,kaggle,train
train_image_0_900.jpg,images/train/brown_blight/train_image_0_900.jpg,brown_blight,3,kaggle,train
train_image_0_6526.jpg,images/train/brown_blight/train_image_0_6526.jpg,brown_blight,3,kaggle,train
train_image_0_4878.jpg,images/train/brown_blight/train_image_0_4878.jpg,brown_blight,3,kaggle,train
test_image_0_603.jpg,images/train/brown_blight/test_image_0_603.jpg,brown_blight,3,kaggle,train
train_image_0_9901.jpg,images/train/brown_blight/train_image_0_9901.jpg,brown_blight,3,kaggle,train
train_image_0_6353.jpg,images/train/brown_blight/train_image_0_6353.jpg,brown_blight,3,kaggle,train
train_image_0_9527.jpg,images/train/brown_blight/train_image_0_9527.jpg,brown_blight,3,kaggle,train
train_image_0_894.jpg,images/train/brown_blight/train_image_0_894.jpg,brown_blight,3,kaggle,train
obb_IMG_8583_jpg.rf.cffb70a410b8859a0259d9a32a415202.jpg,images/train/brown_blight/obb_IMG_8583_jpg.rf.cffb70a410b8859a0259d9a32a415202.jpg,brown_blight,3,field_collected,train
train_image_0_1093.jpg,images/train/brown_blight/train_image_0_1093.jpg,brown_blight,3,kaggle,train
test_image_0_324.jpg,images/train/brown_blight/test_image_0_324.jpg,brown_blight,3,kaggle,train
train_image_0_973.jpg,images/train/brown_blight/train_image_0_973.jpg,brown_blight,3,kaggle,train
train_image_0_8833.jpg,images/train/brown_blight/train_image_0_8833.jpg,brown_blight,3,kaggle,train
train_image_0_5411.jpg,images/train/brown_blight/train_image_0_5411.jpg,brown_blight,3,kaggle,train
train_image_0_4245.jpg,images/train/brown_blight/train_image_0_4245.jpg,brown_blight,3,kaggle,train
train_image_0_5069.jpg,images/train/brown_blight/train_image_0_5069.jpg,brown_blight,3,kaggle,train
test_20211225_233542.jpg,images/train/brown_blight/test_20211225_233542.jpg,brown_blight,3,kaggle,train
train_image_0_1286.jpg,images/train/brown_blight/train_image_0_1286.jpg,brown_blight,3,kaggle,train
train_image_0_9548.jpg,images/train/brown_blight/train_image_0_9548.jpg,brown_blight,3,kaggle,train
train_image_0_2777.jpg,images/train/brown_blight/train_image_0_2777.jpg,brown_blight,3,kaggle,train
train_image_0_5192.jpg,images/train/brown_blight/train_image_0_5192.jpg,brown_blight,3,kaggle,train
train_image_0_7116.jpg,images/train/brown_blight/train_image_0_7116.jpg,brown_blight,3,kaggle,train
test_20211228_125706.jpg,images/train/brown_blight/test_20211228_125706.jpg,brown_blight,3,kaggle,train
train_image_0_9057.jpg,images/train/brown_blight/train_image_0_9057.jpg,brown_blight,3,kaggle,train
test_20211225_233713.jpg,images/train/brown_blight/test_20211225_233713.jpg,brown_blight,3,kaggle,train
test_20211226_003613.jpg,images/train/brown_blight/test_20211226_003613.jpg,brown_blight,3,kaggle,train
test_20211225_232857.jpg,images/train/brown_blight/test_20211225_232857.jpg,brown_blight,3,kaggle,train
train_image_0_2917.jpg,images/train/brown_blight/train_image_0_2917.jpg,brown_blight,3,kaggle,train
train_image_0_5724.jpg,images/train/brown_blight/train_image_0_5724.jpg,brown_blight,3,kaggle,train
train_image_0_2628.jpg,images/train/brown_blight/train_image_0_2628.jpg,brown_blight,3,kaggle,train
train_image_0_5339.jpg,images/train/brown_blight/train_image_0_5339.jpg,brown_blight,3,kaggle,train
train_image_0_8697.jpg,images/train/brown_blight/train_image_0_8697.jpg,brown_blight,3,kaggle,train
train_image_0_5757.jpg,images/train/brown_blight/train_image_0_5757.jpg,brown_blight,3,kaggle,train
train_image_0_7478.jpg,images/train/brown_blight/train_image_0_7478.jpg,brown_blight,3,kaggle,train
train_image_0_4571.jpg,images/train/brown_blight/train_image_0_4571.jpg,brown_blight,3,kaggle,train
test_20211225_233234.jpg,images/train/brown_blight/test_20211225_233234.jpg,brown_blight,3,kaggle,train
obb_IMG_8862_jpg.rf.f1c88aa4e427633cbad6349d4a25a784.jpg,images/train/brown_blight/obb_IMG_8862_jpg.rf.f1c88aa4e427633cbad6349d4a25a784.jpg,brown_blight,3,field_collected,train
train_image_0_8552.jpg,images/train/brown_blight/train_image_0_8552.jpg,brown_blight,3,kaggle,train
train_image_0_2812.jpg,images/train/brown_blight/train_image_0_2812.jpg,brown_blight,3,kaggle,train
train_image_0_1464.jpg,images/train/brown_blight/train_image_0_1464.jpg,brown_blight,3,kaggle,train
train_image_0_5807.jpg,images/train/brown_blight/train_image_0_5807.jpg,brown_blight,3,kaggle,train
test_20211227_163142.jpg,images/train/brown_blight/test_20211227_163142.jpg,brown_blight,3,kaggle,train
train_image_0_1977.jpg,images/train/brown_blight/train_image_0_1977.jpg,brown_blight,3,kaggle,train
test_20211227_164100.jpg,images/train/brown_blight/test_20211227_164100.jpg,brown_blight,3,kaggle,train
train_image_0_8204.jpg,images/train/brown_blight/train_image_0_8204.jpg,brown_blight,3,kaggle,train
train_image_0_5501.jpg,images/train/brown_blight/train_image_0_5501.jpg,brown_blight,3,kaggle,train
test_20211228_131114.jpg,images/train/brown_blight/test_20211228_131114.jpg,brown_blight,3,kaggle,train
train_image_0_6015.jpg,images/train/brown_blight/train_image_0_6015.jpg,brown_blight,3,kaggle,train
train_image_0_8237.jpg,images/train/brown_blight/train_image_0_8237.jpg,brown_blight,3,kaggle,train
train_image_0_2192.jpg,images/train/brown_blight/train_image_0_2192.jpg,brown_blight,3,kaggle,train
train_image_0_5182.jpg,images/train/brown_blight/train_image_0_5182.jpg,brown_blight,3,kaggle,train
train_image_0_1676.jpg,images/train/brown_blight/train_image_0_1676.jpg,brown_blight,3,kaggle,train
train_image_0_4308.jpg,images/train/brown_blight/train_image_0_4308.jpg,brown_blight,3,kaggle,train
train_image_0_1963.jpg,images/train/brown_blight/train_image_0_1963.jpg,brown_blight,3,kaggle,train
train_image_0_9098.jpg,images/train/brown_blight/train_image_0_9098.jpg,brown_blight,3,kaggle,train
train_image_0_3703.jpg,images/train/brown_blight/train_image_0_3703.jpg,brown_blight,3,kaggle,train
train_image_0_7130.jpg,images/train/brown_blight/train_image_0_7130.jpg,brown_blight,3,kaggle,train
train_image_0_3749.jpg,images/train/brown_blight/train_image_0_3749.jpg,brown_blight,3,kaggle,train
train_image_0_853.jpg,images/train/brown_blight/train_image_0_853.jpg,brown_blight,3,kaggle,train
train_image_0_8313.jpg,images/train/brown_blight/train_image_0_8313.jpg,brown_blight,3,kaggle,train
test_20211225_233427.jpg,images/train/brown_blight/test_20211225_233427.jpg,brown_blight,3,kaggle,train
train_image_0_8699.jpg,images/train/brown_blight/train_image_0_8699.jpg,brown_blight,3,kaggle,train
train_image_0_8568.jpg,images/train/brown_blight/train_image_0_8568.jpg,brown_blight,3,kaggle,train
train_image_0_8827.jpg,images/train/brown_blight/train_image_0_8827.jpg,brown_blight,3,kaggle,train
train_image_0_2511.jpg,images/train/brown_blight/train_image_0_2511.jpg,brown_blight,3,kaggle,train
train_image_0_5365.jpg,images/train/brown_blight/train_image_0_5365.jpg,brown_blight,3,kaggle,train
train_image_0_6917.jpg,images/train/brown_blight/train_image_0_6917.jpg,brown_blight,3,kaggle,train
train_image_0_6698.jpg,images/train/brown_blight/train_image_0_6698.jpg,brown_blight,3,kaggle,train
test_image_0_113.jpg,images/train/brown_blight/test_image_0_113.jpg,brown_blight,3,kaggle,train
train_image_0_2879.jpg,images/train/brown_blight/train_image_0_2879.jpg,brown_blight,3,kaggle,train
train_image_0_2084.jpg,images/train/brown_blight/train_image_0_2084.jpg,brown_blight,3,kaggle,train
train_image_0_3137.jpg,images/train/brown_blight/train_image_0_3137.jpg,brown_blight,3,kaggle,train
train_image_0_4363.jpg,images/train/brown_blight/train_image_0_4363.jpg,brown_blight,3,kaggle,train
train_image_0_6437.jpg,images/train/brown_blight/train_image_0_6437.jpg,brown_blight,3,kaggle,train
test_20211226_003136.jpg,images/train/brown_blight/test_20211226_003136.jpg,brown_blight,3,kaggle,train
train_image_0_3727.jpg,images/train/brown_blight/train_image_0_3727.jpg,brown_blight,3,kaggle,train
train_image_0_5343.jpg,images/train/brown_blight/train_image_0_5343.jpg,brown_blight,3,kaggle,train
test_20211205_160323.jpg,images/train/brown_blight/test_20211205_160323.jpg,brown_blight,3,kaggle,train
train_image_0_3967.jpg,images/train/brown_blight/train_image_0_3967.jpg,brown_blight,3,kaggle,train
train_image_0_2584.jpg,images/train/red_leaf_spot/train_image_0_2584.jpg,red_leaf_spot,4,kaggle,train
train_image_0_2696.jpg,images/train/red_leaf_spot/train_image_0_2696.jpg,red_leaf_spot,4,kaggle,train
test_20211225_231437.jpg,images/train/red_leaf_spot/test_20211225_231437.jpg,red_leaf_spot,4,kaggle,train
train_image_0_530.jpg,images/train/red_leaf_spot/train_image_0_530.jpg,red_leaf_spot,4,kaggle,train
train_image_0_2792.jpg,images/train/red_leaf_spot/train_image_0_2792.jpg,red_leaf_spot,4,kaggle,train
obb_IMG_1460_JPG_jpg.rf.b19cd97e2c8e2961a8c6cb1cb24352cc.jpg,images/train/red_leaf_spot/obb_IMG_1460_JPG_jpg.rf.b19cd97e2c8e2961a8c6cb1cb24352cc.jpg,red_leaf_spot,4,field_collected,train
train_image_0_3041.jpg,images/train/red_leaf_spot/train_image_0_3041.jpg,red_leaf_spot,4,kaggle,train
train_image_0_2525.jpg,images/train/red_leaf_spot/train_image_0_2525.jpg,red_leaf_spot,4,kaggle,train
train_20211227_161817.jpg,images/train/red_leaf_spot/train_20211227_161817.jpg,red_leaf_spot,4,kaggle,train
test_20211227_161145.jpg,images/train/red_leaf_spot/test_20211227_161145.jpg,red_leaf_spot,4,kaggle,train
train_20211227_161719.jpg,images/train/red_leaf_spot/train_20211227_161719.jpg,red_leaf_spot,4,kaggle,train
test_20211225_231236.jpg,images/train/red_leaf_spot/test_20211225_231236.jpg,red_leaf_spot,4,kaggle,train
test_20211227_160638.jpg,images/train/red_leaf_spot/test_20211227_160638.jpg,red_leaf_spot,4,kaggle,train
train_image_0_679.jpg,images/train/red_leaf_spot/train_image_0_679.jpg,red_leaf_spot,4,kaggle,train
train_20211228_125253.jpg,images/train/red_leaf_spot/train_20211228_125253.jpg,red_leaf_spot,4,kaggle,train
train_image_0_54.jpg,images/train/red_leaf_spot/train_image_0_54.jpg,red_leaf_spot,4,kaggle,train
train_image_0_2201.jpg,images/train/red_leaf_spot/train_image_0_2201.jpg,red_leaf_spot,4,kaggle,train
train_20211227_162257.jpg,images/train/red_leaf_spot/train_20211227_162257.jpg,red_leaf_spot,4,kaggle,train
train_image_0_994.jpg,images/train/red_leaf_spot/train_image_0_994.jpg,red_leaf_spot,4,kaggle,train
train_image_0_1476.jpg,images/train/red_leaf_spot/train_image_0_1476.jpg,red_leaf_spot,4,kaggle,train
train_image_0_897.jpg,images/train/red_leaf_spot/train_image_0_897.jpg,red_leaf_spot,4,kaggle,train
train_image_0_1397.jpg,images/train/red_leaf_spot/train_image_0_1397.jpg,red_leaf_spot,4,kaggle,train
train_image_0_3131.jpg,images/train/red_leaf_spot/train_image_0_3131.jpg,red_leaf_spot,4,kaggle,train
train_image_0_334.jpg,images/train/red_leaf_spot/train_image_0_334.jpg,red_leaf_spot,4,kaggle,train
train_image_0_3160.jpg,images/train/red_leaf_spot/train_image_0_3160.jpg,red_leaf_spot,4,kaggle,train
test_20211227_160248.jpg,images/train/red_leaf_spot/test_20211227_160248.jpg,red_leaf_spot,4,kaggle,train
train_image_0_2099.jpg,images/train/red_leaf_spot/train_image_0_2099.jpg,red_leaf_spot,4,kaggle,train
train_image_0_2232.jpg,images/train/red_leaf_spot/train_image_0_2232.jpg,red_leaf_spot,4,kaggle,train
train_image_0_2569.jpg,images/train/red_leaf_spot/train_image_0_2569.jpg,red_leaf_spot,4,kaggle,train
train_image_0_327.jpg,images/train/red_leaf_spot/train_image_0_327.jpg,red_leaf_spot,4,kaggle,train
obb_IMG_2730_JPG_jpg.rf.7456438e17e6defb6069ffda1a67c5a4.jpg,images/train/red_leaf_spot/obb_IMG_2730_JPG_jpg.rf.7456438e17e6defb6069ffda1a67c5a4.jpg,red_leaf_spot,4,field_collected,train
train_image_0_2657.jpg,images/train/red_leaf_spot/train_image_0_2657.jpg,red_leaf_spot,4,kaggle,train
train_image_0_2621.jpg,images/train/red_leaf_spot/train_image_0_2621.jpg,red_leaf_spot,4,kaggle,train
test_20211227_160039.jpg,images/train/red_leaf_spot/test_20211227_160039.jpg,red_leaf_spot,4,kaggle,train
test_20211225_232544.jpg,images/train/red_leaf_spot/test_20211225_232544.jpg,red_leaf_spot,4,kaggle,train
test_20211227_155502.jpg,images/train/red_leaf_spot/test_20211227_155502.jpg,red_leaf_spot,4,kaggle,train
train_20211227_163321.jpg,images/train/red_leaf_spot/train_20211227_163321.jpg,red_leaf_spot,4,kaggle,train
train_image_0_995.jpg,images/train/red_leaf_spot/train_image_0_995.jpg,red_leaf_spot,4,kaggle,train
test_20211227_160458.jpg,images/train/red_leaf_spot/test_20211227_160458.jpg,red_leaf_spot,4,kaggle,train
train_image_0_1478.jpg,images/train/red_leaf_spot/train_image_0_1478.jpg,red_leaf_spot,4,kaggle,train
obb_IMG_20250320_151108_jpg.rf.c76872ab6c054ff2cc17954f9474c4e3.jpg,images/train/red_leaf_spot/obb_IMG_20250320_151108_jpg.rf.c76872ab6c054ff2cc17954f9474c4e3.jpg,red_leaf_spot,4,field_collected,train
train_image_0_122.jpg,images/train/red_leaf_spot/train_image_0_122.jpg,red_leaf_spot,4,kaggle,train
train_image_0_2471.jpg,images/train/red_leaf_spot/train_image_0_2471.jpg,red_leaf_spot,4,kaggle,train
train_20220101_121657.jpg,images/train/red_leaf_spot/train_20220101_121657.jpg,red_leaf_spot,4,kaggle,train
train_image_0_579.jpg,images/train/red_leaf_spot/train_image_0_579.jpg,red_leaf_spot,4,kaggle,train
train_image_0_886.jpg,images/train/red_leaf_spot/train_image_0_886.jpg,red_leaf_spot,4,kaggle,train
train_image_0_1247.jpg,images/train/red_leaf_spot/train_image_0_1247.jpg,red_leaf_spot,4,kaggle,train
train_image_0_958.jpg,images/train/red_leaf_spot/train_image_0_958.jpg,red_leaf_spot,4,kaggle,train
train_20211228_123834.jpg,images/train/red_leaf_spot/train_20211228_123834.jpg,red_leaf_spot,4,kaggle,train
train_image_0_3171.jpg,images/train/red_leaf_spot/train_image_0_3171.jpg,red_leaf_spot,4,kaggle,train
train_image_0_2067.jpg,images/train/red_leaf_spot/train_image_0_2067.jpg,red_leaf_spot,4,kaggle,train
train_image_0_1492.jpg,images/train/red_leaf_spot/train_image_0_1492.jpg,red_leaf_spot,4,kaggle,train
test_20211227_160307.jpg,images/train/red_leaf_spot/test_20211227_160307.jpg,red_leaf_spot,4,kaggle,train
train_image_0_716.jpg,images/train/red_leaf_spot/train_image_0_716.jpg,red_leaf_spot,4,kaggle,train
train_image_0_1467.jpg,images/train/red_leaf_spot/train_image_0_1467.jpg,red_leaf_spot,4,kaggle,train
train_20211228_123139.jpg,images/train/red_leaf_spot/train_20211228_123139.jpg,red_leaf_spot,4,kaggle,train
train_image_0_1691.jpg,images/train/red_leaf_spot/train_image_0_1691.jpg,red_leaf_spot,4,kaggle,train
train_20211227_165153.jpg,images/train/red_leaf_spot/train_20211227_165153.jpg,red_leaf_spot,4,kaggle,train
train_20211227_161354.jpg,images/train/red_leaf_spot/train_20211227_161354.jpg,red_leaf_spot,4,kaggle,train
test_20211225_232111.jpg,images/train/red_leaf_spot/test_20211225_232111.jpg,red_leaf_spot,4,kaggle,train
train_20220101_102341.jpg,images/train/red_leaf_spot/train_20220101_102341.jpg,red_leaf_spot,4,kaggle,train
train_image_0_1526.jpg,images/train/red_leaf_spot/train_image_0_1526.jpg,red_leaf_spot,4,kaggle,train
train_20211228_125456.jpg,images/train/red_leaf_spot/train_20211228_125456.jpg,red_leaf_spot,4,kaggle,train
test_20211225_232533.jpg,images/train/red_leaf_spot/test_20211225_232533.jpg,red_leaf_spot,4,kaggle,train
train_image_0_2293.jpg,images/train/red_leaf_spot/train_image_0_2293.jpg,red_leaf_spot,4,kaggle,train
train_image_0_2267.jpg,images/train/red_leaf_spot/train_image_0_2267.jpg,red_leaf_spot,4,kaggle,train
train_image_0_1017.jpg,images/train/red_leaf_spot/train_image_0_1017.jpg,red_leaf_spot,4,kaggle,train
train_image_0_1024.jpg,images/train/red_leaf_spot/train_image_0_1024.jpg,red_leaf_spot,4,kaggle,train
train_image_0_925.jpg,images/train/red_leaf_spot/train_image_0_925.jpg,red_leaf_spot,4,kaggle,train
train_image_0_3214.jpg,images/train/red_leaf_spot/train_image_0_3214.jpg,red_leaf_spot,4,kaggle,train
train_image_0_467.jpg,images/train/red_leaf_spot/train_image_0_467.jpg,red_leaf_spot,4,kaggle,train
test_20211227_160016.jpg,images/train/red_leaf_spot/test_20211227_160016.jpg,red_leaf_spot,4,kaggle,train
train_image_0_741.jpg,images/train/red_leaf_spot/train_image_0_741.jpg,red_leaf_spot,4,kaggle,train
train_20211227_163301.jpg,images/train/red_leaf_spot/train_20211227_163301.jpg,red_leaf_spot,4,kaggle,train
train_image_0_2851.jpg,images/train/red_leaf_spot/train_image_0_2851.jpg,red_leaf_spot,4,kaggle,train
train_image_0_2498.jpg,images/train/red_leaf_spot/train_image_0_2498.jpg,red_leaf_spot,4,kaggle,train
obb_IMG_8814_JPG.rf.a6b13a6c68a0024352208e685e986a7c.jpg,images/train/red_leaf_spot/obb_IMG_8814_JPG.rf.a6b13a6c68a0024352208e685e986a7c.jpg,red_leaf_spot,4,field_collected,train
train_20211227_162237.jpg,images/train/red_leaf_spot/train_20211227_162237.jpg,red_leaf_spot,4,kaggle,train
obb_IMG_20250318_152151_jpg.rf.08b8e00fd0b43aad09c825e2f6c94db0.jpg,images/train/red_leaf_spot/obb_IMG_20250318_152151_jpg.rf.08b8e00fd0b43aad09c825e2f6c94db0.jpg,red_leaf_spot,4,field_collected,train
test_20211227_160548.jpg,images/train/red_leaf_spot/test_20211227_160548.jpg,red_leaf_spot,4,kaggle,train
test_20211225_225900.jpg,images/train/red_leaf_spot/test_20211225_225900.jpg,red_leaf_spot,4,kaggle,train
train_image_0_2115.jpg,images/train/red_leaf_spot/train_image_0_2115.jpg,red_leaf_spot,4,kaggle,train
test_20211225_231405.jpg,images/train/red_leaf_spot/test_20211225_231405.jpg,red_leaf_spot,4,kaggle,train
train_image_0_558.jpg,images/train/red_leaf_spot/train_image_0_558.jpg,red_leaf_spot,4,kaggle,train
train_image_0_2333.jpg,images/train/red_leaf_spot/train_image_0_2333.jpg,red_leaf_spot,4,kaggle,train
train_20211227_162949.jpg,images/train/red_leaf_spot/train_20211227_162949.jpg,red_leaf_spot,4,kaggle,train
train_20211227_162609.jpg,images/train/red_leaf_spot/train_20211227_162609.jpg,red_leaf_spot,4,kaggle,train
train_image_0_1917.jpg,images/train/red_leaf_spot/train_image_0_1917.jpg,red_leaf_spot,4,kaggle,train
train_20211228_114943.jpg,images/train/red_leaf_spot/train_20211228_114943.jpg,red_leaf_spot,4,kaggle,train
test_20211205_154736.jpg,images/train/red_leaf_spot/test_20211205_154736.jpg,red_leaf_spot,4,kaggle,train
test_20211225_224558.jpg,images/train/red_leaf_spot/test_20211225_224558.jpg,red_leaf_spot,4,kaggle,train
test_20211225_231325.jpg,images/train/red_leaf_spot/test_20211225_231325.jpg,red_leaf_spot,4,kaggle,train
test_20211225_223359.jpg,images/train/red_leaf_spot/test_20211225_223359.jpg,red_leaf_spot,4,kaggle,train
train_image_0_1960.jpg,images/train/red_leaf_spot/train_image_0_1960.jpg,red_leaf_spot,4,kaggle,train
train_image_0_554.jpg,images/train/red_leaf_spot/train_image_0_554.jpg,red_leaf_spot,4,kaggle,train
train_image_0_2516.jpg,images/train/red_leaf_spot/train_image_0_2516.jpg,red_leaf_spot,4,kaggle,train
train_image_0_1649.jpg,images/train/red_leaf_spot/train_image_0_1649.jpg,red_leaf_spot,4,kaggle,train
train_image_0_1104.jpg,images/train/red_leaf_spot/train_image_0_1104.jpg,red_leaf_spot,4,kaggle,train
train_20211228_125637.jpg,images/train/red_leaf_spot/train_20211228_125637.jpg,red_leaf_spot,4,kaggle,train
train_image_0_1964.jpg,images/train/red_leaf_spot/train_image_0_1964.jpg,red_leaf_spot,4,kaggle,train
train_image_0_1331.jpg,images/train/red_leaf_spot/train_image_0_1331.jpg,red_leaf_spot,4,kaggle,train
train_image_0_2843.jpg,images/train/red_leaf_spot/train_image_0_2843.jpg,red_leaf_spot,4,kaggle,train
train_image_0_1811.jpg,images/train/red_leaf_spot/train_image_0_1811.jpg,red_leaf_spot,4,kaggle,train
obb_IMG_20250320_150927_jpg.rf.3069b53a038a295e080acd10708ddff6.jpg,images/train/red_leaf_spot/obb_IMG_20250320_150927_jpg.rf.3069b53a038a295e080acd10708ddff6.jpg,red_leaf_spot,4,field_collected,train
test_20211225_231309.jpg,images/train/red_leaf_spot/test_20211225_231309.jpg,red_leaf_spot,4,kaggle,train
obb_IMG_20250320_154042_jpg.rf.2967721c07c8a01bbd60e64571d725ae.jpg,images/train/red_leaf_spot/obb_IMG_20250320_154042_jpg.rf.2967721c07c8a01bbd60e64571d725ae.jpg,red_leaf_spot,4,field_collected,train
train_image_0_1437.jpg,images/train/red_leaf_spot/train_image_0_1437.jpg,red_leaf_spot,4,kaggle,train
train_image_0_1269.jpg,images/train/red_leaf_spot/train_image_0_1269.jpg,red_leaf_spot,4,kaggle,train
test_20211227_155707.jpg,images/train/red_leaf_spot/test_20211227_155707.jpg,red_leaf_spot,4,kaggle,train
train_20211227_162141.jpg,images/train/red_leaf_spot/train_20211227_162141.jpg,red_leaf_spot,4,kaggle,train
train_image_0_2633.jpg,images/train/red_leaf_spot/train_image_0_2633.jpg,red_leaf_spot,4,kaggle,train
train_image_0_2649.jpg,images/train/red_leaf_spot/train_image_0_2649.jpg,red_leaf_spot,4,kaggle,train
train_image_0_774.jpg,images/train/red_leaf_spot/train_image_0_774.jpg,red_leaf_spot,4,kaggle,train
train_20211228_123233.jpg,images/train/red_leaf_spot/train_20211228_123233.jpg,red_leaf_spot,4,kaggle,train
test_20211227_160506.jpg,images/train/red_leaf_spot/test_20211227_160506.jpg,red_leaf_spot,4,kaggle,train
train_image_0_2408.jpg,images/train/red_leaf_spot/train_image_0_2408.jpg,red_leaf_spot,4,kaggle,train
train_20211227_161305.jpg,images/train/red_leaf_spot/train_20211227_161305.jpg,red_leaf_spot,4,kaggle,train
train_image_0_840.jpg,images/train/red_leaf_spot/train_image_0_840.jpg,red_leaf_spot,4,kaggle,train
test_20211227_155821.jpg,images/train/red_leaf_spot/test_20211227_155821.jpg,red_leaf_spot,4,kaggle,train
train_image_0_1282.jpg,images/train/red_leaf_spot/train_image_0_1282.jpg,red_leaf_spot,4,kaggle,train
train_image_0_313.jpg,images/train/red_leaf_spot/train_image_0_313.jpg,red_leaf_spot,4,kaggle,train
train_image_0_753.jpg,images/train/red_leaf_spot/train_image_0_753.jpg,red_leaf_spot,4,kaggle,train
train_image_0_1022.jpg,images/train/red_leaf_spot/train_image_0_1022.jpg,red_leaf_spot,4,kaggle,train
test_20211205_154648.jpg,images/train/red_leaf_spot/test_20211205_154648.jpg,red_leaf_spot,4,kaggle,train
test_20211225_232008.jpg,images/train/red_leaf_spot/test_20211225_232008.jpg,red_leaf_spot,4,kaggle,train
test_20211227_161122.jpg,images/train/red_leaf_spot/test_20211227_161122.jpg,red_leaf_spot,4,kaggle,train
test_20211225_231808.jpg,images/train/red_leaf_spot/test_20211225_231808.jpg,red_leaf_spot,4,kaggle,train
train_image_0_190.jpg,images/train/red_leaf_spot/train_image_0_190.jpg,red_leaf_spot,4,kaggle,train
test_20211225_231053.jpg,images/train/red_leaf_spot/test_20211225_231053.jpg,red_leaf_spot,4,kaggle,train
train_image_0_1890.jpg,images/train/red_leaf_spot/train_image_0_1890.jpg,red_leaf_spot,4,kaggle,train
test_20211227_160754.jpg,images/train/red_leaf_spot/test_20211227_160754.jpg,red_leaf_spot,4,kaggle,train
train_image_0_1084.jpg,images/train/red_leaf_spot/train_image_0_1084.jpg,red_leaf_spot,4,kaggle,train
train_image_0_2039.jpg,images/train/red_leaf_spot/train_image_0_2039.jpg,red_leaf_spot,4,kaggle,train
test_20211227_160259.jpg,images/train/red_leaf_spot/test_20211227_160259.jpg,red_leaf_spot,4,kaggle,train
train_image_0_2554.jpg,images/train/red_leaf_spot/train_image_0_2554.jpg,red_leaf_spot,4,kaggle,train
train_image_0_884.jpg,images/train/red_leaf_spot/train_image_0_884.jpg,red_leaf_spot,4,kaggle,train
train_image_0_1080.jpg,images/train/red_leaf_spot/train_image_0_1080.jpg,red_leaf_spot,4,kaggle,train
train_image_0_1249.jpg,images/train/red_leaf_spot/train_image_0_1249.jpg,red_leaf_spot,4,kaggle,train
train_image_0_1842.jpg,images/train/red_leaf_spot/train_image_0_1842.jpg,red_leaf_spot,4,kaggle,train
train_image_0_161.jpg,images/train/red_leaf_spot/train_image_0_161.jpg,red_leaf_spot,4,kaggle,train
train_image_0_3163.jpg,images/train/red_leaf_spot/train_image_0_3163.jpg,red_leaf_spot,4,kaggle,train
train_image_0_2304.jpg,images/train/red_leaf_spot/train_image_0_2304.jpg,red_leaf_spot,4,kaggle,train
obb_IMG_8886_JPG.rf.cd486a2d74b99ef5b7d640cb50833743.jpg,images/train/red_leaf_spot/obb_IMG_8886_JPG.rf.cd486a2d74b99ef5b7d640cb50833743.jpg,red_leaf_spot,4,field_collected,train
train_20211228_125441.jpg,images/train/red_leaf_spot/train_20211228_125441.jpg,red_leaf_spot,4,kaggle,train
train_image_0_2780.jpg,images/train/red_leaf_spot/train_image_0_2780.jpg,red_leaf_spot,4,kaggle,train
train_image_0_2079.jpg,images/train/red_leaf_spot/train_image_0_2079.jpg,red_leaf_spot,4,kaggle,train
train_image_0_1194.jpg,images/train/red_leaf_spot/train_image_0_1194.jpg,red_leaf_spot,4,kaggle,train
train_image_0_2495.jpg,images/train/red_leaf_spot/train_image_0_2495.jpg,red_leaf_spot,4,kaggle,train
test_20211225_231220.jpg,images/train/red_leaf_spot/test_20211225_231220.jpg,red_leaf_spot,4,kaggle,train
train_image_0_1462.jpg,images/train/red_leaf_spot/train_image_0_1462.jpg,red_leaf_spot,4,kaggle,train
train_image_0_1356.jpg,images/train/red_leaf_spot/train_image_0_1356.jpg,red_leaf_spot,4,kaggle,train
train_image_0_1686.jpg,images/train/red_leaf_spot/train_image_0_1686.jpg,red_leaf_spot,4,kaggle,train
train_20211228_123118.jpg,images/train/red_leaf_spot/train_20211228_123118.jpg,red_leaf_spot,4,kaggle,train
test_20211227_161236.jpg,images/train/red_leaf_spot/test_20211227_161236.jpg,red_leaf_spot,4,kaggle,train
train_image_0_807.jpg,images/train/red_leaf_spot/train_image_0_807.jpg,red_leaf_spot,4,kaggle,train
train_image_0_1671.jpg,images/train/red_leaf_spot/train_image_0_1671.jpg,red_leaf_spot,4,kaggle,train
train_image_0_881.jpg,images/train/red_leaf_spot/train_image_0_881.jpg,red_leaf_spot,4,kaggle,train
test_20211227_155428.jpg,images/train/red_leaf_spot/test_20211227_155428.jpg,red_leaf_spot,4,kaggle,train
train_image_0_3128.jpg,images/train/red_leaf_spot/train_image_0_3128.jpg,red_leaf_spot,4,kaggle,train
train_image_0_2982.jpg,images/train/red_leaf_spot/train_image_0_2982.jpg,red_leaf_spot,4,kaggle,train
train_image_0_1297.jpg,images/train/red_leaf_spot/train_image_0_1297.jpg,red_leaf_spot,4,kaggle,train
train_image_0_3038.jpg,images/train/red_leaf_spot/train_image_0_3038.jpg,red_leaf_spot,4,kaggle,train
train_20211228_123340.jpg,images/train/red_leaf_spot/train_20211228_123340.jpg,red_leaf_spot,4,kaggle,train
test_20211225_224936.jpg,images/train/red_leaf_spot/test_20211225_224936.jpg,red_leaf_spot,4,kaggle,train
train_image_0_820.jpg,images/train/red_leaf_spot/train_image_0_820.jpg,red_leaf_spot,4,kaggle,train
test_20211205_155013.jpg,images/train/red_leaf_spot/test_20211205_155013.jpg,red_leaf_spot,4,kaggle,train
train_20211228_120334.jpg,images/train/red_leaf_spot/train_20211228_120334.jpg,red_leaf_spot,4,kaggle,train
train_image_0_2799.jpg,images/train/red_leaf_spot/train_image_0_2799.jpg,red_leaf_spot,4,kaggle,train
train_image_0_1187.jpg,images/train/red_leaf_spot/train_image_0_1187.jpg,red_leaf_spot,4,kaggle,train
train_image_0_671.jpg,images/train/red_leaf_spot/train_image_0_671.jpg,red_leaf_spot,4,kaggle,train
train_image_0_2360.jpg,images/train/red_leaf_spot/train_image_0_2360.jpg,red_leaf_spot,4,kaggle,train
test_20211225_230056.jpg,images/train/red_leaf_spot/test_20211225_230056.jpg,red_leaf_spot,4,kaggle,train
train_image_0_1553.jpg,images/train/red_leaf_spot/train_image_0_1553.jpg,red_leaf_spot,4,kaggle,train
train_image_0_3246.jpg,images/train/red_leaf_spot/train_image_0_3246.jpg,red_leaf_spot,4,kaggle,train
train_image_0_2262.jpg,images/train/red_leaf_spot/train_image_0_2262.jpg,red_leaf_spot,4,kaggle,train
train_image_0_2019.jpg,images/train/red_leaf_spot/train_image_0_2019.jpg,red_leaf_spot,4,kaggle,train
train_image_0_1434.jpg,images/train/red_leaf_spot/train_image_0_1434.jpg,red_leaf_spot,4,kaggle,train
train_20211227_162130.jpg,images/train/red_leaf_spot/train_20211227_162130.jpg,red_leaf_spot,4,kaggle,train
train_image_0_1624.jpg,images/train/red_leaf_spot/train_image_0_1624.jpg,red_leaf_spot,4,kaggle,train
train_image_0_381.jpg,images/train/red_leaf_spot/train_image_0_381.jpg,red_leaf_spot,4,kaggle,train
test_20211227_160614.jpg,images/train/red_leaf_spot/test_20211227_160614.jpg,red_leaf_spot,4,kaggle,train
test_20211227_160556.jpg,images/train/red_leaf_spot/test_20211227_160556.jpg,red_leaf_spot,4,kaggle,train
test_20211225_224219.jpg,images/train/red_leaf_spot/test_20211225_224219.jpg,red_leaf_spot,4,kaggle,train
train_image_0_354.jpg,images/train/red_leaf_spot/train_image_0_354.jpg,red_leaf_spot,4,kaggle,train
test_20211227_155625.jpg,images/train/red_leaf_spot/test_20211227_155625.jpg,red_leaf_spot,4,kaggle,train
train_image_0_377.jpg,images/train/red_leaf_spot/train_image_0_377.jpg,red_leaf_spot,4,kaggle,train
train_image_0_2716.jpg,images/train/red_leaf_spot/train_image_0_2716.jpg,red_leaf_spot,4,kaggle,train
train_image_0_3222.jpg,images/train/red_leaf_spot/train_image_0_3222.jpg,red_leaf_spot,4,kaggle,train
train_image_0_3093.jpg,images/train/red_leaf_spot/train_image_0_3093.jpg,red_leaf_spot,4,kaggle,train
train_image_0_1898.jpg,images/train/red_leaf_spot/train_image_0_1898.jpg,red_leaf_spot,4,kaggle,train
train_image_0_2732.jpg,images/train/red_leaf_spot/train_image_0_2732.jpg,red_leaf_spot,4,kaggle,train
test_20211227_155602.jpg,images/train/red_leaf_spot/test_20211227_155602.jpg,red_leaf_spot,4,kaggle,train
test_20211227_160713.jpg,images/train/red_leaf_spot/test_20211227_160713.jpg,red_leaf_spot,4,kaggle,train
train_image_0_3140.jpg,images/train/red_leaf_spot/train_image_0_3140.jpg,red_leaf_spot,4,kaggle,train
train_20211228_120104.jpg,images/train/red_leaf_spot/train_20211228_120104.jpg,red_leaf_spot,4,kaggle,train
test_20211227_160731.jpg,images/train/red_leaf_spot/test_20211227_160731.jpg,red_leaf_spot,4,kaggle,train
train_image_0_1276.jpg,images/train/red_leaf_spot/train_image_0_1276.jpg,red_leaf_spot,4,kaggle,train
test_20211227_160622.jpg,images/train/red_leaf_spot/test_20211227_160622.jpg,red_leaf_spot,4,kaggle,train
train_image_0_2316.jpg,images/train/red_leaf_spot/train_image_0_2316.jpg,red_leaf_spot,4,kaggle,train
train_image_0_1923.jpg,images/train/red_leaf_spot/train_image_0_1923.jpg,red_leaf_spot,4,kaggle,train
train_20211227_162032.jpg,images/train/red_leaf_spot/train_20211227_162032.jpg,red_leaf_spot,4,kaggle,train
train_image_0_1029.jpg,images/train/red_leaf_spot/train_image_0_1029.jpg,red_leaf_spot,4,kaggle,train
train_image_0_536.jpg,images/train/red_leaf_spot/train_image_0_536.jpg,red_leaf_spot,4,kaggle,train
train_image_0_1471.jpg,images/train/red_leaf_spot/train_image_0_1471.jpg,red_leaf_spot,4,kaggle,train
train_image_0_142.jpg,images/train/red_leaf_spot/train_image_0_142.jpg,red_leaf_spot,4,kaggle,train
train_image_0_2194.jpg,images/train/red_leaf_spot/train_image_0_2194.jpg,red_leaf_spot,4,kaggle,train
train_image_0_133.jpg,images/train/red_leaf_spot/train_image_0_133.jpg,red_leaf_spot,4,kaggle,train
test_20211225_231347.jpg,images/train/red_leaf_spot/test_20211225_231347.jpg,red_leaf_spot,4,kaggle,train
test_20211225_223812.jpg,images/train/red_leaf_spot/test_20211225_223812.jpg,red_leaf_spot,4,kaggle,train
train_image_0_2152.jpg,images/train/red_leaf_spot/train_image_0_2152.jpg,red_leaf_spot,4,kaggle,train
train_20211228_115731.jpg,images/train/red_leaf_spot/train_20211228_115731.jpg,red_leaf_spot,4,kaggle,train
train_20211227_162056.jpg,images/train/red_leaf_spot/train_20211227_162056.jpg,red_leaf_spot,4,kaggle,train
train_20211228_122728.jpg,images/train/red_leaf_spot/train_20211228_122728.jpg,red_leaf_spot,4,kaggle,train
train_image_0_2647.jpg,images/train/red_leaf_spot/train_image_0_2647.jpg,red_leaf_spot,4,kaggle,train
train_image_0_635.jpg,images/train/red_leaf_spot/train_image_0_635.jpg,red_leaf_spot,4,kaggle,train
train_20211227_162002.jpg,images/train/red_leaf_spot/train_20211227_162002.jpg,red_leaf_spot,4,kaggle,train
train_20211227_161608.jpg,images/train/red_leaf_spot/train_20211227_161608.jpg,red_leaf_spot,4,kaggle,train
train_image_0_1558.jpg,images/train/red_leaf_spot/train_image_0_1558.jpg,red_leaf_spot,4,kaggle,train
train_image_0_687.jpg,images/train/red_leaf_spot/train_image_0_687.jpg,red_leaf_spot,4,kaggle,train
test_20211227_155722.jpg,images/train/red_leaf_spot/test_20211227_155722.jpg,red_leaf_spot,4,kaggle,train
train_20211227_165142.jpg,images/train/red_leaf_spot/train_20211227_165142.jpg,red_leaf_spot,4,kaggle,train
train_20211228_120430.jpg,images/train/red_leaf_spot/train_20211228_120430.jpg,red_leaf_spot,4,kaggle,train
train_image_0_2433.jpg,images/train/red_leaf_spot/train_image_0_2433.jpg,red_leaf_spot,4,kaggle,train
train_image_0_1182.jpg,images/train/red_leaf_spot/train_image_0_1182.jpg,red_leaf_spot,4,kaggle,train
train_image_0_1762.jpg,images/train/red_leaf_spot/train_image_0_1762.jpg,red_leaf_spot,4,kaggle,train
train_image_0_3119.jpg,images/train/red_leaf_spot/train_image_0_3119.jpg,red_leaf_spot,4,kaggle,train
test_20211225_232129.jpg,images/train/red_leaf_spot/test_20211225_232129.jpg,red_leaf_spot,4,kaggle,train
train_image_0_128.jpg,images/train/red_leaf_spot/train_image_0_128.jpg,red_leaf_spot,4,kaggle,train
train_image_0_2600.jpg,images/train/red_leaf_spot/train_image_0_2600.jpg,red_leaf_spot,4,kaggle,train
train_image_0_118.jpg,images/train/red_leaf_spot/train_image_0_118.jpg,red_leaf_spot,4,kaggle,train
train_image_0_3056.jpg,images/train/red_leaf_spot/train_image_0_3056.jpg,red_leaf_spot,4,kaggle,train
train_image_0_1452.jpg,images/train/red_leaf_spot/train_image_0_1452.jpg,red_leaf_spot,4,kaggle,train
train_20211227_162042.jpg,images/train/red_leaf_spot/train_20211227_162042.jpg,red_leaf_spot,4,kaggle,train
train_image_0_783.jpg,images/train/red_leaf_spot/train_image_0_783.jpg,red_leaf_spot,4,kaggle,train
train_20220101_121413.jpg,images/train/red_leaf_spot/train_20220101_121413.jpg,red_leaf_spot,4,kaggle,train
test_20211227_155955.jpg,images/train/red_leaf_spot/test_20211227_155955.jpg,red_leaf_spot,4,kaggle,train
train_image_0_1803.jpg,images/train/red_leaf_spot/train_image_0_1803.jpg,red_leaf_spot,4,kaggle,train
train_image_0_2313.jpg,images/train/red_leaf_spot/train_image_0_2313.jpg,red_leaf_spot,4,kaggle,train
train_image_0_3153.jpg,images/train/red_leaf_spot/train_image_0_3153.jpg,red_leaf_spot,4,kaggle,train
train_image_0_111.jpg,images/train/red_leaf_spot/train_image_0_111.jpg,red_leaf_spot,4,kaggle,train
train_20211228_125857.jpg,images/train/red_leaf_spot/train_20211228_125857.jpg,red_leaf_spot,4,kaggle,train
obb_IMG_1454_JPG_jpg.rf.893e68d7fbf9c73138ae08d3d8fbc948.jpg,images/train/red_leaf_spot/obb_IMG_1454_JPG_jpg.rf.893e68d7fbf9c73138ae08d3d8fbc948.jpg,red_leaf_spot,4,field_collected,train
test_20211227_160030.jpg,images/train/red_leaf_spot/test_20211227_160030.jpg,red_leaf_spot,4,kaggle,train
train_image_0_228.jpg,images/train/red_leaf_spot/train_image_0_228.jpg,red_leaf_spot,4,kaggle,train
train_image_0_1079.jpg,images/train/red_leaf_spot/train_image_0_1079.jpg,red_leaf_spot,4,kaggle,train
train_image_0_3241.jpg,images/train/red_leaf_spot/train_image_0_3241.jpg,red_leaf_spot,4,kaggle,train
train_image_0_1777.jpg,images/train/red_leaf_spot/train_image_0_1777.jpg,red_leaf_spot,4,kaggle,train
test_20211225_223532.jpg,images/train/red_leaf_spot/test_20211225_223532.jpg,red_leaf_spot,4,kaggle,train
train_image_0_1145.jpg,images/train/red_leaf_spot/train_image_0_1145.jpg,red_leaf_spot,4,kaggle,train
train_image_0_1979.jpg,images/train/red_leaf_spot/train_image_0_1979.jpg,red_leaf_spot,4,kaggle,train
train_image_0_1512.jpg,images/train/red_leaf_spot/train_image_0_1512.jpg,red_leaf_spot,4,kaggle,train
train_image_0_1266.jpg,images/train/red_leaf_spot/train_image_0_1266.jpg,red_leaf_spot,4,kaggle,train
train_image_0_1954.jpg,images/train/red_leaf_spot/train_image_0_1954.jpg,red_leaf_spot,4,kaggle,train
train_image_0_1323.jpg,images/train/red_leaf_spot/train_image_0_1323.jpg,red_leaf_spot,4,kaggle,train
obb_IMG_8868_JPG.rf.ba01587b6e0f554d3bc6ca21e9860d8b.jpg,images/train/red_leaf_spot/obb_IMG_8868_JPG.rf.ba01587b6e0f554d3bc6ca21e9860d8b.jpg,red_leaf_spot,4,field_collected,train
train_20220101_101137.jpg,images/train/red_leaf_spot/train_20220101_101137.jpg,red_leaf_spot,4,kaggle,train
train_20211228_124137.jpg,images/train/red_leaf_spot/train_20211228_124137.jpg,red_leaf_spot,4,kaggle,train
train_20211227_162350.jpg,images/train/red_leaf_spot/train_20211227_162350.jpg,red_leaf_spot,4,kaggle,train
train_image_0_3080.jpg,images/train/red_leaf_spot/train_image_0_3080.jpg,red_leaf_spot,4,kaggle,train
train_image_0_3240.jpg,images/train/red_leaf_spot/train_image_0_3240.jpg,red_leaf_spot,4,kaggle,train
train_20211227_162322.jpg,images/train/red_leaf_spot/train_20211227_162322.jpg,red_leaf_spot,4,kaggle,train
train_image_0_529.jpg,images/train/red_leaf_spot/train_image_0_529.jpg,red_leaf_spot,4,kaggle,train
train_image_0_1586.jpg,images/train/red_leaf_spot/train_image_0_1586.jpg,red_leaf_spot,4,kaggle,train
test_20211227_155453.jpg,images/train/red_leaf_spot/test_20211227_155453.jpg,red_leaf_spot,4,kaggle,train
train_20211227_165202.jpg,images/train/red_leaf_spot/train_20211227_165202.jpg,red_leaf_spot,4,kaggle,train
obb_IMG_20250320_154437_jpg.rf.68caf3c603aa5c7e6a3ad7a13910c70e.jpg,images/train/red_leaf_spot/obb_IMG_20250320_154437_jpg.rf.68caf3c603aa5c7e6a3ad7a13910c70e.jpg,red_leaf_spot,4,field_collected,train
train_image_0_1496.jpg,images/train/red_leaf_spot/train_image_0_1496.jpg,red_leaf_spot,4,kaggle,train
test_20211225_224954.jpg,images/train/red_leaf_spot/test_20211225_224954.jpg,red_leaf_spot,4,kaggle,train
train_image_0_1135.jpg,images/train/red_leaf_spot/train_image_0_1135.jpg,red_leaf_spot,4,kaggle,train
train_20211227_161533.jpg,images/train/red_leaf_spot/train_20211227_161533.jpg,red_leaf_spot,4,kaggle,train
train_image_0_2218.jpg,images/train/red_leaf_spot/train_image_0_2218.jpg,red_leaf_spot,4,kaggle,train
train_image_0_1554.jpg,images/train/red_leaf_spot/train_image_0_1554.jpg,red_leaf_spot,4,kaggle,train
train_20211227_162333.jpg,images/train/red_leaf_spot/train_20211227_162333.jpg,red_leaf_spot,4,kaggle,train
test_20211227_155632.jpg,images/train/red_leaf_spot/test_20211227_155632.jpg,red_leaf_spot,4,kaggle,train
train_image_0_1680.jpg,images/train/red_leaf_spot/train_image_0_1680.jpg,red_leaf_spot,4,kaggle,train
train_image_0_1230.jpg,images/train/red_leaf_spot/train_image_0_1230.jpg,red_leaf_spot,4,kaggle,train
test_20211225_231744.jpg,images/train/red_leaf_spot/test_20211225_231744.jpg,red_leaf_spot,4,kaggle,train
train_image_0_532.jpg,images/train/red_leaf_spot/train_image_0_532.jpg,red_leaf_spot,4,kaggle,train
obb_IMG_20250319_131043_jpg.rf.b14cc14c21ffb25cb98c53ef564ff797.jpg,images/train/red_leaf_spot/obb_IMG_20250319_131043_jpg.rf.b14cc14c21ffb25cb98c53ef564ff797.jpg,red_leaf_spot,4,field_collected,train
train_20211228_124226.jpg,images/train/red_leaf_spot/train_20211228_124226.jpg,red_leaf_spot,4,kaggle,train
train_20211227_165233.jpg,images/train/red_leaf_spot/train_20211227_165233.jpg,red_leaf_spot,4,kaggle,train
train_image_0_2340.jpg,images/train/red_leaf_spot/train_image_0_2340.jpg,red_leaf_spot,4,kaggle,train
obb_IMG_1538_JPG_jpg.rf.d8f4443372807660075619ea2daabaeb.jpg,images/train/red_leaf_spot/obb_IMG_1538_JPG_jpg.rf.d8f4443372807660075619ea2daabaeb.jpg,red_leaf_spot,4,field_collected,train
train_image_0_1076.jpg,images/train/red_leaf_spot/train_image_0_1076.jpg,red_leaf_spot,4,kaggle,train
train_image_0_2847.jpg,images/train/red_leaf_spot/train_image_0_2847.jpg,red_leaf_spot,4,kaggle,train
train_20211228_125648.jpg,images/train/red_leaf_spot/train_20211228_125648.jpg,red_leaf_spot,4,kaggle,train
train_image_0_455.jpg,images/train/red_leaf_spot/train_image_0_455.jpg,red_leaf_spot,4,kaggle,train
train_image_0_990.jpg,images/train/red_leaf_spot/train_image_0_990.jpg,red_leaf_spot,4,kaggle,train
test_20211227_160216.jpg,images/train/red_leaf_spot/test_20211227_160216.jpg,red_leaf_spot,4,kaggle,train
test_20211227_161229.jpg,images/train/red_leaf_spot/test_20211227_161229.jpg,red_leaf_spot,4,kaggle,train
train_20211228_125107.jpg,images/train/red_leaf_spot/train_20211228_125107.jpg,red_leaf_spot,4,kaggle,train
train_20211228_125918.jpg,images/train/red_leaf_spot/train_20211228_125918.jpg,red_leaf_spot,4,kaggle,train
train_image_0_608.jpg,images/train/red_leaf_spot/train_image_0_608.jpg,red_leaf_spot,4,kaggle,train
test_20211227_160630.jpg,images/train/red_leaf_spot/test_20211227_160630.jpg,red_leaf_spot,4,kaggle,train
train_image_0_795.jpg,images/train/red_leaf_spot/train_image_0_795.jpg,red_leaf_spot,4,kaggle,train
train_20211228_123930.jpg,images/train/red_leaf_spot/train_20211228_123930.jpg,red_leaf_spot,4,kaggle,train
train_image_0_1367.jpg,images/train/red_leaf_spot/train_image_0_1367.jpg,red_leaf_spot,4,kaggle,train
test_20211225_224808.jpg,images/train/red_leaf_spot/test_20211225_224808.jpg,red_leaf_spot,4,kaggle,train
train_20211227_162340.jpg,images/train/red_leaf_spot/train_20211227_162340.jpg,red_leaf_spot,4,kaggle,train
train_image_0_833.jpg,images/train/red_leaf_spot/train_image_0_833.jpg,red_leaf_spot,4,kaggle,train
train_image_0_2795.jpg,images/train/red_leaf_spot/train_image_0_2795.jpg,red_leaf_spot,4,kaggle,train
train_image_0_2418.jpg,images/train/red_leaf_spot/train_image_0_2418.jpg,red_leaf_spot,4,kaggle,train
train_image_0_1986.jpg,images/train/red_leaf_spot/train_image_0_1986.jpg,red_leaf_spot,4,kaggle,train
obb_IMG_0347_JPG_jpg.rf.de6c525446575a4ece45b125296856de.jpg,images/train/red_leaf_spot/obb_IMG_0347_JPG_jpg.rf.de6c525446575a4ece45b125296856de.jpg,red_leaf_spot,4,field_collected,train
train_image_0_194.jpg,images/train/red_leaf_spot/train_image_0_194.jpg,red_leaf_spot,4,kaggle,train
train_image_0_2723.jpg,images/train/red_leaf_spot/train_image_0_2723.jpg,red_leaf_spot,4,kaggle,train
train_image_0_457.jpg,images/train/red_leaf_spot/train_image_0_457.jpg,red_leaf_spot,4,kaggle,train
train_image_0_2476.jpg,images/train/red_leaf_spot/train_image_0_2476.jpg,red_leaf_spot,4,kaggle,train
train_20211227_161323.jpg,images/train/red_leaf_spot/train_20211227_161323.jpg,red_leaf_spot,4,kaggle,train
obb_IMG_8836_JPG.rf.cae1a056495be4d3c709652aab1da696.jpg,images/train/red_leaf_spot/obb_IMG_8836_JPG.rf.cae1a056495be4d3c709652aab1da696.jpg,red_leaf_spot,4,field_collected,train
train_image_0_67.jpg,images/train/red_leaf_spot/train_image_0_67.jpg,red_leaf_spot,4,kaggle,train
train_image_0_2833.jpg,images/train/red_leaf_spot/train_image_0_2833.jpg,red_leaf_spot,4,kaggle,train
test_20211225_224236.jpg,images/train/red_leaf_spot/test_20211225_224236.jpg,red_leaf_spot,4,kaggle,train
test_20211227_161102.jpg,images/train/red_leaf_spot/test_20211227_161102.jpg,red_leaf_spot,4,kaggle,train
train_20211227_162304.jpg,images/train/red_leaf_spot/train_20211227_162304.jpg,red_leaf_spot,4,kaggle,train
train_image_0_1195.jpg,images/train/red_leaf_spot/train_image_0_1195.jpg,red_leaf_spot,4,kaggle,train
train_20211228_124157.jpg,images/train/red_leaf_spot/train_20211228_124157.jpg,red_leaf_spot,4,kaggle,train
train_image_0_2689.jpg,images/train/red_leaf_spot/train_image_0_2689.jpg,red_leaf_spot,4,kaggle,train
test_20211225_224131.jpg,images/train/red_leaf_spot/test_20211225_224131.jpg,red_leaf_spot,4,kaggle,train
test_20211225_224534.jpg,images/train/red_leaf_spot/test_20211225_224534.jpg,red_leaf_spot,4,kaggle,train
train_20211228_115220.jpg,images/train/red_leaf_spot/train_20211228_115220.jpg,red_leaf_spot,4,kaggle,train
train_image_0_992.jpg,images/train/red_leaf_spot/train_image_0_992.jpg,red_leaf_spot,4,kaggle,train
train_image_0_220.jpg,images/train/red_leaf_spot/train_image_0_220.jpg,red_leaf_spot,4,kaggle,train
train_image_0_84.jpg,images/train/red_leaf_spot/train_image_0_84.jpg,red_leaf_spot,4,kaggle,train
test_20211227_160207.jpg,images/train/red_leaf_spot/test_20211227_160207.jpg,red_leaf_spot,4,kaggle,train
test_20211225_223652.jpg,images/train/red_leaf_spot/test_20211225_223652.jpg,red_leaf_spot,4,kaggle,train
train_20211227_161433.jpg,images/train/red_leaf_spot/train_20211227_161433.jpg,red_leaf_spot,4,kaggle,train
train_image_0_1970.jpg,images/train/red_leaf_spot/train_image_0_1970.jpg,red_leaf_spot,4,kaggle,train
train_image_0_954.jpg,images/train/red_leaf_spot/train_image_0_954.jpg,red_leaf_spot,4,kaggle,train
obb_IMG_2674_JPG_jpg.rf.37ff83c55e721d9401c078a57ed79936.jpg,images/train/red_leaf_spot/obb_IMG_2674_JPG_jpg.rf.37ff83c55e721d9401c078a57ed79936.jpg,red_leaf_spot,4,field_collected,train
train_20211227_165009.jpg,images/train/red_leaf_spot/train_20211227_165009.jpg,red_leaf_spot,4,kaggle,train
train_20211227_162404.jpg,images/train/red_leaf_spot/train_20211227_162404.jpg,red_leaf_spot,4,kaggle,train
train_image_0_2025.jpg,images/train/red_leaf_spot/train_image_0_2025.jpg,red_leaf_spot,4,kaggle,train
train_image_0_964.jpg,images/train/red_leaf_spot/train_image_0_964.jpg,red_leaf_spot,4,kaggle,train
obb_IMG_20250320_155736_jpg.rf.a70bc3cd531d3016785bec90c5599fb6.jpg,images/train/red_leaf_spot/obb_IMG_20250320_155736_jpg.rf.a70bc3cd531d3016785bec90c5599fb6.jpg,red_leaf_spot,4,field_collected,train
test_20211227_161157.jpg,images/train/red_leaf_spot/test_20211227_161157.jpg,red_leaf_spot,4,kaggle,train
train_image_0_2984.jpg,images/train/red_leaf_spot/train_image_0_2984.jpg,red_leaf_spot,4,kaggle,train
test_20211227_161129.jpg,images/train/red_leaf_spot/test_20211227_161129.jpg,red_leaf_spot,4,kaggle,train
train_image_0_3196.jpg,images/train/red_leaf_spot/train_image_0_3196.jpg,red_leaf_spot,4,kaggle,train
train_image_0_107.jpg,images/train/red_leaf_spot/train_image_0_107.jpg,red_leaf_spot,4,kaggle,train
train_image_0_1802.jpg,images/train/red_leaf_spot/train_image_0_1802.jpg,red_leaf_spot,4,kaggle,train
train_image_0_2570.jpg,images/train/red_leaf_spot/train_image_0_2570.jpg,red_leaf_spot,4,kaggle,train
test_20211227_155746.jpg,images/train/red_leaf_spot/test_20211227_155746.jpg,red_leaf_spot,4,kaggle,train
test_20211227_160534.jpg,images/train/red_leaf_spot/test_20211227_160534.jpg,red_leaf_spot,4,kaggle,train
train_image_0_219.jpg,images/train/red_leaf_spot/train_image_0_219.jpg,red_leaf_spot,4,kaggle,train
train_image_0_1999.jpg,images/train/red_leaf_spot/train_image_0_1999.jpg,red_leaf_spot,4,kaggle,train
train_image_0_271.jpg,images/train/red_leaf_spot/train_image_0_271.jpg,red_leaf_spot,4,kaggle,train
train_image_0_350.jpg,images/train/red_leaf_spot/train_image_0_350.jpg,red_leaf_spot,4,kaggle,train
train_image_0_2007.jpg,images/train/red_leaf_spot/train_image_0_2007.jpg,red_leaf_spot,4,kaggle,train
train_image_0_2470.jpg,images/train/red_leaf_spot/train_image_0_2470.jpg,red_leaf_spot,4,kaggle,train
train_image_0_1867.jpg,images/train/red_leaf_spot/train_image_0_1867.jpg,red_leaf_spot,4,kaggle,train
train_20220101_094744.jpg,images/train/red_leaf_spot/train_20220101_094744.jpg,red_leaf_spot,4,kaggle,train
train_image_0_2048.jpg,images/train/red_leaf_spot/train_image_0_2048.jpg,red_leaf_spot,4,kaggle,train
train_image_0_52.jpg,images/train/red_leaf_spot/train_image_0_52.jpg,red_leaf_spot,4,kaggle,train
train_image_0_3127.jpg,images/train/red_leaf_spot/train_image_0_3127.jpg,red_leaf_spot,4,kaggle,train
test_20211225_223835.jpg,images/train/red_leaf_spot/test_20211225_223835.jpg,red_leaf_spot,4,kaggle,train
train_image_0_1922.jpg,images/train/red_leaf_spot/train_image_0_1922.jpg,red_leaf_spot,4,kaggle,train
train_image_0_2829.jpg,images/train/red_leaf_spot/train_image_0_2829.jpg,red_leaf_spot,4,kaggle,train
train_image_0_2226.jpg,images/train/red_leaf_spot/train_image_0_2226.jpg,red_leaf_spot,4,kaggle,train
train_image_0_3071.jpg,images/train/red_leaf_spot/train_image_0_3071.jpg,red_leaf_spot,4,kaggle,train
train_20211227_162153.jpg,images/train/red_leaf_spot/train_20211227_162153.jpg,red_leaf_spot,4,kaggle,train
train_20211228_115707.jpg,images/train/red_leaf_spot/train_20211228_115707.jpg,red_leaf_spot,4,kaggle,train
train_image_0_1968.jpg,images/train/red_leaf_spot/train_image_0_1968.jpg,red_leaf_spot,4,kaggle,train
train_image_0_1740.jpg,images/train/red_leaf_spot/train_image_0_1740.jpg,red_leaf_spot,4,kaggle,train
train_20211227_161557.jpg,images/train/red_leaf_spot/train_20211227_161557.jpg,red_leaf_spot,4,kaggle,train
test_20211227_160001.jpg,images/train/red_leaf_spot/test_20211227_160001.jpg,red_leaf_spot,4,kaggle,train
train_image_0_2561.jpg,images/train/red_leaf_spot/train_image_0_2561.jpg,red_leaf_spot,4,kaggle,train
train_image_0_2457.jpg,images/train/red_leaf_spot/train_image_0_2457.jpg,red_leaf_spot,4,kaggle,train
train_image_0_2371.jpg,images/train/red_leaf_spot/train_image_0_2371.jpg,red_leaf_spot,4,kaggle,train
train_20211227_161950.jpg,images/train/red_leaf_spot/train_20211227_161950.jpg,red_leaf_spot,4,kaggle,train
train_20211228_123027.jpg,images/train/red_leaf_spot/train_20211228_123027.jpg,red_leaf_spot,4,kaggle,train
train_image_0_1398.jpg,images/train/red_leaf_spot/train_image_0_1398.jpg,red_leaf_spot,4,kaggle,train
train_image_0_2765.jpg,images/train/red_leaf_spot/train_image_0_2765.jpg,red_leaf_spot,4,kaggle,train
train_20211228_124128.jpg,images/train/red_leaf_spot/train_20211228_124128.jpg,red_leaf_spot,4,kaggle,train
test_20211227_155845.jpg,images/train/red_leaf_spot/test_20211227_155845.jpg,red_leaf_spot,4,kaggle,train
test_20211225_225628.jpg,images/train/red_leaf_spot/test_20211225_225628.jpg,red_leaf_spot,4,kaggle,train
train_image_0_1994.jpg,images/train/red_leaf_spot/train_image_0_1994.jpg,red_leaf_spot,4,kaggle,train
train_image_0_612.jpg,images/train/red_leaf_spot/train_image_0_612.jpg,red_leaf_spot,4,kaggle,train
train_image_0_2093.jpg,images/train/red_leaf_spot/train_image_0_2093.jpg,red_leaf_spot,4,kaggle,train
obb_IMG_20250320_151422_jpg.rf.e83c35293eef3911ba86a21f0d8d1b5b.jpg,images/train/red_leaf_spot/obb_IMG_20250320_151422_jpg.rf.e83c35293eef3911ba86a21f0d8d1b5b.jpg,red_leaf_spot,4,field_collected,train
train_image_0_1417.jpg,images/train/red_leaf_spot/train_image_0_1417.jpg,red_leaf_spot,4,kaggle,train
test_20211227_160235.jpg,images/train/red_leaf_spot/test_20211227_160235.jpg,red_leaf_spot,4,kaggle,train
test_20211227_160409.jpg,images/train/red_leaf_spot/test_20211227_160409.jpg,red_leaf_spot,4,kaggle,train
train_image_0_2545.jpg,images/train/red_leaf_spot/train_image_0_2545.jpg,red_leaf_spot,4,kaggle,train
train_image_0_1919.jpg,images/train/red_leaf_spot/train_image_0_1919.jpg,red_leaf_spot,4,kaggle,train
train_image_0_1737.jpg,images/train/red_leaf_spot/train_image_0_1737.jpg,red_leaf_spot,4,kaggle,train
train_20211227_161414.jpg,images/train/red_leaf_spot/train_20211227_161414.jpg,red_leaf_spot,4,kaggle,train
train_image_0_1643.jpg,images/train/red_leaf_spot/train_image_0_1643.jpg,red_leaf_spot,4,kaggle,train
obb_IMG_20250320_150436_jpg.rf.ed5fdfdf2b35bef601f9197841881aac.jpg,images/train/red_leaf_spot/obb_IMG_20250320_150436_jpg.rf.ed5fdfdf2b35bef601f9197841881aac.jpg,red_leaf_spot,4,field_collected,train
train_image_0_1433.jpg,images/train/red_leaf_spot/train_image_0_1433.jpg,red_leaf_spot,4,kaggle,train
test_20211225_224157.jpg,images/train/red_leaf_spot/test_20211225_224157.jpg,red_leaf_spot,4,kaggle,train
train_image_0_1396.jpg,images/train/red_leaf_spot/train_image_0_1396.jpg,red_leaf_spot,4,kaggle,train
train_image_0_491.jpg,images/train/red_leaf_spot/train_image_0_491.jpg,red_leaf_spot,4,kaggle,train
train_20211228_115741.jpg,images/train/red_leaf_spot/train_20211228_115741.jpg,red_leaf_spot,4,kaggle,train
train_image_0_1833.jpg,images/train/red_leaf_spot/train_image_0_1833.jpg,red_leaf_spot,4,kaggle,train
train_image_0_1559.jpg,images/train/red_leaf_spot/train_image_0_1559.jpg,red_leaf_spot,4,kaggle,train
train_image_0_1473.jpg,images/train/red_leaf_spot/train_image_0_1473.jpg,red_leaf_spot,4,kaggle,train
train_image_0_1594.jpg,images/train/red_leaf_spot/train_image_0_1594.jpg,red_leaf_spot,4,kaggle,train
train_image_0_454.jpg,images/train/red_leaf_spot/train_image_0_454.jpg,red_leaf_spot,4,kaggle,train
train_image_0_2865.jpg,images/train/red_leaf_spot/train_image_0_2865.jpg,red_leaf_spot,4,kaggle,train
train_image_0_2699.jpg,images/train/red_leaf_spot/train_image_0_2699.jpg,red_leaf_spot,4,kaggle,train
test_20211225_225609.jpg,images/train/red_leaf_spot/test_20211225_225609.jpg,red_leaf_spot,4,kaggle,train
train_image_0_1538.jpg,images/train/red_leaf_spot/train_image_0_1538.jpg,red_leaf_spot,4,kaggle,train
train_image_0_1206.jpg,images/train/red_leaf_spot/train_image_0_1206.jpg,red_leaf_spot,4,kaggle,train
train_image_0_683.jpg,images/train/red_leaf_spot/train_image_0_683.jpg,red_leaf_spot,4,kaggle,train
train_20211228_115614.jpg,images/train/red_leaf_spot/train_20211228_115614.jpg,red_leaf_spot,4,kaggle,train
train_image_0_3010.jpg,images/train/red_leaf_spot/train_image_0_3010.jpg,red_leaf_spot,4,kaggle,train
train_image_0_2928.jpg,images/train/red_leaf_spot/train_image_0_2928.jpg,red_leaf_spot,4,kaggle,train
train_image_0_2424.jpg,images/train/red_leaf_spot/train_image_0_2424.jpg,red_leaf_spot,4,kaggle,train
train_image_0_1819.jpg,images/train/red_leaf_spot/train_image_0_1819.jpg,red_leaf_spot,4,kaggle,train
test_20211225_232522.jpg,images/train/red_leaf_spot/test_20211225_232522.jpg,red_leaf_spot,4,kaggle,train
train_image_0_69.jpg,images/train/red_leaf_spot/train_image_0_69.jpg,red_leaf_spot,4,kaggle,train
obb_IMG_20250321_122940_jpg.rf.19d1e482b84e1a6ce554eab2d768f175.jpg,images/train/red_leaf_spot/obb_IMG_20250321_122940_jpg.rf.19d1e482b84e1a6ce554eab2d768f175.jpg,red_leaf_spot,4,field_collected,train
train_image_0_3220.jpg,images/train/red_leaf_spot/train_image_0_3220.jpg,red_leaf_spot,4,kaggle,train
train_image_0_2181.jpg,images/train/red_leaf_spot/train_image_0_2181.jpg,red_leaf_spot,4,kaggle,train
train_image_0_2353.jpg,images/train/red_leaf_spot/train_image_0_2353.jpg,red_leaf_spot,4,kaggle,train
train_image_0_573.jpg,images/train/red_leaf_spot/train_image_0_573.jpg,red_leaf_spot,4,kaggle,train
train_image_0_2632.jpg,images/train/red_leaf_spot/train_image_0_2632.jpg,red_leaf_spot,4,kaggle,train
train_image_0_249.jpg,images/train/red_leaf_spot/train_image_0_249.jpg,red_leaf_spot,4,kaggle,train
train_image_0_776.jpg,images/train/red_leaf_spot/train_image_0_776.jpg,red_leaf_spot,4,kaggle,train
train_image_0_88.jpg,images/train/red_leaf_spot/train_image_0_88.jpg,red_leaf_spot,4,kaggle,train
train_image_0_1599.jpg,images/train/red_leaf_spot/train_image_0_1599.jpg,red_leaf_spot,4,kaggle,train
train_image_0_2588.jpg,images/train/red_leaf_spot/train_image_0_2588.jpg,red_leaf_spot,4,kaggle,train
train_image_0_3124.jpg,images/train/red_leaf_spot/train_image_0_3124.jpg,red_leaf_spot,4,kaggle,train
train_20211227_161617.jpg,images/train/red_leaf_spot/train_20211227_161617.jpg,red_leaf_spot,4,kaggle,train
train_image_0_2170.jpg,images/train/red_leaf_spot/train_image_0_2170.jpg,red_leaf_spot,4,kaggle,train
test_20211205_154944.jpg,images/train/red_leaf_spot/test_20211205_154944.jpg,red_leaf_spot,4,kaggle,train
train_20211227_162426.jpg,images/train/red_leaf_spot/train_20211227_162426.jpg,red_leaf_spot,4,kaggle,train
train_image_0_1409.jpg,images/train/red_leaf_spot/train_image_0_1409.jpg,red_leaf_spot,4,kaggle,train
train_20211227_165116.jpg,images/train/red_leaf_spot/train_20211227_165116.jpg,red_leaf_spot,4,kaggle,train
train_image_0_1047.jpg,images/train/red_leaf_spot/train_image_0_1047.jpg,red_leaf_spot,4,kaggle,train
train_20211227_161755.jpg,images/train/red_leaf_spot/train_20211227_161755.jpg,red_leaf_spot,4,kaggle,train
train_image_0_3176.jpg,images/train/red_leaf_spot/train_image_0_3176.jpg,red_leaf_spot,4,kaggle,train
train_image_0_2877.jpg,images/train/red_leaf_spot/train_image_0_2877.jpg,red_leaf_spot,4,kaggle,train
train_image_0_3172.jpg,images/train/red_leaf_spot/train_image_0_3172.jpg,red_leaf_spot,4,kaggle,train
test_20211225_231033.jpg,images/train/red_leaf_spot/test_20211225_231033.jpg,red_leaf_spot,4,kaggle,train
train_image_0_1142.jpg,images/train/red_leaf_spot/train_image_0_1142.jpg,red_leaf_spot,4,kaggle,train
test_20211227_161112.jpg,images/train/red_leaf_spot/test_20211227_161112.jpg,red_leaf_spot,4,kaggle,train
train_image_0_2819.jpg,images/train/red_leaf_spot/train_image_0_2819.jpg,red_leaf_spot,4,kaggle,train
train_image_0_617.jpg,images/train/red_leaf_spot/train_image_0_617.jpg,red_leaf_spot,4,kaggle,train
train_image_0_3047.jpg,images/train/red_leaf_spot/train_image_0_3047.jpg,red_leaf_spot,4,kaggle,train
train_image_0_1542.jpg,images/train/red_leaf_spot/train_image_0_1542.jpg,red_leaf_spot,4,kaggle,train
train_image_0_505.jpg,images/train/red_leaf_spot/train_image_0_505.jpg,red_leaf_spot,4,kaggle,train
train_image_0_384.jpg,images/train/red_leaf_spot/train_image_0_384.jpg,red_leaf_spot,4,kaggle,train
train_image_0_3169.jpg,images/train/red_leaf_spot/train_image_0_3169.jpg,red_leaf_spot,4,kaggle,train
train_20211228_123550.jpg,images/train/red_leaf_spot/train_20211228_123550.jpg,red_leaf_spot,4,kaggle,train
test_20211227_155609.jpg,images/train/red_leaf_spot/test_20211227_155609.jpg,red_leaf_spot,4,kaggle,train
train_image_0_180.jpg,images/train/red_leaf_spot/train_image_0_180.jpg,red_leaf_spot,4,kaggle,train
train_20211227_163240.jpg,images/train/red_leaf_spot/train_20211227_163240.jpg,red_leaf_spot,4,kaggle,train
train_image_0_1860.jpg,images/train/red_leaf_spot/train_image_0_1860.jpg,red_leaf_spot,4,kaggle,train
test_20211225_231126.jpg,images/train/red_leaf_spot/test_20211225_231126.jpg,red_leaf_spot,4,kaggle,train
train_image_0_1169.jpg,images/train/red_leaf_spot/train_image_0_1169.jpg,red_leaf_spot,4,kaggle,train
train_image_0_864.jpg,images/train/red_leaf_spot/train_image_0_864.jpg,red_leaf_spot,4,kaggle,train
train_image_0_1567.jpg,images/train/red_leaf_spot/train_image_0_1567.jpg,red_leaf_spot,4,kaggle,train
test_20211225_225053.jpg,images/train/red_leaf_spot/test_20211225_225053.jpg,red_leaf_spot,4,kaggle,train
train_image_0_1243.jpg,images/train/red_leaf_spot/train_image_0_1243.jpg,red_leaf_spot,4,kaggle,train
train_image_0_2679.jpg,images/train/red_leaf_spot/train_image_0_2679.jpg,red_leaf_spot,4,kaggle,train
train_image_0_1343.jpg,images/train/red_leaf_spot/train_image_0_1343.jpg,red_leaf_spot,4,kaggle,train
obb_IMG_1401_JPG_jpg.rf.6658314bb01414540c2590a1d63bf9bd.jpg,images/train/red_leaf_spot/obb_IMG_1401_JPG_jpg.rf.6658314bb01414540c2590a1d63bf9bd.jpg,red_leaf_spot,4,field_collected,train
train_20211228_122751.jpg,images/train/red_leaf_spot/train_20211228_122751.jpg,red_leaf_spot,4,kaggle,train
train_image_0_1681.jpg,images/train/red_leaf_spot/train_image_0_1681.jpg,red_leaf_spot,4,kaggle,train
train_image_0_932.jpg,images/train/red_leaf_spot/train_image_0_932.jpg,red_leaf_spot,4,kaggle,train
train_image_0_1121.jpg,images/train/red_leaf_spot/train_image_0_1121.jpg,red_leaf_spot,4,kaggle,train
obb_IMG_20250319_131402_jpg.rf.c2a6dd321a59347ce12f462a1df72cf5.jpg,images/train/red_leaf_spot/obb_IMG_20250319_131402_jpg.rf.c2a6dd321a59347ce12f462a1df72cf5.jpg,red_leaf_spot,4,field_collected,train
train_image_0_2518.jpg,images/train/red_leaf_spot/train_image_0_2518.jpg,red_leaf_spot,4,kaggle,train
test_20211227_160437.jpg,images/train/red_leaf_spot/test_20211227_160437.jpg,red_leaf_spot,4,kaggle,train
train_image_0_1796.jpg,images/train/red_leaf_spot/train_image_0_1796.jpg,red_leaf_spot,4,kaggle,train
train_image_0_321.jpg,images/train/red_leaf_spot/train_image_0_321.jpg,red_leaf_spot,4,kaggle,train
test_20211225_230116.jpg,images/train/red_leaf_spot/test_20211225_230116.jpg,red_leaf_spot,4,kaggle,train
train_image_0_2330.jpg,images/train/red_leaf_spot/train_image_0_2330.jpg,red_leaf_spot,4,kaggle,train
train_image_0_1886.jpg,images/train/red_leaf_spot/train_image_0_1886.jpg,red_leaf_spot,4,kaggle,train
train_image_0_2989.jpg,images/train/red_leaf_spot/train_image_0_2989.jpg,red_leaf_spot,4,kaggle,train
train_image_0_803.jpg,images/train/red_leaf_spot/train_image_0_803.jpg,red_leaf_spot,4,kaggle,train
train_image_0_1107.jpg,images/train/red_leaf_spot/train_image_0_1107.jpg,red_leaf_spot,4,kaggle,train
test_20211225_230956.jpg,images/train/red_leaf_spot/test_20211225_230956.jpg,red_leaf_spot,4,kaggle,train
train_20220101_095028.jpg,images/train/red_leaf_spot/train_20220101_095028.jpg,red_leaf_spot,4,kaggle,train
train_image_0_172.jpg,images/train/red_leaf_spot/train_image_0_172.jpg,red_leaf_spot,4,kaggle,train
train_image_0_2761.jpg,images/train/red_leaf_spot/train_image_0_2761.jpg,red_leaf_spot,4,kaggle,train
train_image_0_344.jpg,images/train/red_leaf_spot/train_image_0_344.jpg,red_leaf_spot,4,kaggle,train
obb_IMG_20250320_154750_jpg.rf.96df03f4296d5303b3237bce593a96f4.jpg,images/train/red_leaf_spot/obb_IMG_20250320_154750_jpg.rf.96df03f4296d5303b3237bce593a96f4.jpg,red_leaf_spot,4,field_collected,train
